# https://github.com/mikedh/trimesh
v 0.00000000 0.01245000 0.00000000
v 0.00190745 0.01245000 0.00160054
v 0.00183582 0.01245000 0.00168222
v 0.00176070 0.01245000 0.00176070
v 0.00168222 0.01245000 0.00183582
v 0.00210005 0.01245000 0.00133788
v 0.00203969 0.01245000 0.00142820
v 0.00197545 0.01245000 0.00151582
v 0.00225671 0.01245000 0.00105232
v 0.00220866 0.01245000 0.00114975
v 0.00215640 0.01245000 0.00124500
v 0.00237476 0.01245000 0.00074876
v 0.00233984 0.01245000 0.00085163
v 0.00230046 0.01245000 0.00095288
v 0.00245217 0.01245000 0.00043238
v 0.00243098 0.01245000 0.00053893
v 0.00240516 0.01245000 0.00064446
v 0.00248763 0.01245000 0.00010861
v 0.00248053 0.01245000 0.00021702
v 0.00246870 0.01245000 0.00032501
v 0.00248053 0.01245000 -0.00021702
v 0.00248763 0.01245000 -0.00010861
v 0.00249000 0.01245000 -0.00000000
v 0.00243098 0.01245000 -0.00053893
v 0.00245217 0.01245000 -0.00043238
v 0.00246870 0.01245000 -0.00032501
v 0.00233984 0.01245000 -0.00085163
v 0.00237476 0.01245000 -0.00074876
v 0.00240516 0.01245000 -0.00064446
v 0.00220866 0.01245000 -0.00114975
v 0.00225671 0.01245000 -0.00105232
v 0.00230046 0.01245000 -0.00095288
v 0.00203969 0.01245000 -0.00142821
v 0.00210005 0.01245000 -0.00133788
v 0.00215640 0.01245000 -0.00124500
v 0.00183582 0.01245000 -0.00168222
v 0.00190745 0.01245000 -0.00160054
v 0.00197545 0.01245000 -0.00151582
v 0.00160054 0.01245000 -0.00190745
v 0.00168222 0.01245000 -0.00183582
v 0.00176070 0.01245000 -0.00176070
v 0.00133788 0.01245000 -0.00210005
v 0.00142821 0.01245000 -0.00203969
v 0.00151582 0.01245000 -0.00197545
v 0.00105232 0.01245000 -0.00225671
v 0.00114975 0.01245000 -0.00220866
v 0.00124500 0.01245000 -0.00215640
v 0.00074876 0.01245000 -0.00237476
v 0.00085163 0.01245000 -0.00233984
v 0.00095288 0.01245000 -0.00230046
v 0.00043238 0.01245000 -0.00245217
v 0.00053894 0.01245000 -0.00243098
v 0.00064446 0.01245000 -0.00240516
v 0.00010861 0.01245000 -0.00248763
v 0.00021702 0.01245000 -0.00248053
v 0.00032501 0.01245000 -0.00246870
v -0.00021702 0.01245000 -0.00248053
v -0.00010861 0.01245000 -0.00248763
v 0.00000000 0.01245000 -0.00249000
v -0.00053893 0.01245000 -0.00243098
v -0.00043238 0.01245000 -0.00245217
v -0.00032501 0.01245000 -0.00246870
v -0.00085163 0.01245000 -0.00233984
v -0.00074876 0.01245000 -0.00237476
v -0.00064446 0.01245000 -0.00240516
v -0.00114975 0.01245000 -0.00220866
v -0.00105232 0.01245000 -0.00225671
v -0.00095288 0.01245000 -0.00230046
v -0.00142820 0.01245000 -0.00203969
v -0.00133788 0.01245000 -0.00210004
v -0.00124500 0.01245000 -0.00215640
v -0.00168222 0.01245000 -0.00183582
v -0.00160054 0.01245000 -0.00190745
v -0.00151582 0.01245000 -0.00197545
v -0.00190745 0.01245000 -0.00160054
v -0.00183582 0.01245000 -0.00168222
v -0.00176070 0.01245000 -0.00176070
v -0.00210004 0.01245000 -0.00133788
v -0.00203969 0.01245000 -0.00142821
v -0.00197545 0.01245000 -0.00151582
v -0.00225671 0.01245000 -0.00105232
v -0.00220866 0.01245000 -0.00114975
v -0.00215640 0.01245000 -0.00124500
v -0.00237475 0.01245000 -0.00074876
v -0.00233983 0.01245000 -0.00085163
v -0.00230046 0.01245000 -0.00095288
v -0.00245217 0.01245000 -0.00043238
v -0.00243098 0.01245000 -0.00053893
v -0.00240515 0.01245000 -0.00064446
v -0.00248763 0.01245000 -0.00010861
v -0.00248052 0.01245000 -0.00021702
v -0.00246870 0.01245000 -0.00032501
v -0.00248052 0.01245000 0.00021702
v -0.00248763 0.01245000 0.00010861
v -0.00249000 0.01245000 -0.00000000
v -0.00243098 0.01245000 0.00053893
v -0.00245217 0.01245000 0.00043238
v -0.00246870 0.01245000 0.00032501
v -0.00233983 0.01245000 0.00085163
v -0.00237475 0.01245000 0.00074876
v -0.00240515 0.01245000 0.00064446
v -0.00220866 0.01245000 0.00114975
v -0.00225671 0.01245000 0.00105232
v -0.00230046 0.01245000 0.00095288
v -0.00203969 0.01245000 0.00142821
v -0.00210004 0.01245000 0.00133788
v -0.00215640 0.01245000 0.00124500
v -0.00183582 0.01245000 0.00168222
v -0.00190745 0.01245000 0.00160054
v -0.00197545 0.01245000 0.00151582
v -0.00160054 0.01245000 0.00190745
v -0.00168222 0.01245000 0.00183582
v -0.00176070 0.01245000 0.00176070
v -0.00133788 0.01245000 0.00210004
v -0.00142821 0.01245000 0.00203969
v -0.00151582 0.01245000 0.00197545
v -0.00105232 0.01245000 0.00225671
v -0.00114975 0.01245000 0.00220866
v -0.00124500 0.01245000 0.00215640
v -0.00074876 0.01245000 0.00237475
v -0.00085163 0.01245000 0.00233983
v -0.00095288 0.01245000 0.00230046
v -0.00043238 0.01245000 0.00245217
v -0.00053893 0.01245000 0.00243098
v -0.00064446 0.01245000 0.00240516
v -0.00010861 0.01245000 0.00248763
v -0.00021702 0.01245000 0.00248052
v -0.00032501 0.01245000 0.00246870
v 0.00021702 0.01245000 0.00248052
v 0.00010861 0.01245000 0.00248763
v 0.00000000 0.01245000 0.00249000
v 0.00053894 0.01245000 0.00243098
v 0.00043238 0.01245000 0.00245217
v 0.00032501 0.01245000 0.00246870
v 0.00085163 0.01245000 0.00233983
v 0.00074876 0.01245000 0.00237475
v 0.00064446 0.01245000 0.00240515
v 0.00114976 0.01245000 0.00220866
v 0.00105232 0.01245000 0.00225671
v 0.00095288 0.01245000 0.00230046
v 0.00142821 0.01245000 0.00203969
v 0.00133788 0.01245000 0.00210005
v 0.00124500 0.01245000 0.00215640
v 0.00160054 0.01245000 0.00190745
v 0.00151582 0.01245000 0.00197545
v 0.00318198 0.01945000 0.00318198
v 0.00318198 0.02245000 0.00318198
v 0.00316690 0.01945000 0.00319774
v 0.00316690 0.02245000 0.00319774
v 0.00315251 0.01945000 0.00321414
v 0.00315251 0.02245000 0.00321414
v 0.00313886 0.01945000 0.00323115
v 0.00313886 0.02245000 0.00323115
v 0.00312596 0.01945000 0.00324875
v 0.00312596 0.02245000 0.00324875
v 0.00311384 0.01945000 0.00326688
v 0.00311384 0.02245000 0.00326688
v 0.00310252 0.01945000 0.00328553
v 0.00310252 0.02245000 0.00328553
v 0.00309203 0.01945000 0.00330466
v 0.00309203 0.02245000 0.00330466
v 0.00308238 0.01945000 0.00332422
v 0.00308238 0.02245000 0.00332422
v 0.00307359 0.01945000 0.00334419
v 0.00307359 0.02245000 0.00334419
v 0.00306569 0.01945000 0.00336452
v 0.00306569 0.02245000 0.00336452
v 0.00305868 0.01945000 0.00338518
v 0.00305868 0.02245000 0.00338518
v 0.00305257 0.01945000 0.00340612
v 0.00305257 0.02245000 0.00340612
v 0.00304739 0.01945000 0.00342731
v 0.00304739 0.02245000 0.00342731
v 0.00304313 0.01945000 0.00344871
v 0.00304313 0.02245000 0.00344871
v 0.00303981 0.01945000 0.00347027
v 0.00303981 0.02245000 0.00347027
v 0.00303744 0.01945000 0.00349196
v 0.00303744 0.02245000 0.00349196
v 0.00303601 0.01945000 0.00351372
v 0.00303601 0.02245000 0.00351372
v 0.00303554 0.01945000 0.00353553
v 0.00303554 0.02245000 0.00353553
v 0.00303601 0.01945000 0.00355734
v 0.00303601 0.02245000 0.00355734
v 0.00303744 0.01945000 0.00357911
v 0.00303744 0.02245000 0.00357911
v 0.00303981 0.01945000 0.00360080
v 0.00303981 0.02245000 0.00360080
v 0.00304313 0.01945000 0.00362236
v 0.00304313 0.02245000 0.00362236
v 0.00304739 0.01945000 0.00364375
v 0.00304739 0.02245000 0.00364375
v 0.00305257 0.01945000 0.00366494
v 0.00305257 0.02245000 0.00366494
v 0.00305868 0.01945000 0.00368589
v 0.00305868 0.02245000 0.00368589
v 0.00306569 0.01945000 0.00370654
v 0.00306569 0.02245000 0.00370654
v 0.00307359 0.01945000 0.00372688
v 0.00307359 0.02245000 0.00372688
v 0.00308238 0.01945000 0.00374684
v 0.00308238 0.02245000 0.00374684
v 0.00309203 0.01945000 0.00376641
v 0.00309203 0.02245000 0.00376641
v 0.00310252 0.01945000 0.00378553
v 0.00310252 0.02245000 0.00378553
v 0.00311384 0.01945000 0.00380418
v 0.00311384 0.02245000 0.00380418
v 0.00312596 0.01945000 0.00382232
v 0.00312596 0.02245000 0.00382232
v 0.00313886 0.01945000 0.00383991
v 0.00313886 0.02245000 0.00383991
v 0.00315251 0.01945000 0.00385693
v 0.00315251 0.02245000 0.00385693
v 0.00316690 0.01945000 0.00387333
v 0.00316690 0.02245000 0.00387333
v 0.00318198 0.01945000 0.00388909
v 0.00318198 0.02245000 0.00388909
v 0.00319774 0.01945000 0.00390417
v 0.00319774 0.02245000 0.00390417
v 0.00321414 0.01945000 0.00391856
v 0.00321414 0.02245000 0.00391856
v 0.00323115 0.01945000 0.00393221
v 0.00323115 0.02245000 0.00393221
v 0.00324875 0.01945000 0.00394511
v 0.00324875 0.02245000 0.00394511
v 0.00326688 0.01945000 0.00395723
v 0.00326688 0.02245000 0.00395723
v 0.00328553 0.01945000 0.00396855
v 0.00328553 0.02245000 0.00396855
v 0.00330466 0.01945000 0.00397904
v 0.00330466 0.02245000 0.00397904
v 0.00332423 0.01945000 0.00398869
v 0.00332423 0.02245000 0.00398869
v 0.00334419 0.01945000 0.00399747
v 0.00334419 0.02245000 0.00399747
v 0.00336452 0.01945000 0.00400538
v 0.00336452 0.02245000 0.00400538
v 0.00338518 0.01945000 0.00401239
v 0.00338518 0.02245000 0.00401239
v 0.00340613 0.01945000 0.00401850
v 0.00340613 0.02245000 0.00401850
v 0.00342731 0.01945000 0.00402368
v 0.00342731 0.02245000 0.00402368
v 0.00344871 0.01945000 0.00402794
v 0.00344871 0.02245000 0.00402794
v 0.00347027 0.01945000 0.00403126
v 0.00347027 0.02245000 0.00403126
v 0.00349196 0.01945000 0.00403363
v 0.00349196 0.02245000 0.00403363
v 0.00351373 0.01945000 0.00403506
v 0.00351373 0.02245000 0.00403506
v 0.00353554 0.01945000 0.00403553
v 0.00353554 0.02245000 0.00403553
v 0.00355734 0.01945000 0.00403506
v 0.00355734 0.02245000 0.00403506
v 0.00357911 0.01945000 0.00403363
v 0.00357911 0.02245000 0.00403363
v 0.00360080 0.01945000 0.00403126
v 0.00360080 0.02245000 0.00403126
v 0.00362236 0.01945000 0.00402794
v 0.00362236 0.02245000 0.00402794
v 0.00364375 0.01945000 0.00402368
v 0.00364375 0.02245000 0.00402368
v 0.00366494 0.01945000 0.00401850
v 0.00366494 0.02245000 0.00401850
v 0.00368589 0.01945000 0.00401239
v 0.00368589 0.02245000 0.00401239
v 0.00370654 0.01945000 0.00400538
v 0.00370654 0.02245000 0.00400538
v 0.00372688 0.01945000 0.00399747
v 0.00372688 0.02245000 0.00399747
v 0.00374684 0.01945000 0.00398869
v 0.00374684 0.02245000 0.00398869
v 0.00376641 0.01945000 0.00397904
v 0.00376641 0.02245000 0.00397904
v 0.00378553 0.01945000 0.00396855
v 0.00378553 0.02245000 0.00396855
v 0.00380418 0.01945000 0.00395723
v 0.00380418 0.02245000 0.00395723
v 0.00382232 0.01945000 0.00394511
v 0.00382232 0.02245000 0.00394511
v 0.00383992 0.01945000 0.00393221
v 0.00383992 0.02245000 0.00393221
v 0.00385693 0.01945000 0.00391856
v 0.00385693 0.02245000 0.00391856
v 0.00387333 0.01945000 0.00390417
v 0.00387333 0.02245000 0.00390417
v 0.00388909 0.01945000 0.00388909
v 0.00388909 0.02245000 0.00388909
v 0.00390417 0.01945000 0.00387333
v 0.00390417 0.02245000 0.00387333
v 0.00391856 0.01945000 0.00385693
v 0.00391856 0.02245000 0.00385693
v 0.00393221 0.01945000 0.00383991
v 0.00393221 0.02245000 0.00383991
v 0.00394511 0.01945000 0.00382232
v 0.00394511 0.02245000 0.00382232
v 0.00395723 0.01945000 0.00380418
v 0.00395723 0.02245000 0.00380418
v 0.00396855 0.01945000 0.00378553
v 0.00396855 0.02245000 0.00378553
v 0.00397904 0.01945000 0.00376641
v 0.00397904 0.02245000 0.00376641
v 0.00398869 0.01945000 0.00374684
v 0.00398869 0.02245000 0.00374684
v 0.00399747 0.01945000 0.00372688
v 0.00399747 0.02245000 0.00372688
v 0.00400538 0.01945000 0.00370654
v 0.00400538 0.02245000 0.00370654
v 0.00401239 0.01945000 0.00368589
v 0.00401239 0.02245000 0.00368589
v 0.00401850 0.01945000 0.00366494
v 0.00401850 0.02245000 0.00366494
v 0.00402368 0.01945000 0.00364375
v 0.00402368 0.02245000 0.00364375
v 0.00402794 0.01945000 0.00362236
v 0.00402794 0.02245000 0.00362236
v 0.00403126 0.01945000 0.00360080
v 0.00403126 0.02245000 0.00360080
v 0.00403363 0.01945000 0.00357911
v 0.00403363 0.02245000 0.00357911
v 0.00403506 0.01945000 0.00355734
v 0.00403506 0.02245000 0.00355734
v 0.00403553 0.01945000 0.00353553
v 0.00403553 0.02245000 0.00353553
v 0.00403506 0.01945000 0.00351372
v 0.00403506 0.02245000 0.00351372
v 0.00403363 0.01945000 0.00349196
v 0.00403363 0.02245000 0.00349196
v 0.00403126 0.01945000 0.00347027
v 0.00403126 0.02245000 0.00347027
v 0.00402794 0.01945000 0.00344871
v 0.00402794 0.02245000 0.00344871
v 0.00402368 0.01945000 0.00342731
v 0.00402368 0.02245000 0.00342731
v 0.00401850 0.01945000 0.00340612
v 0.00401850 0.02245000 0.00340612
v 0.00401239 0.01945000 0.00338518
v 0.00401239 0.02245000 0.00338518
v 0.00400538 0.01945000 0.00336452
v 0.00400538 0.02245000 0.00336452
v 0.00399747 0.01945000 0.00334419
v 0.00399747 0.02245000 0.00334419
v 0.00398869 0.01945000 0.00332422
v 0.00398869 0.02245000 0.00332422
v 0.00397904 0.01945000 0.00330466
v 0.00397904 0.02245000 0.00330466
v 0.00396855 0.01945000 0.00328553
v 0.00396855 0.02245000 0.00328553
v 0.00395723 0.01945000 0.00326688
v 0.00395723 0.02245000 0.00326688
v 0.00394511 0.01945000 0.00324875
v 0.00394511 0.02245000 0.00324875
v 0.00393221 0.01945000 0.00323115
v 0.00393221 0.02245000 0.00323115
v 0.00391856 0.01945000 0.00321414
v 0.00391856 0.02245000 0.00321414
v 0.00390417 0.01945000 0.00319774
v 0.00390417 0.02245000 0.00319774
v 0.00388909 0.01945000 0.00318198
v 0.00388909 0.02245000 0.00318198
v 0.00387333 0.01945000 0.00316689
v 0.00387333 0.02245000 0.00316689
v 0.00385693 0.01945000 0.00315251
v 0.00385693 0.02245000 0.00315251
v 0.00383992 0.01945000 0.00313886
v 0.00383992 0.02245000 0.00313886
v 0.00382232 0.01945000 0.00312596
v 0.00382232 0.02245000 0.00312596
v 0.00380418 0.01945000 0.00311384
v 0.00380418 0.02245000 0.00311384
v 0.00378553 0.01945000 0.00310252
v 0.00378553 0.02245000 0.00310252
v 0.00376641 0.01945000 0.00309203
v 0.00376641 0.02245000 0.00309203
v 0.00374684 0.01945000 0.00308238
v 0.00374684 0.02245000 0.00308238
v 0.00372688 0.01945000 0.00307359
v 0.00372688 0.02245000 0.00307359
v 0.00370654 0.01945000 0.00306569
v 0.00370654 0.02245000 0.00306569
v 0.00368589 0.01945000 0.00305867
v 0.00368589 0.02245000 0.00305867
v 0.00366494 0.01945000 0.00305257
v 0.00366494 0.02245000 0.00305257
v 0.00364375 0.01945000 0.00304739
v 0.00364375 0.02245000 0.00304739
v 0.00362236 0.01945000 0.00304313
v 0.00362236 0.02245000 0.00304313
v 0.00360080 0.01945000 0.00303981
v 0.00360080 0.02245000 0.00303981
v 0.00357911 0.01945000 0.00303744
v 0.00357911 0.02245000 0.00303744
v 0.00355734 0.01945000 0.00303601
v 0.00355734 0.02245000 0.00303601
v 0.00353553 0.01945000 0.00303553
v 0.00353553 0.02245000 0.00303553
v 0.00351372 0.01945000 0.00303601
v 0.00351372 0.02245000 0.00303601
v 0.00349196 0.01945000 0.00303744
v 0.00349196 0.02245000 0.00303744
v 0.00347027 0.01945000 0.00303981
v 0.00347027 0.02245000 0.00303981
v 0.00344871 0.01945000 0.00304313
v 0.00344871 0.02245000 0.00304313
v 0.00342731 0.01945000 0.00304739
v 0.00342731 0.02245000 0.00304739
v 0.00340612 0.01945000 0.00305257
v 0.00340612 0.02245000 0.00305257
v 0.00338518 0.01945000 0.00305867
v 0.00338518 0.02245000 0.00305867
v 0.00336452 0.01945000 0.00306569
v 0.00336452 0.02245000 0.00306569
v 0.00334419 0.01945000 0.00307359
v 0.00334419 0.02245000 0.00307359
v 0.00332423 0.01945000 0.00308238
v 0.00332423 0.02245000 0.00308238
v 0.00330466 0.01945000 0.00309203
v 0.00330466 0.02245000 0.00309203
v 0.00328553 0.01945000 0.00310252
v 0.00328553 0.02245000 0.00310252
v 0.00326689 0.01945000 0.00311384
v 0.00326689 0.02245000 0.00311384
v 0.00324875 0.01945000 0.00312596
v 0.00324875 0.02245000 0.00312596
v 0.00323115 0.01945000 0.00313886
v 0.00323115 0.02245000 0.00313886
v 0.00321414 0.01945000 0.00315251
v 0.00321414 0.02245000 0.00315251
v 0.00319774 0.01945000 0.00316689
v 0.00319774 0.02245000 0.00316689
v -0.00388909 0.01945000 -0.00388909
v -0.00388909 0.02245000 -0.00388909
v -0.00390417 0.01945000 -0.00387333
v -0.00390417 0.02245000 -0.00387333
v -0.00391856 0.01945000 -0.00385693
v -0.00391856 0.02245000 -0.00385693
v -0.00393221 0.01945000 -0.00383992
v -0.00393221 0.02245000 -0.00383992
v -0.00394511 0.01945000 -0.00382232
v -0.00394511 0.02245000 -0.00382232
v -0.00395723 0.01945000 -0.00380418
v -0.00395723 0.02245000 -0.00380418
v -0.00396855 0.01945000 -0.00378553
v -0.00396855 0.02245000 -0.00378553
v -0.00397904 0.01945000 -0.00376641
v -0.00397904 0.02245000 -0.00376641
v -0.00398869 0.01945000 -0.00374684
v -0.00398869 0.02245000 -0.00374684
v -0.00399747 0.01945000 -0.00372688
v -0.00399747 0.02245000 -0.00372688
v -0.00400538 0.01945000 -0.00370654
v -0.00400538 0.02245000 -0.00370654
v -0.00401239 0.01945000 -0.00368589
v -0.00401239 0.02245000 -0.00368589
v -0.00401850 0.01945000 -0.00366494
v -0.00401850 0.02245000 -0.00366494
v -0.00402368 0.01945000 -0.00364375
v -0.00402368 0.02245000 -0.00364375
v -0.00402794 0.01945000 -0.00362236
v -0.00402794 0.02245000 -0.00362236
v -0.00403126 0.01945000 -0.00360080
v -0.00403126 0.02245000 -0.00360080
v -0.00403363 0.01945000 -0.00357911
v -0.00403363 0.02245000 -0.00357911
v -0.00403506 0.01945000 -0.00355734
v -0.00403506 0.02245000 -0.00355734
v -0.00403553 0.01945000 -0.00353553
v -0.00403553 0.02245000 -0.00353553
v -0.00403506 0.01945000 -0.00351373
v -0.00403506 0.02245000 -0.00351373
v -0.00403363 0.01945000 -0.00349196
v -0.00403363 0.02245000 -0.00349196
v -0.00403125 0.01945000 -0.00347027
v -0.00403125 0.02245000 -0.00347027
v -0.00402794 0.01945000 -0.00344871
v -0.00402794 0.02245000 -0.00344871
v -0.00402368 0.01945000 -0.00342731
v -0.00402368 0.02245000 -0.00342731
v -0.00401850 0.01945000 -0.00340612
v -0.00401850 0.02245000 -0.00340612
v -0.00401239 0.01945000 -0.00338518
v -0.00401239 0.02245000 -0.00338518
v -0.00400538 0.01945000 -0.00336452
v -0.00400538 0.02245000 -0.00336452
v -0.00399747 0.01945000 -0.00334419
v -0.00399747 0.02245000 -0.00334419
v -0.00398869 0.01945000 -0.00332423
v -0.00398869 0.02245000 -0.00332423
v -0.00397904 0.01945000 -0.00330466
v -0.00397904 0.02245000 -0.00330466
v -0.00396855 0.01945000 -0.00328553
v -0.00396855 0.02245000 -0.00328553
v -0.00395723 0.01945000 -0.00326688
v -0.00395723 0.02245000 -0.00326688
v -0.00394511 0.01945000 -0.00324875
v -0.00394511 0.02245000 -0.00324875
v -0.00393221 0.01945000 -0.00323115
v -0.00393221 0.02245000 -0.00323115
v -0.00391856 0.01945000 -0.00321414
v -0.00391856 0.02245000 -0.00321414
v -0.00390417 0.01945000 -0.00319774
v -0.00390417 0.02245000 -0.00319774
v -0.00388909 0.01945000 -0.00318198
v -0.00388909 0.02245000 -0.00318198
v -0.00387333 0.01945000 -0.00316690
v -0.00387333 0.02245000 -0.00316690
v -0.00385693 0.01945000 -0.00315251
v -0.00385693 0.02245000 -0.00315251
v -0.00383991 0.01945000 -0.00313886
v -0.00383991 0.02245000 -0.00313886
v -0.00382232 0.01945000 -0.00312596
v -0.00382232 0.02245000 -0.00312596
v -0.00380418 0.01945000 -0.00311384
v -0.00380418 0.02245000 -0.00311384
v -0.00378553 0.01945000 -0.00310252
v -0.00378553 0.02245000 -0.00310252
v -0.00376641 0.01945000 -0.00309203
v -0.00376641 0.02245000 -0.00309203
v -0.00374684 0.01945000 -0.00308238
v -0.00374684 0.02245000 -0.00308238
v -0.00372687 0.01945000 -0.00307359
v -0.00372687 0.02245000 -0.00307359
v -0.00370654 0.01945000 -0.00306569
v -0.00370654 0.02245000 -0.00306569
v -0.00368589 0.01945000 -0.00305868
v -0.00368589 0.02245000 -0.00305868
v -0.00366494 0.01945000 -0.00305257
v -0.00366494 0.02245000 -0.00305257
v -0.00364375 0.01945000 -0.00304739
v -0.00364375 0.02245000 -0.00304739
v -0.00362236 0.01945000 -0.00304313
v -0.00362236 0.02245000 -0.00304313
v -0.00360080 0.01945000 -0.00303981
v -0.00360080 0.02245000 -0.00303981
v -0.00357911 0.01945000 -0.00303744
v -0.00357911 0.02245000 -0.00303744
v -0.00355734 0.01945000 -0.00303601
v -0.00355734 0.02245000 -0.00303601
v -0.00353553 0.01945000 -0.00303553
v -0.00353553 0.02245000 -0.00303553
v -0.00351372 0.01945000 -0.00303601
v -0.00351372 0.02245000 -0.00303601
v -0.00349196 0.01945000 -0.00303744
v -0.00349196 0.02245000 -0.00303744
v -0.00347027 0.01945000 -0.00303981
v -0.00347027 0.02245000 -0.00303981
v -0.00344871 0.01945000 -0.00304313
v -0.00344871 0.02245000 -0.00304313
v -0.00342731 0.01945000 -0.00304739
v -0.00342731 0.02245000 -0.00304739
v -0.00340612 0.01945000 -0.00305257
v -0.00340612 0.02245000 -0.00305257
v -0.00338518 0.01945000 -0.00305868
v -0.00338518 0.02245000 -0.00305868
v -0.00336452 0.01945000 -0.00306569
v -0.00336452 0.02245000 -0.00306569
v -0.00334419 0.01945000 -0.00307359
v -0.00334419 0.02245000 -0.00307359
v -0.00332422 0.01945000 -0.00308238
v -0.00332422 0.02245000 -0.00308238
v -0.00330466 0.01945000 -0.00309203
v -0.00330466 0.02245000 -0.00309203
v -0.00328553 0.01945000 -0.00310252
v -0.00328553 0.02245000 -0.00310252
v -0.00326688 0.01945000 -0.00311384
v -0.00326688 0.02245000 -0.00311384
v -0.00324874 0.01945000 -0.00312596
v -0.00324874 0.02245000 -0.00312596
v -0.00323115 0.01945000 -0.00313886
v -0.00323115 0.02245000 -0.00313886
v -0.00321414 0.01945000 -0.00315251
v -0.00321414 0.02245000 -0.00315251
v -0.00319774 0.01945000 -0.00316690
v -0.00319774 0.02245000 -0.00316690
v -0.00318198 0.01945000 -0.00318198
v -0.00318198 0.02245000 -0.00318198
v -0.00316689 0.01945000 -0.00319774
v -0.00316689 0.02245000 -0.00319774
v -0.00315251 0.01945000 -0.00321414
v -0.00315251 0.02245000 -0.00321414
v -0.00313886 0.01945000 -0.00323115
v -0.00313886 0.02245000 -0.00323115
v -0.00312596 0.01945000 -0.00324875
v -0.00312596 0.02245000 -0.00324875
v -0.00311384 0.01945000 -0.00326688
v -0.00311384 0.02245000 -0.00326688
v -0.00310252 0.01945000 -0.00328553
v -0.00310252 0.02245000 -0.00328553
v -0.00309203 0.01945000 -0.00330466
v -0.00309203 0.02245000 -0.00330466
v -0.00308238 0.01945000 -0.00332423
v -0.00308238 0.02245000 -0.00332423
v -0.00307359 0.01945000 -0.00334419
v -0.00307359 0.02245000 -0.00334419
v -0.00306569 0.01945000 -0.00336452
v -0.00306569 0.02245000 -0.00336452
v -0.00305867 0.01945000 -0.00338518
v -0.00305867 0.02245000 -0.00338518
v -0.00305257 0.01945000 -0.00340612
v -0.00305257 0.02245000 -0.00340612
v -0.00304739 0.01945000 -0.00342731
v -0.00304739 0.02245000 -0.00342731
v -0.00304313 0.01945000 -0.00344871
v -0.00304313 0.02245000 -0.00344871
v -0.00303981 0.01945000 -0.00347027
v -0.00303981 0.02245000 -0.00347027
v -0.00303744 0.01945000 -0.00349196
v -0.00303744 0.02245000 -0.00349196
v -0.00303601 0.01945000 -0.00351372
v -0.00303601 0.02245000 -0.00351372
v -0.00303553 0.01945000 -0.00353553
v -0.00303553 0.02245000 -0.00353553
v -0.00303601 0.01945000 -0.00355734
v -0.00303601 0.02245000 -0.00355734
v -0.00303744 0.01945000 -0.00357911
v -0.00303744 0.02245000 -0.00357911
v -0.00303981 0.01945000 -0.00360080
v -0.00303981 0.02245000 -0.00360080
v -0.00304313 0.01945000 -0.00362236
v -0.00304313 0.02245000 -0.00362236
v -0.00304739 0.01945000 -0.00364375
v -0.00304739 0.02245000 -0.00364375
v -0.00305257 0.01945000 -0.00366494
v -0.00305257 0.02245000 -0.00366494
v -0.00305867 0.01945000 -0.00368589
v -0.00305867 0.02245000 -0.00368589
v -0.00306569 0.01945000 -0.00370654
v -0.00306569 0.02245000 -0.00370654
v -0.00307359 0.01945000 -0.00372688
v -0.00307359 0.02245000 -0.00372688
v -0.00308238 0.01945000 -0.00374684
v -0.00308238 0.02245000 -0.00374684
v -0.00309203 0.01945000 -0.00376641
v -0.00309203 0.02245000 -0.00376641
v -0.00310252 0.01945000 -0.00378553
v -0.00310252 0.02245000 -0.00378553
v -0.00311384 0.01945000 -0.00380418
v -0.00311384 0.02245000 -0.00380418
v -0.00312596 0.01945000 -0.00382232
v -0.00312596 0.02245000 -0.00382232
v -0.00313886 0.01945000 -0.00383992
v -0.00313886 0.02245000 -0.00383992
v -0.00315251 0.01945000 -0.00385693
v -0.00315251 0.02245000 -0.00385693
v -0.00316689 0.01945000 -0.00387333
v -0.00316689 0.02245000 -0.00387333
v -0.00318198 0.01945000 -0.00388909
v -0.00318198 0.02245000 -0.00388909
v -0.00319774 0.01945000 -0.00390417
v -0.00319774 0.02245000 -0.00390417
v -0.00321414 0.01945000 -0.00391856
v -0.00321414 0.02245000 -0.00391856
v -0.00323115 0.01945000 -0.00393221
v -0.00323115 0.02245000 -0.00393221
v -0.00324874 0.01945000 -0.00394511
v -0.00324874 0.02245000 -0.00394511
v -0.00326688 0.01945000 -0.00395723
v -0.00326688 0.02245000 -0.00395723
v -0.00328553 0.01945000 -0.00396855
v -0.00328553 0.02245000 -0.00396855
v -0.00330466 0.01945000 -0.00397904
v -0.00330466 0.02245000 -0.00397904
v -0.00332422 0.01945000 -0.00398869
v -0.00332422 0.02245000 -0.00398869
v -0.00334419 0.01945000 -0.00399747
v -0.00334419 0.02245000 -0.00399747
v -0.00336452 0.01945000 -0.00400538
v -0.00336452 0.02245000 -0.00400538
v -0.00338518 0.01945000 -0.00401239
v -0.00338518 0.02245000 -0.00401239
v -0.00340612 0.01945000 -0.00401850
v -0.00340612 0.02245000 -0.00401850
v -0.00342731 0.01945000 -0.00402368
v -0.00342731 0.02245000 -0.00402368
v -0.00344871 0.01945000 -0.00402794
v -0.00344871 0.02245000 -0.00402794
v -0.00347027 0.01945000 -0.00403126
v -0.00347027 0.02245000 -0.00403126
v -0.00349196 0.01945000 -0.00403363
v -0.00349196 0.02245000 -0.00403363
v -0.00351372 0.01945000 -0.00403506
v -0.00351372 0.02245000 -0.00403506
v -0.00353553 0.01945000 -0.00403553
v -0.00353553 0.02245000 -0.00403553
v -0.00355734 0.01945000 -0.00403506
v -0.00355734 0.02245000 -0.00403506
v -0.00357911 0.01945000 -0.00403363
v -0.00357911 0.02245000 -0.00403363
v -0.00360080 0.01945000 -0.00403126
v -0.00360080 0.02245000 -0.00403126
v -0.00362236 0.01945000 -0.00402794
v -0.00362236 0.02245000 -0.00402794
v -0.00364375 0.01945000 -0.00402368
v -0.00364375 0.02245000 -0.00402368
v -0.00366494 0.01945000 -0.00401850
v -0.00366494 0.02245000 -0.00401850
v -0.00368589 0.01945000 -0.00401239
v -0.00368589 0.02245000 -0.00401239
v -0.00370654 0.01945000 -0.00400538
v -0.00370654 0.02245000 -0.00400538
v -0.00372688 0.01945000 -0.00399747
v -0.00372688 0.02245000 -0.00399747
v -0.00374684 0.01945000 -0.00398869
v -0.00374684 0.02245000 -0.00398869
v -0.00376641 0.01945000 -0.00397904
v -0.00376641 0.02245000 -0.00397904
v -0.00378553 0.01945000 -0.00396855
v -0.00378553 0.02245000 -0.00396855
v -0.00380418 0.01945000 -0.00395723
v -0.00380418 0.02245000 -0.00395723
v -0.00382232 0.01945000 -0.00394511
v -0.00382232 0.02245000 -0.00394511
v -0.00383991 0.01945000 -0.00393221
v -0.00383991 0.02245000 -0.00393221
v -0.00385693 0.01945000 -0.00391856
v -0.00385693 0.02245000 -0.00391856
v -0.00387333 0.01945000 -0.00390417
v -0.00387333 0.02245000 -0.00390417
v -0.00530330 0.02245000 -0.00530330
v -0.00552958 0.01945000 -0.00506693
v -0.00552958 0.02245000 -0.00506693
v -0.00574533 0.01945000 -0.00482091
v -0.00574533 0.02245000 -0.00482091
v -0.00595015 0.01945000 -0.00456571
v -0.00595015 0.02245000 -0.00456571
v -0.00614364 0.01945000 -0.00430182
v -0.00614364 0.02245000 -0.00430182
v -0.00632544 0.01945000 -0.00402975
v -0.00632544 0.02245000 -0.00402975
v -0.00649519 0.01945000 -0.00375000
v -0.00649519 0.02245000 -0.00375000
v -0.00665258 0.01945000 -0.00346311
v -0.00665258 0.02245000 -0.00346311
v -0.00679731 0.01945000 -0.00316964
v -0.00679731 0.02245000 -0.00316964
v -0.00692910 0.01945000 -0.00287013
v -0.00692910 0.02245000 -0.00287013
v -0.00704769 0.01945000 -0.00256515
v -0.00704769 0.02245000 -0.00256515
v -0.00715288 0.01945000 -0.00225529
v -0.00715288 0.02245000 -0.00225529
v -0.00724444 0.01945000 -0.00194114
v -0.00724444 0.02245000 -0.00194114
v -0.00732222 0.01945000 -0.00162330
v -0.00732222 0.02245000 -0.00162330
v -0.00738606 0.01945000 -0.00130236
v -0.00738606 0.02245000 -0.00130236
v -0.00743584 0.01945000 -0.00097895
v -0.00743584 0.02245000 -0.00097895
v -0.00747146 0.01945000 -0.00065367
v -0.00747146 0.02245000 -0.00065367
v -0.00749286 0.01945000 -0.00032715
v -0.00749286 0.02245000 -0.00032715
v -0.00750000 0.01945000 0.00000000
v -0.00750000 0.02245000 0.00000000
v -0.00749286 0.01945000 0.00032715
v -0.00749286 0.02245000 0.00032715
v -0.00747146 0.01945000 0.00065367
v -0.00747146 0.02245000 0.00065367
v -0.00743584 0.01945000 0.00097895
v -0.00743584 0.02245000 0.00097895
v -0.00738606 0.01945000 0.00130236
v -0.00738606 0.02245000 0.00130236
v -0.00732222 0.01945000 0.00162330
v -0.00732222 0.02245000 0.00162330
v -0.00724444 0.01945000 0.00194114
v -0.00724444 0.02245000 0.00194114
v -0.00715288 0.01945000 0.00225529
v -0.00715288 0.02245000 0.00225529
v -0.00704769 0.01945000 0.00256515
v -0.00704769 0.02245000 0.00256515
v -0.00692910 0.01945000 0.00287013
v -0.00692910 0.02245000 0.00287013
v -0.00679731 0.01945000 0.00316964
v -0.00679731 0.02245000 0.00316964
v -0.00665258 0.01945000 0.00346311
v -0.00665258 0.02245000 0.00346311
v -0.00649519 0.01945000 0.00375000
v -0.00649519 0.02245000 0.00375000
v -0.00632544 0.01945000 0.00402975
v -0.00632544 0.02245000 0.00402975
v -0.00614364 0.01945000 0.00430182
v -0.00614364 0.02245000 0.00430182
v -0.00595015 0.01945000 0.00456571
v -0.00595015 0.02245000 0.00456571
v -0.00574533 0.01945000 0.00482091
v -0.00574533 0.02245000 0.00482091
v -0.00552958 0.01945000 0.00506693
v -0.00552958 0.02245000 0.00506693
v -0.00530330 0.01945000 0.00530330
v -0.00530330 0.02245000 0.00530330
v -0.00506693 0.01945000 0.00552958
v -0.00506693 0.02245000 0.00552958
v -0.00482091 0.01945000 0.00574533
v -0.00482091 0.02245000 0.00574533
v -0.00456571 0.01945000 0.00595015
v -0.00456571 0.02245000 0.00595015
v -0.00430182 0.01945000 0.00614364
v -0.00430182 0.02245000 0.00614364
v -0.00402975 0.01945000 0.00632544
v -0.00402975 0.02245000 0.00632544
v -0.00375000 0.01945000 0.00649519
v -0.00375000 0.02245000 0.00649519
v -0.00346311 0.01945000 0.00665258
v -0.00346311 0.02245000 0.00665258
v -0.00316964 0.01945000 0.00679731
v -0.00316964 0.02245000 0.00679731
v -0.00287012 0.01945000 0.00692910
v -0.00287012 0.02245000 0.00692910
v -0.00256515 0.01945000 0.00704769
v -0.00256515 0.02245000 0.00704769
v -0.00225529 0.01945000 0.00715288
v -0.00225529 0.02245000 0.00715288
v -0.00194114 0.01945000 0.00724444
v -0.00194114 0.02245000 0.00724444
v -0.00162330 0.01945000 0.00732222
v -0.00162330 0.02245000 0.00732222
v -0.00130236 0.01945000 0.00738606
v -0.00130236 0.02245000 0.00738606
v -0.00097895 0.01945000 0.00743584
v -0.00097895 0.02245000 0.00743584
v -0.00065367 0.01945000 0.00747146
v -0.00065367 0.02245000 0.00747146
v -0.00032714 0.01945000 0.00749286
v -0.00032714 0.02245000 0.00749286
v 0.00000000 0.01945000 0.00750000
v 0.00000000 0.02245000 0.00750000
v 0.00032715 0.01945000 0.00749286
v 0.00032715 0.02245000 0.00749286
v 0.00065367 0.01945000 0.00747146
v 0.00065367 0.02245000 0.00747146
v 0.00097895 0.01945000 0.00743584
v 0.00097895 0.02245000 0.00743584
v 0.00130236 0.01945000 0.00738606
v 0.00130236 0.02245000 0.00738606
v 0.00162330 0.01945000 0.00732222
v 0.00162330 0.02245000 0.00732222
v 0.00194114 0.01945000 0.00724444
v 0.00194114 0.02245000 0.00724444
v 0.00225529 0.01945000 0.00715288
v 0.00225529 0.02245000 0.00715288
v 0.00256515 0.01945000 0.00704769
v 0.00256515 0.02245000 0.00704769
v 0.00287013 0.01945000 0.00692910
v 0.00287013 0.02245000 0.00692910
v 0.00316964 0.01945000 0.00679731
v 0.00316964 0.02245000 0.00679731
v 0.00346312 0.01945000 0.00665258
v 0.00346312 0.02245000 0.00665258
v 0.00375000 0.01945000 0.00649519
v 0.00375000 0.02245000 0.00649519
v 0.00402975 0.01945000 0.00632544
v 0.00402975 0.02245000 0.00632544
v 0.00430182 0.01945000 0.00614364
v 0.00430182 0.02245000 0.00614364
v 0.00456571 0.01945000 0.00595015
v 0.00456571 0.02245000 0.00595015
v 0.00482091 0.01945000 0.00574533
v 0.00482091 0.02245000 0.00574533
v 0.00506693 0.01945000 0.00552958
v 0.00506693 0.02245000 0.00552958
v 0.00530330 0.01945000 0.00530330
v 0.00530330 0.02245000 0.00530330
v 0.00552958 0.01945000 0.00506693
v 0.00552958 0.02245000 0.00506693
v 0.00574533 0.01945000 0.00482091
v 0.00574533 0.02245000 0.00482091
v 0.00595015 0.01945000 0.00456571
v 0.00595015 0.02245000 0.00456571
v 0.00614364 0.01945000 0.00430182
v 0.00614364 0.02245000 0.00430182
v 0.00632544 0.01945000 0.00402975
v 0.00632544 0.02245000 0.00402975
v 0.00649519 0.01945000 0.00375000
v 0.00649519 0.02245000 0.00375000
v 0.00665258 0.01945000 0.00346311
v 0.00665258 0.02245000 0.00346311
v 0.00679731 0.01945000 0.00316964
v 0.00679731 0.02245000 0.00316964
v 0.00692910 0.01945000 0.00287013
v 0.00692910 0.02245000 0.00287013
v 0.00704770 0.01945000 0.00256515
v 0.00704770 0.02245000 0.00256515
v 0.00715288 0.01945000 0.00225529
v 0.00715288 0.02245000 0.00225529
v 0.00724444 0.01945000 0.00194114
v 0.00724444 0.02245000 0.00194114
v 0.00732222 0.01945000 0.00162330
v 0.00732222 0.02245000 0.00162330
v 0.00738606 0.01945000 0.00130236
v 0.00738606 0.02245000 0.00130236
v 0.00743584 0.01945000 0.00097895
v 0.00743584 0.02245000 0.00097895
v 0.00747146 0.01945000 0.00065367
v 0.00747146 0.02245000 0.00065367
v 0.00749286 0.01945000 0.00032715
v 0.00749286 0.02245000 0.00032715
v 0.00750000 0.01945000 -0.00000000
v 0.00750000 0.02245000 -0.00000000
v 0.00749286 0.01945000 -0.00032715
v 0.00749286 0.02245000 -0.00032715
v 0.00747146 0.01945000 -0.00065367
v 0.00747146 0.02245000 -0.00065367
v 0.00743584 0.01945000 -0.00097895
v 0.00743584 0.02245000 -0.00097895
v 0.00738606 0.01945000 -0.00130236
v 0.00738606 0.02245000 -0.00130236
v 0.00732222 0.01945000 -0.00162330
v 0.00732222 0.02245000 -0.00162330
v 0.00724444 0.01945000 -0.00194114
v 0.00724444 0.02245000 -0.00194114
v 0.00715288 0.01945000 -0.00225529
v 0.00715288 0.02245000 -0.00225529
v 0.00704770 0.01945000 -0.00256515
v 0.00704770 0.02245000 -0.00256515
v 0.00692910 0.01945000 -0.00287013
v 0.00692910 0.02245000 -0.00287013
v 0.00679731 0.01945000 -0.00316964
v 0.00679731 0.02245000 -0.00316964
v 0.00665258 0.01945000 -0.00346311
v 0.00665258 0.02245000 -0.00346311
v 0.00649519 0.01945000 -0.00375000
v 0.00649519 0.02245000 -0.00375000
v 0.00632544 0.01945000 -0.00402975
v 0.00632544 0.02245000 -0.00402975
v 0.00614364 0.01945000 -0.00430182
v 0.00614364 0.02245000 -0.00430182
v 0.00595015 0.01945000 -0.00456571
v 0.00595015 0.02245000 -0.00456571
v 0.00574533 0.01945000 -0.00482091
v 0.00574533 0.02245000 -0.00482091
v 0.00552958 0.01945000 -0.00506693
v 0.00552958 0.02245000 -0.00506693
v 0.00530330 0.01945000 -0.00530330
v 0.00530330 0.02245000 -0.00530330
v 0.00506693 0.01945000 -0.00552958
v 0.00506693 0.02245000 -0.00552958
v 0.00482091 0.01945000 -0.00574533
v 0.00482091 0.02245000 -0.00574533
v 0.00456571 0.01945000 -0.00595015
v 0.00456571 0.02245000 -0.00595015
v 0.00430182 0.01945000 -0.00614364
v 0.00430182 0.02245000 -0.00614364
v 0.00402975 0.01945000 -0.00632544
v 0.00402975 0.02245000 -0.00632544
v 0.00375000 0.01945000 -0.00649519
v 0.00375000 0.02245000 -0.00649519
v 0.00346312 0.01945000 -0.00665258
v 0.00346312 0.02245000 -0.00665258
v 0.00316964 0.01945000 -0.00679731
v 0.00316964 0.02245000 -0.00679731
v 0.00287013 0.01945000 -0.00692910
v 0.00287013 0.02245000 -0.00692910
v 0.00256515 0.01945000 -0.00704769
v 0.00256515 0.02245000 -0.00704769
v 0.00225529 0.01945000 -0.00715288
v 0.00225529 0.02245000 -0.00715288
v 0.00194114 0.01945000 -0.00724444
v 0.00194114 0.02245000 -0.00724444
v 0.00162330 0.01945000 -0.00732222
v 0.00162330 0.02245000 -0.00732222
v 0.00130236 0.01945000 -0.00738606
v 0.00130236 0.02245000 -0.00738606
v 0.00097895 0.01945000 -0.00743584
v 0.00097895 0.02245000 -0.00743584
v 0.00065367 0.01945000 -0.00747146
v 0.00065367 0.02245000 -0.00747146
v 0.00032715 0.01945000 -0.00749286
v 0.00032715 0.02245000 -0.00749286
v 0.00000000 0.01945000 -0.00750000
v 0.00000000 0.02245000 -0.00750000
v -0.00032714 0.01945000 -0.00749286
v -0.00032714 0.02245000 -0.00749286
v -0.00065367 0.01945000 -0.00747146
v -0.00065367 0.02245000 -0.00747146
v -0.00097895 0.01945000 -0.00743584
v -0.00097895 0.02245000 -0.00743584
v -0.00130236 0.01945000 -0.00738606
v -0.00130236 0.02245000 -0.00738606
v -0.00162330 0.01945000 -0.00732222
v -0.00162330 0.02245000 -0.00732222
v -0.00194114 0.01945000 -0.00724444
v -0.00194114 0.02245000 -0.00724444
v -0.00225529 0.01945000 -0.00715288
v -0.00225529 0.02245000 -0.00715288
v -0.00256515 0.01945000 -0.00704769
v -0.00256515 0.02245000 -0.00704769
v -0.00287012 0.01945000 -0.00692910
v -0.00287012 0.02245000 -0.00692910
v -0.00316964 0.01945000 -0.00679731
v -0.00316964 0.02245000 -0.00679731
v -0.00346311 0.01945000 -0.00665258
v -0.00346311 0.02245000 -0.00665258
v -0.00375000 0.01945000 -0.00649519
v -0.00375000 0.02245000 -0.00649519
v -0.00402975 0.01945000 -0.00632544
v -0.00402975 0.02245000 -0.00632544
v -0.00430182 0.01945000 -0.00614364
v -0.00430182 0.02245000 -0.00614364
v -0.00456571 0.01945000 -0.00595015
v -0.00456571 0.02245000 -0.00595015
v -0.00482091 0.01945000 -0.00574533
v -0.00482091 0.02245000 -0.00574533
v -0.00506693 0.01945000 -0.00552958
v -0.00506693 0.02245000 -0.00552958
v -0.00530330 0.01945000 -0.00530330
v 0.00043238 0.01945000 -0.00245217
v 0.00053894 0.01945000 -0.00243098
v 0.00176070 0.01945000 0.00176070
v 0.00064446 0.01945000 -0.00240516
v -0.00032501 0.01945000 0.00246870
v -0.00021702 0.01945000 0.00248052
v -0.00043238 0.01945000 0.00245217
v -0.00085163 0.01945000 -0.00233984
v -0.00095288 0.01945000 -0.00230046
v -0.00105232 0.01945000 -0.00225671
v -0.00010861 0.01945000 0.00248763
v 0.00000000 0.01945000 0.00249000
v 0.00010861 0.01945000 0.00248763
v 0.00151582 0.01945000 0.00197545
v 0.00160054 0.01945000 0.00190745
v 0.00168222 0.01945000 0.00183582
v -0.00053893 0.01945000 0.00243098
v -0.00043238 0.01945000 -0.00245217
v -0.00053893 0.01945000 -0.00243098
v 0.00064446 0.01945000 0.00240515
v 0.00053894 0.01945000 0.00243098
v 0.00043238 0.01945000 0.00245217
v 0.00074876 0.01945000 0.00237475
v 0.00085163 0.01945000 0.00233983
v 0.00095288 0.01945000 0.00230046
v 0.00032501 0.01945000 -0.00246870
v 0.00021702 0.01945000 -0.00248053
v 0.00010861 0.01945000 -0.00248763
v 0.00000000 0.01945000 -0.00249000
v -0.00010861 0.01945000 -0.00248763
v -0.00064446 0.01945000 -0.00240516
v -0.00074876 0.01945000 -0.00237476
v -0.00114975 0.01945000 -0.00220866
v -0.00124500 0.01945000 -0.00215640
v -0.00133788 0.01945000 -0.00210004
v 0.00021702 0.01945000 0.00248052
v 0.00032501 0.01945000 0.00246870
v 0.00105232 0.01945000 0.00225671
v 0.00114976 0.01945000 0.00220866
v 0.00124500 0.01945000 0.00215640
v 0.00133788 0.01945000 0.00210005
v 0.00142821 0.01945000 0.00203969
v -0.00021702 0.01945000 -0.00248053
v -0.00032501 0.01945000 -0.00246870
v -0.00142820 0.01945000 -0.00203969
v -0.00151582 0.01945000 -0.00197545
v -0.00160054 0.01945000 -0.00190745
v -0.00203969 0.01945000 -0.00142821
v -0.00064446 0.01945000 0.00240516
v -0.00168222 0.01945000 -0.00183582
v -0.00176070 0.01945000 -0.00176070
v -0.00183582 0.01945000 -0.00168222
v -0.00190745 0.01945000 -0.00160054
v -0.00197545 0.01945000 -0.00151582
v 0.00151582 0.01945000 -0.00197545
v 0.00160054 0.01945000 -0.00190745
v 0.00168222 0.01945000 -0.00183582
v 0.00190745 0.01945000 -0.00160054
v 0.00197545 0.01945000 -0.00151582
v 0.00203969 0.01945000 -0.00142821
v 0.00183582 0.01945000 -0.00168222
v 0.00176070 0.01945000 -0.00176070
v 0.00142821 0.01945000 -0.00203969
v 0.00133788 0.01945000 -0.00210005
v 0.00124500 0.01945000 -0.00215640
v -0.00210004 0.01945000 -0.00133788
v -0.00215640 0.01945000 -0.00124500
v -0.00220866 0.01945000 -0.00114975
v 0.00114975 0.01945000 -0.00220866
v 0.00105232 0.01945000 -0.00225671
v 0.00095288 0.01945000 -0.00230046
v 0.00085163 0.01945000 -0.00233984
v 0.00074876 0.01945000 -0.00237476
v -0.00240515 0.01945000 -0.00064446
v -0.00237475 0.01945000 -0.00074876
v -0.00233983 0.01945000 -0.00085163
v -0.00243098 0.01945000 -0.00053893
v -0.00245217 0.01945000 -0.00043238
v -0.00246870 0.01945000 -0.00032501
v -0.00248052 0.01945000 -0.00021702
v -0.00248763 0.01945000 -0.00010861
v -0.00249000 0.01945000 -0.00000000
v -0.00246870 0.01945000 0.00032501
v -0.00245217 0.01945000 0.00043238
v -0.00225671 0.01945000 -0.00105232
v -0.00230046 0.01945000 -0.00095288
v -0.00248763 0.01945000 0.00010861
v -0.00248052 0.01945000 0.00021702
v 0.00183582 0.01945000 0.00168222
v 0.00190745 0.01945000 0.00160054
v 0.00197545 0.01945000 0.00151582
v 0.00203969 0.01945000 0.00142820
v 0.00210005 0.01945000 0.00133788
v 0.00215640 0.01945000 0.00124500
v 0.00220866 0.01945000 0.00114975
v 0.00225671 0.01945000 0.00105232
v 0.00240516 0.01945000 -0.00064446
v 0.00237476 0.01945000 -0.00074876
v 0.00233984 0.01945000 -0.00085163
v 0.00230046 0.01945000 0.00095288
v 0.00233984 0.01945000 0.00085163
v 0.00237476 0.01945000 0.00074876
v 0.00230046 0.01945000 -0.00095288
v 0.00225671 0.01945000 -0.00105232
v 0.00220866 0.01945000 -0.00114975
v 0.00240516 0.01945000 0.00064446
v 0.00243098 0.01945000 0.00053893
v 0.00245217 0.01945000 0.00043238
v 0.00246870 0.01945000 0.00032501
v 0.00248053 0.01945000 0.00021702
v 0.00248763 0.01945000 0.00010861
v 0.00248053 0.01945000 -0.00021702
v 0.00246870 0.01945000 -0.00032501
v 0.00245217 0.01945000 -0.00043238
v 0.00243098 0.01945000 -0.00053893
v 0.00215640 0.01945000 -0.00124500
v 0.00210005 0.01945000 -0.00133788
v 0.00249000 0.01945000 -0.00000000
v 0.00248763 0.01945000 -0.00010861
v -0.00074876 0.01945000 0.00237475
v -0.00210004 0.01945000 0.00133788
v -0.00203969 0.01945000 0.00142821
v -0.00243098 0.01945000 0.00053893
v -0.00240515 0.01945000 0.00064446
v -0.00237475 0.01945000 0.00074876
v -0.00233983 0.01945000 0.00085163
v -0.00230046 0.01945000 0.00095288
v -0.00225671 0.01945000 0.00105232
v -0.00220866 0.01945000 0.00114975
v -0.00215640 0.01945000 0.00124500
v -0.00197545 0.01945000 0.00151582
v -0.00190745 0.01945000 0.00160054
v -0.00183582 0.01945000 0.00168222
v -0.00176070 0.01945000 0.00176070
v -0.00168222 0.01945000 0.00183582
v -0.00160054 0.01945000 0.00190745
v -0.00151582 0.01945000 0.00197545
v -0.00142821 0.01945000 0.00203969
v -0.00133788 0.01945000 0.00210004
v -0.00124500 0.01945000 0.00215640
v -0.00114975 0.01945000 0.00220866
v -0.00105232 0.01945000 0.00225671
v -0.00095288 0.01945000 0.00230046
v -0.00085163 0.01945000 0.00233983
v 0.01865425 -0.01945000 -0.00769409
v 0.00769409 -0.01945000 -0.01865425
v 0.00778662 -0.01944714 -0.01874678
v 0.01874678 -0.01944714 -0.00778662
v 0.00787898 -0.01943858 -0.01883913
v 0.01883913 -0.01943858 -0.00787898
v 0.00797098 -0.01942433 -0.01893114
v 0.01893114 -0.01942433 -0.00797098
v 0.00806246 -0.01940442 -0.01902261
v 0.01902261 -0.01940442 -0.00806246
v 0.00815323 -0.01937889 -0.01911339
v 0.01911339 -0.01937889 -0.00815323
v 0.00824313 -0.01934778 -0.01920329
v 0.01920329 -0.01934778 -0.00824313
v 0.00833199 -0.01931115 -0.01929214
v 0.01929214 -0.01931115 -0.00833199
v 0.00841963 -0.01926908 -0.01937978
v 0.01937978 -0.01926908 -0.00841963
v 0.00850589 -0.01922164 -0.01946604
v 0.01946604 -0.01922164 -0.00850589
v 0.00859060 -0.01916892 -0.01955076
v 0.01955076 -0.01916892 -0.00859060
v 0.00867361 -0.01911103 -0.01963377
v 0.01963377 -0.01911103 -0.00867361
v 0.00875475 -0.01904808 -0.01971491
v 0.01971491 -0.01904808 -0.00875475
v 0.00883388 -0.01898017 -0.01979403
v 0.01979403 -0.01898017 -0.00883388
v 0.00891083 -0.01890746 -0.01987099
v 0.01987099 -0.01890746 -0.00891083
v 0.00898547 -0.01883006 -0.01994563
v 0.01994563 -0.01883006 -0.00898547
v 0.00905765 -0.01874813 -0.02001781
v 0.02001781 -0.01874813 -0.00905765
v 0.00912724 -0.01866183 -0.02008739
v 0.02008739 -0.01866183 -0.00912724
v 0.00919409 -0.01857132 -0.02015425
v 0.02015425 -0.01857132 -0.00919409
v 0.00925810 -0.01847677 -0.02021825
v 0.02021825 -0.01847677 -0.00925810
v 0.00931912 -0.01837836 -0.02027927
v 0.02027927 -0.01837836 -0.00931912
v 0.00937705 -0.01827628 -0.02033720
v 0.02033720 -0.01827628 -0.00937705
v 0.00943178 -0.01817073 -0.02039193
v 0.02039193 -0.01817073 -0.00943178
v 0.00948320 -0.01806190 -0.02044335
v 0.02044335 -0.01806190 -0.00948320
v 0.00953121 -0.01795000 -0.02049137
v 0.02049137 -0.01795000 -0.00953121
v 0.00957573 -0.01783525 -0.02053588
v 0.02053588 -0.01783525 -0.00957573
v 0.00961666 -0.01771785 -0.02057682
v 0.02057682 -0.01771785 -0.00961666
v 0.00965394 -0.01759805 -0.02061409
v 0.02061409 -0.01759805 -0.00965394
v 0.00968748 -0.01747606 -0.02064764
v 0.02064764 -0.01747606 -0.00968748
v 0.00971723 -0.01735212 -0.02067739
v 0.02067739 -0.01735212 -0.00971723
v 0.00974313 -0.01722646 -0.02070329
v 0.02070329 -0.01722646 -0.00974313
v 0.00976513 -0.01709932 -0.02072528
v 0.02072528 -0.01709932 -0.00976513
v 0.00978319 -0.01697094 -0.02074334
v 0.02074334 -0.01697094 -0.00978319
v 0.00979727 -0.01684158 -0.02075742
v 0.02075742 -0.01684158 -0.00979727
v 0.00980734 -0.01671147 -0.02076750
v 0.02076750 -0.01671147 -0.00980734
v 0.00981339 -0.01658086 -0.02077355
v 0.02077355 -0.01658086 -0.00981339
v 0.00981541 -0.01645000 -0.02077557
v 0.02077557 -0.01645000 -0.00981541
v -0.00208059 -0.01945000 -0.00520311
v -0.00210016 -0.01945000 -0.00521275
v 0.00512824 -0.01945000 0.00197367
v 0.00511315 -0.01945000 0.00195791
v 0.00426651 -0.01945000 0.00035973
v -0.00248248 -0.01945000 -0.00428975
v -0.00246182 -0.01945000 -0.00428274
v -0.00219288 -0.01945000 -0.00092512
v -0.00216111 -0.01945000 -0.00523646
v -0.00218206 -0.01945000 -0.00524256
v 0.00452873 -0.01945000 0.00275497
v 0.00454829 -0.01945000 0.00276462
v 0.00316861 -0.01945000 0.00779154
v -0.00250281 -0.01945000 -0.00429766
v 0.00525913 -0.01945000 0.00228966
v 0.00525960 -0.01945000 0.00231147
v 0.00525912 -0.01945000 0.00233328
v 0.00523646 -0.01945000 0.00216111
v 0.00522945 -0.01945000 0.00214046
v 0.00522154 -0.01945000 0.00212013
v 0.00521275 -0.01945000 0.00210016
v -0.00183461 -0.01945000 -0.00490995
v -0.00184162 -0.01945000 -0.00493061
v 0.00506398 -0.01945000 0.00191479
v 0.00504639 -0.01945000 0.00190189
v 0.00490995 -0.01945000 0.00183461
v 0.00488901 -0.01945000 0.00182850
v 0.00364944 -0.01945000 0.00120131
v 0.00522154 -0.01945000 0.00250281
v 0.00522945 -0.01945000 0.00248248
v 0.00523646 -0.01945000 0.00246182
v 0.00524256 -0.01945000 0.00244088
v 0.00524775 -0.01945000 0.00241969
v 0.00525200 -0.01945000 0.00239829
v 0.00525200 -0.01945000 0.00222464
v 0.00524775 -0.01945000 0.00220325
v 0.00524256 -0.01945000 0.00218206
v -0.00184953 -0.01945000 -0.00495094
v -0.00185831 -0.01945000 -0.00497091
v -0.00186796 -0.01945000 -0.00499048
v -0.00187846 -0.01945000 -0.00500960
v 0.00516918 -0.01945000 0.00202468
v 0.00515628 -0.01945000 0.00200709
v 0.00514262 -0.01945000 0.00199007
v 0.00411690 -0.01945000 0.00061887
v 0.00419453 -0.01945000 0.00049093
v 0.00500960 -0.01945000 0.00187846
v 0.00502825 -0.01945000 0.00188977
v -0.00200708 -0.01945000 -0.00515628
v -0.00202468 -0.01945000 -0.00516918
v -0.00224620 -0.01945000 -0.00525532
v -0.00226789 -0.01945000 -0.00525770
v -0.00237673 -0.01945000 -0.00426388
v -0.00235505 -0.01945000 -0.00426150
v -0.00220267 -0.01945000 -0.00107445
v -0.00233328 -0.01945000 -0.00426008
v -0.00220593 -0.01945000 -0.00122407
v 0.00525532 -0.01945000 0.00237673
v 0.00525770 -0.01945000 0.00235504
v 0.00525770 -0.01945000 0.00226789
v 0.00525532 -0.01945000 0.00224621
v -0.00184953 -0.01945000 -0.00456826
v -0.00184162 -0.01945000 -0.00458859
v 0.00092512 -0.01945000 -0.00464101
v -0.00183461 -0.01945000 -0.00460925
v -0.00182850 -0.01945000 -0.00463019
v -0.00182332 -0.01945000 -0.00465138
v -0.00181906 -0.01945000 -0.00467278
v -0.00188977 -0.01945000 -0.00502825
v -0.00190189 -0.01945000 -0.00504639
v -0.00191479 -0.01945000 -0.00506398
v -0.00204282 -0.01945000 -0.00518130
v -0.00206147 -0.01945000 -0.00519261
v -0.00212013 -0.01945000 -0.00522154
v -0.00214046 -0.01945000 -0.00522945
v -0.00220325 -0.01945000 -0.00524775
v -0.00222464 -0.01945000 -0.00525200
v -0.00228966 -0.01945000 -0.00525913
v -0.00231147 -0.01945000 -0.00525960
v -0.00233328 -0.01945000 -0.00525912
v -0.00281099 -0.01945000 -0.00473779
v -0.00779154 -0.01945000 -0.00316861
v -0.00281147 -0.01945000 -0.00475960
v -0.00281099 -0.01945000 -0.00478141
v -0.00278833 -0.01945000 -0.00460925
v -0.00278131 -0.01945000 -0.00458859
v -0.00277341 -0.01945000 -0.00456826
v -0.00276462 -0.01945000 -0.00454829
v 0.00482486 -0.01945000 0.00181575
v 0.00480318 -0.01945000 0.00181337
v 0.00478141 -0.01945000 0.00181194
v 0.00475960 -0.01945000 0.00181147
v 0.00473779 -0.01945000 0.00181194
v 0.00426150 -0.01945000 0.00226789
v 0.00426008 -0.01945000 0.00228966
v 0.00225549 -0.01945000 0.00204718
v 0.00456826 -0.01945000 0.00277341
v 0.00458859 -0.01945000 0.00278131
v 0.00460925 -0.01945000 0.00278833
v 0.00519261 -0.01945000 0.00256147
v 0.00520311 -0.01945000 0.00254234
v 0.00521275 -0.01945000 0.00252278
v -0.00181574 -0.01945000 -0.00469434
v -0.00181337 -0.01945000 -0.00471602
v -0.00181194 -0.01945000 -0.00473779
v 0.00394527 -0.01945000 -0.00331212
v 0.00385160 -0.01945000 -0.00342883
v 0.00354134 -0.01945000 -0.00375293
v 0.00342883 -0.01945000 -0.00385160
v 0.00331212 -0.01945000 -0.00394527
v 0.00319143 -0.01945000 -0.00403376
v -0.00181575 -0.01945000 -0.00482486
v -0.00181906 -0.01945000 -0.00484642
v 0.00509740 -0.01945000 0.00194283
v 0.00508099 -0.01945000 0.00192845
v -0.00192844 -0.01945000 -0.00508099
v -0.00194283 -0.01945000 -0.00509740
v -0.00195791 -0.01945000 -0.00511315
v -0.00235504 -0.01945000 -0.00525770
v -0.00237673 -0.01945000 -0.00525532
v -0.00239829 -0.01945000 -0.00525200
v -0.00280387 -0.01945000 -0.00467278
v -0.00279961 -0.01945000 -0.00465138
v -0.00279443 -0.01945000 -0.00463019
v 0.00497091 -0.01945000 0.00185831
v 0.00495094 -0.01945000 0.00184953
v 0.00493061 -0.01945000 0.00184162
v 0.00486782 -0.01945000 0.00182332
v 0.00484642 -0.01945000 0.00181906
v 0.00092512 -0.01945000 0.00219288
v 0.00428975 -0.01945000 0.00248248
v 0.00429766 -0.01945000 0.00250281
v -0.00275497 -0.01945000 -0.00452873
v -0.00274448 -0.01945000 -0.00450960
v -0.00273316 -0.01945000 -0.00449095
v 0.00430645 -0.01945000 0.00252278
v 0.00431609 -0.01945000 0.00254234
v 0.00432659 -0.01945000 0.00256147
v 0.00445522 -0.01945000 0.00270814
v 0.00447281 -0.01945000 0.00272104
v 0.00508099 -0.01945000 0.00269449
v 0.00509740 -0.01945000 0.00268010
v -0.00244088 -0.01945000 -0.00427664
v -0.00241969 -0.01945000 -0.00427145
v -0.00239829 -0.01945000 -0.00426720
v -0.00226789 -0.01945000 -0.00426150
v -0.00208906 -0.01945000 -0.00211181
v -0.00228966 -0.01945000 -0.00426008
v -0.00212463 -0.01945000 -0.00196645
v -0.00187845 -0.01945000 -0.00450960
v -0.00186796 -0.01945000 -0.00452873
v -0.00185831 -0.01945000 -0.00454829
v -0.00181194 -0.01945000 -0.00478141
v 0.00137368 -0.01945000 -0.00465080
v -0.00181147 -0.01945000 -0.00475960
v 0.00122407 -0.01945000 -0.00465407
v 0.00107445 -0.01945000 -0.00465080
v 0.00444721 -0.01945000 -0.00005094
v 0.00449532 -0.01945000 -0.00019265
v 0.00453719 -0.01945000 -0.00033632
v 0.00457276 -0.01945000 -0.00048168
v 0.00460196 -0.01945000 -0.00062845
v 0.00375293 -0.01945000 -0.00354134
v 0.00364944 -0.01945000 -0.00364944
v -0.00197367 -0.01945000 -0.00512824
v -0.00199007 -0.01945000 -0.00514262
v -0.00280387 -0.01945000 -0.00484642
v -0.00279961 -0.01945000 -0.00486782
v -0.00279443 -0.01945000 -0.00488901
v -0.00280957 -0.01945000 -0.00471602
v -0.00280719 -0.01945000 -0.00469434
v 0.00427145 -0.01945000 0.00220325
v 0.00426720 -0.01945000 0.00222464
v 0.00267365 -0.01945000 0.00188457
v -0.00272104 -0.01945000 -0.00447281
v -0.00270814 -0.01945000 -0.00445522
v -0.00269449 -0.01945000 -0.00443821
v -0.00256147 -0.01945000 -0.00432659
v -0.00254234 -0.01945000 -0.00431609
v -0.00252278 -0.01945000 -0.00430645
v 0.00449095 -0.01945000 0.00273316
v 0.00450960 -0.01945000 0.00274448
v 0.00463019 -0.01945000 0.00279443
v 0.00465138 -0.01945000 0.00279962
v 0.00467278 -0.01945000 0.00280387
v 0.00469434 -0.01945000 0.00280719
v 0.00471602 -0.01945000 0.00280957
v 0.00473779 -0.01945000 0.00281099
v 0.00475960 -0.01945000 0.00281147
v 0.00478141 -0.01945000 0.00281099
v 0.00480318 -0.01945000 0.00280956
v 0.00462472 -0.01945000 -0.00077636
v 0.00464101 -0.01945000 -0.00092512
v 0.00465080 -0.01945000 -0.00107445
v 0.00464102 -0.01945000 -0.00152301
v 0.00462472 -0.01945000 -0.00167177
v 0.00453719 -0.01945000 -0.00211182
v 0.00449532 -0.01945000 -0.00225549
v 0.00444721 -0.01945000 -0.00239719
v 0.00439297 -0.01945000 -0.00253667
v 0.00433270 -0.01945000 -0.00267365
v 0.00426651 -0.01945000 -0.00280786
v 0.00419453 -0.01945000 -0.00293907
v 0.00211182 -0.01945000 -0.00453719
v 0.00225549 -0.01945000 -0.00449532
v 0.00239720 -0.01945000 -0.00444721
v 0.00196645 -0.01945000 -0.00457276
v 0.00181968 -0.01945000 -0.00460196
v 0.00167177 -0.01945000 -0.00462472
v -0.00181337 -0.01945000 -0.00480318
v -0.00182332 -0.01945000 -0.00486782
v -0.00182850 -0.01945000 -0.00488901
v 0.00375293 -0.01945000 0.00109321
v 0.00385160 -0.01945000 0.00098070
v 0.00499048 -0.01945000 0.00186796
v 0.00394527 -0.01945000 0.00086399
v 0.00403376 -0.01945000 0.00074330
v -0.00254234 -0.01945000 -0.00520311
v -0.00256147 -0.01945000 -0.00519261
v -0.00280719 -0.01945000 -0.00482486
v -0.00280956 -0.01945000 -0.00480318
v 0.00426008 -0.01945000 0.00233328
v 0.00426150 -0.01945000 0.00235505
v 0.00107445 -0.01945000 0.00220267
v 0.00426388 -0.01945000 0.00237673
v 0.00426720 -0.01945000 0.00239829
v 0.00427145 -0.01945000 0.00241969
v 0.00427664 -0.01945000 0.00244088
v 0.00428274 -0.01945000 0.00246182
v 0.00439096 -0.01945000 0.00264926
v 0.00440605 -0.01945000 0.00266502
v -0.00215382 -0.01945000 -0.00181968
v -0.00217659 -0.01945000 -0.00167177
v -0.00231147 -0.01945000 -0.00425960
v -0.00219288 -0.01945000 -0.00152301
v -0.00220267 -0.01945000 -0.00137368
v -0.00140347 -0.01945000 -0.00342883
v -0.00149714 -0.01945000 -0.00331212
v -0.00206147 -0.01945000 -0.00432659
v 0.00077636 -0.01945000 -0.00462472
v 0.00062845 -0.01945000 -0.00460196
v -0.00195791 -0.01945000 -0.00440605
v 0.00048168 -0.01945000 -0.00457276
v 0.00033632 -0.01945000 -0.00453719
v 0.00019265 -0.01945000 -0.00449532
v 0.00005094 -0.01945000 -0.00444721
v -0.00008854 -0.01945000 -0.00439297
v 0.00511315 -0.01945000 0.00266502
v 0.00512824 -0.01945000 0.00264926
v 0.00514262 -0.01945000 0.00263286
v 0.00515628 -0.01945000 0.00261585
v 0.00516918 -0.01945000 0.00259826
v 0.00518130 -0.01945000 0.00258012
v -0.00192844 -0.01945000 -0.00443821
v -0.00191479 -0.01945000 -0.00445522
v 0.00433270 -0.01945000 0.00022552
v 0.00519261 -0.01945000 0.00206147
v 0.00518130 -0.01945000 0.00204282
v 0.00460196 -0.01945000 -0.00181968
v 0.00457276 -0.01945000 -0.00196645
v 0.00411690 -0.01945000 -0.00306700
v 0.00403376 -0.01945000 -0.00319143
v 0.00306701 -0.01945000 -0.00411690
v 0.00293907 -0.01945000 -0.00419453
v 0.00280786 -0.01945000 -0.00426651
v 0.00267365 -0.01945000 -0.00433270
v 0.00253667 -0.01945000 -0.00439297
v -0.00241969 -0.01945000 -0.00524775
v -0.00244088 -0.01945000 -0.00524256
v -0.00246182 -0.01945000 -0.00523646
v -0.00266502 -0.01945000 -0.00511315
v -0.00268010 -0.01945000 -0.00509740
v -0.00269449 -0.01945000 -0.00508099
v -0.00270814 -0.01945000 -0.00506398
v 0.00152301 -0.01945000 0.00219288
v 0.00167177 -0.01945000 0.00217659
v 0.00181968 -0.01945000 0.00215382
v 0.00425960 -0.01945000 0.00231147
v 0.00122407 -0.01945000 0.00220593
v 0.00137368 -0.01945000 0.00220267
v 0.00442181 -0.01945000 0.00268011
v 0.00443821 -0.01945000 0.00269449
v 0.00486782 -0.01945000 0.00279962
v 0.00488901 -0.01945000 0.00279443
v 0.00490995 -0.01945000 0.00278833
v 0.00493061 -0.01945000 0.00278131
v -0.00194484 -0.01945000 -0.00253667
v -0.00199908 -0.01945000 -0.00239719
v -0.00204718 -0.01945000 -0.00225549
v -0.00022552 -0.01945000 -0.00433270
v -0.00035973 -0.01945000 -0.00426651
v -0.00049093 -0.01945000 -0.00419453
v -0.00061887 -0.01945000 -0.00411690
v -0.00074330 -0.01945000 -0.00403376
v -0.00086398 -0.01945000 -0.00394527
v -0.00194283 -0.01945000 -0.00442181
v -0.00190189 -0.01945000 -0.00447281
v -0.00188977 -0.01945000 -0.00449095
v 0.00465407 -0.01945000 -0.00122407
v 0.00465080 -0.01945000 -0.00137368
v -0.00248248 -0.01945000 -0.00522945
v -0.00250281 -0.01945000 -0.00522154
v -0.00252278 -0.01945000 -0.00521275
v 0.00196645 -0.01945000 0.00212463
v 0.00211182 -0.01945000 0.00208906
v 0.00482486 -0.01945000 0.00280719
v 0.00484642 -0.01945000 0.00280387
v -0.00224621 -0.01945000 -0.00426388
v -0.00222464 -0.01945000 -0.00426720
v -0.00188457 -0.01945000 -0.00267365
v -0.00220325 -0.01945000 -0.00427145
v -0.00181838 -0.01945000 -0.00280786
v -0.00218206 -0.01945000 -0.00427664
v -0.00174640 -0.01945000 -0.00293907
v -0.00216111 -0.01945000 -0.00428274
v -0.00166877 -0.01945000 -0.00306700
v -0.00214046 -0.01945000 -0.00428975
v -0.00158563 -0.01945000 -0.00319143
v 0.00439297 -0.01945000 0.00008854
v 0.00520311 -0.01945000 0.00208059
v 0.00152301 -0.01945000 -0.00464101
v -0.00258012 -0.01945000 -0.00518130
v -0.00259825 -0.01945000 -0.00516918
v -0.00261585 -0.01945000 -0.00515628
v -0.00263286 -0.01945000 -0.00514262
v -0.00264926 -0.01945000 -0.00512824
v -0.00272104 -0.01945000 -0.00504639
v -0.00273316 -0.01945000 -0.00502825
v -0.00274448 -0.01945000 -0.00500960
v -0.00275497 -0.01945000 -0.00499047
v -0.00276462 -0.01945000 -0.00497091
v -0.00277341 -0.01945000 -0.00495094
v -0.00278131 -0.01945000 -0.00493061
v -0.00278833 -0.01945000 -0.00490995
v 0.00460925 -0.01945000 0.00183461
v 0.00458859 -0.01945000 0.00184162
v 0.00499048 -0.01945000 0.00275497
v 0.00500960 -0.01945000 0.00274448
v 0.00502825 -0.01945000 0.00273316
v -0.00204282 -0.01945000 -0.00433790
v -0.00202468 -0.01945000 -0.00435002
v -0.00130480 -0.01945000 -0.00354134
v -0.00098070 -0.01945000 -0.00385160
v -0.00109321 -0.01945000 -0.00375293
v -0.00197367 -0.01945000 -0.00439096
v -0.00120131 -0.01945000 -0.00364944
v -0.00199007 -0.01945000 -0.00437658
v -0.00200709 -0.01945000 -0.00436292
v 0.00471602 -0.01945000 0.00181337
v 0.00469434 -0.01945000 0.00181574
v 0.00467278 -0.01945000 0.00181906
v 0.00456826 -0.01945000 0.00184953
v 0.00454829 -0.01945000 0.00185831
v 0.00452873 -0.01945000 0.00186796
v 0.00427664 -0.01945000 0.00218206
v 0.00280786 -0.01945000 0.00181838
v 0.00293907 -0.01945000 0.00174640
v 0.00426388 -0.01945000 0.00224621
v 0.00239719 -0.01945000 0.00199908
v 0.00253667 -0.01945000 0.00194484
v -0.00268011 -0.01945000 -0.00442181
v -0.00266502 -0.01945000 -0.00440605
v -0.00264926 -0.01945000 -0.00439096
v 0.00495094 -0.01945000 0.00277341
v 0.00497091 -0.01945000 0.00276462
v 0.00504639 -0.01945000 0.00272104
v 0.00506398 -0.01945000 0.00270814
v -0.00212013 -0.01945000 -0.00429766
v -0.00210016 -0.01945000 -0.00430645
v -0.00208059 -0.01945000 -0.00431610
v 0.00465138 -0.01945000 0.00182332
v 0.00463019 -0.01945000 0.00182850
v 0.00450960 -0.01945000 0.00187846
v 0.00449095 -0.01945000 0.00188977
v 0.00447281 -0.01945000 0.00190189
v 0.00445522 -0.01945000 0.00191479
v 0.00443821 -0.01945000 0.00192844
v 0.00442181 -0.01945000 0.00194283
v 0.00436292 -0.01945000 0.00200709
v 0.00435002 -0.01945000 0.00202468
v 0.00354134 -0.01945000 0.00130480
v 0.00433790 -0.01945000 0.00204282
v 0.00342883 -0.01945000 0.00140347
v 0.00331212 -0.01945000 0.00149714
v -0.00215382 -0.01945000 -0.00062845
v -0.00212463 -0.01945000 -0.00048168
v -0.00208906 -0.01945000 -0.00033632
v 0.00440605 -0.01945000 0.00195791
v 0.00439096 -0.01945000 0.00197367
v 0.00437658 -0.01945000 0.00199007
v 0.00432659 -0.01945000 0.00206147
v 0.00431610 -0.01945000 0.00208059
v 0.00319143 -0.01945000 0.00158563
v -0.00263286 -0.01945000 -0.00437658
v -0.00261585 -0.01945000 -0.00436292
v -0.00259826 -0.01945000 -0.00435002
v -0.00149714 -0.01945000 0.00086399
v -0.00140347 -0.01945000 0.00098070
v 0.00430645 -0.01945000 0.00210016
v 0.00429766 -0.01945000 0.00212013
v 0.00306701 -0.01945000 0.00166877
v 0.00428975 -0.01945000 0.00214046
v 0.00428274 -0.01945000 0.00216112
v -0.00217659 -0.01945000 -0.00077636
v -0.00258012 -0.01945000 -0.00433790
v -0.00204718 -0.01945000 -0.00019264
v -0.00199908 -0.01945000 -0.00005094
v -0.00194484 -0.01945000 0.00008854
v -0.00074330 -0.01945000 0.00158563
v -0.00086399 -0.01945000 0.00149714
v -0.00098069 -0.01945000 0.00140347
v -0.00188457 -0.01945000 0.00022552
v -0.00181838 -0.01945000 0.00035973
v -0.00174640 -0.01945000 0.00049093
v -0.00130479 -0.01945000 0.00109321
v -0.00120131 -0.01945000 0.00120131
v -0.00109321 -0.01945000 0.00130479
v 0.00005094 -0.01945000 0.00199908
v 0.00019264 -0.01945000 0.00204718
v 0.00033632 -0.01945000 0.00208906
v -0.00166877 -0.01945000 0.00061887
v -0.00158563 -0.01945000 0.00074330
v -0.00035973 -0.01945000 0.00181838
v -0.00022552 -0.01945000 0.00188457
v -0.00008854 -0.01945000 0.00194484
v 0.00048168 -0.01945000 0.00212463
v 0.00062845 -0.01945000 0.00215382
v 0.00077636 -0.01945000 0.00217659
v -0.00061887 -0.01945000 0.00166877
v -0.00049093 -0.01945000 0.00174640
v 0.00433791 -0.01945000 0.00258012
v 0.00435002 -0.01945000 0.00259826
v 0.00436292 -0.01945000 0.00261585
v 0.00437658 -0.01945000 0.00263286
v 0.00520311 -0.01645000 0.00208059
v 0.00521275 -0.01645000 0.00210016
v 0.01731075 -0.01645000 -0.00635059
v -0.00185831 -0.01645000 -0.00497091
v -0.00186796 -0.01645000 -0.00499048
v -0.00187846 -0.01645000 -0.00500960
v -0.00191479 -0.01645000 -0.00506398
v -0.00190189 -0.01645000 -0.00504639
v 0.00635059 -0.01645000 -0.01731075
v 0.00509740 -0.01645000 0.00194283
v 0.00511315 -0.01645000 0.00195791
v -0.00237673 -0.01645000 -0.00525532
v -0.00235504 -0.01645000 -0.00525770
v -0.00233328 -0.01645000 -0.00525912
v -0.00231147 -0.01645000 -0.00525960
v -0.00218206 -0.01645000 -0.00524256
v -0.00216111 -0.01645000 -0.00523646
v -0.00214046 -0.01645000 -0.00522945
v -0.00212013 -0.01645000 -0.00522154
v 0.00515628 -0.01645000 0.00200709
v 0.00516918 -0.01645000 0.00202468
v 0.00475960 -0.01645000 0.00281147
v 0.00473779 -0.01645000 0.00281099
v 0.00316861 -0.01645000 0.00779154
v 0.00428975 -0.01645000 0.00248248
v 0.00428274 -0.01645000 0.00246182
v 0.00092512 -0.01645000 0.00219288
v -0.00228966 -0.01645000 -0.00525913
v -0.00226789 -0.01645000 -0.00525770
v -0.00224620 -0.01645000 -0.00525532
v -0.00222464 -0.01645000 -0.00525200
v -0.00220325 -0.01645000 -0.00524775
v -0.00210016 -0.01645000 -0.00521275
v -0.00208059 -0.01645000 -0.00520311
v -0.00206147 -0.01645000 -0.00519261
v -0.00204282 -0.01645000 -0.00518130
v -0.00202468 -0.01645000 -0.00516918
v -0.00200708 -0.01645000 -0.00515628
v -0.00188977 -0.01645000 -0.00502825
v 0.00473779 -0.01645000 0.00181194
v 0.00464101 -0.01645000 -0.00092512
v 0.00471602 -0.01645000 0.00181337
v 0.00469434 -0.01645000 0.00181574
v 0.00464102 -0.01645000 -0.00152301
v 0.00493061 -0.01645000 0.00184162
v 0.00495094 -0.01645000 0.00184953
v 0.00518130 -0.01645000 0.00204282
v 0.00519261 -0.01645000 0.00206147
v 0.00460925 -0.01645000 0.00278833
v 0.00458859 -0.01645000 0.00278131
v 0.00456826 -0.01645000 0.00277341
v 0.00454829 -0.01645000 0.00276462
v -0.00219288 -0.01645000 -0.00152301
v -0.00217659 -0.01645000 -0.00167177
v -0.00228966 -0.01645000 -0.00426008
v 0.00429766 -0.01645000 0.00250281
v -0.00199007 -0.01645000 -0.00514262
v -0.00197367 -0.01645000 -0.00512824
v -0.00195791 -0.01645000 -0.00511315
v -0.00194283 -0.01645000 -0.00509740
v -0.00192844 -0.01645000 -0.00508099
v 0.00478141 -0.01645000 0.00181194
v 0.00480318 -0.01645000 0.00181337
v 0.00465080 -0.01645000 -0.00137368
v 0.00482486 -0.01645000 0.00181575
v 0.00484642 -0.01645000 0.00181906
v 0.00502825 -0.01645000 0.00188977
v 0.00504639 -0.01645000 0.00190189
v 0.00522154 -0.01645000 0.00212013
v 0.00522945 -0.01645000 0.00214046
v 0.00523646 -0.01645000 0.00216111
v 0.00524256 -0.01645000 0.00218206
v 0.00524775 -0.01645000 0.00220325
v 0.00525200 -0.01645000 0.00222464
v 0.00525532 -0.01645000 0.00224621
v 0.00525770 -0.01645000 0.00226789
v 0.00525913 -0.01645000 0.00228966
v -0.00219288 -0.01645000 -0.00092512
v -0.00248248 -0.01645000 -0.00428975
v -0.00250281 -0.01645000 -0.00429766
v -0.00281147 -0.01645000 -0.00475960
v -0.00281099 -0.01645000 -0.00478141
v -0.00779154 -0.01645000 -0.00316861
v -0.00250281 -0.01645000 -0.00522154
v -0.00248248 -0.01645000 -0.00522945
v -0.00246182 -0.01645000 -0.00523646
v -0.00244088 -0.01645000 -0.00524256
v 0.00475960 -0.01645000 0.00181147
v 0.00465407 -0.01645000 -0.00122407
v 0.00465080 -0.01645000 -0.00107445
v 0.00506398 -0.01645000 0.00191479
v 0.00508099 -0.01645000 0.00192845
v 0.00512824 -0.01645000 0.00197367
v 0.00514262 -0.01645000 0.00199007
v 0.00525200 -0.01645000 0.00239829
v 0.00525532 -0.01645000 0.00237673
v 0.00525770 -0.01645000 0.00235504
v 0.00511315 -0.01645000 0.00266502
v 0.00509740 -0.01645000 0.00268010
v 0.00478141 -0.01645000 0.00281099
v 0.00471602 -0.01645000 0.00280957
v 0.00469434 -0.01645000 0.00280719
v 0.00467278 -0.01645000 0.00280387
v 0.00465138 -0.01645000 0.00279962
v 0.00463019 -0.01645000 0.00279443
v -0.00120131 -0.01645000 -0.00364944
v -0.00195791 -0.01645000 -0.00440605
v -0.00197367 -0.01645000 -0.00439096
v 0.00462472 -0.01645000 -0.00077636
v 0.00460196 -0.01645000 -0.00062845
v 0.00440605 -0.01645000 0.00195791
v -0.00241969 -0.01645000 -0.00524775
v -0.00239829 -0.01645000 -0.00525200
v 0.00456826 -0.01645000 0.00184953
v 0.00458859 -0.01645000 0.00184162
v 0.00460925 -0.01645000 0.00183461
v 0.00463019 -0.01645000 0.00182850
v 0.00486782 -0.01645000 0.00182332
v 0.00488901 -0.01645000 0.00182850
v 0.00490995 -0.01645000 0.00183461
v -0.00183461 -0.01645000 -0.00490995
v -0.00182850 -0.01645000 -0.00488901
v -0.00182332 -0.01645000 -0.00486782
v -0.00181906 -0.01645000 -0.00484642
v 0.00331212 -0.01645000 -0.00394527
v 0.00342883 -0.01645000 -0.00385160
v 0.00525960 -0.01645000 0.00231147
v 0.00525912 -0.01645000 0.00233328
v -0.00233328 -0.01645000 -0.00426008
v -0.00235505 -0.01645000 -0.00426150
v -0.00220267 -0.01645000 -0.00107445
v -0.00237673 -0.01645000 -0.00426388
v -0.00239829 -0.01645000 -0.00426720
v 0.00452873 -0.01645000 0.00275497
v 0.00450960 -0.01645000 0.00274448
v 0.00449095 -0.01645000 0.00273316
v 0.00432659 -0.01645000 0.00256147
v 0.00431609 -0.01645000 0.00254234
v 0.00430645 -0.01645000 0.00252278
v -0.00270814 -0.01645000 -0.00445522
v -0.00272104 -0.01645000 -0.00447281
v -0.00275497 -0.01645000 -0.00452873
v -0.00276462 -0.01645000 -0.00454829
v -0.00277341 -0.01645000 -0.00456826
v -0.00278131 -0.01645000 -0.00458859
v -0.00278833 -0.01645000 -0.00460925
v -0.00279443 -0.01645000 -0.00463019
v -0.00269449 -0.01645000 -0.00508099
v -0.00268010 -0.01645000 -0.00509740
v 0.00427664 -0.01645000 0.00244088
v 0.00427145 -0.01645000 0.00241969
v 0.00107445 -0.01645000 0.00220267
v 0.00426720 -0.01645000 0.00239829
v 0.00426388 -0.01645000 0.00237673
v 0.00426150 -0.01645000 0.00235505
v 0.00426008 -0.01645000 0.00233328
v 0.00122407 -0.01645000 0.00220593
v 0.00426008 -0.01645000 0.00228966
v 0.00167177 -0.01645000 0.00217659
v 0.00425960 -0.01645000 0.00231147
v 0.00152301 -0.01645000 0.00219288
v 0.00137368 -0.01645000 0.00220267
v -0.00256147 -0.01645000 -0.00519261
v -0.00254234 -0.01645000 -0.00520311
v -0.00252278 -0.01645000 -0.00521275
v 0.00443821 -0.01645000 0.00192844
v 0.00445522 -0.01645000 0.00191479
v 0.00450960 -0.01645000 0.00187846
v 0.00452873 -0.01645000 0.00186796
v 0.00454829 -0.01645000 0.00185831
v -0.00184953 -0.01645000 -0.00495094
v -0.00184162 -0.01645000 -0.00493061
v -0.00181575 -0.01645000 -0.00482486
v -0.00181337 -0.01645000 -0.00480318
v -0.00181194 -0.01645000 -0.00478141
v -0.00182332 -0.01645000 -0.00465138
v -0.00182850 -0.01645000 -0.00463019
v -0.00241969 -0.01645000 -0.00427145
v -0.00244088 -0.01645000 -0.00427664
v -0.00246182 -0.01645000 -0.00428274
v 0.00447281 -0.01645000 0.00272104
v 0.00445522 -0.01645000 0.00270814
v 0.00443821 -0.01645000 0.00269449
v -0.00252278 -0.01645000 -0.00430645
v -0.00254234 -0.01645000 -0.00431609
v -0.00256147 -0.01645000 -0.00432659
v -0.00264926 -0.01645000 -0.00439096
v -0.00266502 -0.01645000 -0.00440605
v -0.00273316 -0.01645000 -0.00449095
v -0.00274448 -0.01645000 -0.00450960
v -0.00279961 -0.01645000 -0.00465138
v -0.00280387 -0.01645000 -0.00467278
v -0.00280719 -0.01645000 -0.00469434
v -0.00280957 -0.01645000 -0.00471602
v -0.00281099 -0.01645000 -0.00473779
v 0.00211182 -0.01645000 0.00208906
v 0.00196645 -0.01645000 0.00212463
v 0.00181968 -0.01645000 0.00215382
v -0.00266502 -0.01645000 -0.00511315
v -0.00264926 -0.01645000 -0.00512824
v -0.00263286 -0.01645000 -0.00514262
v -0.00261585 -0.01645000 -0.00515628
v -0.00259825 -0.01645000 -0.00516918
v -0.00258012 -0.01645000 -0.00518130
v 0.00442181 -0.01645000 0.00194283
v 0.00447281 -0.01645000 0.00190189
v 0.00449095 -0.01645000 0.00188977
v 0.00465138 -0.01645000 0.00182332
v 0.00467278 -0.01645000 0.00181906
v 0.00354134 -0.01645000 -0.00375293
v 0.00364944 -0.01645000 -0.00364944
v 0.00375293 -0.01645000 -0.00354134
v 0.00385160 -0.01645000 -0.00342883
v 0.00394527 -0.01645000 -0.00331212
v 0.00403376 -0.01645000 -0.00319143
v 0.00460196 -0.01645000 -0.00181968
v 0.00462472 -0.01645000 -0.00167177
v 0.00490995 -0.01645000 0.00278833
v 0.00488901 -0.01645000 0.00279443
v 0.00486782 -0.01645000 0.00279962
v 0.00484642 -0.01645000 0.00280387
v 0.00482486 -0.01645000 0.00280719
v 0.00480318 -0.01645000 0.00280956
v -0.00218206 -0.01645000 -0.00427664
v -0.00181838 -0.01645000 -0.00280786
v -0.00174640 -0.01645000 -0.00293907
v -0.00215382 -0.01645000 -0.00181968
v -0.00212463 -0.01645000 -0.00196645
v -0.00226789 -0.01645000 -0.00426150
v -0.00208906 -0.01645000 -0.00211181
v -0.00204718 -0.01645000 -0.00225549
v -0.00231147 -0.01645000 -0.00425960
v -0.00220593 -0.01645000 -0.00122407
v -0.00220267 -0.01645000 -0.00137368
v -0.00280956 -0.01645000 -0.00480318
v -0.00280719 -0.01645000 -0.00482486
v -0.00280387 -0.01645000 -0.00484642
v 0.00354134 -0.01645000 0.00130480
v 0.00342883 -0.01645000 0.00140347
v 0.00435002 -0.01645000 0.00202468
v 0.00457276 -0.01645000 -0.00048168
v 0.00453719 -0.01645000 -0.00033632
v 0.00449532 -0.01645000 -0.00019265
v 0.00426651 -0.01645000 -0.00280786
v 0.00433270 -0.01645000 -0.00267365
v 0.00439297 -0.01645000 -0.00253667
v 0.00444721 -0.01645000 -0.00239719
v 0.00449532 -0.01645000 -0.00225549
v 0.00453719 -0.01645000 -0.00211182
v 0.00457276 -0.01645000 -0.00196645
v 0.00497091 -0.01645000 0.00185831
v 0.00499048 -0.01645000 0.00186796
v 0.00500960 -0.01645000 0.00187846
v 0.00524775 -0.01645000 0.00241969
v 0.00524256 -0.01645000 0.00244088
v 0.00523646 -0.01645000 0.00246182
v 0.00520311 -0.01645000 0.00254234
v 0.00519261 -0.01645000 0.00256147
v 0.00504639 -0.01645000 0.00272104
v 0.00502825 -0.01645000 0.00273316
v -0.00268011 -0.01645000 -0.00442181
v -0.00269449 -0.01645000 -0.00443821
v 0.00225549 -0.01645000 0.00204718
v 0.00426150 -0.01645000 0.00226789
v 0.00239719 -0.01645000 0.00199908
v 0.00426388 -0.01645000 0.00224621
v 0.00253667 -0.01645000 0.00194484
v 0.00426720 -0.01645000 0.00222464
v 0.00267365 -0.01645000 0.00188457
v 0.00427145 -0.01645000 0.00220325
v 0.00280786 -0.01645000 0.00181838
v 0.00427664 -0.01645000 0.00218206
v 0.00293907 -0.01645000 0.00174640
v 0.00428274 -0.01645000 0.00216112
v 0.00306701 -0.01645000 0.00166877
v 0.00331212 -0.01645000 0.00149714
v 0.00432659 -0.01645000 0.00206147
v 0.00433790 -0.01645000 0.00204282
v -0.00181337 -0.01645000 -0.00471602
v -0.00181574 -0.01645000 -0.00469434
v -0.00181906 -0.01645000 -0.00467278
v -0.00183461 -0.01645000 -0.00460925
v -0.00184162 -0.01645000 -0.00458859
v -0.00184953 -0.01645000 -0.00456826
v 0.00411690 -0.01645000 -0.00306700
v 0.00419453 -0.01645000 -0.00293907
v 0.00522945 -0.01645000 0.00248248
v 0.00522154 -0.01645000 0.00250281
v 0.00521275 -0.01645000 0.00252278
v 0.00500960 -0.01645000 0.00274448
v 0.00499048 -0.01645000 0.00275497
v 0.00497091 -0.01645000 0.00276462
v 0.00495094 -0.01645000 0.00277341
v 0.00493061 -0.01645000 0.00278131
v -0.00212013 -0.01645000 -0.00429766
v -0.00214046 -0.01645000 -0.00428975
v -0.00158563 -0.01645000 -0.00319143
v -0.00166877 -0.01645000 -0.00306700
v -0.00216111 -0.01645000 -0.00428274
v -0.00199908 -0.01645000 -0.00239719
v -0.00194484 -0.01645000 -0.00253667
v -0.00224621 -0.01645000 -0.00426388
v -0.00279961 -0.01645000 -0.00486782
v -0.00279443 -0.01645000 -0.00488901
v -0.00278833 -0.01645000 -0.00490995
v -0.00278131 -0.01645000 -0.00493061
v -0.00277341 -0.01645000 -0.00495094
v -0.00276462 -0.01645000 -0.00497091
v -0.00275497 -0.01645000 -0.00499047
v -0.00274448 -0.01645000 -0.00500960
v -0.00273316 -0.01645000 -0.00502825
v -0.00272104 -0.01645000 -0.00504639
v -0.00270814 -0.01645000 -0.00506398
v 0.00428975 -0.01645000 0.00214046
v 0.00429766 -0.01645000 0.00212013
v 0.00319143 -0.01645000 0.00158563
v 0.00430645 -0.01645000 0.00210016
v 0.00431610 -0.01645000 0.00208059
v 0.00444721 -0.01645000 -0.00005094
v 0.00439297 -0.01645000 0.00008854
v 0.00433270 -0.01645000 0.00022552
v 0.00394527 -0.01645000 0.00086399
v 0.00403376 -0.01645000 0.00074330
v 0.00411690 -0.01645000 0.00061887
v 0.00436292 -0.01645000 0.00200709
v 0.00437658 -0.01645000 0.00199007
v 0.00364944 -0.01645000 0.00120131
v 0.00439096 -0.01645000 0.00197367
v 0.00375293 -0.01645000 0.00109321
v 0.00385160 -0.01645000 0.00098070
v 0.00137368 -0.01645000 -0.00465080
v 0.00152301 -0.01645000 -0.00464101
v 0.00167177 -0.01645000 -0.00462472
v 0.00181968 -0.01645000 -0.00460196
v 0.00196645 -0.01645000 -0.00457276
v 0.00211182 -0.01645000 -0.00453719
v 0.00225549 -0.01645000 -0.00449532
v 0.00239720 -0.01645000 -0.00444721
v 0.00280786 -0.01645000 -0.00426651
v 0.00293907 -0.01645000 -0.00419453
v -0.00185831 -0.01645000 -0.00454829
v -0.00186796 -0.01645000 -0.00452873
v -0.00187845 -0.01645000 -0.00450960
v -0.00188457 -0.01645000 -0.00267365
v -0.00220325 -0.01645000 -0.00427145
v -0.00222464 -0.01645000 -0.00426720
v 0.00426651 -0.01645000 0.00035973
v 0.00419453 -0.01645000 0.00049093
v 0.00253667 -0.01645000 -0.00439297
v 0.00267365 -0.01645000 -0.00433270
v 0.00306701 -0.01645000 -0.00411690
v 0.00319143 -0.01645000 -0.00403376
v 0.00518130 -0.01645000 0.00258012
v 0.00516918 -0.01645000 0.00259826
v 0.00515628 -0.01645000 0.00261585
v 0.00514262 -0.01645000 0.00263286
v 0.00512824 -0.01645000 0.00264926
v 0.00508099 -0.01645000 0.00269449
v 0.00506398 -0.01645000 0.00270814
v -0.00149714 -0.01645000 -0.00331212
v -0.00140347 -0.01645000 -0.00342883
v -0.00204282 -0.01645000 -0.00433790
v -0.00130480 -0.01645000 -0.00354134
v -0.00202468 -0.01645000 -0.00435002
v -0.00200709 -0.01645000 -0.00436292
v 0.00442181 -0.01645000 0.00268011
v 0.00440605 -0.01645000 0.00266502
v 0.00439096 -0.01645000 0.00264926
v 0.00062845 -0.01645000 -0.00460196
v 0.00077636 -0.01645000 -0.00462472
v 0.00092512 -0.01645000 -0.00464101
v 0.00107445 -0.01645000 -0.00465080
v 0.00122407 -0.01645000 -0.00465407
v -0.00199007 -0.01645000 -0.00437658
v -0.00206147 -0.01645000 -0.00432659
v -0.00208059 -0.01645000 -0.00431610
v -0.00210016 -0.01645000 -0.00430645
v -0.00199908 -0.01645000 -0.00005094
v -0.00204718 -0.01645000 -0.00019264
v -0.00208906 -0.01645000 -0.00033632
v -0.00049093 -0.01645000 -0.00419453
v -0.00061887 -0.01645000 -0.00411690
v -0.00074330 -0.01645000 -0.00403376
v 0.00019265 -0.01645000 -0.00449532
v 0.00005094 -0.01645000 -0.00444721
v -0.00008854 -0.01645000 -0.00439297
v 0.00033632 -0.01645000 -0.00453719
v 0.00048168 -0.01645000 -0.00457276
v -0.00188977 -0.01645000 -0.00449095
v -0.00190189 -0.01645000 -0.00447281
v -0.00191479 -0.01645000 -0.00445522
v -0.00192844 -0.01645000 -0.00443821
v -0.00194283 -0.01645000 -0.00442181
v -0.00086399 -0.01645000 0.00149714
v -0.00098069 -0.01645000 0.00140347
v -0.00212463 -0.01645000 -0.00048168
v -0.00215382 -0.01645000 -0.00062845
v -0.00217659 -0.01645000 -0.00077636
v -0.00035973 -0.01645000 -0.00426651
v -0.00022552 -0.01645000 -0.00433270
v -0.00158563 -0.01645000 0.00074330
v -0.00149714 -0.01645000 0.00086399
v -0.00140347 -0.01645000 0.00098070
v -0.00258012 -0.01645000 -0.00433790
v -0.00259826 -0.01645000 -0.00435002
v -0.00261585 -0.01645000 -0.00436292
v -0.00263286 -0.01645000 -0.00437658
v 0.00062845 -0.01645000 0.00215382
v 0.00048168 -0.01645000 0.00212463
v 0.00033632 -0.01645000 0.00208906
v 0.00019264 -0.01645000 0.00204718
v 0.00005094 -0.01645000 0.00199908
v -0.00008854 -0.01645000 0.00194484
v -0.00109321 -0.01645000 0.00130479
v -0.00120131 -0.01645000 0.00120131
v -0.00130479 -0.01645000 0.00109321
v -0.00181838 -0.01645000 0.00035973
v -0.00188457 -0.01645000 0.00022552
v -0.00194484 -0.01645000 0.00008854
v -0.00181194 -0.01645000 -0.00473779
v -0.00109321 -0.01645000 -0.00375293
v -0.00181147 -0.01645000 -0.00475960
v -0.00098070 -0.01645000 -0.00385160
v -0.00086398 -0.01645000 -0.00394527
v 0.00437658 -0.01645000 0.00263286
v 0.00436292 -0.01645000 0.00261585
v 0.00435002 -0.01645000 0.00259826
v -0.00022552 -0.01645000 0.00188457
v -0.00035973 -0.01645000 0.00181838
v -0.00049093 -0.01645000 0.00174640
v -0.00166877 -0.01645000 0.00061887
v -0.00174640 -0.01645000 0.00049093
v 0.00077636 -0.01645000 0.00217659
v 0.00433791 -0.01645000 0.00258012
v -0.00061887 -0.01645000 0.00166877
v -0.00074330 -0.01645000 0.00158563
v 0.01540156 -0.01645000 -0.02636171
v 0.02636171 -0.01645000 -0.01540156
v 0.02627288 -0.01644737 -0.01531273
v 0.01531273 -0.01644737 -0.02627288
v 0.02618420 -0.01643948 -0.01522405
v 0.01522405 -0.01643948 -0.02618420
v 0.02609584 -0.01642634 -0.01513569
v 0.01513569 -0.01642634 -0.02609584
v 0.02600794 -0.01640799 -0.01504779
v 0.01504779 -0.01640799 -0.02600794
v 0.02592067 -0.01638444 -0.01496051
v 0.01496051 -0.01638444 -0.02592066
v 0.02583416 -0.01635575 -0.01487401
v 0.01487401 -0.01635575 -0.02583416
v 0.02574858 -0.01632196 -0.01478843
v 0.01478843 -0.01632196 -0.02574858
v 0.02566408 -0.01628313 -0.01470393
v 0.01470393 -0.01628313 -0.02566408
v 0.02558080 -0.01623933 -0.01462065
v 0.01462065 -0.01623933 -0.02558080
v 0.02549889 -0.01619064 -0.01453874
v 0.01453874 -0.01619064 -0.02549889
v 0.02541850 -0.01613714 -0.01445834
v 0.01445834 -0.01613714 -0.02541850
v 0.02533976 -0.01607892 -0.01437960
v 0.01437960 -0.01607892 -0.02533976
v 0.02526281 -0.01601609 -0.01430266
v 0.01430266 -0.01601609 -0.02526281
v 0.02518779 -0.01594876 -0.01422764
v 0.01422764 -0.01594876 -0.02518779
v 0.02511483 -0.01587705 -0.01415468
v 0.01415468 -0.01587705 -0.02511483
v 0.02504406 -0.01580108 -0.01408390
v 0.01408390 -0.01580108 -0.02504406
v 0.02497560 -0.01572099 -0.01401544
v 0.01401544 -0.01572099 -0.02497560
v 0.02490957 -0.01563691 -0.01394941
v 0.01394941 -0.01563691 -0.02490957
v 0.02484609 -0.01554899 -0.01388593
v 0.01388593 -0.01554899 -0.02484609
v 0.02478526 -0.01545739 -0.01382511
v 0.01382511 -0.01545739 -0.02478526
v 0.02472721 -0.01536227 -0.01376705
v 0.01376705 -0.01536227 -0.02472721
v 0.02467202 -0.01526380 -0.01371186
v 0.01371186 -0.01526380 -0.02467202
v 0.02461979 -0.01516214 -0.01365964
v 0.01365964 -0.01516214 -0.02461979
v 0.02457062 -0.01505748 -0.01361047
v 0.01361047 -0.01505748 -0.02457062
v 0.02452460 -0.01495000 -0.01356444
v 0.01356444 -0.01495000 -0.02452460
v 0.03809969 -0.01645000 -0.02713953
v 0.03703903 -0.01645000 -0.02820019
v 0.03712786 -0.01644737 -0.02828902
v 0.03818852 -0.01644737 -0.02722836
v 0.03721653 -0.01643948 -0.02837770
v 0.03827719 -0.01643948 -0.02731704
v 0.03730490 -0.01642634 -0.02846606
v 0.03836556 -0.01642634 -0.02740540
v 0.03739280 -0.01640799 -0.02855396
v 0.03845345 -0.01640799 -0.02749330
v 0.03748007 -0.01638444 -0.02864124
v 0.03854073 -0.01638444 -0.02758058
v 0.03756658 -0.01635575 -0.02872774
v 0.03862724 -0.01635575 -0.02766708
v 0.03765216 -0.01632196 -0.02881332
v 0.03871281 -0.01632196 -0.02775266
v 0.03773666 -0.01628313 -0.02889782
v 0.03879732 -0.01628313 -0.02783716
v 0.03781993 -0.01623933 -0.02898110
v 0.03888059 -0.01623933 -0.02792044
v 0.03790184 -0.01619064 -0.02906301
v 0.03896250 -0.01619064 -0.02800235
v 0.03798224 -0.01613714 -0.02914340
v 0.03904290 -0.01613714 -0.02808274
v 0.03806098 -0.01607892 -0.02922214
v 0.03912164 -0.01607892 -0.02816148
v 0.03813793 -0.01601609 -0.02929909
v 0.03919859 -0.01601609 -0.02823843
v 0.03821295 -0.01594876 -0.02937411
v 0.03927361 -0.01594876 -0.02831345
v 0.03828591 -0.01587705 -0.02944707
v 0.03934657 -0.01587705 -0.02838641
v 0.03835668 -0.01580108 -0.02951784
v 0.03941734 -0.01580108 -0.02845718
v 0.03842514 -0.01572099 -0.02958630
v 0.03948580 -0.01572099 -0.02852564
v 0.03849117 -0.01563691 -0.02965233
v 0.03955183 -0.01563691 -0.02859167
v 0.03855465 -0.01554899 -0.02971582
v 0.03961531 -0.01554899 -0.02865516
v 0.03861547 -0.01545739 -0.02977664
v 0.03967613 -0.01545739 -0.02871598
v 0.03867353 -0.01536227 -0.02983469
v 0.03973419 -0.01536227 -0.02877404
v 0.03872872 -0.01526380 -0.02988988
v 0.03978938 -0.01526380 -0.02882923
v 0.03878095 -0.01516214 -0.02994211
v 0.03984161 -0.01516214 -0.02888145
v 0.03883012 -0.01505748 -0.02999128
v 0.03989078 -0.01505748 -0.02893062
v 0.03887614 -0.01495000 -0.03003731
v 0.03993680 -0.01495000 -0.02897665
v 0.02820019 -0.01645000 -0.03703903
v 0.02713953 -0.01645000 -0.03809969
v 0.02722836 -0.01644737 -0.03818852
v 0.02828902 -0.01644737 -0.03712786
v 0.02731704 -0.01643948 -0.03827719
v 0.02837770 -0.01643948 -0.03721653
v 0.02740540 -0.01642634 -0.03836556
v 0.02846606 -0.01642634 -0.03730490
v 0.02749330 -0.01640799 -0.03845345
v 0.02855396 -0.01640799 -0.03739279
v 0.02758058 -0.01638444 -0.03854073
v 0.02864124 -0.01638444 -0.03748007
v 0.02766708 -0.01635575 -0.03862724
v 0.02872774 -0.01635575 -0.03756658
v 0.02775266 -0.01632196 -0.03871281
v 0.02881332 -0.01632196 -0.03765215
v 0.02783716 -0.01628313 -0.03879732
v 0.02889782 -0.01628313 -0.03773666
v 0.02792044 -0.01623933 -0.03888059
v 0.02898110 -0.01623933 -0.03781993
v 0.02800235 -0.01619064 -0.03896250
v 0.02906301 -0.01619064 -0.03790184
v 0.02808274 -0.01613714 -0.03904290
v 0.02914340 -0.01613714 -0.03798224
v 0.02816148 -0.01607892 -0.03912164
v 0.02922214 -0.01607892 -0.03806098
v 0.02823843 -0.01601609 -0.03919859
v 0.02929909 -0.01601609 -0.03813793
v 0.02831345 -0.01594876 -0.03927361
v 0.02937411 -0.01594876 -0.03821295
v 0.02838641 -0.01587705 -0.03934657
v 0.02944707 -0.01587705 -0.03828591
v 0.02845718 -0.01580108 -0.03941734
v 0.02951784 -0.01580108 -0.03835668
v 0.02852564 -0.01572099 -0.03948580
v 0.02958630 -0.01572099 -0.03842514
v 0.02859167 -0.01563691 -0.03955183
v 0.02965233 -0.01563691 -0.03849117
v 0.02865516 -0.01554899 -0.03961531
v 0.02971582 -0.01554899 -0.03855465
v 0.02871598 -0.01545739 -0.03967613
v 0.02977664 -0.01545739 -0.03861547
v 0.02877404 -0.01536227 -0.03973419
v 0.02983470 -0.01536227 -0.03867353
v 0.02882923 -0.01526380 -0.03978938
v 0.02988989 -0.01526380 -0.03872872
v 0.02888145 -0.01516214 -0.03984161
v 0.02994211 -0.01516214 -0.03878095
v 0.02893062 -0.01505748 -0.03989078
v 0.02999128 -0.01505748 -0.03883012
v 0.02897665 -0.01495000 -0.03993680
v 0.03003731 -0.01495000 -0.03887614
v 0.01811849 -0.01495000 -0.01717148
v 0.01811119 -0.01495000 -0.01721892
v 0.01777105 -0.01495000 -0.01783891
v 0.01773497 -0.01495000 -0.01787055
v 0.01810183 -0.01495000 -0.01726599
v 0.01809042 -0.01495000 -0.01731260
v 0.01807699 -0.01495000 -0.01735868
v 0.01628475 -0.01495000 -0.01621690
v 0.01632084 -0.01495000 -0.01618525
v 0.02077557 -0.01495000 -0.00981541
v 0.01787055 -0.01495000 -0.01632084
v 0.01790059 -0.01495000 -0.01635827
v 0.01804417 -0.01495000 -0.01660695
v 0.01806156 -0.01495000 -0.01665168
v 0.01798053 -0.01495000 -0.01757790
v 0.01800361 -0.01495000 -0.01753583
v 0.01802484 -0.01495000 -0.01749278
v 0.01795563 -0.01495000 -0.01761893
v 0.01792897 -0.01495000 -0.01765884
v 0.01790059 -0.01495000 -0.01769754
v 0.01643687 -0.01495000 -0.01610017
v 0.01647790 -0.01495000 -0.01607527
v 0.01669713 -0.01495000 -0.01597881
v 0.01665168 -0.01495000 -0.01599424
v 0.01660695 -0.01495000 -0.01601164
v 0.01693203 -0.01495000 -0.01593209
v 0.01688432 -0.01495000 -0.01593731
v 0.01683689 -0.01495000 -0.01594461
v 0.01792897 -0.01495000 -0.01639697
v 0.01795563 -0.01495000 -0.01643687
v 0.01798053 -0.01495000 -0.01647790
v 0.01807699 -0.01495000 -0.01669713
v 0.01809042 -0.01495000 -0.01674320
v 0.01810183 -0.01495000 -0.01678982
v 0.01812790 -0.01495000 -0.01702790
v 0.01812686 -0.01495000 -0.01697992
v 0.01812372 -0.01495000 -0.01693203
v 0.01812686 -0.01495000 -0.01707588
v 0.01812372 -0.01495000 -0.01712377
v 0.01806157 -0.01495000 -0.01740413
v 0.01804417 -0.01495000 -0.01744885
v 0.01787055 -0.01495000 -0.01773497
v 0.01783891 -0.01495000 -0.01777105
v 0.01780572 -0.01495000 -0.01780572
v 0.01593209 -0.01495000 -0.01712377
v 0.01592895 -0.01495000 -0.01707588
v 0.00981541 -0.01495000 -0.02077557
v 0.01674320 -0.01495000 -0.01596538
v 0.01678982 -0.01495000 -0.01595398
v 0.01800362 -0.01495000 -0.01651998
v 0.01802484 -0.01495000 -0.01656302
v 0.01811119 -0.01495000 -0.01683689
v 0.01811849 -0.01495000 -0.01688432
v 0.01769754 -0.01495000 -0.01790059
v 0.01765884 -0.01495000 -0.01792897
v 0.01761893 -0.01495000 -0.01795563
v 0.01726599 -0.01495000 -0.01810183
v 0.01731260 -0.01495000 -0.01809042
v 0.01735868 -0.01495000 -0.01807699
v 0.01702790 -0.01495000 -0.01812790
v 0.01707588 -0.01495000 -0.01812686
v 0.01712377 -0.01495000 -0.01812372
v 0.01697992 -0.01495000 -0.01812686
v 0.01693203 -0.01495000 -0.01812372
v 0.01688432 -0.01495000 -0.01811849
v 0.01603096 -0.01495000 -0.01749278
v 0.01601164 -0.01495000 -0.01744885
v 0.01607528 -0.01495000 -0.01647790
v 0.01605219 -0.01495000 -0.01651998
v 0.01603096 -0.01495000 -0.01656302
v 0.01615521 -0.01495000 -0.01635827
v 0.01618525 -0.01495000 -0.01632084
v 0.01621690 -0.01495000 -0.01628475
v 0.01625009 -0.01495000 -0.01625009
v 0.01651998 -0.01495000 -0.01605219
v 0.01656302 -0.01495000 -0.01603096
v 0.01757790 -0.01495000 -0.01798053
v 0.01753583 -0.01495000 -0.01800361
v 0.01749278 -0.01495000 -0.01802484
v 0.01744885 -0.01495000 -0.01804417
v 0.01740413 -0.01495000 -0.01806157
v 0.01721892 -0.01495000 -0.01811119
v 0.01717148 -0.01495000 -0.01811849
v 0.01594461 -0.01495000 -0.01683689
v 0.01593731 -0.01495000 -0.01688432
v 0.01593209 -0.01495000 -0.01693203
v 0.01610017 -0.01495000 -0.01643687
v 0.01612684 -0.01495000 -0.01639697
v 0.01635827 -0.01495000 -0.01615521
v 0.01639697 -0.01495000 -0.01612684
v 0.01697992 -0.01495000 -0.01592895
v 0.01702790 -0.01495000 -0.01592790
v 0.01707588 -0.01495000 -0.01592895
v 0.01605219 -0.01495000 -0.01753583
v 0.01592790 -0.01495000 -0.01702790
v 0.01592895 -0.01495000 -0.01697992
v 0.01595398 -0.01495000 -0.01678982
v 0.01596538 -0.01495000 -0.01674320
v 0.01597881 -0.01495000 -0.01669713
v 0.01599424 -0.01495000 -0.01665168
v 0.01601164 -0.01495000 -0.01660695
v 0.01712377 -0.01495000 -0.01593209
v 0.01717148 -0.01495000 -0.01593731
v 0.01721892 -0.01495000 -0.01594461
v 0.01749278 -0.01495000 -0.01603096
v 0.01753583 -0.01495000 -0.01605219
v 0.01757790 -0.01495000 -0.01607528
v 0.01761893 -0.01495000 -0.01610017
v 0.01596538 -0.01495000 -0.01731260
v 0.01595398 -0.01495000 -0.01726599
v 0.01765884 -0.01495000 -0.01612684
v 0.01769754 -0.01495000 -0.01615521
v 0.01773497 -0.01495000 -0.01618525
v 0.01777105 -0.01495000 -0.01621690
v 0.01780572 -0.01495000 -0.01625009
v 0.01783891 -0.01495000 -0.01628475
v 0.01683689 -0.01495000 -0.01811119
v 0.01678982 -0.01495000 -0.01810183
v 0.01674320 -0.01495000 -0.01809042
v 0.01599424 -0.01495000 -0.01740413
v 0.01597881 -0.01495000 -0.01735868
v 0.01594461 -0.01495000 -0.01721892
v 0.01593731 -0.01495000 -0.01717148
v 0.01726599 -0.01495000 -0.01595398
v 0.01731260 -0.01495000 -0.01596538
v 0.01735868 -0.01495000 -0.01597881
v 0.01740413 -0.01495000 -0.01599424
v 0.01744885 -0.01495000 -0.01601164
v 0.01621690 -0.01495000 -0.01777105
v 0.01618525 -0.01495000 -0.01773497
v 0.01615521 -0.01495000 -0.01769754
v 0.01612684 -0.01495000 -0.01765884
v 0.01669713 -0.01495000 -0.01807699
v 0.01665168 -0.01495000 -0.01806156
v 0.01660695 -0.01495000 -0.01804417
v 0.01656302 -0.01495000 -0.01802484
v 0.01651998 -0.01495000 -0.01800361
v 0.01647790 -0.01495000 -0.01798053
v 0.01610017 -0.01495000 -0.01761893
v 0.01607528 -0.01495000 -0.01757790
v 0.01643687 -0.01495000 -0.01795563
v 0.01639697 -0.01495000 -0.01792897
v 0.01635827 -0.01495000 -0.01790059
v 0.01632084 -0.01495000 -0.01787055
v 0.01628475 -0.01495000 -0.01783891
v 0.01625009 -0.01495000 -0.01780572
v 0.02317973 -0.01215000 -0.01434090
v 0.02842663 -0.01215000 -0.01958780
v 0.01434090 -0.01215000 -0.02317973
v 0.01958780 -0.01215000 -0.02842663
v 0.03032151 -0.01495000 -0.03916035
v 0.03032151 -0.00795000 -0.03916035
v 0.01434090 -0.00795000 -0.02317973
v 0.01958780 -0.01645000 -0.02842663
v 0.02842663 -0.01645000 -0.01958780
v 0.02317973 -0.00795000 -0.01434090
v 0.03916035 -0.01495000 -0.03032151
v 0.03916035 -0.00795000 -0.03032151
v 0.03272568 -0.01495000 -0.04368583
v 0.03272568 -0.00795000 -0.04368583
v 0.04368583 -0.01495000 -0.03272568
v 0.04368583 -0.00795000 -0.03272568
v 0.01780572 -0.00795000 -0.01625009
v 0.01777105 -0.00795000 -0.01621690
v 0.01773497 -0.00795000 -0.01618525
v 0.01769754 -0.00795000 -0.01615521
v 0.01765884 -0.00795000 -0.01612684
v 0.01761893 -0.00795000 -0.01610017
v 0.01757790 -0.00795000 -0.01607528
v 0.01753583 -0.00795000 -0.01605219
v 0.01749278 -0.00795000 -0.01603096
v 0.01744885 -0.00795000 -0.01601164
v 0.01740413 -0.00795000 -0.01599424
v 0.01735868 -0.00795000 -0.01597881
v 0.01731260 -0.00795000 -0.01596538
v 0.01726599 -0.00795000 -0.01595398
v 0.01721892 -0.00795000 -0.01594461
v 0.01717148 -0.00795000 -0.01593731
v 0.01712377 -0.00795000 -0.01593209
v 0.01707588 -0.00795000 -0.01592895
v 0.01702790 -0.00795000 -0.01592790
v 0.01697992 -0.00795000 -0.01592895
v 0.01693203 -0.00795000 -0.01593209
v 0.01688432 -0.00795000 -0.01593731
v 0.01683689 -0.00795000 -0.01594461
v 0.01678982 -0.00795000 -0.01595398
v 0.01674320 -0.00795000 -0.01596538
v 0.01669713 -0.00795000 -0.01597881
v 0.01665168 -0.00795000 -0.01599424
v 0.01660695 -0.00795000 -0.01601164
v 0.01656302 -0.00795000 -0.01603096
v 0.01651998 -0.00795000 -0.01605219
v 0.01647790 -0.00795000 -0.01607527
v 0.01643687 -0.00795000 -0.01610017
v 0.01639697 -0.00795000 -0.01612684
v 0.01635827 -0.00795000 -0.01615521
v 0.01632084 -0.00795000 -0.01618525
v 0.01628475 -0.00795000 -0.01621690
v 0.01625009 -0.00795000 -0.01625009
v 0.01621690 -0.00795000 -0.01628475
v 0.01618525 -0.00795000 -0.01632084
v 0.01615521 -0.00795000 -0.01635827
v 0.01612684 -0.00795000 -0.01639697
v 0.01610017 -0.00795000 -0.01643687
v 0.01607528 -0.00795000 -0.01647790
v 0.01605219 -0.00795000 -0.01651998
v 0.01603096 -0.00795000 -0.01656302
v 0.01601164 -0.00795000 -0.01660695
v 0.01599424 -0.00795000 -0.01665168
v 0.01597881 -0.00795000 -0.01669713
v 0.01596538 -0.00795000 -0.01674320
v 0.01595398 -0.00795000 -0.01678982
v 0.01594461 -0.00795000 -0.01683689
v 0.01593731 -0.00795000 -0.01688432
v 0.01593209 -0.00795000 -0.01693203
v 0.01592895 -0.00795000 -0.01697992
v 0.01592790 -0.00795000 -0.01702790
v 0.01592895 -0.00795000 -0.01707588
v 0.01593209 -0.00795000 -0.01712377
v 0.01593731 -0.00795000 -0.01717148
v 0.01594461 -0.00795000 -0.01721892
v 0.01595398 -0.00795000 -0.01726599
v 0.01596538 -0.00795000 -0.01731260
v 0.01597881 -0.00795000 -0.01735868
v 0.01599424 -0.00795000 -0.01740413
v 0.01601164 -0.00795000 -0.01744885
v 0.01603096 -0.00795000 -0.01749278
v 0.01605219 -0.00795000 -0.01753583
v 0.01607528 -0.00795000 -0.01757790
v 0.01610017 -0.00795000 -0.01761893
v 0.01612684 -0.00795000 -0.01765884
v 0.01615521 -0.00795000 -0.01769754
v 0.01618525 -0.00795000 -0.01773497
v 0.01621690 -0.00795000 -0.01777105
v 0.01625009 -0.00795000 -0.01780572
v 0.01628475 -0.00795000 -0.01783891
v 0.01632084 -0.00795000 -0.01787055
v 0.01635827 -0.00795000 -0.01790059
v 0.01639697 -0.00795000 -0.01792897
v 0.01643687 -0.00795000 -0.01795563
v 0.01647790 -0.00795000 -0.01798053
v 0.01651998 -0.00795000 -0.01800361
v 0.01656302 -0.00795000 -0.01802484
v 0.01660695 -0.00795000 -0.01804417
v 0.01665168 -0.00795000 -0.01806156
v 0.01669713 -0.00795000 -0.01807699
v 0.01674320 -0.00795000 -0.01809042
v 0.01678982 -0.00795000 -0.01810183
v 0.01683689 -0.00795000 -0.01811119
v 0.01688432 -0.00795000 -0.01811849
v 0.01693203 -0.00795000 -0.01812372
v 0.01697992 -0.00795000 -0.01812686
v 0.01702790 -0.00795000 -0.01812790
v 0.01707588 -0.00795000 -0.01812686
v 0.01712377 -0.00795000 -0.01812372
v 0.01717148 -0.00795000 -0.01811849
v 0.01721892 -0.00795000 -0.01811119
v 0.01726599 -0.00795000 -0.01810183
v 0.01731260 -0.00795000 -0.01809042
v 0.01735868 -0.00795000 -0.01807699
v 0.01740413 -0.00795000 -0.01806157
v 0.01744885 -0.00795000 -0.01804417
v 0.01749278 -0.00795000 -0.01802484
v 0.01753583 -0.00795000 -0.01800361
v 0.01757790 -0.00795000 -0.01798053
v 0.01761893 -0.00795000 -0.01795563
v 0.01765884 -0.00795000 -0.01792897
v 0.01769754 -0.00795000 -0.01790059
v 0.01773497 -0.00795000 -0.01787055
v 0.01777105 -0.00795000 -0.01783891
v 0.01780572 -0.00795000 -0.01780572
v 0.01783891 -0.00795000 -0.01777105
v 0.01787055 -0.00795000 -0.01773497
v 0.01790059 -0.00795000 -0.01769754
v 0.01792897 -0.00795000 -0.01765884
v 0.01795563 -0.00795000 -0.01761893
v 0.01798053 -0.00795000 -0.01757790
v 0.01800361 -0.00795000 -0.01753583
v 0.01802484 -0.00795000 -0.01749278
v 0.01804417 -0.00795000 -0.01744885
v 0.01806157 -0.00795000 -0.01740413
v 0.01807699 -0.00795000 -0.01735868
v 0.01809042 -0.00795000 -0.01731260
v 0.01810183 -0.00795000 -0.01726599
v 0.01811119 -0.00795000 -0.01721892
v 0.01811849 -0.00795000 -0.01717148
v 0.01812372 -0.00795000 -0.01712377
v 0.01812686 -0.00795000 -0.01707588
v 0.01812790 -0.00795000 -0.01702790
v 0.01812686 -0.00795000 -0.01697992
v 0.01812372 -0.00795000 -0.01693203
v 0.01811849 -0.00795000 -0.01688432
v 0.01811119 -0.00795000 -0.01683689
v 0.01810183 -0.00795000 -0.01678982
v 0.01809042 -0.00795000 -0.01674320
v 0.01807699 -0.00795000 -0.01669713
v 0.01806156 -0.00795000 -0.01665168
v 0.01804417 -0.00795000 -0.01660695
v 0.01802484 -0.00795000 -0.01656302
v 0.01800362 -0.00795000 -0.01651998
v 0.01798053 -0.00795000 -0.01647790
v 0.01795563 -0.00795000 -0.01643687
v 0.01792897 -0.00795000 -0.01639697
v 0.01790059 -0.00795000 -0.01635827
v 0.01787055 -0.00795000 -0.01632084
v 0.01783891 -0.00795000 -0.01628475
v 0.00635059 -0.01295000 -0.01731075
v 0.01731075 -0.01295000 -0.00635059
v 0.01731162 -0.01280336 -0.00635146
v 0.00635146 -0.01280336 -0.01731162
v 0.01731390 -0.01272017 -0.00635375
v 0.00635375 -0.01272017 -0.01731390
v 0.01731703 -0.01265563 -0.00635688
v 0.00635688 -0.01265563 -0.01731703
v 0.01732137 -0.01259286 -0.00636122
v 0.00636122 -0.01259286 -0.01732137
v 0.01732708 -0.01252988 -0.00636692
v 0.00636692 -0.01252988 -0.01732708
v 0.01733437 -0.01246524 -0.00637421
v 0.00637421 -0.01246524 -0.01733437
v 0.01734353 -0.01239768 -0.00638338
v 0.00638338 -0.01239768 -0.01734353
v 0.01735494 -0.01232600 -0.00639478
v 0.00639478 -0.01232600 -0.01735494
v 0.01736906 -0.01224893 -0.00640890
v 0.00640890 -0.01224893 -0.01736906
v 0.01738643 -0.01216538 -0.00642628
v 0.00642628 -0.01216538 -0.01738643
v 0.01740533 -0.01208395 -0.00644517
v 0.00644517 -0.01208395 -0.01740533
v 0.01742790 -0.01199551 -0.00646775
v 0.00646775 -0.01199551 -0.01742790
v 0.01745486 -0.01189887 -0.00649471
v 0.00649471 -0.01189887 -0.01745486
v 0.01748705 -0.01179274 -0.00652689
v 0.00652689 -0.01179274 -0.01748705
v 0.01752541 -0.01167583 -0.00656525
v 0.00656525 -0.01167583 -0.01752540
v 0.01757099 -0.01154692 -0.00661084
v 0.00661084 -0.01154692 -0.01757099
v 0.01762488 -0.01140508 -0.00666473
v 0.00666473 -0.01140508 -0.01762488
v 0.01768806 -0.01124987 -0.00672791
v 0.00672791 -0.01124987 -0.01768806
v 0.01776120 -0.01108178 -0.00680105
v 0.00680105 -0.01108178 -0.01776120
v 0.01785372 -0.01088319 -0.00689356
v 0.00689356 -0.01088319 -0.01785372
v 0.01795575 -0.01067873 -0.00699560
v 0.00699560 -0.01067873 -0.01795575
v 0.01806528 -0.01047335 -0.00710513
v 0.00710513 -0.01047335 -0.01806528
v 0.01818026 -0.01027113 -0.00722011
v 0.00722011 -0.01027113 -0.01818026
v 0.01829922 -0.01007464 -0.00733907
v 0.00733907 -0.01007464 -0.01829922
v 0.01842163 -0.00988463 -0.00746148
v 0.00746148 -0.00988463 -0.01842163
v 0.01854818 -0.00970000 -0.00758803
v 0.00758803 -0.00970000 -0.01854818
v 0.01867815 -0.00952181 -0.00771799
v 0.00771799 -0.00952181 -0.01867814
v 0.01881510 -0.00934542 -0.00785494
v 0.00785494 -0.00934542 -0.01881510
v 0.01895599 -0.00917504 -0.00799584
v 0.00799584 -0.00917504 -0.01895599
v 0.01909835 -0.00901341 -0.00813820
v 0.00813820 -0.00901341 -0.01909835
v 0.01923907 -0.00886340 -0.00827892
v 0.00827892 -0.00886340 -0.01923907
v 0.01937507 -0.00872731 -0.00841491
v 0.00841491 -0.00872731 -0.01937507
v 0.01950387 -0.00860637 -0.00854371
v 0.00854371 -0.00860637 -0.01950387
v 0.01962387 -0.00850074 -0.00866371
v 0.00866371 -0.00850074 -0.01962387
v 0.01973435 -0.00840969 -0.00877420
v 0.00877420 -0.00840969 -0.01973435
v 0.01983530 -0.00833196 -0.00887515
v 0.00887515 -0.00833196 -0.01983530
v 0.01992718 -0.00826601 -0.00896703
v 0.00896703 -0.00826601 -0.01992718
v 0.02001074 -0.00821029 -0.00905059
v 0.00905059 -0.00821029 -0.02001074
v 0.02008686 -0.00816330 -0.00912670
v 0.00912670 -0.00816330 -0.02008686
v 0.02015643 -0.00812373 -0.00919627
v 0.00919627 -0.00812373 -0.02015643
v 0.02022035 -0.00809042 -0.00926019
v 0.00926019 -0.00809042 -0.02022035
v 0.02027946 -0.00806239 -0.00931930
v 0.00931930 -0.00806239 -0.02027946
v 0.02033455 -0.00803883 -0.00937439
v 0.00937439 -0.00803883 -0.02033455
v 0.02038638 -0.00801903 -0.00942623
v 0.00942623 -0.00801903 -0.02038638
v 0.02043572 -0.00800244 -0.00947557
v 0.00947557 -0.00800244 -0.02043572
v 0.02048338 -0.00798860 -0.00952322
v 0.00952322 -0.00798860 -0.02048338
v 0.02053035 -0.00797710 -0.00957019
v 0.00957019 -0.00797710 -0.02053035
v 0.02057789 -0.00796768 -0.00961773
v 0.00961773 -0.00796768 -0.02057789
v 0.02062149 -0.00796098 -0.00966134
v 0.00966134 -0.00796098 -0.02062149
v 0.02066713 -0.00795587 -0.00970698
v 0.00970698 -0.00795587 -0.02066713
v 0.02071700 -0.00795233 -0.00975685
v 0.00975685 -0.00795233 -0.02071700
v 0.02077981 -0.00795034 -0.00981966
v 0.00981966 -0.00795034 -0.02077981
v 0.02084628 -0.00795000 -0.00988612
v 0.00988612 -0.00795000 -0.02084628
v 0.03725116 -0.00795000 -0.03569552
v 0.03725116 -0.01495000 -0.03569552
v 0.03721649 -0.00795000 -0.03566234
v 0.03721649 -0.01495000 -0.03566234
v 0.03718041 -0.00795000 -0.03563069
v 0.03718041 -0.01495000 -0.03563069
v 0.03714298 -0.00795000 -0.03560065
v 0.03714298 -0.01495000 -0.03560065
v 0.03710427 -0.00795000 -0.03557227
v 0.03710427 -0.01495000 -0.03557227
v 0.03706437 -0.00795000 -0.03554561
v 0.03706437 -0.01495000 -0.03554561
v 0.03702334 -0.00795000 -0.03552071
v 0.03702334 -0.01495000 -0.03552071
v 0.03698126 -0.00795000 -0.03549763
v 0.03698126 -0.01495000 -0.03549763
v 0.03693822 -0.00795000 -0.03547640
v 0.03693822 -0.01495000 -0.03547640
v 0.03689429 -0.00795000 -0.03545707
v 0.03689429 -0.01495000 -0.03545707
v 0.03684956 -0.00795000 -0.03543968
v 0.03684956 -0.01495000 -0.03543968
v 0.03680411 -0.00795000 -0.03542425
v 0.03680411 -0.01495000 -0.03542425
v 0.03675804 -0.00795000 -0.03541082
v 0.03675804 -0.01495000 -0.03541082
v 0.03671142 -0.00795000 -0.03539941
v 0.03671142 -0.01495000 -0.03539941
v 0.03666435 -0.00795000 -0.03539005
v 0.03666435 -0.01495000 -0.03539005
v 0.03661692 -0.00795000 -0.03538275
v 0.03661692 -0.01495000 -0.03538275
v 0.03656921 -0.00795000 -0.03537752
v 0.03656921 -0.01495000 -0.03537752
v 0.03652132 -0.00795000 -0.03537439
v 0.03652132 -0.01495000 -0.03537439
v 0.03647334 -0.00795000 -0.03537334
v 0.03647334 -0.01495000 -0.03537334
v 0.03642536 -0.00795000 -0.03537439
v 0.03642536 -0.01495000 -0.03537439
v 0.03637747 -0.00795000 -0.03537752
v 0.03637747 -0.01495000 -0.03537752
v 0.03632976 -0.00795000 -0.03538275
v 0.03632976 -0.01495000 -0.03538275
v 0.03628233 -0.00795000 -0.03539005
v 0.03628233 -0.01495000 -0.03539005
v 0.03623526 -0.00795000 -0.03539941
v 0.03623526 -0.01495000 -0.03539941
v 0.03618864 -0.00795000 -0.03541082
v 0.03618864 -0.01495000 -0.03541082
v 0.03614256 -0.00795000 -0.03542425
v 0.03614256 -0.01495000 -0.03542425
v 0.03609712 -0.00795000 -0.03543968
v 0.03609712 -0.01495000 -0.03543968
v 0.03605239 -0.00795000 -0.03545707
v 0.03605239 -0.01495000 -0.03545707
v 0.03600846 -0.00795000 -0.03547640
v 0.03600846 -0.01495000 -0.03547640
v 0.03596542 -0.00795000 -0.03549763
v 0.03596542 -0.01495000 -0.03549763
v 0.03592334 -0.00795000 -0.03552071
v 0.03592334 -0.01495000 -0.03552071
v 0.03588231 -0.00795000 -0.03554561
v 0.03588231 -0.01495000 -0.03554561
v 0.03584241 -0.00795000 -0.03557227
v 0.03584241 -0.01495000 -0.03557227
v 0.03580370 -0.00795000 -0.03560065
v 0.03580370 -0.01495000 -0.03560065
v 0.03576627 -0.00795000 -0.03563069
v 0.03576627 -0.01495000 -0.03563069
v 0.03573019 -0.00795000 -0.03566234
v 0.03573019 -0.01495000 -0.03566234
v 0.03569552 -0.00795000 -0.03569552
v 0.03569552 -0.01495000 -0.03569552
v 0.03566234 -0.00795000 -0.03573019
v 0.03566234 -0.01495000 -0.03573019
v 0.03563069 -0.00795000 -0.03576627
v 0.03563069 -0.01495000 -0.03576627
v 0.03560065 -0.00795000 -0.03580370
v 0.03560065 -0.01495000 -0.03580370
v 0.03557227 -0.00795000 -0.03584241
v 0.03557227 -0.01495000 -0.03584241
v 0.03554561 -0.00795000 -0.03588231
v 0.03554561 -0.01495000 -0.03588231
v 0.03552071 -0.00795000 -0.03592334
v 0.03552071 -0.01495000 -0.03592334
v 0.03549763 -0.00795000 -0.03596541
v 0.03549763 -0.01495000 -0.03596541
v 0.03547640 -0.00795000 -0.03600846
v 0.03547640 -0.01495000 -0.03600846
v 0.03545707 -0.00795000 -0.03605239
v 0.03545707 -0.01495000 -0.03605239
v 0.03543968 -0.00795000 -0.03609712
v 0.03543968 -0.01495000 -0.03609712
v 0.03542425 -0.00795000 -0.03614256
v 0.03542425 -0.01495000 -0.03614256
v 0.03541082 -0.00795000 -0.03618864
v 0.03541082 -0.01495000 -0.03618864
v 0.03539942 -0.00795000 -0.03623526
v 0.03539942 -0.01495000 -0.03623526
v 0.03539005 -0.00795000 -0.03628233
v 0.03539005 -0.01495000 -0.03628233
v 0.03538275 -0.00795000 -0.03632976
v 0.03538275 -0.01495000 -0.03632976
v 0.03537752 -0.00795000 -0.03637747
v 0.03537752 -0.01495000 -0.03637747
v 0.03537439 -0.00795000 -0.03642536
v 0.03537439 -0.01495000 -0.03642536
v 0.03537334 -0.00795000 -0.03647334
v 0.03537334 -0.01495000 -0.03647334
v 0.03537439 -0.00795000 -0.03652132
v 0.03537439 -0.01495000 -0.03652132
v 0.03537752 -0.00795000 -0.03656921
v 0.03537752 -0.01495000 -0.03656921
v 0.03538275 -0.00795000 -0.03661692
v 0.03538275 -0.01495000 -0.03661692
v 0.03539005 -0.00795000 -0.03666435
v 0.03539005 -0.01495000 -0.03666435
v 0.03539941 -0.00795000 -0.03671142
v 0.03539941 -0.01495000 -0.03671142
v 0.03541082 -0.00795000 -0.03675804
v 0.03541082 -0.01495000 -0.03675804
v 0.03542425 -0.00795000 -0.03680411
v 0.03542425 -0.01495000 -0.03680411
v 0.03543968 -0.00795000 -0.03684956
v 0.03543968 -0.01495000 -0.03684956
v 0.03545707 -0.00795000 -0.03689429
v 0.03545707 -0.01495000 -0.03689429
v 0.03547640 -0.00795000 -0.03693822
v 0.03547640 -0.01495000 -0.03693822
v 0.03549763 -0.00795000 -0.03698126
v 0.03549763 -0.01495000 -0.03698126
v 0.03552071 -0.00795000 -0.03702334
v 0.03552071 -0.01495000 -0.03702334
v 0.03554561 -0.00795000 -0.03706437
v 0.03554561 -0.01495000 -0.03706437
v 0.03557227 -0.00795000 -0.03710427
v 0.03557227 -0.01495000 -0.03710427
v 0.03560065 -0.00795000 -0.03714298
v 0.03560065 -0.01495000 -0.03714298
v 0.03563069 -0.00795000 -0.03718041
v 0.03563069 -0.01495000 -0.03718041
v 0.03566234 -0.00795000 -0.03721649
v 0.03566234 -0.01495000 -0.03721649
v 0.03569552 -0.00795000 -0.03725116
v 0.03569552 -0.01495000 -0.03725116
v 0.03573019 -0.00795000 -0.03728435
v 0.03573019 -0.01495000 -0.03728435
v 0.03576627 -0.00795000 -0.03731599
v 0.03576627 -0.01495000 -0.03731599
v 0.03580370 -0.00795000 -0.03734603
v 0.03580370 -0.01495000 -0.03734603
v 0.03584241 -0.00795000 -0.03737441
v 0.03584241 -0.01495000 -0.03737441
v 0.03588231 -0.00795000 -0.03740107
v 0.03588231 -0.01495000 -0.03740107
v 0.03592334 -0.00795000 -0.03742597
v 0.03592334 -0.01495000 -0.03742597
v 0.03596542 -0.00795000 -0.03744905
v 0.03596542 -0.01495000 -0.03744905
v 0.03600846 -0.00795000 -0.03747028
v 0.03600846 -0.01495000 -0.03747028
v 0.03605239 -0.00795000 -0.03748961
v 0.03605239 -0.01495000 -0.03748961
v 0.03609712 -0.00795000 -0.03750700
v 0.03609712 -0.01495000 -0.03750700
v 0.03614256 -0.00795000 -0.03752243
v 0.03614256 -0.01495000 -0.03752243
v 0.03618864 -0.00795000 -0.03753586
v 0.03618864 -0.01495000 -0.03753586
v 0.03623525 -0.00795000 -0.03754726
v 0.03623525 -0.01495000 -0.03754726
v 0.03628233 -0.00795000 -0.03755663
v 0.03628233 -0.01495000 -0.03755663
v 0.03632976 -0.00795000 -0.03756393
v 0.03632976 -0.01495000 -0.03756393
v 0.03637747 -0.00795000 -0.03756915
v 0.03637747 -0.01495000 -0.03756915
v 0.03642536 -0.00795000 -0.03757229
v 0.03642536 -0.01495000 -0.03757229
v 0.03647334 -0.00795000 -0.03757334
v 0.03647334 -0.01495000 -0.03757334
v 0.03652132 -0.00795000 -0.03757229
v 0.03652132 -0.01495000 -0.03757229
v 0.03656921 -0.00795000 -0.03756915
v 0.03656921 -0.01495000 -0.03756915
v 0.03661692 -0.00795000 -0.03756393
v 0.03661692 -0.01495000 -0.03756393
v 0.03666435 -0.00795000 -0.03755663
v 0.03666435 -0.01495000 -0.03755663
v 0.03671142 -0.00795000 -0.03754727
v 0.03671142 -0.01495000 -0.03754727
v 0.03675804 -0.00795000 -0.03753586
v 0.03675804 -0.01495000 -0.03753586
v 0.03680412 -0.00795000 -0.03752243
v 0.03680412 -0.01495000 -0.03752243
v 0.03684956 -0.00795000 -0.03750700
v 0.03684956 -0.01495000 -0.03750700
v 0.03689429 -0.00795000 -0.03748961
v 0.03689429 -0.01495000 -0.03748961
v 0.03693822 -0.00795000 -0.03747028
v 0.03693822 -0.01495000 -0.03747028
v 0.03698126 -0.00795000 -0.03744905
v 0.03698126 -0.01495000 -0.03744905
v 0.03702334 -0.00795000 -0.03742597
v 0.03702334 -0.01495000 -0.03742597
v 0.03706437 -0.00795000 -0.03740107
v 0.03706437 -0.01495000 -0.03740107
v 0.03710427 -0.00795000 -0.03737441
v 0.03710427 -0.01495000 -0.03737441
v 0.03714298 -0.00795000 -0.03734603
v 0.03714298 -0.01495000 -0.03734603
v 0.03718041 -0.00795000 -0.03731599
v 0.03718041 -0.01495000 -0.03731599
v 0.03721649 -0.00795000 -0.03728435
v 0.03721649 -0.01495000 -0.03728435
v 0.03725116 -0.00795000 -0.03725116
v 0.03725116 -0.01495000 -0.03725116
v 0.03728435 -0.00795000 -0.03721649
v 0.03728435 -0.01495000 -0.03721649
v 0.03731599 -0.00795000 -0.03718041
v 0.03731599 -0.01495000 -0.03718041
v 0.03734603 -0.00795000 -0.03714298
v 0.03734603 -0.01495000 -0.03714298
v 0.03737441 -0.00795000 -0.03710427
v 0.03737441 -0.01495000 -0.03710427
v 0.03740107 -0.00795000 -0.03706437
v 0.03740107 -0.01495000 -0.03706437
v 0.03742597 -0.00795000 -0.03702334
v 0.03742597 -0.01495000 -0.03702334
v 0.03744905 -0.00795000 -0.03698126
v 0.03744905 -0.01495000 -0.03698126
v 0.03747028 -0.00795000 -0.03693822
v 0.03747028 -0.01495000 -0.03693822
v 0.03748961 -0.00795000 -0.03689429
v 0.03748961 -0.01495000 -0.03689429
v 0.03750700 -0.00795000 -0.03684956
v 0.03750700 -0.01495000 -0.03684956
v 0.03752243 -0.00795000 -0.03680412
v 0.03752243 -0.01495000 -0.03680412
v 0.03753586 -0.00795000 -0.03675804
v 0.03753586 -0.01495000 -0.03675804
v 0.03754727 -0.00795000 -0.03671142
v 0.03754727 -0.01495000 -0.03671142
v 0.03755663 -0.00795000 -0.03666435
v 0.03755663 -0.01495000 -0.03666435
v 0.03756393 -0.00795000 -0.03661692
v 0.03756393 -0.01495000 -0.03661692
v 0.03756915 -0.00795000 -0.03656921
v 0.03756915 -0.01495000 -0.03656921
v 0.03757229 -0.00795000 -0.03652132
v 0.03757229 -0.01495000 -0.03652132
v 0.03757334 -0.00795000 -0.03647334
v 0.03757334 -0.01495000 -0.03647334
v 0.03757229 -0.00795000 -0.03642536
v 0.03757229 -0.01495000 -0.03642536
v 0.03756915 -0.00795000 -0.03637747
v 0.03756915 -0.01495000 -0.03637747
v 0.03756393 -0.00795000 -0.03632976
v 0.03756393 -0.01495000 -0.03632976
v 0.03755663 -0.00795000 -0.03628233
v 0.03755663 -0.01495000 -0.03628233
v 0.03754726 -0.00795000 -0.03623525
v 0.03754726 -0.01495000 -0.03623525
v 0.03753586 -0.00795000 -0.03618864
v 0.03753586 -0.01495000 -0.03618864
v 0.03752243 -0.00795000 -0.03614256
v 0.03752243 -0.01495000 -0.03614256
v 0.03750700 -0.00795000 -0.03609712
v 0.03750700 -0.01495000 -0.03609712
v 0.03748961 -0.00795000 -0.03605239
v 0.03748961 -0.01495000 -0.03605239
v 0.03747028 -0.00795000 -0.03600846
v 0.03747028 -0.01495000 -0.03600846
v 0.03744905 -0.00795000 -0.03596542
v 0.03744905 -0.01495000 -0.03596542
v 0.03742597 -0.00795000 -0.03592334
v 0.03742597 -0.01495000 -0.03592334
v 0.03740107 -0.00795000 -0.03588231
v 0.03740107 -0.01495000 -0.03588231
v 0.03737441 -0.00795000 -0.03584241
v 0.03737441 -0.01495000 -0.03584241
v 0.03734603 -0.00795000 -0.03580370
v 0.03734603 -0.01495000 -0.03580370
v 0.03731599 -0.00795000 -0.03576627
v 0.03731599 -0.01495000 -0.03576627
v 0.03728435 -0.00795000 -0.03573019
v 0.03728435 -0.01495000 -0.03573019
v 0.02844656 -0.01675000 -0.03219647
v 0.02855522 -0.01675000 -0.03194638
v 0.02855205 -0.01675000 -0.03194293
v 0.02822634 -0.01675000 -0.03194669
v 0.02836550 -0.01675000 -0.03171219
v 0.02835555 -0.01675000 -0.03169809
v 0.03290924 -0.01675000 -0.03089994
v 0.03263986 -0.01675000 -0.03094219
v 0.03263973 -0.01675000 -0.03094268
v 0.02897174 -0.01675000 -0.03260384
v 0.02722236 -0.01675000 -0.03574901
v 0.02746117 -0.01675000 -0.03587858
v 0.03281634 -0.01675000 -0.03121970
v 0.03254379 -0.01675000 -0.03122786
v 0.03253882 -0.01675000 -0.03123995
v 0.03007197 -0.01675000 -0.02768169
v 0.03019540 -0.01675000 -0.02792483
v 0.03021682 -0.01675000 -0.02792379
v 0.03040480 -0.01675000 -0.02767123
v 0.03049678 -0.01675000 -0.02792792
v 0.03053068 -0.01675000 -0.02793064
v 0.03057105 -0.01675000 -0.03296133
v 0.03044762 -0.01675000 -0.03271819
v 0.03042620 -0.01675000 -0.03271923
v 0.02820662 -0.01675000 -0.03145608
v 0.02819268 -0.01675000 -0.03142971
v 0.02803918 -0.01675000 -0.03167128
v 0.02492984 -0.01675000 -0.03348259
v 0.02830843 -0.01675000 -0.03162822
v 0.02507232 -0.01675000 -0.03371392
v 0.02522471 -0.01675000 -0.03393885
v 0.02538674 -0.01675000 -0.03415694
v 0.02848808 -0.01675000 -0.03187023
v 0.02555809 -0.01675000 -0.03436779
v 0.02573845 -0.01675000 -0.03457098
v 0.02989601 -0.01675000 -0.02795953
v 0.02990476 -0.01675000 -0.02795797
v 0.02974308 -0.01675000 -0.02773378
v 0.02929302 -0.01675000 -0.02415671
v 0.03059786 -0.01675000 -0.02793747
v 0.03073631 -0.01675000 -0.02770257
v 0.03145608 -0.01675000 -0.02820662
v 0.03167128 -0.01675000 -0.02803918
v 0.03142971 -0.01675000 -0.02819268
v 0.03324527 -0.01675000 -0.02479755
v 0.03136561 -0.01675000 -0.02816053
v 0.03300244 -0.01675000 -0.02467570
v 0.03137458 -0.01675000 -0.02788800
v 0.03275453 -0.01675000 -0.02456452
v 0.03250203 -0.01675000 -0.02446422
v 0.03647413 -0.01675000 -0.03142051
v 0.03651608 -0.01675000 -0.03115208
v 0.03269937 -0.01675000 -0.03064673
v 0.03296133 -0.01675000 -0.03057105
v 0.03268505 -0.01675000 -0.03073827
v 0.03268349 -0.01675000 -0.03074701
v 0.03231050 -0.01675000 -0.03207504
v 0.03205408 -0.01675000 -0.03198229
v 0.03201857 -0.01675000 -0.03201857
v 0.03089994 -0.01675000 -0.03290924
v 0.03074701 -0.01675000 -0.03268349
v 0.03073827 -0.01675000 -0.03268505
v 0.02958174 -0.01675000 -0.03286781
v 0.02955648 -0.01675000 -0.03259631
v 0.02950066 -0.01675000 -0.03257677
v 0.02770257 -0.01675000 -0.03073631
v 0.02793747 -0.01675000 -0.03059786
v 0.02793064 -0.01675000 -0.03053068
v 0.02421236 -0.01675000 -0.02405959
v 0.02413433 -0.01675000 -0.02413433
v 0.02862446 -0.01675000 -0.02862445
v 0.02956191 -0.01675000 -0.02411784
v 0.02999629 -0.01675000 -0.02794365
v 0.02983224 -0.01675000 -0.02409069
v 0.03010350 -0.01675000 -0.02407531
v 0.03037517 -0.01675000 -0.02407174
v 0.03029688 -0.01675000 -0.02792164
v 0.03064674 -0.01675000 -0.02407998
v 0.03091769 -0.01675000 -0.02410001
v 0.03089448 -0.01675000 -0.02799091
v 0.03106128 -0.01675000 -0.02777521
v 0.03084097 -0.01675000 -0.02797840
v 0.03172175 -0.01675000 -0.02423038
v 0.03079540 -0.01675000 -0.02796876
v 0.03145571 -0.01675000 -0.02417528
v 0.03118752 -0.01675000 -0.02413180
v 0.03118206 -0.01675000 -0.02808110
v 0.03114236 -0.01675000 -0.02806625
v 0.03108654 -0.01675000 -0.02804671
v 0.03224541 -0.01675000 -0.02437499
v 0.03198516 -0.01675000 -0.02429700
v 0.03241267 -0.01675000 -0.03149924
v 0.03239997 -0.01675000 -0.03152151
v 0.03268409 -0.01675000 -0.03152531
v 0.03586211 -0.01675000 -0.03321361
v 0.03250347 -0.01675000 -0.03132104
v 0.03598257 -0.01675000 -0.03297008
v 0.03609233 -0.01675000 -0.03272154
v 0.03619118 -0.01675000 -0.03246847
v 0.03261154 -0.01675000 -0.03103969
v 0.03627895 -0.01675000 -0.03221134
v 0.03635545 -0.01675000 -0.03195064
v 0.03642055 -0.01675000 -0.03168687
v 0.03222556 -0.01675000 -0.03178254
v 0.03527815 -0.01675000 -0.03412863
v 0.03543893 -0.01675000 -0.03390962
v 0.03198229 -0.01675000 -0.03205408
v 0.03207504 -0.01675000 -0.03231050
v 0.02980206 -0.01675000 -0.03266462
v 0.02899109 -0.01675000 -0.03642827
v 0.02925775 -0.01675000 -0.03648032
v 0.02946096 -0.01675000 -0.03256192
v 0.02926844 -0.01675000 -0.03275502
v 0.02918695 -0.01675000 -0.03243640
v 0.02921331 -0.01675000 -0.03245034
v 0.02927741 -0.01675000 -0.03248249
v 0.02770539 -0.01675000 -0.03599764
v 0.02698941 -0.01675000 -0.03560919
v 0.02901480 -0.01675000 -0.03233459
v 0.02676275 -0.01675000 -0.03545938
v 0.02894493 -0.01675000 -0.03228748
v 0.02893083 -0.01675000 -0.03227753
v 0.02869633 -0.01675000 -0.03241668
v 0.02870009 -0.01675000 -0.03209098
v 0.02612478 -0.01675000 -0.03495292
v 0.02877280 -0.01675000 -0.03215494
v 0.02633003 -0.01675000 -0.03513094
v 0.02654282 -0.01675000 -0.03529986
v 0.02869664 -0.01675000 -0.03208780
v 0.02592746 -0.01675000 -0.03476615
v 0.02808110 -0.01675000 -0.03118206
v 0.02806625 -0.01675000 -0.03114236
v 0.02788800 -0.01675000 -0.03137458
v 0.02456452 -0.01675000 -0.03275453
v 0.02816053 -0.01675000 -0.03136561
v 0.02467570 -0.01675000 -0.03300244
v 0.02479755 -0.01675000 -0.03324527
v 0.02797840 -0.01675000 -0.03084096
v 0.02423038 -0.01675000 -0.03172175
v 0.02429700 -0.01675000 -0.03198516
v 0.02792792 -0.01675000 -0.03049678
v 0.02767123 -0.01675000 -0.03040480
v 0.02833252 -0.01675000 -0.02856798
v 0.02858894 -0.01675000 -0.02866073
v 0.03259632 -0.01675000 -0.02955648
v 0.03286782 -0.01675000 -0.02958174
v 0.03257677 -0.01675000 -0.02950066
v 0.03620338 -0.01675000 -0.02820818
v 0.03610597 -0.01675000 -0.02795455
v 0.03271923 -0.01675000 -0.03042620
v 0.03656480 -0.01675000 -0.03061101
v 0.03272138 -0.01675000 -0.03034614
v 0.03657149 -0.01675000 -0.03033940
v 0.03297179 -0.01675000 -0.03023822
v 0.03656636 -0.01675000 -0.03006775
v 0.03654943 -0.01675000 -0.02979659
v 0.03271820 -0.01675000 -0.03044762
v 0.03654632 -0.01675000 -0.03088207
v 0.03224857 -0.01675000 -0.03175205
v 0.03251459 -0.01675000 -0.03181192
v 0.03236099 -0.01675000 -0.03158663
v 0.03559004 -0.01675000 -0.03368382
v 0.03573119 -0.01675000 -0.03345167
v 0.03510801 -0.01675000 -0.03434046
v 0.03218634 -0.01675000 -0.03183227
v 0.03492882 -0.01675000 -0.03454468
v 0.03474093 -0.01675000 -0.03474093
v 0.03175205 -0.01675000 -0.03224857
v 0.03181193 -0.01675000 -0.03251459
v 0.03178254 -0.01675000 -0.03222556
v 0.03412863 -0.01675000 -0.03527815
v 0.03183227 -0.01675000 -0.03218634
v 0.03434046 -0.01675000 -0.03510801
v 0.03454468 -0.01675000 -0.03492882
v 0.03195064 -0.01675000 -0.03635545
v 0.03221134 -0.01675000 -0.03627895
v 0.03103969 -0.01675000 -0.03261154
v 0.03121970 -0.01675000 -0.03281634
v 0.03094268 -0.01675000 -0.03263973
v 0.03094219 -0.01675000 -0.03263986
v 0.03014624 -0.01675000 -0.03271510
v 0.03011234 -0.01675000 -0.03271238
v 0.03023822 -0.01675000 -0.03297179
v 0.03006775 -0.01675000 -0.03656636
v 0.03034614 -0.01675000 -0.03272138
v 0.03033940 -0.01675000 -0.03657148
v 0.03061101 -0.01675000 -0.03656480
v 0.03088207 -0.01675000 -0.03654632
v 0.03064673 -0.01675000 -0.03269937
v 0.03115208 -0.01675000 -0.03651608
v 0.03142051 -0.01675000 -0.03647413
v 0.03168687 -0.01675000 -0.03642055
v 0.02984763 -0.01675000 -0.03267426
v 0.02990671 -0.01675000 -0.03294045
v 0.03004516 -0.01675000 -0.03270555
v 0.02952642 -0.01675000 -0.03652073
v 0.02979659 -0.01675000 -0.03654943
v 0.02872694 -0.01675000 -0.03636468
v 0.02974854 -0.01675000 -0.03265211
v 0.02846581 -0.01675000 -0.03628966
v 0.02820818 -0.01675000 -0.03620338
v 0.02795455 -0.01675000 -0.03610597
v 0.02799091 -0.01675000 -0.03089448
v 0.02777521 -0.01675000 -0.03106128
v 0.02804671 -0.01675000 -0.03108654
v 0.02437499 -0.01675000 -0.03224541
v 0.02446422 -0.01675000 -0.03250203
v 0.02417528 -0.01675000 -0.03145571
v 0.02796876 -0.01675000 -0.03079540
v 0.02413180 -0.01675000 -0.03118752
v 0.02410001 -0.01675000 -0.03091769
v 0.02856798 -0.01675000 -0.02833252
v 0.02455453 -0.01675000 -0.02379637
v 0.02446480 -0.01675000 -0.02385657
v 0.02932198 -0.01675000 -0.02813955
v 0.02940307 -0.01675000 -0.02810420
v 0.02798770 -0.01675000 -0.02452360
v 0.02970034 -0.01675000 -0.02800329
v 0.02876156 -0.01675000 -0.02426932
v 0.02960333 -0.01675000 -0.02803148
v 0.02850000 -0.01675000 -0.02434283
v 0.02942332 -0.01675000 -0.02782668
v 0.02970083 -0.01675000 -0.02800316
v 0.02902606 -0.01675000 -0.02420724
v 0.03219647 -0.01675000 -0.02844655
v 0.03208780 -0.01675000 -0.02869664
v 0.03209098 -0.01675000 -0.02870009
v 0.03241668 -0.01675000 -0.02869633
v 0.03227753 -0.01675000 -0.02893083
v 0.03228748 -0.01675000 -0.02894493
v 0.03267426 -0.01675000 -0.02984763
v 0.03294045 -0.01675000 -0.02990671
v 0.03266462 -0.01675000 -0.02980205
v 0.03642827 -0.01675000 -0.02899109
v 0.03265211 -0.01675000 -0.02974854
v 0.03636468 -0.01675000 -0.02872694
v 0.03628967 -0.01675000 -0.02846581
v 0.03271510 -0.01675000 -0.03014624
v 0.03271238 -0.01675000 -0.03011234
v 0.03270555 -0.01675000 -0.03004516
v 0.03652073 -0.01675000 -0.02952642
v 0.03648032 -0.01675000 -0.02925774
v 0.03149924 -0.01675000 -0.03241267
v 0.03152531 -0.01675000 -0.03268409
v 0.03152151 -0.01675000 -0.03239997
v 0.03345167 -0.01675000 -0.03573119
v 0.03158663 -0.01675000 -0.03236099
v 0.03368382 -0.01675000 -0.03559004
v 0.03390962 -0.01675000 -0.03543893
v 0.03123995 -0.01675000 -0.03253882
v 0.03272154 -0.01675000 -0.03609233
v 0.03132104 -0.01675000 -0.03250347
v 0.03297008 -0.01675000 -0.03598257
v 0.03321361 -0.01675000 -0.03586211
v 0.03122786 -0.01675000 -0.03254379
v 0.03246847 -0.01675000 -0.03619118
v 0.02792379 -0.01675000 -0.03021682
v 0.02407531 -0.01675000 -0.03010350
v 0.02792164 -0.01675000 -0.03029688
v 0.02407174 -0.01675000 -0.03037517
v 0.02407998 -0.01675000 -0.03064674
v 0.02792483 -0.01675000 -0.03019540
v 0.02768169 -0.01675000 -0.03007197
v 0.02409069 -0.01675000 -0.02983224
v 0.02866073 -0.01675000 -0.02858894
v 0.02429355 -0.01675000 -0.02398830
v 0.02941516 -0.01675000 -0.02809923
v 0.02824188 -0.01675000 -0.02442765
v 0.03169809 -0.01675000 -0.02835555
v 0.03393885 -0.01675000 -0.02522471
v 0.03162822 -0.01675000 -0.02830843
v 0.03371392 -0.01675000 -0.02507232
v 0.03348259 -0.01675000 -0.02492984
v 0.03171220 -0.01675000 -0.02836550
v 0.03194669 -0.01675000 -0.02822634
v 0.03415694 -0.01675000 -0.02538674
v 0.03436779 -0.01675000 -0.02555809
v 0.03187023 -0.01675000 -0.02848808
v 0.03457098 -0.01675000 -0.02573845
v 0.03194293 -0.01675000 -0.02855204
v 0.03194638 -0.01675000 -0.02855522
v 0.03256192 -0.01675000 -0.02946096
v 0.03275502 -0.01675000 -0.02926844
v 0.03248249 -0.01675000 -0.02927741
v 0.03599764 -0.01675000 -0.02770539
v 0.03245034 -0.01675000 -0.02921331
v 0.03587858 -0.01675000 -0.02746117
v 0.03574901 -0.01675000 -0.02722236
v 0.02411784 -0.01675000 -0.02956191
v 0.02794365 -0.01675000 -0.02999629
v 0.02415672 -0.01675000 -0.02929301
v 0.02795797 -0.01675000 -0.02990475
v 0.02795953 -0.01675000 -0.02989601
v 0.02773378 -0.01675000 -0.02974308
v 0.02800316 -0.01675000 -0.02970083
v 0.02800329 -0.01675000 -0.02970034
v 0.02795893 -0.01675000 -0.02911771
v 0.02823035 -0.01675000 -0.02914378
v 0.02824305 -0.01675000 -0.02912151
v 0.02812843 -0.01675000 -0.02883110
v 0.02839445 -0.01675000 -0.02889097
v 0.02841746 -0.01675000 -0.02886048
v 0.02881075 -0.01675000 -0.02845668
v 0.02886048 -0.01675000 -0.02841746
v 0.02883110 -0.01675000 -0.02812843
v 0.02905639 -0.01675000 -0.02828203
v 0.02912151 -0.01675000 -0.02824305
v 0.02703002 -0.01675000 -0.02367100
v 0.02911772 -0.01675000 -0.02795893
v 0.02712537 -0.01675000 -0.02372182
v 0.02721844 -0.01675000 -0.02377671
v 0.03243640 -0.01675000 -0.02918695
v 0.03260384 -0.01675000 -0.02897174
v 0.03233459 -0.01675000 -0.02901480
v 0.03560919 -0.01675000 -0.02698941
v 0.03545938 -0.01675000 -0.02676275
v 0.03529986 -0.01675000 -0.02654282
v 0.03215495 -0.01675000 -0.02877280
v 0.03513094 -0.01675000 -0.02633003
v 0.03495292 -0.01675000 -0.02612478
v 0.03476615 -0.01675000 -0.02592746
v 0.02782668 -0.01675000 -0.02942332
v 0.02809923 -0.01675000 -0.02941516
v 0.02810420 -0.01675000 -0.02940307
v 0.02405959 -0.01675000 -0.02421236
v 0.02398830 -0.01675000 -0.02429355
v 0.02392058 -0.01675000 -0.02437775
v 0.02437775 -0.01675000 -0.02392058
v 0.02483812 -0.01675000 -0.02363980
v 0.02474136 -0.01675000 -0.02368789
v 0.02464677 -0.01675000 -0.02374011
v 0.02889097 -0.01675000 -0.02839445
v 0.02534799 -0.01675000 -0.02346427
v 0.02524317 -0.01675000 -0.02349049
v 0.02577564 -0.01675000 -0.02340529
v 0.02588365 -0.01675000 -0.02340216
v 0.02599168 -0.01675000 -0.02340370
v 0.02914378 -0.01675000 -0.02823035
v 0.02662938 -0.01675000 -0.02351022
v 0.02652535 -0.01675000 -0.02348103
v 0.02642015 -0.01675000 -0.02345636
v 0.02786089 -0.01675000 -0.02434867
v 0.02779194 -0.01675000 -0.02426549
v 0.02368789 -0.01675000 -0.02474136
v 0.02363980 -0.01675000 -0.02483812
v 0.02359594 -0.01675000 -0.02493687
v 0.02513958 -0.01675000 -0.02352121
v 0.02503742 -0.01675000 -0.02355639
v 0.02493687 -0.01675000 -0.02359594
v 0.02566787 -0.01675000 -0.02341309
v 0.02556054 -0.01675000 -0.02342553
v 0.02545385 -0.01675000 -0.02344261
v 0.02631399 -0.01675000 -0.02343626
v 0.02620706 -0.01675000 -0.02342076
v 0.02609956 -0.01675000 -0.02340990
v 0.02693256 -0.01675000 -0.02362435
v 0.02683318 -0.01675000 -0.02358195
v 0.02673206 -0.01675000 -0.02354388
v 0.02792618 -0.01675000 -0.02443476
v 0.02756445 -0.01675000 -0.02403486
v 0.02748221 -0.01675000 -0.02396477
v 0.02813955 -0.01675000 -0.02932198
v 0.02452360 -0.01675000 -0.02798770
v 0.02442765 -0.01675000 -0.02824188
v 0.02803148 -0.01675000 -0.02960333
v 0.02434283 -0.01675000 -0.02850000
v 0.02426932 -0.01675000 -0.02876156
v 0.02420724 -0.01675000 -0.02902606
v 0.02340990 -0.01675000 -0.02609956
v 0.02340370 -0.01675000 -0.02599168
v 0.02340216 -0.01675000 -0.02588365
v 0.02828203 -0.01675000 -0.02905639
v 0.02346427 -0.01675000 -0.02534799
v 0.02344261 -0.01675000 -0.02545385
v 0.02385657 -0.01675000 -0.02446480
v 0.02379637 -0.01675000 -0.02455452
v 0.02374011 -0.01675000 -0.02464677
v 0.02771946 -0.01675000 -0.02418535
v 0.02764358 -0.01675000 -0.02410843
v 0.02739703 -0.01675000 -0.02389830
v 0.02730905 -0.01675000 -0.02383558
v 0.02348103 -0.01675000 -0.02652535
v 0.02351022 -0.01675000 -0.02662938
v 0.02354388 -0.01675000 -0.02673205
v 0.02342076 -0.01675000 -0.02620706
v 0.02343626 -0.01675000 -0.02631399
v 0.02345636 -0.01675000 -0.02642015
v 0.02342554 -0.01675000 -0.02556054
v 0.02341309 -0.01675000 -0.02566787
v 0.02340529 -0.01675000 -0.02577564
v 0.02845668 -0.01675000 -0.02881075
v 0.02358195 -0.01675000 -0.02683318
v 0.02362435 -0.01675000 -0.02693256
v 0.02367100 -0.01675000 -0.02703002
v 0.02372182 -0.01675000 -0.02712537
v 0.02403486 -0.01675000 -0.02756445
v 0.02396477 -0.01675000 -0.02748221
v 0.02389830 -0.01675000 -0.02739703
v 0.02410843 -0.01675000 -0.02764358
v 0.02418535 -0.01675000 -0.02771946
v 0.02426549 -0.01675000 -0.02779194
v 0.02434867 -0.01675000 -0.02786089
v 0.02443476 -0.01675000 -0.02792618
v 0.02355639 -0.01675000 -0.02503742
v 0.02352121 -0.01675000 -0.02513958
v 0.02349049 -0.01675000 -0.02524317
v 0.02377671 -0.01675000 -0.02721844
v 0.02383558 -0.01675000 -0.02730905
v 0.03222556 -0.01995000 -0.02886048
v 0.03222556 -0.01980000 -0.02886048
v 0.03216002 -0.01980000 -0.02877882
v 0.03073827 -0.01995000 -0.02795797
v 0.03073827 -0.01980000 -0.02795797
v 0.03063477 -0.01980000 -0.02794204
v 0.03042620 -0.01995000 -0.02792379
v 0.03042620 -0.01980000 -0.02792379
v 0.03032151 -0.01980000 -0.02792151
v 0.03011234 -0.01995000 -0.02793064
v 0.03011234 -0.01980000 -0.02793064
v 0.03000825 -0.01980000 -0.02794204
v 0.02835555 -0.01995000 -0.02894493
v 0.02835555 -0.01980000 -0.02894493
v 0.02829737 -0.01980000 -0.02903199
v 0.02819268 -0.01995000 -0.02921331
v 0.02819268 -0.01980000 -0.02921331
v 0.02814637 -0.01980000 -0.02930723
v 0.02806625 -0.01995000 -0.02950066
v 0.02806625 -0.01980000 -0.02950066
v 0.02803259 -0.01980000 -0.02959982
v 0.02810420 -0.01995000 -0.03123995
v 0.02810420 -0.01980000 -0.03123995
v 0.02814637 -0.01980000 -0.03133579
v 0.02824305 -0.01995000 -0.03152151
v 0.02824305 -0.01980000 -0.03152151
v 0.02829737 -0.01980000 -0.03161103
v 0.02841746 -0.01995000 -0.03178254
v 0.02841746 -0.01980000 -0.03178254
v 0.02848300 -0.01980000 -0.03186420
v 0.02990476 -0.01995000 -0.03268505
v 0.02990476 -0.01980000 -0.03268505
v 0.03000825 -0.01980000 -0.03270098
v 0.03021682 -0.01995000 -0.03271923
v 0.03021682 -0.01980000 -0.03271923
v 0.03032151 -0.01980000 -0.03272151
v 0.03053069 -0.01995000 -0.03271238
v 0.03053069 -0.01980000 -0.03271238
v 0.03063477 -0.01980000 -0.03270098
v 0.03228748 -0.01995000 -0.03169809
v 0.03228748 -0.01980000 -0.03169809
v 0.03234565 -0.01980000 -0.03161103
v 0.03245034 -0.01995000 -0.03142971
v 0.03245034 -0.01980000 -0.03142971
v 0.03249665 -0.01980000 -0.03133579
v 0.03257677 -0.01995000 -0.03114236
v 0.03257677 -0.01980000 -0.03114236
v 0.03261043 -0.01980000 -0.03104320
v 0.03253882 -0.01995000 -0.02940307
v 0.03253882 -0.01980000 -0.02940307
v 0.03249665 -0.01980000 -0.02930723
v 0.03234565 -0.01980000 -0.02903199
v 0.03233459 -0.01980000 -0.02901480
v 0.03228748 -0.01995000 -0.02894493
v 0.03234565 -0.01995000 -0.02903199
v 0.03239997 -0.01995000 -0.02912151
v 0.03239997 -0.01980000 -0.02912151
v 0.03243640 -0.01980000 -0.02918695
v 0.03245034 -0.01995000 -0.02921331
v 0.03248249 -0.01980000 -0.02927741
v 0.03249665 -0.01995000 -0.02930723
v 0.03256192 -0.01980000 -0.02946096
v 0.03257677 -0.01995000 -0.02950066
v 0.03259632 -0.01980000 -0.02955648
v 0.03261043 -0.01980000 -0.02959982
v 0.03261043 -0.01995000 -0.02959982
v 0.03263973 -0.01995000 -0.02970034
v 0.03266462 -0.01995000 -0.02980205
v 0.03265211 -0.01980000 -0.02974854
v 0.03263973 -0.01980000 -0.02970034
v 0.03267426 -0.01980000 -0.02984763
v 0.03268505 -0.01980000 -0.02990475
v 0.03268505 -0.01995000 -0.02990475
v 0.03270098 -0.01995000 -0.03000825
v 0.03271238 -0.01995000 -0.03011234
v 0.03270555 -0.01980000 -0.03004516
v 0.03270098 -0.01980000 -0.03000825
v 0.03271510 -0.01980000 -0.03014624
v 0.03271923 -0.01980000 -0.03021682
v 0.03271923 -0.01995000 -0.03021682
v 0.03272151 -0.01995000 -0.03032151
v 0.03271923 -0.01995000 -0.03042620
v 0.03272138 -0.01980000 -0.03034614
v 0.03272151 -0.01980000 -0.03032151
v 0.03271820 -0.01980000 -0.03044762
v 0.03271238 -0.01980000 -0.03053068
v 0.03271238 -0.01995000 -0.03053068
v 0.03270098 -0.01995000 -0.03063477
v 0.03268505 -0.01995000 -0.03073827
v 0.03269937 -0.01980000 -0.03064673
v 0.03270098 -0.01980000 -0.03063477
v 0.03263986 -0.01980000 -0.03094219
v 0.03268349 -0.01980000 -0.03074701
v 0.03266462 -0.01980000 -0.03084097
v 0.03266462 -0.01995000 -0.03084097
v 0.03263973 -0.01995000 -0.03094268
v 0.03261154 -0.01980000 -0.03103969
v 0.03261043 -0.01995000 -0.03104320
v 0.03254379 -0.01980000 -0.03122786
v 0.03253882 -0.01995000 -0.03123995
v 0.03250347 -0.01980000 -0.03132104
v 0.03249665 -0.01995000 -0.03133579
v 0.03241267 -0.01980000 -0.03149924
v 0.03239997 -0.01995000 -0.03152151
v 0.03236099 -0.01980000 -0.03158663
v 0.03234565 -0.01995000 -0.03161103
v 0.03224857 -0.01980000 -0.03175205
v 0.03222556 -0.01995000 -0.03178254
v 0.03218634 -0.01980000 -0.03183227
v 0.03216002 -0.01980000 -0.03186420
v 0.03216002 -0.01995000 -0.03186420
v 0.03209098 -0.01995000 -0.03194293
v 0.03201857 -0.01995000 -0.03201857
v 0.03205408 -0.01980000 -0.03198229
v 0.03209098 -0.01980000 -0.03194293
v 0.03198229 -0.01980000 -0.03205408
v 0.03194293 -0.01980000 -0.03209098
v 0.03194293 -0.01995000 -0.03209098
v 0.03186420 -0.01995000 -0.03216002
v 0.03178254 -0.01995000 -0.03222556
v 0.03183227 -0.01980000 -0.03218634
v 0.03186420 -0.01980000 -0.03216002
v 0.03175205 -0.01980000 -0.03224857
v 0.03169809 -0.01980000 -0.03228748
v 0.03169809 -0.01995000 -0.03228748
v 0.03161103 -0.01995000 -0.03234565
v 0.03152151 -0.01995000 -0.03239997
v 0.03158663 -0.01980000 -0.03236099
v 0.03161103 -0.01980000 -0.03234565
v 0.03149924 -0.01980000 -0.03241267
v 0.03142971 -0.01980000 -0.03245034
v 0.03142971 -0.01995000 -0.03245034
v 0.03133580 -0.01995000 -0.03249665
v 0.03123995 -0.01995000 -0.03253882
v 0.03132104 -0.01980000 -0.03250347
v 0.03133580 -0.01980000 -0.03249665
v 0.03122786 -0.01980000 -0.03254379
v 0.03114236 -0.01980000 -0.03257677
v 0.03114236 -0.01995000 -0.03257677
v 0.03104321 -0.01995000 -0.03261043
v 0.03094268 -0.01995000 -0.03263973
v 0.03103969 -0.01980000 -0.03261154
v 0.03104321 -0.01980000 -0.03261043
v 0.03074701 -0.01980000 -0.03268349
v 0.03094219 -0.01980000 -0.03263986
v 0.03084097 -0.01980000 -0.03266462
v 0.03084097 -0.01995000 -0.03266462
v 0.03073827 -0.01995000 -0.03268505
v 0.03064673 -0.01980000 -0.03269937
v 0.03063477 -0.01995000 -0.03270098
v 0.03044762 -0.01980000 -0.03271819
v 0.03042620 -0.01995000 -0.03271923
v 0.03034614 -0.01980000 -0.03272138
v 0.03032151 -0.01995000 -0.03272151
v 0.03014624 -0.01980000 -0.03271510
v 0.03011234 -0.01995000 -0.03271238
v 0.03004516 -0.01980000 -0.03270555
v 0.03000825 -0.01995000 -0.03270098
v 0.02984763 -0.01980000 -0.03267426
v 0.02980206 -0.01995000 -0.03266462
v 0.02974854 -0.01980000 -0.03265211
v 0.02970034 -0.01980000 -0.03263973
v 0.02970034 -0.01995000 -0.03263973
v 0.02959982 -0.01995000 -0.03261043
v 0.02950066 -0.01995000 -0.03257677
v 0.02955648 -0.01980000 -0.03259631
v 0.02959982 -0.01980000 -0.03261043
v 0.02946096 -0.01980000 -0.03256192
v 0.02940307 -0.01980000 -0.03253882
v 0.02940307 -0.01995000 -0.03253882
v 0.02930723 -0.01995000 -0.03249665
v 0.02921331 -0.01995000 -0.03245034
v 0.02927741 -0.01980000 -0.03248249
v 0.02930723 -0.01980000 -0.03249665
v 0.02918695 -0.01980000 -0.03243640
v 0.02912151 -0.01980000 -0.03239997
v 0.02912151 -0.01995000 -0.03239997
v 0.02903199 -0.01995000 -0.03234565
v 0.02894493 -0.01995000 -0.03228748
v 0.02901480 -0.01980000 -0.03233459
v 0.02903199 -0.01980000 -0.03234565
v 0.02893083 -0.01980000 -0.03227753
v 0.02886048 -0.01980000 -0.03222556
v 0.02886048 -0.01995000 -0.03222556
v 0.02877882 -0.01995000 -0.03216002
v 0.02870009 -0.01995000 -0.03209098
v 0.02877280 -0.01980000 -0.03215494
v 0.02877882 -0.01980000 -0.03216002
v 0.02855522 -0.01980000 -0.03194638
v 0.02869664 -0.01980000 -0.03208780
v 0.02862445 -0.01980000 -0.03201857
v 0.02862445 -0.01995000 -0.03201857
v 0.02855205 -0.01995000 -0.03194293
v 0.02848808 -0.01980000 -0.03187023
v 0.02848300 -0.01995000 -0.03186420
v 0.02836550 -0.01980000 -0.03171219
v 0.02835555 -0.01995000 -0.03169809
v 0.02830843 -0.01980000 -0.03162822
v 0.02829737 -0.01995000 -0.03161103
v 0.02820662 -0.01980000 -0.03145608
v 0.02819268 -0.01995000 -0.03142971
v 0.02816053 -0.01980000 -0.03136561
v 0.02814637 -0.01995000 -0.03133579
v 0.02808110 -0.01980000 -0.03118206
v 0.02806625 -0.01995000 -0.03114236
v 0.02804671 -0.01980000 -0.03108654
v 0.02803259 -0.01980000 -0.03104320
v 0.02803259 -0.01995000 -0.03104320
v 0.02800329 -0.01995000 -0.03094268
v 0.02797840 -0.01995000 -0.03084096
v 0.02799091 -0.01980000 -0.03089448
v 0.02800329 -0.01980000 -0.03094268
v 0.02796876 -0.01980000 -0.03079540
v 0.02795797 -0.01980000 -0.03073827
v 0.02795797 -0.01995000 -0.03073827
v 0.02794204 -0.01995000 -0.03063477
v 0.02793064 -0.01995000 -0.03053068
v 0.02793747 -0.01980000 -0.03059786
v 0.02794204 -0.01980000 -0.03063477
v 0.02792792 -0.01980000 -0.03049678
v 0.02792379 -0.01980000 -0.03042620
v 0.02792379 -0.01995000 -0.03042620
v 0.02792151 -0.01995000 -0.03032151
v 0.02792379 -0.01995000 -0.03021682
v 0.02792164 -0.01980000 -0.03029688
v 0.02792151 -0.01980000 -0.03032151
v 0.02792483 -0.01980000 -0.03019540
v 0.02793064 -0.01980000 -0.03011234
v 0.02793064 -0.01995000 -0.03011234
v 0.02794204 -0.01995000 -0.03000825
v 0.02795797 -0.01995000 -0.02990475
v 0.02794365 -0.01980000 -0.02999629
v 0.02794204 -0.01980000 -0.03000825
v 0.02800316 -0.01980000 -0.02970083
v 0.02795953 -0.01980000 -0.02989601
v 0.02797840 -0.01980000 -0.02980206
v 0.02797840 -0.01995000 -0.02980206
v 0.02800329 -0.01995000 -0.02970034
v 0.02803148 -0.01980000 -0.02960333
v 0.02803259 -0.01995000 -0.02959982
v 0.02809923 -0.01980000 -0.02941516
v 0.02810420 -0.01995000 -0.02940307
v 0.02813955 -0.01980000 -0.02932198
v 0.02814637 -0.01995000 -0.02930723
v 0.02823035 -0.01980000 -0.02914378
v 0.02824305 -0.01995000 -0.02912151
v 0.02828203 -0.01980000 -0.02905639
v 0.02829737 -0.01995000 -0.02903199
v 0.02839445 -0.01980000 -0.02889097
v 0.02841746 -0.01995000 -0.02886048
v 0.02845668 -0.01980000 -0.02881075
v 0.02848300 -0.01980000 -0.02877882
v 0.02848300 -0.01995000 -0.02877882
v 0.02855204 -0.01995000 -0.02870009
v 0.02862446 -0.01995000 -0.02862445
v 0.02858894 -0.01980000 -0.02866073
v 0.02855204 -0.01980000 -0.02870009
v 0.02866073 -0.01980000 -0.02858894
v 0.02870009 -0.01980000 -0.02855204
v 0.02870009 -0.01995000 -0.02855204
v 0.02877882 -0.01995000 -0.02848300
v 0.02886048 -0.01995000 -0.02841746
v 0.02881075 -0.01980000 -0.02845668
v 0.02877882 -0.01980000 -0.02848300
v 0.02889097 -0.01980000 -0.02839445
v 0.02894493 -0.01980000 -0.02835555
v 0.02894493 -0.01995000 -0.02835555
v 0.02903199 -0.01995000 -0.02829737
v 0.02912151 -0.01995000 -0.02824305
v 0.02905639 -0.01980000 -0.02828203
v 0.02903199 -0.01980000 -0.02829737
v 0.02914378 -0.01980000 -0.02823035
v 0.02921331 -0.01980000 -0.02819268
v 0.02921331 -0.01995000 -0.02819268
v 0.02930723 -0.01995000 -0.02814637
v 0.02940307 -0.01995000 -0.02810420
v 0.02932198 -0.01980000 -0.02813955
v 0.02930723 -0.01980000 -0.02814637
v 0.02941516 -0.01980000 -0.02809923
v 0.02950066 -0.01980000 -0.02806625
v 0.02950066 -0.01995000 -0.02806625
v 0.02959982 -0.01995000 -0.02803259
v 0.02970034 -0.01995000 -0.02800329
v 0.02960333 -0.01980000 -0.02803148
v 0.02959982 -0.01980000 -0.02803259
v 0.02989601 -0.01980000 -0.02795953
v 0.02970083 -0.01980000 -0.02800316
v 0.02980206 -0.01980000 -0.02797840
v 0.02980206 -0.01995000 -0.02797840
v 0.02990476 -0.01995000 -0.02795797
v 0.02999629 -0.01980000 -0.02794365
v 0.03000825 -0.01995000 -0.02794204
v 0.03019540 -0.01980000 -0.02792483
v 0.03021682 -0.01995000 -0.02792379
v 0.03029688 -0.01980000 -0.02792164
v 0.03032151 -0.01995000 -0.02792151
v 0.03049678 -0.01980000 -0.02792792
v 0.03053068 -0.01995000 -0.02793064
v 0.03059786 -0.01980000 -0.02793747
v 0.03063477 -0.01995000 -0.02794204
v 0.03079540 -0.01980000 -0.02796876
v 0.03084097 -0.01995000 -0.02797840
v 0.03089448 -0.01980000 -0.02799091
v 0.03094268 -0.01980000 -0.02800329
v 0.03094268 -0.01995000 -0.02800329
v 0.03104320 -0.01995000 -0.02803259
v 0.03114236 -0.01995000 -0.02806625
v 0.03108654 -0.01980000 -0.02804671
v 0.03104320 -0.01980000 -0.02803259
v 0.03118206 -0.01980000 -0.02808110
v 0.03123995 -0.01980000 -0.02810420
v 0.03123995 -0.01995000 -0.02810420
v 0.03133579 -0.01995000 -0.02814637
v 0.03142971 -0.01995000 -0.02819268
v 0.03136561 -0.01980000 -0.02816053
v 0.03133579 -0.01980000 -0.02814637
v 0.03145608 -0.01980000 -0.02820662
v 0.03152151 -0.01980000 -0.02824305
v 0.03152151 -0.01995000 -0.02824305
v 0.03161103 -0.01995000 -0.02829737
v 0.03169809 -0.01995000 -0.02835555
v 0.03162822 -0.01980000 -0.02830843
v 0.03161103 -0.01980000 -0.02829737
v 0.03171220 -0.01980000 -0.02836550
v 0.03178254 -0.01980000 -0.02841746
v 0.03178254 -0.01995000 -0.02841746
v 0.03186420 -0.01995000 -0.02848300
v 0.03194293 -0.01995000 -0.02855204
v 0.03187023 -0.01980000 -0.02848808
v 0.03186420 -0.01980000 -0.02848300
v 0.03208780 -0.01980000 -0.02869664
v 0.03194638 -0.01980000 -0.02855522
v 0.03201857 -0.01980000 -0.02862445
v 0.03201857 -0.01995000 -0.02862445
v 0.03209098 -0.01995000 -0.02870009
v 0.03215495 -0.01980000 -0.02877280
v 0.03216002 -0.01995000 -0.02877882
v 0.03227753 -0.01980000 -0.02893083
v 0.02452360 -0.01235000 -0.02798770
v 0.02442765 -0.01235000 -0.02824188
v 0.02434283 -0.01235000 -0.02850000
v 0.02426932 -0.01235000 -0.02876156
v 0.02420724 -0.01235000 -0.02902606
v 0.02415672 -0.01235000 -0.02929301
v 0.02411784 -0.01235000 -0.02956191
v 0.02409069 -0.01235000 -0.02983224
v 0.02407531 -0.01235000 -0.03010350
v 0.02407174 -0.01235000 -0.03037517
v 0.02407998 -0.01235000 -0.03064674
v 0.02410001 -0.01235000 -0.03091769
v 0.02413180 -0.01235000 -0.03118752
v 0.02417528 -0.01235000 -0.03145571
v 0.02423038 -0.01235000 -0.03172175
v 0.02429700 -0.01235000 -0.03198516
v 0.02437499 -0.01235000 -0.03224541
v 0.02446422 -0.01235000 -0.03250203
v 0.02456452 -0.01235000 -0.03275453
v 0.02467570 -0.01235000 -0.03300244
v 0.02479755 -0.01235000 -0.03324527
v 0.02492984 -0.01235000 -0.03348259
v 0.02507232 -0.01235000 -0.03371392
v 0.02522471 -0.01235000 -0.03393885
v 0.02538674 -0.01235000 -0.03415694
v 0.02555809 -0.01235000 -0.03436779
v 0.02573845 -0.01235000 -0.03457098
v 0.02590209 -0.01235000 -0.03474093
v 0.02592746 -0.01235000 -0.03476615
v 0.02612478 -0.01235000 -0.03495292
v 0.02633003 -0.01235000 -0.03513094
v 0.02654282 -0.01235000 -0.03529986
v 0.02676275 -0.01235000 -0.03545938
v 0.02698941 -0.01235000 -0.03560919
v 0.02722236 -0.01235000 -0.03574901
v 0.02746117 -0.01235000 -0.03587858
v 0.02770539 -0.01235000 -0.03599764
v 0.02795455 -0.01235000 -0.03610597
v 0.02820818 -0.01235000 -0.03620338
v 0.02846581 -0.01235000 -0.03628966
v 0.02872694 -0.01235000 -0.03636468
v 0.02899109 -0.01235000 -0.03642827
v 0.02925775 -0.01235000 -0.03648032
v 0.02952642 -0.01235000 -0.03652073
v 0.02979659 -0.01235000 -0.03654943
v 0.03006775 -0.01235000 -0.03656636
v 0.03033940 -0.01235000 -0.03657148
v 0.03061101 -0.01235000 -0.03656480
v 0.03088207 -0.01235000 -0.03654632
v 0.03115208 -0.01235000 -0.03651608
v 0.03142051 -0.01235000 -0.03647413
v 0.03168687 -0.01235000 -0.03642055
v 0.03195064 -0.01235000 -0.03635545
v 0.03221134 -0.01235000 -0.03627895
v 0.03246847 -0.01235000 -0.03619118
v 0.03272154 -0.01235000 -0.03609233
v 0.03297008 -0.01235000 -0.03598257
v 0.03321361 -0.01235000 -0.03586211
v 0.03345167 -0.01235000 -0.03573119
v 0.03368382 -0.01235000 -0.03559004
v 0.03390962 -0.01235000 -0.03543893
v 0.03412863 -0.01235000 -0.03527815
v 0.03434046 -0.01235000 -0.03510801
v 0.03454468 -0.01235000 -0.03492882
v 0.03474093 -0.01235000 -0.03474093
v 0.03492882 -0.01235000 -0.03454468
v 0.03510801 -0.01235000 -0.03434046
v 0.03527815 -0.01235000 -0.03412863
v 0.03543893 -0.01235000 -0.03390962
v 0.03559004 -0.01235000 -0.03368382
v 0.03573119 -0.01235000 -0.03345167
v 0.03586211 -0.01235000 -0.03321361
v 0.03598257 -0.01235000 -0.03297008
v 0.03609233 -0.01235000 -0.03272154
v 0.03619118 -0.01235000 -0.03246847
v 0.03627895 -0.01235000 -0.03221134
v 0.03635545 -0.01235000 -0.03195064
v 0.03642055 -0.01235000 -0.03168687
v 0.03647413 -0.01235000 -0.03142051
v 0.03651608 -0.01235000 -0.03115208
v 0.03654632 -0.01235000 -0.03088207
v 0.03656480 -0.01235000 -0.03061101
v 0.03657149 -0.01235000 -0.03033940
v 0.03656636 -0.01235000 -0.03006775
v 0.03654943 -0.01235000 -0.02979659
v 0.03652073 -0.01235000 -0.02952642
v 0.03648032 -0.01235000 -0.02925774
v 0.03642827 -0.01235000 -0.02899109
v 0.03636468 -0.01235000 -0.02872694
v 0.03628967 -0.01235000 -0.02846581
v 0.03620338 -0.01235000 -0.02820818
v 0.03610597 -0.01235000 -0.02795455
v 0.03599764 -0.01235000 -0.02770539
v 0.03587858 -0.01235000 -0.02746117
v 0.03574901 -0.01235000 -0.02722236
v 0.03560919 -0.01235000 -0.02698941
v 0.03545938 -0.01235000 -0.02676275
v 0.03529986 -0.01235000 -0.02654282
v 0.03513094 -0.01235000 -0.02633003
v 0.03495292 -0.01235000 -0.02612478
v 0.03476615 -0.01235000 -0.02592746
v 0.03474093 -0.01235000 -0.02590209
v 0.03457098 -0.01235000 -0.02573845
v 0.03436779 -0.01235000 -0.02555809
v 0.03415694 -0.01235000 -0.02538674
v 0.03393885 -0.01235000 -0.02522471
v 0.03371392 -0.01235000 -0.02507232
v 0.03348259 -0.01235000 -0.02492984
v 0.03324527 -0.01235000 -0.02479755
v 0.03300244 -0.01235000 -0.02467570
v 0.03275453 -0.01235000 -0.02456452
v 0.03250203 -0.01235000 -0.02446422
v 0.03224541 -0.01235000 -0.02437499
v 0.03198516 -0.01235000 -0.02429700
v 0.03172175 -0.01235000 -0.02423038
v 0.03145571 -0.01235000 -0.02417528
v 0.03118752 -0.01235000 -0.02413180
v 0.03091769 -0.01235000 -0.02410001
v 0.03064674 -0.01235000 -0.02407998
v 0.03037517 -0.01235000 -0.02407174
v 0.03010350 -0.01235000 -0.02407531
v 0.02983224 -0.01235000 -0.02409069
v 0.02956191 -0.01235000 -0.02411784
v 0.02929302 -0.01235000 -0.02415671
v 0.02902606 -0.01235000 -0.02420724
v 0.02876156 -0.01235000 -0.02426932
v 0.02850000 -0.01235000 -0.02434283
v 0.02824188 -0.01235000 -0.02442765
v 0.02798770 -0.01235000 -0.02452360
v 0.03032151 -0.01235000 -0.03916035
v 0.03916035 -0.01235000 -0.03032151
v 0.03601300 -0.00555000 -0.03551914
v 0.03596586 -0.00555000 -0.03554638
v 0.03916035 -0.00555000 -0.03032151
v 0.03771358 -0.00555000 -0.03721066
v 0.03880679 -0.00555000 -0.03845324
v 0.03768659 -0.00555000 -0.03725795
v 0.03765756 -0.00555000 -0.03730401
v 0.03773849 -0.00555000 -0.03716225
v 0.03776126 -0.00555000 -0.03711280
v 0.03778186 -0.00555000 -0.03706240
v 0.03591995 -0.00555000 -0.03557565
v 0.03587536 -0.00555000 -0.03560690
v 0.03583217 -0.00555000 -0.03564005
v 0.03579048 -0.00555000 -0.03567505
v 0.03575034 -0.00555000 -0.03571184
v 0.03032151 -0.00555000 -0.03916035
v 0.03685330 -0.00555000 -0.03784179
v 0.03690651 -0.00555000 -0.03783024
v 0.03421060 -0.00555000 -0.04304943
v 0.03669471 -0.00555000 -0.03536732
v 0.03664031 -0.00555000 -0.03536502
v 0.03571184 -0.00555000 -0.03575034
v 0.03567505 -0.00555000 -0.03579047
v 0.03564005 -0.00555000 -0.03583217
v 0.03785789 -0.00555000 -0.03674563
v 0.04304943 -0.00555000 -0.03421060
v 0.03785101 -0.00555000 -0.03679964
v 0.03784179 -0.00555000 -0.03685330
v 0.03560690 -0.00555000 -0.03587536
v 0.03557566 -0.00555000 -0.03591995
v 0.03554639 -0.00555000 -0.03596586
v 0.03780024 -0.00555000 -0.03701115
v 0.03781638 -0.00555000 -0.03695916
v 0.03783024 -0.00555000 -0.03690651
v 0.03716525 -0.00555000 -0.03549250
v 0.03711586 -0.00555000 -0.03546960
v 0.03621204 -0.00555000 -0.03543141
v 0.03616089 -0.00555000 -0.03545007
v 0.03701115 -0.00555000 -0.03780024
v 0.03706240 -0.00555000 -0.03778186
v 0.03845324 -0.00555000 -0.03880679
v 0.03711280 -0.00555000 -0.03776126
v 0.03716225 -0.00555000 -0.03773848
v 0.03721066 -0.00555000 -0.03771358
v 0.03725795 -0.00555000 -0.03768659
v 0.03730401 -0.00555000 -0.03765756
v 0.03690975 -0.00555000 -0.03540007
v 0.03685658 -0.00555000 -0.03538837
v 0.03647725 -0.00555000 -0.03537235
v 0.03642328 -0.00555000 -0.03537951
v 0.03636967 -0.00555000 -0.03538902
v 0.03611061 -0.00555000 -0.03547094
v 0.03606128 -0.00555000 -0.03549398
v 0.03536732 -0.00555000 -0.03669471
v 0.03537198 -0.00555000 -0.03674895
v 0.03663697 -0.00555000 -0.03786456
v 0.03669138 -0.00555000 -0.03786241
v 0.03695916 -0.00555000 -0.03781638
v 0.03696237 -0.00555000 -0.03541406
v 0.03680294 -0.00555000 -0.03537901
v 0.03674895 -0.00555000 -0.03537198
v 0.03551914 -0.00555000 -0.03601300
v 0.03549398 -0.00555000 -0.03606128
v 0.03547094 -0.00555000 -0.03611061
v 0.03544886 -0.00555000 -0.03706552
v 0.03546960 -0.00555000 -0.03711586
v 0.03674563 -0.00555000 -0.03785789
v 0.03679964 -0.00555000 -0.03785101
v 0.03658587 -0.00555000 -0.03536509
v 0.03653148 -0.00555000 -0.03536754
v 0.03631653 -0.00555000 -0.03540086
v 0.03626395 -0.00555000 -0.03541500
v 0.03537901 -0.00555000 -0.03680294
v 0.03538838 -0.00555000 -0.03685658
v 0.03540007 -0.00555000 -0.03690975
v 0.03784949 -0.00555000 -0.03641998
v 0.03783984 -0.00555000 -0.03636640
v 0.03779703 -0.00555000 -0.03620888
v 0.03777823 -0.00555000 -0.03615778
v 0.03775723 -0.00555000 -0.03610755
v 0.03537951 -0.00555000 -0.03642328
v 0.03537235 -0.00555000 -0.03647725
v 0.03536754 -0.00555000 -0.03653148
v 0.03541406 -0.00555000 -0.03696236
v 0.03543034 -0.00555000 -0.03701432
v 0.03786241 -0.00555000 -0.03669138
v 0.03786456 -0.00555000 -0.03663697
v 0.03786435 -0.00555000 -0.03658253
v 0.03782786 -0.00555000 -0.03631329
v 0.03781358 -0.00555000 -0.03626075
v 0.03773406 -0.00555000 -0.03605829
v 0.03770877 -0.00555000 -0.03601007
v 0.03768140 -0.00555000 -0.03596301
v 0.03730679 -0.00555000 -0.03557380
v 0.03726081 -0.00555000 -0.03554466
v 0.03721360 -0.00555000 -0.03551754
v 0.03706552 -0.00555000 -0.03544886
v 0.03701432 -0.00555000 -0.03543034
v 0.03536509 -0.00555000 -0.03658587
v 0.03536502 -0.00555000 -0.03664031
v 0.03549250 -0.00555000 -0.03716525
v 0.03551754 -0.00555000 -0.03721360
v 0.03554466 -0.00555000 -0.03726081
v 0.03578797 -0.00555000 -0.03755226
v 0.03582957 -0.00555000 -0.03758738
v 0.03626075 -0.00555000 -0.03781358
v 0.03631329 -0.00555000 -0.03782786
v 0.03557380 -0.00555000 -0.03730679
v 0.03560493 -0.00555000 -0.03735147
v 0.03563796 -0.00555000 -0.03739474
v 0.03587267 -0.00555000 -0.03762065
v 0.03591718 -0.00555000 -0.03765201
v 0.03596301 -0.00555000 -0.03768140
v 0.03601007 -0.00555000 -0.03770877
v 0.03605829 -0.00555000 -0.03773406
v 0.03610755 -0.00555000 -0.03775723
v 0.03636640 -0.00555000 -0.03783984
v 0.03641998 -0.00555000 -0.03784949
v 0.03647393 -0.00555000 -0.03785680
v 0.03765201 -0.00555000 -0.03591718
v 0.03762065 -0.00555000 -0.03587267
v 0.03758738 -0.00555000 -0.03582957
v 0.03743653 -0.00555000 -0.03567285
v 0.03739474 -0.00555000 -0.03563796
v 0.03735147 -0.00555000 -0.03560493
v 0.03545007 -0.00555000 -0.03616089
v 0.03543141 -0.00555000 -0.03621204
v 0.03541500 -0.00555000 -0.03626395
v 0.03567285 -0.00555000 -0.03743653
v 0.03570953 -0.00555000 -0.03747677
v 0.03574793 -0.00555000 -0.03751537
v 0.03615778 -0.00555000 -0.03777823
v 0.03620888 -0.00555000 -0.03779703
v 0.03652815 -0.00555000 -0.03786176
v 0.03658253 -0.00555000 -0.03786435
v 0.03786176 -0.00555000 -0.03652815
v 0.03785680 -0.00555000 -0.03647393
v 0.03540086 -0.00555000 -0.03631653
v 0.03538902 -0.00555000 -0.03636967
v 0.03755226 -0.00555000 -0.03578797
v 0.03751537 -0.00555000 -0.03574793
v 0.03747677 -0.00555000 -0.03570953
v 0.03421060 -0.00795000 -0.04304943
v 0.03845324 -0.00795000 -0.03880679
v 0.04304943 -0.00795000 -0.03421060
v 0.03880679 -0.00795000 -0.03845324
v 0.03554639 -0.00795000 -0.03596586
v 0.03557566 -0.00795000 -0.03591995
v 0.03032151 -0.00795000 -0.03916035
v 0.03560690 -0.00795000 -0.03587536
v 0.03564005 -0.00795000 -0.03583217
v 0.03567505 -0.00795000 -0.03579047
v 0.03571184 -0.00795000 -0.03575034
v 0.03916035 -0.00795000 -0.03032151
v 0.03780024 -0.00795000 -0.03701115
v 0.03778186 -0.00795000 -0.03706240
v 0.03721066 -0.00795000 -0.03771358
v 0.03725795 -0.00795000 -0.03768659
v 0.03730401 -0.00795000 -0.03765756
v 0.03716225 -0.00795000 -0.03773848
v 0.03711280 -0.00795000 -0.03776126
v 0.03706240 -0.00795000 -0.03778186
v 0.03575034 -0.00795000 -0.03571184
v 0.03579048 -0.00795000 -0.03567505
v 0.03583217 -0.00795000 -0.03564005
v 0.03587536 -0.00795000 -0.03560690
v 0.03591995 -0.00795000 -0.03557565
v 0.03596586 -0.00795000 -0.03554638
v 0.03765756 -0.00795000 -0.03730401
v 0.03768659 -0.00795000 -0.03725795
v 0.03771358 -0.00795000 -0.03721066
v 0.03690651 -0.00795000 -0.03783024
v 0.03695916 -0.00795000 -0.03781638
v 0.03701115 -0.00795000 -0.03780024
v 0.03776126 -0.00795000 -0.03711280
v 0.03773849 -0.00795000 -0.03716225
v 0.03685330 -0.00795000 -0.03784179
v 0.03679964 -0.00795000 -0.03785101
v 0.03674563 -0.00795000 -0.03785789
v 0.03669138 -0.00795000 -0.03786241
v 0.03663697 -0.00795000 -0.03786456
v 0.03658253 -0.00795000 -0.03786435
v 0.03641998 -0.00795000 -0.03784949
v 0.03636640 -0.00795000 -0.03783984
v 0.03551754 -0.00795000 -0.03721360
v 0.03549250 -0.00795000 -0.03716525
v 0.03546960 -0.00795000 -0.03711586
v 0.03544886 -0.00795000 -0.03706552
v 0.03543034 -0.00795000 -0.03701432
v 0.03538838 -0.00795000 -0.03685658
v 0.03537901 -0.00795000 -0.03680294
v 0.03537198 -0.00795000 -0.03674895
v 0.03536732 -0.00795000 -0.03669471
v 0.03536502 -0.00795000 -0.03664031
v 0.03536509 -0.00795000 -0.03658587
v 0.03536754 -0.00795000 -0.03653148
v 0.03543141 -0.00795000 -0.03621204
v 0.03545007 -0.00795000 -0.03616089
v 0.03547094 -0.00795000 -0.03611061
v 0.03785101 -0.00795000 -0.03679964
v 0.03784179 -0.00795000 -0.03685330
v 0.03783024 -0.00795000 -0.03690651
v 0.03781638 -0.00795000 -0.03695916
v 0.03541406 -0.00795000 -0.03696236
v 0.03540007 -0.00795000 -0.03690975
v 0.03537235 -0.00795000 -0.03647725
v 0.03537951 -0.00795000 -0.03642328
v 0.03538902 -0.00795000 -0.03636967
v 0.03549398 -0.00795000 -0.03606128
v 0.03551914 -0.00795000 -0.03601300
v 0.03601300 -0.00795000 -0.03551914
v 0.03606128 -0.00795000 -0.03549398
v 0.03611061 -0.00795000 -0.03547094
v 0.03567285 -0.00795000 -0.03743653
v 0.03563796 -0.00795000 -0.03739474
v 0.03560493 -0.00795000 -0.03735147
v 0.03616089 -0.00795000 -0.03545007
v 0.03621204 -0.00795000 -0.03543141
v 0.03626395 -0.00795000 -0.03541500
v 0.03642328 -0.00795000 -0.03537951
v 0.03647725 -0.00795000 -0.03537235
v 0.03653148 -0.00795000 -0.03536754
v 0.03669471 -0.00795000 -0.03536732
v 0.03674895 -0.00795000 -0.03537198
v 0.03680294 -0.00795000 -0.03537901
v 0.03652815 -0.00795000 -0.03786176
v 0.03647393 -0.00795000 -0.03785680
v 0.03631329 -0.00795000 -0.03782786
v 0.03626075 -0.00795000 -0.03781358
v 0.03620888 -0.00795000 -0.03779703
v 0.03596301 -0.00795000 -0.03768140
v 0.03601007 -0.00795000 -0.03770877
v 0.03605829 -0.00795000 -0.03773406
v 0.03591718 -0.00795000 -0.03765201
v 0.03587267 -0.00795000 -0.03762065
v 0.03582957 -0.00795000 -0.03758738
v 0.03631653 -0.00795000 -0.03540086
v 0.03636967 -0.00795000 -0.03538902
v 0.03658587 -0.00795000 -0.03536509
v 0.03664031 -0.00795000 -0.03536502
v 0.03685658 -0.00795000 -0.03538837
v 0.03690975 -0.00795000 -0.03540007
v 0.03696237 -0.00795000 -0.03541406
v 0.03786456 -0.00795000 -0.03663697
v 0.03786241 -0.00795000 -0.03669138
v 0.03785789 -0.00795000 -0.03674563
v 0.03615778 -0.00795000 -0.03777823
v 0.03610755 -0.00795000 -0.03775723
v 0.03557380 -0.00795000 -0.03730679
v 0.03554466 -0.00795000 -0.03726081
v 0.03540086 -0.00795000 -0.03631653
v 0.03541500 -0.00795000 -0.03626395
v 0.03770877 -0.00795000 -0.03601007
v 0.03773406 -0.00795000 -0.03605829
v 0.03775723 -0.00795000 -0.03610755
v 0.03777823 -0.00795000 -0.03615778
v 0.03578797 -0.00795000 -0.03755226
v 0.03574793 -0.00795000 -0.03751537
v 0.03570953 -0.00795000 -0.03747677
v 0.03701432 -0.00795000 -0.03543034
v 0.03706552 -0.00795000 -0.03544886
v 0.03711586 -0.00795000 -0.03546960
v 0.03716525 -0.00795000 -0.03549250
v 0.03721360 -0.00795000 -0.03551754
v 0.03726081 -0.00795000 -0.03554466
v 0.03779703 -0.00795000 -0.03620888
v 0.03781358 -0.00795000 -0.03626075
v 0.03782786 -0.00795000 -0.03631329
v 0.03755226 -0.00795000 -0.03578797
v 0.03758738 -0.00795000 -0.03582957
v 0.03762065 -0.00795000 -0.03587267
v 0.03730679 -0.00795000 -0.03557380
v 0.03735147 -0.00795000 -0.03560493
v 0.03739474 -0.00795000 -0.03563796
v 0.03765201 -0.00795000 -0.03591718
v 0.03768140 -0.00795000 -0.03596301
v 0.03783984 -0.00795000 -0.03636640
v 0.03784949 -0.00795000 -0.03641998
v 0.03785680 -0.00795000 -0.03647393
v 0.03786176 -0.00795000 -0.03652815
v 0.03786435 -0.00795000 -0.03658253
v 0.03743653 -0.00795000 -0.03567285
v 0.03747677 -0.00795000 -0.03570953
v 0.03751537 -0.00795000 -0.03574793
v 0.01476516 -0.00795000 -0.01441161
v 0.01900780 -0.00795000 -0.01016897
v 0.01476516 -0.00555000 -0.01441161
v 0.01900780 -0.00555000 -0.01016897
v 0.02289689 -0.00795000 -0.01405805
v 0.01750656 -0.00795000 -0.01746806
v 0.01405805 -0.00795000 -0.02289689
v 0.01746806 -0.00795000 -0.01750656
v 0.01720540 -0.00795000 -0.01769926
v 0.01715712 -0.00795000 -0.01772442
v 0.01776833 -0.00795000 -0.01705751
v 0.01774746 -0.00795000 -0.01710779
v 0.01772442 -0.00795000 -0.01715712
v 0.01769926 -0.00795000 -0.01720540
v 0.01767201 -0.00795000 -0.01725254
v 0.01764274 -0.00795000 -0.01729845
v 0.01761150 -0.00795000 -0.01734304
v 0.01757835 -0.00795000 -0.01738622
v 0.01754335 -0.00795000 -0.01742793
v 0.01541815 -0.00795000 -0.01620724
v 0.01543654 -0.00795000 -0.01615600
v 0.01441161 -0.00795000 -0.01476516
v 0.01600774 -0.00795000 -0.01550482
v 0.01596045 -0.00795000 -0.01553181
v 0.01591439 -0.00795000 -0.01556084
v 0.01690187 -0.00795000 -0.01781754
v 0.01695445 -0.00795000 -0.01780340
v 0.01700636 -0.00795000 -0.01778699
v 0.01783889 -0.00795000 -0.01679512
v 0.01782938 -0.00795000 -0.01684873
v 0.01781754 -0.00795000 -0.01690187
v 0.01742793 -0.00795000 -0.01754335
v 0.01738622 -0.00795000 -0.01757835
v 0.01734304 -0.00795000 -0.01761150
v 0.01729845 -0.00795000 -0.01764274
v 0.01725254 -0.00795000 -0.01767201
v 0.01710779 -0.00795000 -0.01774746
v 0.01705751 -0.00795000 -0.01776833
v 0.01535384 -0.00795000 -0.01658142
v 0.01535599 -0.00795000 -0.01652702
v 0.01016897 -0.00795000 -0.01900780
v 0.01536051 -0.00795000 -0.01647277
v 0.01536739 -0.00795000 -0.01641876
v 0.01556084 -0.00795000 -0.01591439
v 0.01553181 -0.00795000 -0.01596045
v 0.01550482 -0.00795000 -0.01600774
v 0.01780340 -0.00795000 -0.01695445
v 0.01778699 -0.00795000 -0.01700636
v 0.01537661 -0.00795000 -0.01636510
v 0.01538816 -0.00795000 -0.01631189
v 0.01540202 -0.00795000 -0.01625924
v 0.01545714 -0.00795000 -0.01610560
v 0.01547992 -0.00795000 -0.01605615
v 0.01780434 -0.00795000 -0.01625603
v 0.01781833 -0.00795000 -0.01630865
v 0.01784642 -0.00795000 -0.01646945
v 0.01785108 -0.00795000 -0.01652369
v 0.01785338 -0.00795000 -0.01657809
v 0.01785331 -0.00795000 -0.01663253
v 0.01785086 -0.00795000 -0.01668692
v 0.01784605 -0.00795000 -0.01674115
v 0.01663587 -0.00795000 -0.01535405
v 0.01658142 -0.00795000 -0.01535384
v 0.01652702 -0.00795000 -0.01535599
v 0.01783003 -0.00795000 -0.01636182
v 0.01783939 -0.00795000 -0.01641546
v 0.01684873 -0.00795000 -0.01782938
v 0.01679512 -0.00795000 -0.01783889
v 0.01674115 -0.00795000 -0.01784605
v 0.01605615 -0.00795000 -0.01547991
v 0.01610560 -0.00795000 -0.01545714
v 0.01615600 -0.00795000 -0.01543654
v 0.01620724 -0.00795000 -0.01541815
v 0.01625924 -0.00795000 -0.01540202
v 0.01631189 -0.00795000 -0.01538816
v 0.01636510 -0.00795000 -0.01537661
v 0.01641876 -0.00795000 -0.01536739
v 0.01647277 -0.00795000 -0.01536051
v 0.01764460 -0.00795000 -0.01591161
v 0.01767374 -0.00795000 -0.01595759
v 0.01774880 -0.00795000 -0.01610254
v 0.01776954 -0.00795000 -0.01615288
v 0.01778806 -0.00795000 -0.01620408
v 0.01668692 -0.00795000 -0.01785086
v 0.01663253 -0.00795000 -0.01785331
v 0.01657809 -0.00795000 -0.01785338
v 0.01652369 -0.00795000 -0.01785108
v 0.01646945 -0.00795000 -0.01784641
v 0.01641546 -0.00795000 -0.01783939
v 0.01669025 -0.00795000 -0.01535664
v 0.01674447 -0.00795000 -0.01536160
v 0.01679842 -0.00795000 -0.01536891
v 0.01685200 -0.00795000 -0.01537856
v 0.01690511 -0.00795000 -0.01539054
v 0.01695765 -0.00795000 -0.01540482
v 0.01700952 -0.00795000 -0.01542137
v 0.01706062 -0.00795000 -0.01544016
v 0.01711085 -0.00795000 -0.01546117
v 0.01716012 -0.00795000 -0.01548434
v 0.01720833 -0.00795000 -0.01550963
v 0.01725539 -0.00795000 -0.01553700
v 0.01730122 -0.00795000 -0.01556639
v 0.01734573 -0.00795000 -0.01559775
v 0.01738882 -0.00795000 -0.01563102
v 0.01636182 -0.00795000 -0.01783003
v 0.01630865 -0.00795000 -0.01781833
v 0.01625603 -0.00795000 -0.01780433
v 0.01542137 -0.00795000 -0.01700952
v 0.01540482 -0.00795000 -0.01695765
v 0.01539054 -0.00795000 -0.01690511
v 0.01537856 -0.00795000 -0.01685200
v 0.01536891 -0.00795000 -0.01679842
v 0.01536160 -0.00795000 -0.01674447
v 0.01754555 -0.00795000 -0.01578187
v 0.01758044 -0.00795000 -0.01582366
v 0.01761347 -0.00795000 -0.01586693
v 0.01770086 -0.00795000 -0.01600480
v 0.01772590 -0.00795000 -0.01605315
v 0.01535664 -0.00795000 -0.01669025
v 0.01535405 -0.00795000 -0.01663587
v 0.01743043 -0.00795000 -0.01566614
v 0.01747047 -0.00795000 -0.01570303
v 0.01750887 -0.00795000 -0.01574163
v 0.01556639 -0.00795000 -0.01730122
v 0.01553700 -0.00795000 -0.01725539
v 0.01550963 -0.00795000 -0.01720833
v 0.01548434 -0.00795000 -0.01716012
v 0.01546117 -0.00795000 -0.01711085
v 0.01544017 -0.00795000 -0.01706062
v 0.01620408 -0.00795000 -0.01778806
v 0.01615288 -0.00795000 -0.01776954
v 0.01610254 -0.00795000 -0.01774880
v 0.01605315 -0.00795000 -0.01772590
v 0.01600480 -0.00795000 -0.01770086
v 0.01595759 -0.00795000 -0.01767374
v 0.01591161 -0.00795000 -0.01764460
v 0.01586694 -0.00795000 -0.01761347
v 0.01582366 -0.00795000 -0.01758044
v 0.01566614 -0.00795000 -0.01743043
v 0.01563102 -0.00795000 -0.01738882
v 0.01559775 -0.00795000 -0.01734573
v 0.01578187 -0.00795000 -0.01754555
v 0.01574163 -0.00795000 -0.01750887
v 0.01570303 -0.00795000 -0.01747047
v 0.03916035 0.01045000 -0.03032151
v 0.03032151 0.01045000 -0.03916035
v 0.02822634 -0.01980000 -0.03194669
v 0.02844656 -0.01980000 -0.03219647
v 0.02869633 -0.01980000 -0.03241668
v 0.02897174 -0.01980000 -0.03260384
v 0.02926844 -0.01980000 -0.03275502
v 0.02958174 -0.01980000 -0.03286781
v 0.02990671 -0.01980000 -0.03294045
v 0.03023822 -0.01980000 -0.03297179
v 0.03057105 -0.01980000 -0.03296133
v 0.03089994 -0.01980000 -0.03290924
v 0.03121970 -0.01980000 -0.03281634
v 0.03152531 -0.01980000 -0.03268409
v 0.03181193 -0.01980000 -0.03251459
v 0.03207504 -0.01980000 -0.03231050
v 0.03297179 -0.01980000 -0.03023822
v 0.03294045 -0.01980000 -0.02990671
v 0.03286782 -0.01980000 -0.02958174
v 0.03275502 -0.01980000 -0.02926844
v 0.03241668 -0.01980000 -0.02869633
v 0.03260384 -0.01980000 -0.02897174
v 0.03296133 -0.01980000 -0.03057105
v 0.03290924 -0.01980000 -0.03089994
v 0.03281634 -0.01980000 -0.03121970
v 0.03268409 -0.01980000 -0.03152531
v 0.03251459 -0.01980000 -0.03181192
v 0.03231050 -0.01980000 -0.03207504
v 0.02803918 -0.01980000 -0.03167128
v 0.02788800 -0.01980000 -0.03137458
v 0.02777521 -0.01980000 -0.03106128
v 0.02770257 -0.01980000 -0.03073631
v 0.02767123 -0.01980000 -0.03040480
v 0.02768169 -0.01980000 -0.03007197
v 0.02773378 -0.01980000 -0.02974308
v 0.02782668 -0.01980000 -0.02942332
v 0.02795893 -0.01980000 -0.02911771
v 0.02812843 -0.01980000 -0.02883110
v 0.02833252 -0.01980000 -0.02856798
v 0.02856798 -0.01980000 -0.02833252
v 0.02883110 -0.01980000 -0.02812843
v 0.02911772 -0.01980000 -0.02795893
v 0.02942332 -0.01980000 -0.02782668
v 0.02974308 -0.01980000 -0.02773378
v 0.03007197 -0.01980000 -0.02768169
v 0.03040480 -0.01980000 -0.02767123
v 0.03073631 -0.01980000 -0.02770257
v 0.03106128 -0.01980000 -0.02777521
v 0.03137458 -0.01980000 -0.02788800
v 0.03167128 -0.01980000 -0.02803918
v 0.03194669 -0.01980000 -0.02822634
v 0.03219647 -0.01980000 -0.02844655
v 0.03032151 -0.01995000 -0.03032151
v 0.02792618 -0.01235000 -0.02443476
v 0.02786089 -0.01235000 -0.02434867
v 0.02779194 -0.01235000 -0.02426549
v 0.02771946 -0.01235000 -0.02418535
v 0.02764358 -0.01235000 -0.02410843
v 0.02756445 -0.01235000 -0.02403486
v 0.02748221 -0.01235000 -0.02396477
v 0.02739703 -0.01235000 -0.02389830
v 0.02730905 -0.01235000 -0.02383558
v 0.02721844 -0.01235000 -0.02377671
v 0.02712537 -0.01235000 -0.02372182
v 0.02703002 -0.01235000 -0.02367100
v 0.02693256 -0.01235000 -0.02362435
v 0.02683318 -0.01235000 -0.02358195
v 0.02673206 -0.01235000 -0.02354388
v 0.02662938 -0.01235000 -0.02351022
v 0.02652535 -0.01235000 -0.02348103
v 0.02642015 -0.01235000 -0.02345636
v 0.02631399 -0.01235000 -0.02343626
v 0.02620706 -0.01235000 -0.02342076
v 0.02609956 -0.01235000 -0.02340990
v 0.02599168 -0.01235000 -0.02340370
v 0.02588365 -0.01235000 -0.02340216
v 0.02577564 -0.01235000 -0.02340529
v 0.02566787 -0.01235000 -0.02341309
v 0.02556054 -0.01235000 -0.02342553
v 0.02545385 -0.01235000 -0.02344261
v 0.02534799 -0.01235000 -0.02346427
v 0.02524317 -0.01235000 -0.02349049
v 0.02513958 -0.01235000 -0.02352121
v 0.02503742 -0.01235000 -0.02355639
v 0.02493687 -0.01235000 -0.02359594
v 0.02483812 -0.01235000 -0.02363980
v 0.02474136 -0.01235000 -0.02368789
v 0.02464677 -0.01235000 -0.02374011
v 0.02455453 -0.01235000 -0.02379637
v 0.02446480 -0.01235000 -0.02385657
v 0.02437775 -0.01235000 -0.02392058
v 0.02429355 -0.01235000 -0.02398830
v 0.02421236 -0.01235000 -0.02405959
v 0.02413433 -0.01235000 -0.02413433
v 0.02405959 -0.01235000 -0.02421236
v 0.02398830 -0.01235000 -0.02429355
v 0.02392058 -0.01235000 -0.02437775
v 0.02385657 -0.01235000 -0.02446480
v 0.02379637 -0.01235000 -0.02455452
v 0.02374011 -0.01235000 -0.02464677
v 0.02368789 -0.01235000 -0.02474136
v 0.02363980 -0.01235000 -0.02483812
v 0.02359594 -0.01235000 -0.02493687
v 0.02355639 -0.01235000 -0.02503742
v 0.02352121 -0.01235000 -0.02513958
v 0.02349049 -0.01235000 -0.02524317
v 0.02346427 -0.01235000 -0.02534799
v 0.02344261 -0.01235000 -0.02545385
v 0.02342554 -0.01235000 -0.02556054
v 0.02341309 -0.01235000 -0.02566787
v 0.02340529 -0.01235000 -0.02577564
v 0.02340216 -0.01235000 -0.02588365
v 0.02340370 -0.01235000 -0.02599168
v 0.02340990 -0.01235000 -0.02609956
v 0.02342076 -0.01235000 -0.02620706
v 0.02343626 -0.01235000 -0.02631399
v 0.02345636 -0.01235000 -0.02642015
v 0.02348103 -0.01235000 -0.02652535
v 0.02351022 -0.01235000 -0.02662938
v 0.02354388 -0.01235000 -0.02673205
v 0.02358195 -0.01235000 -0.02683318
v 0.02362435 -0.01235000 -0.02693256
v 0.02367100 -0.01235000 -0.02703002
v 0.02372182 -0.01235000 -0.02712537
v 0.02377671 -0.01235000 -0.02721844
v 0.02383558 -0.01235000 -0.02730905
v 0.02389830 -0.01235000 -0.02739703
v 0.02396477 -0.01235000 -0.02748221
v 0.02403486 -0.01235000 -0.02756445
v 0.02410843 -0.01235000 -0.02764358
v 0.02418535 -0.01235000 -0.02771946
v 0.02426549 -0.01235000 -0.02779194
v 0.02434867 -0.01235000 -0.02786089
v 0.02443476 -0.01235000 -0.02792618
v 0.01591439 -0.00555000 -0.01556084
v 0.01556084 -0.00555000 -0.01591439
v 0.01441161 -0.00555000 -0.01476516
v 0.01553181 -0.00555000 -0.01596045
v 0.01550482 -0.00555000 -0.01600774
v 0.01547992 -0.00555000 -0.01605615
v 0.01545714 -0.00555000 -0.01610560
v 0.01543654 -0.00555000 -0.01615600
v 0.01541815 -0.00555000 -0.01620724
v 0.01540202 -0.00555000 -0.01625924
v 0.01538816 -0.00555000 -0.01631189
v 0.01537661 -0.00555000 -0.01636510
v 0.01536739 -0.00555000 -0.01641876
v 0.01536051 -0.00555000 -0.01647277
v 0.01535599 -0.00555000 -0.01652702
v 0.01535384 -0.00555000 -0.01658142
v 0.01535405 -0.00555000 -0.01663587
v 0.01535664 -0.00555000 -0.01669025
v 0.01536160 -0.00555000 -0.01674447
v 0.01536891 -0.00555000 -0.01679842
v 0.01537856 -0.00555000 -0.01685200
v 0.01539054 -0.00555000 -0.01690511
v 0.01540482 -0.00555000 -0.01695765
v 0.01542137 -0.00555000 -0.01700952
v 0.01544017 -0.00555000 -0.01706062
v 0.01546117 -0.00555000 -0.01711085
v 0.01548434 -0.00555000 -0.01716012
v 0.01550963 -0.00555000 -0.01720833
v 0.01553700 -0.00555000 -0.01725539
v 0.01556639 -0.00555000 -0.01730122
v 0.01559775 -0.00555000 -0.01734573
v 0.01563102 -0.00555000 -0.01738882
v 0.01566614 -0.00555000 -0.01743043
v 0.01570303 -0.00555000 -0.01747047
v 0.01574163 -0.00555000 -0.01750887
v 0.01578187 -0.00555000 -0.01754555
v 0.01582366 -0.00555000 -0.01758044
v 0.01586694 -0.00555000 -0.01761347
v 0.01591161 -0.00555000 -0.01764460
v 0.01595759 -0.00555000 -0.01767374
v 0.01600480 -0.00555000 -0.01770086
v 0.01605315 -0.00555000 -0.01772590
v 0.01610254 -0.00555000 -0.01774880
v 0.01615288 -0.00555000 -0.01776954
v 0.01620408 -0.00555000 -0.01778806
v 0.01625603 -0.00555000 -0.01780433
v 0.01630865 -0.00555000 -0.01781833
v 0.01636182 -0.00555000 -0.01783003
v 0.01641546 -0.00555000 -0.01783939
v 0.01646945 -0.00555000 -0.01784641
v 0.01652369 -0.00555000 -0.01785108
v 0.01657809 -0.00555000 -0.01785338
v 0.01663253 -0.00555000 -0.01785331
v 0.01668692 -0.00555000 -0.01785086
v 0.01674115 -0.00555000 -0.01784605
v 0.01679512 -0.00555000 -0.01783889
v 0.01684873 -0.00555000 -0.01782938
v 0.01690187 -0.00555000 -0.01781754
v 0.01695445 -0.00555000 -0.01780340
v 0.01700636 -0.00555000 -0.01778699
v 0.01705751 -0.00555000 -0.01776833
v 0.01710779 -0.00555000 -0.01774746
v 0.01715712 -0.00555000 -0.01772442
v 0.01720540 -0.00555000 -0.01769926
v 0.01725254 -0.00555000 -0.01767201
v 0.01729845 -0.00555000 -0.01764274
v 0.01734304 -0.00555000 -0.01761150
v 0.01738622 -0.00555000 -0.01757835
v 0.01742793 -0.00555000 -0.01754335
v 0.01746806 -0.00555000 -0.01750656
v 0.01750656 -0.00555000 -0.01746806
v 0.01754335 -0.00555000 -0.01742793
v 0.01757835 -0.00555000 -0.01738622
v 0.01761150 -0.00555000 -0.01734304
v 0.01764274 -0.00555000 -0.01729845
v 0.01767201 -0.00555000 -0.01725254
v 0.01769926 -0.00555000 -0.01720540
v 0.01772442 -0.00555000 -0.01715712
v 0.01774746 -0.00555000 -0.01710779
v 0.01776833 -0.00555000 -0.01705751
v 0.01778699 -0.00555000 -0.01700636
v 0.01780340 -0.00555000 -0.01695445
v 0.01781754 -0.00555000 -0.01690187
v 0.01782938 -0.00555000 -0.01684873
v 0.01783889 -0.00555000 -0.01679512
v 0.01784605 -0.00555000 -0.01674115
v 0.01785086 -0.00555000 -0.01668692
v 0.01785331 -0.00555000 -0.01663253
v 0.01785338 -0.00555000 -0.01657809
v 0.01785108 -0.00555000 -0.01652369
v 0.01784642 -0.00555000 -0.01646945
v 0.01783939 -0.00555000 -0.01641546
v 0.01783003 -0.00555000 -0.01636182
v 0.01781833 -0.00555000 -0.01630865
v 0.01780434 -0.00555000 -0.01625603
v 0.01778806 -0.00555000 -0.01620408
v 0.01776954 -0.00555000 -0.01615288
v 0.01774880 -0.00555000 -0.01610254
v 0.01772590 -0.00555000 -0.01605315
v 0.01770086 -0.00555000 -0.01600480
v 0.01767374 -0.00555000 -0.01595759
v 0.01764460 -0.00555000 -0.01591161
v 0.01761347 -0.00555000 -0.01586693
v 0.01758044 -0.00555000 -0.01582366
v 0.01754555 -0.00555000 -0.01578187
v 0.01750887 -0.00555000 -0.01574163
v 0.01747047 -0.00555000 -0.01570303
v 0.01743043 -0.00555000 -0.01566614
v 0.01738882 -0.00555000 -0.01563102
v 0.01734573 -0.00555000 -0.01559775
v 0.01730122 -0.00555000 -0.01556639
v 0.01725539 -0.00555000 -0.01553700
v 0.01720833 -0.00555000 -0.01550963
v 0.01716012 -0.00555000 -0.01548434
v 0.01711085 -0.00555000 -0.01546117
v 0.01706062 -0.00555000 -0.01544016
v 0.01700952 -0.00555000 -0.01542137
v 0.01695765 -0.00555000 -0.01540482
v 0.01690511 -0.00555000 -0.01539054
v 0.01685200 -0.00555000 -0.01537856
v 0.01679842 -0.00555000 -0.01536891
v 0.01674447 -0.00555000 -0.01536160
v 0.01669025 -0.00555000 -0.01535664
v 0.01663587 -0.00555000 -0.01535405
v 0.01658142 -0.00555000 -0.01535384
v 0.01652702 -0.00555000 -0.01535599
v 0.01647277 -0.00555000 -0.01536051
v 0.01641876 -0.00555000 -0.01536739
v 0.01636510 -0.00555000 -0.01537661
v 0.01631189 -0.00555000 -0.01538816
v 0.01625924 -0.00555000 -0.01540202
v 0.01620724 -0.00555000 -0.01541815
v 0.01615600 -0.00555000 -0.01543654
v 0.01610560 -0.00555000 -0.01545714
v 0.01605615 -0.00555000 -0.01547991
v 0.01600774 -0.00555000 -0.01550482
v 0.01596045 -0.00555000 -0.01553181
v 0.02289689 -0.01235000 -0.01405805
v 0.01405805 -0.01235000 -0.02289689
v 0.01016897 -0.00555000 -0.01900780
v 0.02289689 -0.00555000 -0.01405805
v 0.01405805 -0.00555000 -0.02289689
v 0.01405805 0.01045000 -0.02289689
v 0.02289689 0.01045000 -0.01405805
v 0.00315251 0.01945000 0.00321414
v 0.00313886 0.01945000 0.00323115
v 0.00305868 0.01945000 0.00338518
v 0.00303981 0.01945000 0.00347027
v 0.00303981 0.01945000 0.00360080
v 0.00304313 0.01945000 0.00362236
v 0.00305868 0.01945000 0.00368589
v 0.00306569 0.01945000 0.00370654
v 0.00309203 0.01945000 0.00376641
v 0.00312596 0.01945000 0.00382232
v 0.00313886 0.01945000 0.00383991
v 0.00315251 0.01945000 0.00385693
v 0.00316690 0.01945000 0.00387333
v 0.00321414 0.01945000 0.00391856
v 0.00323115 0.01945000 0.00393221
v 0.00324875 0.01945000 0.00394511
v 0.00330466 0.01945000 0.00397904
v 0.00336452 0.01945000 0.00400538
v 0.00338518 0.01945000 0.00401239
v 0.00344871 0.01945000 0.00402794
v 0.00347027 0.01945000 0.00403126
v 0.00351373 0.01945000 0.00403506
v 0.00357911 0.01945000 0.00403363
v 0.00360080 0.01945000 0.00403126
v 0.00368589 0.01945000 0.00401239
v 0.00383992 0.01945000 0.00393221
v 0.00395723 0.01945000 0.00380418
v 0.00397904 0.01945000 0.00376641
v 0.00398869 0.01945000 0.00374684
v 0.00402794 0.01945000 0.00362236
v 0.00403126 0.01945000 0.00360080
v 0.00403363 0.01945000 0.00357911
v 0.00403553 0.01945000 0.00353553
v 0.00400538 0.01945000 0.00336452
v 0.00399747 0.01945000 0.00334419
v 0.00397904 0.01945000 0.00330466
v 0.00396855 0.01945000 0.00328553
v 0.00391856 0.01945000 0.00321414
v 0.00387333 0.01945000 0.00316689
v 0.00385693 0.01945000 0.00315251
v 0.00378553 0.01945000 0.00310252
v 0.00376641 0.01945000 0.00309203
v 0.00372688 0.01945000 0.00307359
v 0.00370654 0.01945000 0.00306569
v 0.00353553 0.01945000 0.00303553
v 0.00347027 0.01945000 0.00303981
v 0.00344871 0.01945000 0.00304313
v 0.00332423 0.01945000 0.00308238
v 0.00330466 0.01945000 0.00309203
v 0.00326689 0.01945000 0.00311384
v -0.00390417 0.01945000 -0.00319774
v -0.00385693 0.01945000 -0.00315251
v -0.00383991 0.01945000 -0.00313886
v -0.00382232 0.01945000 -0.00312596
v -0.00376641 0.01945000 -0.00309203
v -0.00368589 0.01945000 -0.00305868
v -0.00360080 0.01945000 -0.00303981
v -0.00347027 0.01945000 -0.00303981
v -0.00338518 0.01945000 -0.00305868
v -0.00311384 0.01945000 -0.00326688
v -0.00309203 0.01945000 -0.00330466
v -0.00303981 0.01945000 -0.00347027
v -0.00308238 0.01945000 -0.00374684
v -0.00309203 0.01945000 -0.00376641
v -0.00315251 0.01945000 -0.00385693
v -0.00319774 0.01945000 -0.00390417
v -0.00332422 0.01945000 -0.00398869
v 0.02923887 0.01245000 -0.02923887
v 0.03602709 0.01045000 -0.03602709
v 0.03602709 0.01245000 -0.03602709
v 0.03599242 0.01045000 -0.03606028
v 0.03599242 0.01245000 -0.03606028
v 0.03595634 0.01045000 -0.03609192
v 0.03595634 0.01245000 -0.03609192
v 0.03591891 0.01045000 -0.03612196
v 0.03591891 0.01245000 -0.03612196
v 0.03588021 0.01045000 -0.03615034
v 0.03588021 0.01245000 -0.03615034
v 0.03584030 0.01045000 -0.03617700
v 0.03584030 0.01245000 -0.03617700
v 0.03579928 0.01045000 -0.03620190
v 0.03579928 0.01245000 -0.03620190
v 0.03575720 0.01045000 -0.03622499
v 0.03575720 0.01245000 -0.03622499
v 0.03571415 0.01045000 -0.03624621
v 0.03571415 0.01245000 -0.03624621
v 0.03567023 0.01045000 -0.03626554
v 0.03567023 0.01245000 -0.03626554
v 0.03562550 0.01045000 -0.03628294
v 0.03562550 0.01245000 -0.03628294
v 0.03558005 0.01045000 -0.03629836
v 0.03558005 0.01245000 -0.03629836
v 0.03553397 0.01045000 -0.03631179
v 0.03553397 0.01245000 -0.03631179
v 0.03548736 0.01045000 -0.03632320
v 0.03548736 0.01245000 -0.03632320
v 0.03544029 0.01045000 -0.03633256
v 0.03544029 0.01245000 -0.03633256
v 0.03539285 0.01045000 -0.03633986
v 0.03539285 0.01245000 -0.03633986
v 0.03534515 0.01045000 -0.03634509
v 0.03534515 0.01245000 -0.03634509
v 0.03529726 0.01045000 -0.03634823
v 0.03529726 0.01245000 -0.03634823
v 0.03524927 0.01045000 -0.03634927
v 0.03524927 0.01245000 -0.03634927
v 0.03520129 0.01045000 -0.03634823
v 0.03520129 0.01245000 -0.03634823
v 0.03515340 0.01045000 -0.03634509
v 0.03515340 0.01245000 -0.03634509
v 0.03510569 0.01045000 -0.03633986
v 0.03510569 0.01245000 -0.03633986
v 0.03505826 0.01045000 -0.03633256
v 0.03505826 0.01245000 -0.03633256
v 0.03501119 0.01045000 -0.03632320
v 0.03501119 0.01245000 -0.03632320
v 0.03496457 0.01045000 -0.03631179
v 0.03496457 0.01245000 -0.03631179
v 0.03491850 0.01045000 -0.03629836
v 0.03491850 0.01245000 -0.03629836
v 0.03487305 0.01045000 -0.03628294
v 0.03487305 0.01245000 -0.03628294
v 0.03482832 0.01045000 -0.03626554
v 0.03482832 0.01245000 -0.03626554
v 0.03478439 0.01045000 -0.03624621
v 0.03478439 0.01245000 -0.03624621
v 0.03474135 0.01045000 -0.03622499
v 0.03474135 0.01245000 -0.03622499
v 0.03469927 0.01045000 -0.03620190
v 0.03469927 0.01245000 -0.03620190
v 0.03465824 0.01045000 -0.03617700
v 0.03465824 0.01245000 -0.03617700
v 0.03461834 0.01045000 -0.03615034
v 0.03461834 0.01245000 -0.03615034
v 0.03457964 0.01045000 -0.03612196
v 0.03457964 0.01245000 -0.03612196
v 0.03454221 0.01045000 -0.03609192
v 0.03454221 0.01245000 -0.03609192
v 0.03450613 0.01045000 -0.03606028
v 0.03450613 0.01245000 -0.03606028
v 0.03447146 0.01045000 -0.03602709
v 0.03447146 0.01245000 -0.03602709
v 0.03443827 0.01045000 -0.03599242
v 0.03443827 0.01245000 -0.03599242
v 0.03440663 0.01045000 -0.03595634
v 0.03440663 0.01245000 -0.03595634
v 0.03437658 0.01045000 -0.03591891
v 0.03437658 0.01245000 -0.03591891
v 0.03434821 0.01045000 -0.03588021
v 0.03434821 0.01245000 -0.03588021
v 0.03432154 0.01045000 -0.03584030
v 0.03432154 0.01245000 -0.03584030
v 0.03429665 0.01045000 -0.03579927
v 0.03429665 0.01245000 -0.03579927
v 0.03427356 0.01045000 -0.03575720
v 0.03427356 0.01245000 -0.03575720
v 0.03425233 0.01045000 -0.03571415
v 0.03425233 0.01245000 -0.03571415
v 0.03423301 0.01045000 -0.03567023
v 0.03423301 0.01245000 -0.03567023
v 0.03421561 0.01045000 -0.03562550
v 0.03421561 0.01245000 -0.03562550
v 0.03420018 0.01045000 -0.03558005
v 0.03420018 0.01245000 -0.03558005
v 0.03418675 0.01045000 -0.03553397
v 0.03418675 0.01245000 -0.03553397
v 0.03417535 0.01045000 -0.03548736
v 0.03417535 0.01245000 -0.03548736
v 0.03416599 0.01045000 -0.03544029
v 0.03416599 0.01245000 -0.03544029
v 0.03415868 0.01045000 -0.03539285
v 0.03415868 0.01245000 -0.03539285
v 0.03415346 0.01045000 -0.03534514
v 0.03415346 0.01245000 -0.03534514
v 0.03415032 0.01045000 -0.03529725
v 0.03415032 0.01245000 -0.03529725
v 0.03414927 0.01045000 -0.03524927
v 0.03414927 0.01245000 -0.03524927
v 0.03415032 0.01045000 -0.03520129
v 0.03415032 0.01245000 -0.03520129
v 0.03415346 0.01045000 -0.03515340
v 0.03415346 0.01245000 -0.03515340
v 0.03415868 0.01045000 -0.03510569
v 0.03415868 0.01245000 -0.03510569
v 0.03416598 0.01045000 -0.03505826
v 0.03416598 0.01245000 -0.03505826
v 0.03417535 0.01045000 -0.03501119
v 0.03417535 0.01245000 -0.03501119
v 0.03418676 0.01045000 -0.03496457
v 0.03418676 0.01245000 -0.03496457
v 0.03420019 0.01045000 -0.03491850
v 0.03420019 0.01245000 -0.03491850
v 0.03421561 0.01045000 -0.03487305
v 0.03421561 0.01245000 -0.03487305
v 0.03423301 0.01045000 -0.03482832
v 0.03423301 0.01245000 -0.03482832
v 0.03425234 0.01045000 -0.03478439
v 0.03425234 0.01245000 -0.03478439
v 0.03427356 0.01045000 -0.03474135
v 0.03427356 0.01245000 -0.03474135
v 0.03429665 0.01045000 -0.03469927
v 0.03429665 0.01245000 -0.03469927
v 0.03432154 0.01045000 -0.03465824
v 0.03432154 0.01245000 -0.03465824
v 0.03434821 0.01045000 -0.03461834
v 0.03434821 0.01245000 -0.03461834
v 0.03437658 0.01045000 -0.03457964
v 0.03437658 0.01245000 -0.03457964
v 0.03440662 0.01045000 -0.03454221
v 0.03440662 0.01245000 -0.03454221
v 0.03443827 0.01045000 -0.03450612
v 0.03443827 0.01245000 -0.03450612
v 0.03447146 0.01045000 -0.03447146
v 0.03447146 0.01245000 -0.03447146
v 0.03450612 0.01045000 -0.03443827
v 0.03450612 0.01245000 -0.03443827
v 0.03454221 0.01045000 -0.03440662
v 0.03454221 0.01245000 -0.03440662
v 0.03457964 0.01045000 -0.03437658
v 0.03457964 0.01245000 -0.03437658
v 0.03461834 0.01045000 -0.03434821
v 0.03461834 0.01245000 -0.03434821
v 0.03465824 0.01045000 -0.03432154
v 0.03465824 0.01245000 -0.03432154
v 0.03469927 0.01045000 -0.03429664
v 0.03469927 0.01245000 -0.03429664
v 0.03474135 0.01045000 -0.03427356
v 0.03474135 0.01245000 -0.03427356
v 0.03478439 0.01045000 -0.03425234
v 0.03478439 0.01245000 -0.03425234
v 0.03482832 0.01045000 -0.03423301
v 0.03482832 0.01245000 -0.03423301
v 0.03487305 0.01045000 -0.03421561
v 0.03487305 0.01245000 -0.03421561
v 0.03491850 0.01045000 -0.03420019
v 0.03491850 0.01245000 -0.03420019
v 0.03496457 0.01045000 -0.03418676
v 0.03496457 0.01245000 -0.03418676
v 0.03501119 0.01045000 -0.03417535
v 0.03501119 0.01245000 -0.03417535
v 0.03505826 0.01045000 -0.03416598
v 0.03505826 0.01245000 -0.03416598
v 0.03510569 0.01045000 -0.03415868
v 0.03510569 0.01245000 -0.03415868
v 0.03515340 0.01045000 -0.03415346
v 0.03515340 0.01245000 -0.03415346
v 0.03520129 0.01045000 -0.03415032
v 0.03520129 0.01245000 -0.03415032
v 0.03524927 0.01045000 -0.03414927
v 0.03524927 0.01245000 -0.03414927
v 0.03529725 0.01045000 -0.03415032
v 0.03529725 0.01245000 -0.03415032
v 0.03534514 0.01045000 -0.03415346
v 0.03534514 0.01245000 -0.03415346
v 0.03539285 0.01045000 -0.03415868
v 0.03539285 0.01245000 -0.03415868
v 0.03544029 0.01045000 -0.03416598
v 0.03544029 0.01245000 -0.03416598
v 0.03548736 0.01045000 -0.03417535
v 0.03548736 0.01245000 -0.03417535
v 0.03553397 0.01045000 -0.03418675
v 0.03553397 0.01245000 -0.03418675
v 0.03558005 0.01045000 -0.03420018
v 0.03558005 0.01245000 -0.03420018
v 0.03562550 0.01045000 -0.03421561
v 0.03562550 0.01245000 -0.03421561
v 0.03567023 0.01045000 -0.03423301
v 0.03567023 0.01245000 -0.03423301
v 0.03571415 0.01045000 -0.03425233
v 0.03571415 0.01245000 -0.03425233
v 0.03575720 0.01045000 -0.03427356
v 0.03575720 0.01245000 -0.03427356
v 0.03579927 0.01045000 -0.03429665
v 0.03579927 0.01245000 -0.03429665
v 0.03584030 0.01045000 -0.03432154
v 0.03584030 0.01245000 -0.03432154
v 0.03588021 0.01045000 -0.03434821
v 0.03588021 0.01245000 -0.03434821
v 0.03591891 0.01045000 -0.03437658
v 0.03591891 0.01245000 -0.03437658
v 0.03595634 0.01045000 -0.03440663
v 0.03595634 0.01245000 -0.03440663
v 0.03599242 0.01045000 -0.03443827
v 0.03599242 0.01245000 -0.03443827
v 0.03602709 0.01045000 -0.03447146
v 0.03602709 0.01245000 -0.03447146
v 0.03606028 0.01045000 -0.03450613
v 0.03606028 0.01245000 -0.03450613
v 0.03609192 0.01045000 -0.03454221
v 0.03609192 0.01245000 -0.03454221
v 0.03612196 0.01045000 -0.03457964
v 0.03612196 0.01245000 -0.03457964
v 0.03615034 0.01045000 -0.03461834
v 0.03615034 0.01245000 -0.03461834
v 0.03617700 0.01045000 -0.03465824
v 0.03617700 0.01245000 -0.03465824
v 0.03620190 0.01045000 -0.03469927
v 0.03620190 0.01245000 -0.03469927
v 0.03622499 0.01045000 -0.03474135
v 0.03622499 0.01245000 -0.03474135
v 0.03624621 0.01045000 -0.03478439
v 0.03624621 0.01245000 -0.03478439
v 0.03626554 0.01045000 -0.03482832
v 0.03626554 0.01245000 -0.03482832
v 0.03628294 0.01045000 -0.03487305
v 0.03628294 0.01245000 -0.03487305
v 0.03629836 0.01045000 -0.03491850
v 0.03629836 0.01245000 -0.03491850
v 0.03631179 0.01045000 -0.03496457
v 0.03631179 0.01245000 -0.03496457
v 0.03632320 0.01045000 -0.03501119
v 0.03632320 0.01245000 -0.03501119
v 0.03633256 0.01045000 -0.03505826
v 0.03633256 0.01245000 -0.03505826
v 0.03633986 0.01045000 -0.03510569
v 0.03633986 0.01245000 -0.03510569
v 0.03634509 0.01045000 -0.03515340
v 0.03634509 0.01245000 -0.03515340
v 0.03634823 0.01045000 -0.03520129
v 0.03634823 0.01245000 -0.03520129
v 0.03634927 0.01045000 -0.03524927
v 0.03634927 0.01245000 -0.03524927
v 0.03634823 0.01045000 -0.03529726
v 0.03634823 0.01245000 -0.03529726
v 0.03634509 0.01045000 -0.03534515
v 0.03634509 0.01245000 -0.03534515
v 0.03633986 0.01045000 -0.03539285
v 0.03633986 0.01245000 -0.03539285
v 0.03633256 0.01045000 -0.03544029
v 0.03633256 0.01245000 -0.03544029
v 0.03632320 0.01045000 -0.03548736
v 0.03632320 0.01245000 -0.03548736
v 0.03631179 0.01045000 -0.03553397
v 0.03631179 0.01245000 -0.03553397
v 0.03629836 0.01045000 -0.03558005
v 0.03629836 0.01245000 -0.03558005
v 0.03628294 0.01045000 -0.03562550
v 0.03628294 0.01245000 -0.03562550
v 0.03626554 0.01045000 -0.03567023
v 0.03626554 0.01245000 -0.03567023
v 0.03624621 0.01045000 -0.03571415
v 0.03624621 0.01245000 -0.03571415
v 0.03622499 0.01045000 -0.03575720
v 0.03622499 0.01245000 -0.03575720
v 0.03620190 0.01045000 -0.03579927
v 0.03620190 0.01245000 -0.03579927
v 0.03617700 0.01045000 -0.03584030
v 0.03617700 0.01245000 -0.03584030
v 0.03615034 0.01045000 -0.03588021
v 0.03615034 0.01245000 -0.03588021
v 0.03612196 0.01045000 -0.03591891
v 0.03612196 0.01245000 -0.03591891
v 0.03609192 0.01045000 -0.03595634
v 0.03609192 0.01245000 -0.03595634
v 0.03606028 0.01045000 -0.03599242
v 0.03606028 0.01245000 -0.03599242
v 0.03524927 0.01245000 -0.03524927
v 0.03609192 0.00245000 -0.03595634
v 0.03612196 0.00245000 -0.03591891
v 0.03981011 0.00245000 -0.03415326
v 0.03510569 0.00245000 -0.03415868
v 0.03505826 0.00245000 -0.03416598
v 0.03634529 0.00245000 -0.03068843
v 0.03579928 0.00245000 -0.03620190
v 0.03584030 0.00245000 -0.03617700
v 0.03415326 0.00245000 -0.03981011
v 0.03588021 0.00245000 -0.03615034
v 0.03591891 0.00245000 -0.03612196
v 0.03595634 0.00245000 -0.03609192
v 0.03599242 0.00245000 -0.03606028
v 0.03602709 0.00245000 -0.03602709
v 0.03606028 0.00245000 -0.03599242
v 0.03615034 0.00245000 -0.03588021
v 0.03617700 0.00245000 -0.03584030
v 0.03620190 0.00245000 -0.03579927
v 0.03626554 0.00245000 -0.03567023
v 0.03628294 0.00245000 -0.03562550
v 0.03629836 0.00245000 -0.03558005
v 0.03631179 0.00245000 -0.03553397
v 0.03622499 0.00245000 -0.03575720
v 0.03624621 0.00245000 -0.03571415
v 0.03632320 0.00245000 -0.03548736
v 0.03633256 0.00245000 -0.03544029
v 0.03633986 0.00245000 -0.03539285
v 0.03501119 0.00245000 -0.03417535
v 0.03496457 0.00245000 -0.03418676
v 0.03491850 0.00245000 -0.03420019
v 0.03487305 0.00245000 -0.03421561
v 0.03482832 0.00245000 -0.03423301
v 0.03478439 0.00245000 -0.03425234
v 0.03474135 0.00245000 -0.03427356
v 0.03469927 0.00245000 -0.03429664
v 0.03465824 0.00245000 -0.03432154
v 0.03440662 0.00245000 -0.03454221
v 0.03437658 0.00245000 -0.03457964
v 0.03068843 0.00245000 -0.03634529
v 0.03634509 0.00245000 -0.03534515
v 0.03634823 0.00245000 -0.03529726
v 0.03634927 0.00245000 -0.03524927
v 0.03634823 0.00245000 -0.03520129
v 0.03634509 0.00245000 -0.03515340
v 0.03633986 0.00245000 -0.03510569
v 0.03631179 0.00245000 -0.03496457
v 0.03629836 0.00245000 -0.03491850
v 0.03553397 0.00245000 -0.03418675
v 0.03548736 0.00245000 -0.03417535
v 0.03544029 0.00245000 -0.03416598
v 0.03539285 0.00245000 -0.03415868
v 0.03461834 0.00245000 -0.03434821
v 0.03457964 0.00245000 -0.03437658
v 0.03454221 0.00245000 -0.03440662
v 0.03450612 0.00245000 -0.03443827
v 0.03447146 0.00245000 -0.03447146
v 0.03443827 0.00245000 -0.03450612
v 0.03434821 0.00245000 -0.03461834
v 0.03432154 0.00245000 -0.03465824
v 0.03429665 0.00245000 -0.03469927
v 0.03427356 0.00245000 -0.03474135
v 0.03425234 0.00245000 -0.03478439
v 0.03423301 0.00245000 -0.03482832
v 0.03553397 0.00245000 -0.03631179
v 0.03558005 0.00245000 -0.03629836
v 0.03562550 0.00245000 -0.03628294
v 0.03567023 0.00245000 -0.03626554
v 0.03633256 0.00245000 -0.03505826
v 0.03632320 0.00245000 -0.03501119
v 0.03571415 0.00245000 -0.03624621
v 0.03575720 0.00245000 -0.03622499
v 0.03628294 0.00245000 -0.03487305
v 0.03626554 0.00245000 -0.03482832
v 0.03624621 0.00245000 -0.03478439
v 0.03609192 0.00245000 -0.03454221
v 0.03606028 0.00245000 -0.03450613
v 0.03602709 0.00245000 -0.03447146
v 0.03534514 0.00245000 -0.03415346
v 0.03529725 0.00245000 -0.03415032
v 0.03524927 0.00245000 -0.03414927
v 0.03520129 0.00245000 -0.03415032
v 0.03515340 0.00245000 -0.03415346
v 0.03617700 0.00245000 -0.03465824
v 0.03615034 0.00245000 -0.03461834
v 0.03612196 0.00245000 -0.03457964
v 0.03599242 0.00245000 -0.03443827
v 0.03595634 0.00245000 -0.03440663
v 0.03591891 0.00245000 -0.03437658
v 0.03588021 0.00245000 -0.03434821
v 0.03584030 0.00245000 -0.03432154
v 0.03579927 0.00245000 -0.03429665
v 0.03421561 0.00245000 -0.03487305
v 0.03420019 0.00245000 -0.03491850
v 0.03418676 0.00245000 -0.03496457
v 0.03622499 0.00245000 -0.03474135
v 0.03620190 0.00245000 -0.03469927
v 0.03575720 0.00245000 -0.03427356
v 0.03571415 0.00245000 -0.03425233
v 0.03567023 0.00245000 -0.03423301
v 0.03562550 0.00245000 -0.03421561
v 0.03558005 0.00245000 -0.03420018
v 0.03417535 0.00245000 -0.03501119
v 0.03416598 0.00245000 -0.03505826
v 0.03415868 0.00245000 -0.03510569
v 0.03534515 0.00245000 -0.03634509
v 0.03539285 0.00245000 -0.03633986
v 0.03510569 0.00245000 -0.03633986
v 0.03515340 0.00245000 -0.03634509
v 0.03520129 0.00245000 -0.03634823
v 0.03544029 0.00245000 -0.03633256
v 0.03548736 0.00245000 -0.03632320
v 0.03414927 0.00245000 -0.03524927
v 0.03415032 0.00245000 -0.03529725
v 0.03415346 0.00245000 -0.03534514
v 0.03415868 0.00245000 -0.03539285
v 0.03423301 0.00245000 -0.03567023
v 0.03425233 0.00245000 -0.03571415
v 0.03427356 0.00245000 -0.03575720
v 0.03429665 0.00245000 -0.03579927
v 0.03496457 0.00245000 -0.03631179
v 0.03501119 0.00245000 -0.03632320
v 0.03505826 0.00245000 -0.03633256
v 0.03524927 0.00245000 -0.03634927
v 0.03529726 0.00245000 -0.03634823
v 0.03415346 0.00245000 -0.03515340
v 0.03415032 0.00245000 -0.03520129
v 0.03416599 0.00245000 -0.03544029
v 0.03417535 0.00245000 -0.03548736
v 0.03418675 0.00245000 -0.03553397
v 0.03432154 0.00245000 -0.03584030
v 0.03434821 0.00245000 -0.03588021
v 0.03437658 0.00245000 -0.03591891
v 0.03420018 0.00245000 -0.03558005
v 0.03421561 0.00245000 -0.03562550
v 0.03482832 0.00245000 -0.03626554
v 0.03478439 0.00245000 -0.03624621
v 0.03474135 0.00245000 -0.03622499
v 0.03440663 0.00245000 -0.03595634
v 0.03443827 0.00245000 -0.03599242
v 0.03447146 0.00245000 -0.03602709
v 0.03450613 0.00245000 -0.03606028
v 0.03454221 0.00245000 -0.03609192
v 0.03457964 0.00245000 -0.03612196
v 0.03461834 0.00245000 -0.03615034
v 0.03465824 0.00245000 -0.03617700
v 0.03469927 0.00245000 -0.03620190
v 0.03487305 0.00245000 -0.03628294
v 0.03491850 0.00245000 -0.03629836
v 0.03981011 0.01045000 -0.03415326
v 0.03634529 0.01045000 -0.03068843
v 0.00398869 0.01945000 0.00332423
v 0.01743018 0.01945000 -0.00647003
v 0.00393221 0.01945000 0.00323115
v 0.00394511 0.01945000 0.00324875
v 0.00395723 0.01945000 0.00326688
v -0.00311384 0.01945000 -0.00380418
v -0.00310252 0.01945000 -0.00378553
v -0.00134325 0.01945000 -0.00210848
v 0.00328553 0.01945000 0.00396855
v 0.00194454 0.01945000 0.00901561
v 0.00332423 0.01945000 0.00398869
v 0.00401239 0.01945000 0.00338518
v 0.00401850 0.01945000 0.00340612
v 0.00402368 0.01945000 0.00342731
v 0.00353553 0.01945000 0.00403553
v 0.00355734 0.01945000 0.00403506
v 0.00388909 0.01945000 0.00318198
v 0.00390417 0.01945000 0.00319774
v 0.00402794 0.01945000 0.00344871
v 0.00403126 0.01945000 0.00347027
v 0.00403363 0.01945000 0.00349196
v 0.00334419 0.01945000 0.00399747
v -0.00313886 0.01945000 -0.00383991
v -0.00312596 0.01945000 -0.00382232
v -0.00307359 0.01945000 -0.00372688
v -0.00306569 0.01945000 -0.00370654
v -0.00305868 0.01945000 -0.00368589
v -0.00364375 0.01945000 -0.00304739
v -0.00366494 0.01945000 -0.00305257
v -0.00238429 0.01945000 0.00075176
v 0.00349196 0.01945000 0.00403363
v 0.00342732 0.01945000 0.00402368
v 0.00340613 0.01945000 0.00401849
v -0.00305257 0.01945000 -0.00366494
v -0.00304738 0.01945000 -0.00364375
v -0.00304313 0.01945000 -0.00362236
v -0.00303981 0.01945000 -0.00360080
v -0.00303744 0.01945000 -0.00357911
v -0.00303601 0.01945000 -0.00355734
v -0.00370654 0.01945000 -0.00306569
v -0.00234923 0.01945000 0.00085505
v -0.00372687 0.01945000 -0.00307360
v -0.00380418 0.01945000 -0.00311384
v -0.00901561 0.01945000 -0.00194454
v -0.00387333 0.01945000 -0.00316690
v -0.00388909 0.01945000 -0.00318198
v -0.00393221 0.01945000 -0.00323115
v -0.00394511 0.01945000 -0.00324875
v -0.00395723 0.01945000 -0.00326688
v -0.00396855 0.01945000 -0.00328553
v -0.00403553 0.01945000 -0.00353553
v -0.00403506 0.01945000 -0.00355734
v 0.00403506 0.01945000 0.00351373
v 0.00403506 0.01945000 0.00355734
v -0.00303553 0.01945000 -0.00353553
v -0.00303601 0.01945000 -0.00351373
v -0.00303744 0.01945000 -0.00349196
v -0.00355734 0.01945000 -0.00303601
v -0.00357911 0.01945000 -0.00303744
v 0.00326688 0.01945000 0.00395723
v 0.00319774 0.01945000 0.00390417
v 0.00318198 0.01945000 0.00388909
v 0.00311384 0.01945000 0.00380419
v 0.00647003 0.01945000 -0.01743018
v 0.00368589 0.01945000 0.00305868
v -0.00338518 0.01945000 -0.00401239
v -0.00336452 0.01945000 -0.00400538
v -0.00334419 0.01945000 -0.00399747
v -0.00064705 0.01945000 -0.00241481
v -0.00328553 0.01945000 -0.00396855
v -0.00326688 0.01945000 -0.00395723
v 0.00396855 0.01945000 0.00378553
v -0.00342731 0.01945000 -0.00304739
v -0.00344871 0.01945000 -0.00304313
v -0.00241481 0.01945000 0.00064705
v -0.00349196 0.01945000 -0.00303744
v -0.00351373 0.01945000 -0.00303601
v -0.00353553 0.01945000 -0.00303553
v -0.00362236 0.01945000 -0.00304313
v -0.00095671 0.01945000 0.00230970
v -0.00105654 0.01945000 0.00226577
v -0.00075176 0.01945000 0.00238429
v 0.00303601 0.01945000 0.00355734
v 0.00303553 0.01945000 0.00353553
v 0.00374684 0.01945000 0.00308238
v 0.00380419 0.01945000 0.00311384
v 0.00382232 0.01945000 0.00312596
v 0.00383991 0.01945000 0.00313886
v -0.00391856 0.01945000 -0.00321414
v -0.00397904 0.01945000 -0.00330466
v -0.00398869 0.01945000 -0.00332422
v -0.00399747 0.01945000 -0.00334419
v -0.00400538 0.01945000 -0.00336452
v -0.00401239 0.01945000 -0.00338518
v -0.00401849 0.01945000 -0.00340613
v -0.00344871 0.01945000 -0.00402794
v -0.00342731 0.01945000 -0.00402368
v -0.00340612 0.01945000 -0.00401850
v 0.00010905 0.01945000 -0.00249762
v 0.00021789 0.01945000 -0.00249049
v 0.00075177 0.01945000 -0.00238429
v 0.00064705 0.01945000 -0.00241481
v 0.00054110 0.01945000 -0.00244074
v -0.00075176 0.01945000 -0.00238429
v -0.00324875 0.01945000 -0.00394511
v -0.00085505 0.01945000 -0.00234923
v 0.00402368 0.01945000 0.00364375
v 0.00401850 0.01945000 0.00366494
v 0.00401239 0.01945000 0.00368589
v 0.00400538 0.01945000 0.00370654
v 0.00399748 0.01945000 0.00372688
v 0.00394511 0.01945000 0.00382232
v 0.00393221 0.01945000 0.00383991
v -0.00210848 0.01945000 0.00134325
v -0.00216506 0.01945000 0.00125000
v -0.00221753 0.01945000 0.00115437
v 0.00304739 0.01945000 0.00364375
v 0.00362236 0.01945000 0.00304313
v 0.00364376 0.01945000 0.00304738
v 0.00366494 0.01945000 0.00305257
v -0.00402368 0.01945000 -0.00342732
v -0.00402794 0.01945000 -0.00344871
v -0.00403126 0.01945000 -0.00347027
v -0.00403363 0.01945000 -0.00349196
v -0.00403506 0.01945000 -0.00351373
v -0.00402794 0.01945000 -0.00362236
v -0.00402368 0.01945000 -0.00364375
v -0.00351373 0.01945000 -0.00403506
v -0.00353553 0.01945000 -0.00403553
v -0.00355734 0.01945000 -0.00403506
v -0.00349196 0.01945000 -0.00403363
v -0.00347027 0.01945000 -0.00403126
v -0.00054110 0.01945000 -0.00244074
v -0.00043412 0.01945000 -0.00246202
v -0.00032631 0.01945000 -0.00247861
v -0.00021789 0.01945000 -0.00249049
v -0.00010905 0.01945000 -0.00249762
v 0.00000000 0.01945000 -0.00250000
v 0.00032632 0.01945000 -0.00247861
v 0.00043412 0.01945000 -0.00246202
v 0.00152190 0.01945000 -0.00198338
v 0.00143394 0.01945000 -0.00204788
v 0.00134325 0.01945000 -0.00210848
v -0.00095671 0.01945000 -0.00230970
v -0.00323115 0.01945000 -0.00393221
v -0.00105654 0.01945000 -0.00226577
v -0.00321414 0.01945000 -0.00391856
v -0.00115437 0.01945000 -0.00221753
v -0.00125000 0.01945000 -0.00216506
v -0.00318198 0.01945000 -0.00388909
v -0.00316689 0.01945000 -0.00387333
v 0.00374685 0.01945000 0.00398869
v 0.00376641 0.01945000 0.00397904
v 0.00378554 0.01945000 0.00396855
v 0.00372688 0.01945000 0.00399747
v 0.00370655 0.01945000 0.00400538
v 0.00362236 0.01945000 0.00402794
v -0.00085505 0.01945000 0.00234923
v -0.00115437 0.01945000 0.00221753
v -0.00125000 0.01945000 0.00216506
v -0.00134325 0.01945000 0.00210848
v -0.00143394 0.01945000 0.00204788
v -0.00152190 0.01945000 0.00198338
v -0.00160697 0.01945000 0.00191511
v -0.00226577 0.01945000 0.00105654
v -0.00230970 0.01945000 0.00095671
v 0.00307360 0.01945000 0.00372687
v 0.00305257 0.01945000 0.00366494
v 0.00304313 0.01945000 0.00344871
v 0.00304739 0.01945000 0.00342731
v -0.00064705 0.01945000 0.00241481
v 0.00305257 0.01945000 0.00340612
v -0.00054110 0.01945000 0.00244074
v 0.00355734 0.01945000 0.00303601
v 0.00351373 0.01945000 0.00303601
v 0.00357911 0.01945000 0.00303744
v 0.00360080 0.01945000 0.00303981
v -0.00403363 0.01945000 -0.00357911
v -0.00403126 0.01945000 -0.00360080
v -0.00330466 0.01945000 -0.00397904
v 0.00085505 0.01945000 -0.00234923
v 0.00095671 0.01945000 -0.00230970
v 0.00105655 0.01945000 -0.00226577
v 0.00115437 0.01945000 -0.00221753
v 0.00125000 0.01945000 -0.00216506
v 0.00160697 0.01945000 -0.00191511
v 0.00168898 0.01945000 -0.00184319
v 0.00176777 0.01945000 -0.00176777
v 0.00391856 0.01945000 0.00385693
v 0.00390417 0.01945000 0.00387333
v 0.00388909 0.01945000 0.00388909
v 0.00387333 0.01945000 0.00390417
v 0.00385693 0.01945000 0.00391856
v 0.00366494 0.01945000 0.00401850
v 0.00364375 0.01945000 0.00402368
v -0.00306569 0.01945000 -0.00336453
v -0.00307359 0.01945000 -0.00334419
v -0.00308238 0.01945000 -0.00332423
v -0.00323115 0.01945000 -0.00313886
v -0.00198338 0.01945000 -0.00152190
v -0.00191511 0.01945000 -0.00160697
v -0.00326688 0.01945000 -0.00311384
v -0.00210848 0.01945000 -0.00134325
v -0.00204788 0.01945000 -0.00143394
v -0.00191511 0.01945000 0.00160697
v -0.00198338 0.01945000 0.00152190
v -0.00204788 0.01945000 0.00143394
v -0.00374684 0.01945000 -0.00308238
v -0.00378553 0.01945000 -0.00310252
v 0.00303744 0.01945000 0.00357911
v 0.00382232 0.01945000 0.00394511
v 0.00380419 0.01945000 0.00395723
v -0.00304313 0.01945000 -0.00344871
v -0.00304738 0.01945000 -0.00342732
v 0.00310252 0.01945000 0.00378553
v 0.00308238 0.01945000 0.00374684
v -0.00168897 0.01945000 0.00184319
v -0.00176777 0.01945000 0.00176777
v -0.00184319 0.01945000 0.00168898
v 0.00303601 0.01945000 0.00351373
v 0.00303744 0.01945000 0.00349196
v -0.00305257 0.01945000 -0.00340613
v -0.00305867 0.01945000 -0.00338518
v -0.00310252 0.01945000 -0.00328554
v -0.00143394 0.01945000 -0.00204788
v -0.00312596 0.01945000 -0.00324874
v -0.00152190 0.01945000 -0.00198338
v -0.00313886 0.01945000 -0.00323115
v -0.00160697 0.01945000 -0.00191511
v -0.00315251 0.01945000 -0.00321414
v -0.00168898 0.01945000 -0.00184319
v -0.00316689 0.01945000 -0.00319774
v -0.00176777 0.01945000 -0.00176777
v -0.00318198 0.01945000 -0.00318198
v -0.00184319 0.01945000 -0.00168898
v -0.00319774 0.01945000 -0.00316689
v -0.00321414 0.01945000 -0.00315251
v -0.00324875 0.01945000 -0.00312596
v -0.00216506 0.01945000 -0.00125000
v -0.00330466 0.01945000 -0.00309203
v -0.00221753 0.01945000 -0.00115437
v -0.00226577 0.01945000 -0.00105655
v -0.00230970 0.01945000 -0.00095671
v -0.00334419 0.01945000 -0.00307360
v -0.00234923 0.01945000 -0.00085505
v -0.00238429 0.01945000 -0.00075176
v 0.00184319 0.01945000 -0.00168898
v 0.00191511 0.01945000 -0.00160697
v 0.00198338 0.01945000 -0.00152190
v -0.00401850 0.01945000 -0.00366494
v -0.00401239 0.01945000 -0.00368589
v -0.00400538 0.01945000 -0.00370655
v -0.00391856 0.01945000 -0.00385693
v -0.00390417 0.01945000 -0.00387333
v -0.00388909 0.01945000 -0.00388909
v -0.00387333 0.01945000 -0.00390417
v -0.00328553 0.01945000 -0.00310252
v -0.00332422 0.01945000 -0.00308238
v -0.00340612 0.01945000 -0.00305257
v -0.00244074 0.01945000 0.00054110
v -0.00246202 0.01945000 0.00043412
v -0.00247861 0.01945000 0.00032632
v -0.00249049 0.01945000 0.00021789
v -0.00249762 0.01945000 0.00010905
v -0.00250000 0.01945000 0.00000000
v -0.00249762 0.01945000 -0.00010905
v -0.00249049 0.01945000 -0.00021789
v 0.00064705 0.01945000 0.00241481
v 0.00054110 0.01945000 0.00244074
v 0.00306569 0.01945000 0.00336452
v 0.00204788 0.01945000 -0.00143394
v 0.00210848 0.01945000 -0.00134325
v 0.00216507 0.01945000 -0.00125000
v 0.00221753 0.01945000 -0.00115437
v 0.00226577 0.01945000 -0.00105655
v 0.00230970 0.01945000 -0.00095671
v -0.00395723 0.01945000 -0.00380419
v -0.00396855 0.01945000 -0.00378553
v -0.00397904 0.01945000 -0.00376641
v -0.00394511 0.01945000 -0.00382232
v -0.00393221 0.01945000 -0.00383992
v -0.00364375 0.01945000 -0.00402368
v -0.00362236 0.01945000 -0.00402794
v -0.00247861 0.01945000 -0.00032632
v -0.00246202 0.01945000 -0.00043412
v -0.00244074 0.01945000 -0.00054110
v 0.00246202 0.01945000 -0.00043412
v 0.00247861 0.01945000 -0.00032632
v 0.00349196 0.01945000 0.00303744
v 0.00244074 0.01945000 0.00054110
v 0.00246202 0.01945000 0.00043412
v 0.00247861 0.01945000 0.00032631
v -0.00399747 0.01945000 -0.00372688
v -0.00398869 0.01945000 -0.00374684
v -0.00385693 0.01945000 -0.00391856
v -0.00383991 0.01945000 -0.00393221
v -0.00382232 0.01945000 -0.00394511
v -0.00370654 0.01945000 -0.00400538
v -0.00368588 0.01945000 -0.00401239
v -0.00366494 0.01945000 -0.00401850
v -0.00360080 0.01945000 -0.00403126
v -0.00357911 0.01945000 -0.00403363
v 0.00249049 0.01945000 -0.00021789
v 0.00249762 0.01945000 -0.00010905
v 0.00250000 0.01945000 -0.00000000
v -0.00380418 0.01945000 -0.00395723
v -0.00378553 0.01945000 -0.00396855
v -0.00376641 0.01945000 -0.00397904
v -0.00241481 0.01945000 -0.00064705
v -0.00336452 0.01945000 -0.00306569
v 0.00234923 0.01945000 -0.00085505
v 0.00238429 0.01945000 -0.00075177
v 0.00241481 0.01945000 -0.00064705
v 0.00244074 0.01945000 -0.00054110
v 0.00249762 0.01945000 0.00010905
v 0.00249049 0.01945000 0.00021789
v 0.00323116 0.01945000 0.00313886
v 0.00198338 0.01945000 0.00152190
v 0.00191511 0.01945000 0.00160697
v 0.00210848 0.01945000 0.00134325
v 0.00204788 0.01945000 0.00143394
v 0.00334419 0.01945000 0.00307359
v 0.00336453 0.01945000 0.00306569
v 0.00230970 0.01945000 0.00095671
v -0.00374684 0.01945000 -0.00398869
v -0.00372687 0.01945000 -0.00399747
v -0.00010905 0.01945000 0.00249762
v -0.00021789 0.01945000 0.00249049
v 0.00105655 0.01945000 0.00226577
v 0.00095671 0.01945000 0.00230970
v 0.00338518 0.01945000 0.00305867
v 0.00340613 0.01945000 0.00305257
v 0.00238429 0.01945000 0.00075176
v 0.00342732 0.01945000 0.00304738
v 0.00043412 0.01945000 0.00246202
v 0.00032632 0.01945000 0.00247861
v 0.00021789 0.01945000 0.00249049
v 0.00010905 0.01945000 0.00249762
v 0.00000000 0.01945000 0.00250000
v -0.00032632 0.01945000 0.00247861
v -0.00043412 0.01945000 0.00246202
v 0.00125000 0.01945000 0.00216506
v 0.00307360 0.01945000 0.00334419
v 0.00308238 0.01945000 0.00332422
v 0.00152190 0.01945000 0.00198338
v 0.00143394 0.01945000 0.00204788
v 0.00311384 0.01945000 0.00326688
v 0.00134325 0.01945000 0.00210848
v 0.00310252 0.01945000 0.00328553
v 0.00309203 0.01945000 0.00330466
v 0.00312596 0.01945000 0.00324875
v 0.00160697 0.01945000 0.00191511
v 0.00168898 0.01945000 0.00184319
v 0.00316690 0.01945000 0.00319774
v 0.00176777 0.01945000 0.00176777
v 0.00318198 0.01945000 0.00318198
v 0.00184319 0.01945000 0.00168898
v 0.00319774 0.01945000 0.00316690
v 0.00321414 0.01945000 0.00315251
v 0.00324875 0.01945000 0.00312596
v 0.00234923 0.01945000 0.00085505
v 0.00241482 0.01945000 0.00064705
v 0.00115437 0.01945000 0.00221753
v 0.00085505 0.01945000 0.00234923
v 0.00075176 0.01945000 0.00238429
v 0.00226577 0.01945000 0.00105654
v 0.00221753 0.01945000 0.00115437
v 0.00216506 0.01945000 0.00125000
v 0.00328554 0.01945000 0.00310252
v -0.00176777 0.01645000 0.00176777
v -0.00184319 0.01645000 0.00168898
v -0.00191511 0.01645000 0.00160697
v -0.00198338 0.01645000 0.00152190
v -0.00204788 0.01645000 0.00143394
v -0.00210848 0.01645000 0.00134325
v -0.00216506 0.01645000 0.00125000
v -0.00221753 0.01645000 0.00115437
v -0.00226577 0.01645000 0.00105654
v -0.00230970 0.01645000 0.00095671
v -0.00234923 0.01645000 0.00085505
v -0.00238429 0.01645000 0.00075176
v -0.00241481 0.01645000 0.00064705
v -0.00244074 0.01645000 0.00054110
v -0.00246202 0.01645000 0.00043412
v -0.00247861 0.01645000 0.00032632
v -0.00249049 0.01645000 0.00021789
v -0.00249762 0.01645000 0.00010905
v -0.00250000 0.01645000 0.00000000
v -0.00249762 0.01645000 -0.00010905
v -0.00249049 0.01645000 -0.00021789
v -0.00247861 0.01645000 -0.00032632
v -0.00246202 0.01645000 -0.00043412
v -0.00244074 0.01645000 -0.00054110
v -0.00241481 0.01645000 -0.00064705
v -0.00238429 0.01645000 -0.00075176
v -0.00234923 0.01645000 -0.00085505
v -0.00230970 0.01645000 -0.00095671
v -0.00226577 0.01645000 -0.00105655
v -0.00221753 0.01645000 -0.00115437
v -0.00216506 0.01645000 -0.00125000
v -0.00210848 0.01645000 -0.00134325
v -0.00204788 0.01645000 -0.00143394
v -0.00198338 0.01645000 -0.00152190
v -0.00191511 0.01645000 -0.00160697
v -0.00184319 0.01645000 -0.00168898
v -0.00176777 0.01645000 -0.00176777
v -0.00168898 0.01645000 -0.00184319
v -0.00160697 0.01645000 -0.00191511
v -0.00152190 0.01645000 -0.00198338
v -0.00143394 0.01645000 -0.00204788
v -0.00134325 0.01645000 -0.00210848
v -0.00125000 0.01645000 -0.00216506
v -0.00115437 0.01645000 -0.00221753
v -0.00105654 0.01645000 -0.00226577
v -0.00095671 0.01645000 -0.00230970
v -0.00085505 0.01645000 -0.00234923
v -0.00075176 0.01645000 -0.00238429
v -0.00064705 0.01645000 -0.00241481
v -0.00054110 0.01645000 -0.00244074
v -0.00043412 0.01645000 -0.00246202
v -0.00032631 0.01645000 -0.00247861
v -0.00021789 0.01645000 -0.00249049
v -0.00010905 0.01645000 -0.00249762
v 0.00000000 0.01645000 -0.00250000
v 0.00010905 0.01645000 -0.00249762
v 0.00021789 0.01645000 -0.00249049
v 0.00032632 0.01645000 -0.00247861
v 0.00043412 0.01645000 -0.00246202
v 0.00054110 0.01645000 -0.00244074
v 0.00064705 0.01645000 -0.00241481
v 0.00075177 0.01645000 -0.00238429
v 0.00085505 0.01645000 -0.00234923
v 0.00095671 0.01645000 -0.00230970
v 0.00105655 0.01645000 -0.00226577
v 0.00115437 0.01645000 -0.00221753
v 0.00125000 0.01645000 -0.00216506
v 0.00134325 0.01645000 -0.00210848
v 0.00143394 0.01645000 -0.00204788
v 0.00152190 0.01645000 -0.00198338
v 0.00160697 0.01645000 -0.00191511
v 0.00168898 0.01645000 -0.00184319
v 0.00176777 0.01645000 -0.00176777
v 0.00184319 0.01645000 -0.00168898
v 0.00191511 0.01645000 -0.00160697
v 0.00198338 0.01645000 -0.00152190
v 0.00204788 0.01645000 -0.00143394
v 0.00210848 0.01645000 -0.00134325
v 0.00216507 0.01645000 -0.00125000
v 0.00221753 0.01645000 -0.00115437
v 0.00226577 0.01645000 -0.00105655
v 0.00230970 0.01645000 -0.00095671
v 0.00234923 0.01645000 -0.00085505
v 0.00238429 0.01645000 -0.00075177
v 0.00241481 0.01645000 -0.00064705
v 0.00244074 0.01645000 -0.00054110
v 0.00246202 0.01645000 -0.00043412
v 0.00247861 0.01645000 -0.00032632
v 0.00249049 0.01645000 -0.00021789
v 0.00249762 0.01645000 -0.00010905
v 0.00250000 0.01645000 -0.00000000
v 0.00249762 0.01645000 0.00010905
v 0.00249049 0.01645000 0.00021789
v 0.00247861 0.01645000 0.00032631
v 0.00246202 0.01645000 0.00043412
v 0.00244074 0.01645000 0.00054110
v 0.00241482 0.01645000 0.00064705
v 0.00238429 0.01645000 0.00075176
v 0.00234923 0.01645000 0.00085505
v 0.00230970 0.01645000 0.00095671
v 0.00226577 0.01645000 0.00105654
v 0.00221753 0.01645000 0.00115437
v 0.00216506 0.01645000 0.00125000
v 0.00210848 0.01645000 0.00134325
v 0.00204788 0.01645000 0.00143394
v 0.00198338 0.01645000 0.00152190
v 0.00191511 0.01645000 0.00160697
v 0.00184319 0.01645000 0.00168898
v 0.00176777 0.01645000 0.00176777
v 0.00168898 0.01645000 0.00184319
v 0.00160697 0.01645000 0.00191511
v 0.00152190 0.01645000 0.00198338
v 0.00143394 0.01645000 0.00204788
v 0.00134325 0.01645000 0.00210848
v 0.00125000 0.01645000 0.00216506
v 0.00115437 0.01645000 0.00221753
v 0.00105655 0.01645000 0.00226577
v 0.00095671 0.01645000 0.00230970
v 0.00085505 0.01645000 0.00234923
v 0.00075176 0.01645000 0.00238429
v 0.00064705 0.01645000 0.00241481
v 0.00054110 0.01645000 0.00244074
v 0.00043412 0.01645000 0.00246202
v 0.00032632 0.01645000 0.00247861
v 0.00021789 0.01645000 0.00249049
v 0.00010905 0.01645000 0.00249762
v 0.00000000 0.01645000 0.00250000
v -0.00010905 0.01645000 0.00249762
v -0.00021789 0.01645000 0.00249049
v -0.00032632 0.01645000 0.00247861
v -0.00043412 0.01645000 0.00246202
v -0.00054110 0.01645000 0.00244074
v -0.00064705 0.01645000 0.00241481
v -0.00075176 0.01645000 0.00238429
v -0.00085505 0.01645000 0.00234923
v -0.00095671 0.01645000 0.00230970
v -0.00105654 0.01645000 0.00226577
v -0.00115437 0.01645000 0.00221753
v -0.00125000 0.01645000 0.00216506
v -0.00134325 0.01645000 0.00210848
v -0.00143394 0.01645000 0.00204788
v -0.00152190 0.01645000 0.00198338
v -0.00160697 0.01645000 0.00191511
v -0.00168897 0.01645000 0.00184319
v -0.00388909 0.01645000 -0.00318198
v -0.00390417 0.01645000 -0.00319774
v -0.00391856 0.01645000 -0.00321414
v -0.00393221 0.01645000 -0.00323115
v -0.00394511 0.01645000 -0.00324875
v -0.00395723 0.01645000 -0.00326688
v -0.00396855 0.01645000 -0.00328553
v -0.00397904 0.01645000 -0.00330466
v -0.00398869 0.01645000 -0.00332422
v -0.00399747 0.01645000 -0.00334419
v -0.00400538 0.01645000 -0.00336452
v -0.00401239 0.01645000 -0.00338518
v -0.00401849 0.01645000 -0.00340613
v -0.00402368 0.01645000 -0.00342732
v -0.00402794 0.01645000 -0.00344871
v -0.00403126 0.01645000 -0.00347027
v -0.00403363 0.01645000 -0.00349196
v -0.00403506 0.01645000 -0.00351373
v -0.00403553 0.01645000 -0.00353553
v -0.00403506 0.01645000 -0.00355734
v -0.00403363 0.01645000 -0.00357911
v -0.00403126 0.01645000 -0.00360080
v -0.00402794 0.01645000 -0.00362236
v -0.00402368 0.01645000 -0.00364375
v -0.00401850 0.01645000 -0.00366494
v -0.00401239 0.01645000 -0.00368589
v -0.00400538 0.01645000 -0.00370655
v -0.00399747 0.01645000 -0.00372688
v -0.00398869 0.01645000 -0.00374684
v -0.00397904 0.01645000 -0.00376641
v -0.00396855 0.01645000 -0.00378553
v -0.00395723 0.01645000 -0.00380419
v -0.00394511 0.01645000 -0.00382232
v -0.00393221 0.01645000 -0.00383992
v -0.00391856 0.01645000 -0.00385693
v -0.00390417 0.01645000 -0.00387333
v -0.00388909 0.01645000 -0.00388909
v -0.00387333 0.01645000 -0.00390417
v -0.00385693 0.01645000 -0.00391856
v -0.00383991 0.01645000 -0.00393221
v -0.00382232 0.01645000 -0.00394511
v -0.00380418 0.01645000 -0.00395723
v -0.00378553 0.01645000 -0.00396855
v -0.00376641 0.01645000 -0.00397904
v -0.00374684 0.01645000 -0.00398869
v -0.00372687 0.01645000 -0.00399747
v -0.00370654 0.01645000 -0.00400538
v -0.00368588 0.01645000 -0.00401239
v -0.00366494 0.01645000 -0.00401850
v -0.00364375 0.01645000 -0.00402368
v -0.00362236 0.01645000 -0.00402794
v -0.00360080 0.01645000 -0.00403126
v -0.00357911 0.01645000 -0.00403363
v -0.00355734 0.01645000 -0.00403506
v -0.00353553 0.01645000 -0.00403553
v -0.00351373 0.01645000 -0.00403506
v -0.00349196 0.01645000 -0.00403363
v -0.00347027 0.01645000 -0.00403126
v -0.00344871 0.01645000 -0.00402794
v -0.00342731 0.01645000 -0.00402368
v -0.00340612 0.01645000 -0.00401850
v -0.00338518 0.01645000 -0.00401239
v -0.00336452 0.01645000 -0.00400538
v -0.00334419 0.01645000 -0.00399747
v -0.00332422 0.01645000 -0.00398869
v -0.00330466 0.01645000 -0.00397904
v -0.00328553 0.01645000 -0.00396855
v -0.00326688 0.01645000 -0.00395723
v -0.00324875 0.01645000 -0.00394511
v -0.00323115 0.01645000 -0.00393221
v -0.00321414 0.01645000 -0.00391856
v -0.00319774 0.01645000 -0.00390417
v -0.00318198 0.01645000 -0.00388909
v -0.00316689 0.01645000 -0.00387333
v -0.00315251 0.01645000 -0.00385693
v -0.00313886 0.01645000 -0.00383991
v -0.00312596 0.01645000 -0.00382232
v -0.00311384 0.01645000 -0.00380418
v -0.00310252 0.01645000 -0.00378553
v -0.00309203 0.01645000 -0.00376641
v -0.00308238 0.01645000 -0.00374684
v -0.00307359 0.01645000 -0.00372688
v -0.00306569 0.01645000 -0.00370654
v -0.00305868 0.01645000 -0.00368589
v -0.00305257 0.01645000 -0.00366494
v -0.00304738 0.01645000 -0.00364375
v -0.00304313 0.01645000 -0.00362236
v -0.00303981 0.01645000 -0.00360080
v -0.00303744 0.01645000 -0.00357911
v -0.00303601 0.01645000 -0.00355734
v -0.00303553 0.01645000 -0.00353553
v -0.00303601 0.01645000 -0.00351373
v -0.00303744 0.01645000 -0.00349196
v -0.00303981 0.01645000 -0.00347027
v -0.00304313 0.01645000 -0.00344871
v -0.00304738 0.01645000 -0.00342732
v -0.00305257 0.01645000 -0.00340613
v -0.00305867 0.01645000 -0.00338518
v -0.00306569 0.01645000 -0.00336453
v -0.00307359 0.01645000 -0.00334419
v -0.00308238 0.01645000 -0.00332423
v -0.00309203 0.01645000 -0.00330466
v -0.00310252 0.01645000 -0.00328554
v -0.00311384 0.01645000 -0.00326688
v -0.00312596 0.01645000 -0.00324874
v -0.00313886 0.01645000 -0.00323115
v -0.00315251 0.01645000 -0.00321414
v -0.00316689 0.01645000 -0.00319774
v -0.00318198 0.01645000 -0.00318198
v -0.00319774 0.01645000 -0.00316689
v -0.00321414 0.01645000 -0.00315251
v -0.00323115 0.01645000 -0.00313886
v -0.00324875 0.01645000 -0.00312596
v -0.00326688 0.01645000 -0.00311384
v -0.00328553 0.01645000 -0.00310252
v -0.00330466 0.01645000 -0.00309203
v -0.00332422 0.01645000 -0.00308238
v -0.00334419 0.01645000 -0.00307360
v -0.00336452 0.01645000 -0.00306569
v -0.00338518 0.01645000 -0.00305868
v -0.00340612 0.01645000 -0.00305257
v -0.00342731 0.01645000 -0.00304739
v -0.00344871 0.01645000 -0.00304313
v -0.00347027 0.01645000 -0.00303981
v -0.00349196 0.01645000 -0.00303744
v -0.00351373 0.01645000 -0.00303601
v -0.00353553 0.01645000 -0.00303553
v -0.00355734 0.01645000 -0.00303601
v -0.00357911 0.01645000 -0.00303744
v -0.00360080 0.01645000 -0.00303981
v -0.00362236 0.01645000 -0.00304313
v -0.00364375 0.01645000 -0.00304739
v -0.00366494 0.01645000 -0.00305257
v -0.00368589 0.01645000 -0.00305868
v -0.00370654 0.01645000 -0.00306569
v -0.00372687 0.01645000 -0.00307360
v -0.00374684 0.01645000 -0.00308238
v -0.00376641 0.01645000 -0.00309203
v -0.00378553 0.01645000 -0.00310252
v -0.00380418 0.01645000 -0.00311384
v -0.00382232 0.01645000 -0.00312596
v -0.00383991 0.01645000 -0.00313886
v -0.00385693 0.01645000 -0.00315251
v -0.00387333 0.01645000 -0.00316690
v 0.00724785 0.01145000 -0.01820800
v 0.00859135 0.01145000 -0.01955150
v 0.01820800 0.01145000 -0.00724785
v 0.01955150 0.01145000 -0.00859135
v 0.01608668 0.01645000 -0.00512652
v 0.00512652 0.01645000 -0.01608668
v 0.00513208 0.01608845 -0.01609223
v 0.01609223 0.01608845 -0.00513208
v 0.00514689 0.01575886 -0.01610704
v 0.01610704 0.01575886 -0.00514689
v 0.00517053 0.01543686 -0.01613068
v 0.01613068 0.01543686 -0.00517053
v 0.00520235 0.01512515 -0.01616250
v 0.01616250 0.01512515 -0.00520235
v 0.00524155 0.01482594 -0.01620170
v 0.01620170 0.01482594 -0.00524155
v 0.00528723 0.01454095 -0.01624739
v 0.01624739 0.01454095 -0.00528723
v 0.00533848 0.01427142 -0.01629863
v 0.01629863 0.01427142 -0.00533848
v 0.00539435 0.01401810 -0.01635450
v 0.01635450 0.01401810 -0.00539435
v 0.00545395 0.01378132 -0.01641410
v 0.01641410 0.01378132 -0.00545395
v 0.00551645 0.01356105 -0.01647661
v 0.01647661 0.01356105 -0.00551645
v 0.00558112 0.01335698 -0.01654127
v 0.01654127 0.01335698 -0.00558112
v 0.00564728 0.01316858 -0.01660743
v 0.01660743 0.01316858 -0.00564728
v 0.00571437 0.01299517 -0.01667453
v 0.01667453 0.01299517 -0.00571437
v 0.00578208 0.01283557 -0.01674224
v 0.01674224 0.01283557 -0.00578208
v 0.00584971 0.01268966 -0.01680987
v 0.01680987 0.01268966 -0.00584971
v 0.00591710 0.01255619 -0.01687726
v 0.01687726 0.01255619 -0.00591710
v 0.00598400 0.01243426 -0.01694416
v 0.01694416 0.01243426 -0.00598400
v 0.00605023 0.01232304 -0.01701039
v 0.01701039 0.01232304 -0.00605023
v 0.00611565 0.01222169 -0.01707581
v 0.01707581 0.01222169 -0.00611565
v 0.00618017 0.01212945 -0.01714033
v 0.01714033 0.01212945 -0.00618017
v 0.00624374 0.01204560 -0.01720389
v 0.01720389 0.01204560 -0.00624374
v 0.00630632 0.01196947 -0.01726647
v 0.01726647 0.01196947 -0.00630632
v 0.00636790 0.01190046 -0.01732805
v 0.01732805 0.01190046 -0.00636790
v 0.00642860 0.01183791 -0.01738876
v 0.01738876 0.01183791 -0.00642860
v 0.00647983 0.01178920 -0.01743998
v 0.01743998 0.01178920 -0.00647983
v 0.00653871 0.01173765 -0.01749887
v 0.01749887 0.01173765 -0.00653871
v 0.00659673 0.01169135 -0.01755689
v 0.01755689 0.01169135 -0.00659673
v 0.00665395 0.01164995 -0.01761411
v 0.01761411 0.01164995 -0.00665395
v 0.00671043 0.01161311 -0.01767059
v 0.01767059 0.01161311 -0.00671043
v 0.00676624 0.01158056 -0.01772640
v 0.01772640 0.01158056 -0.00676624
v 0.00682146 0.01155204 -0.01778161
v 0.01778161 0.01155204 -0.00682146
v 0.00687616 0.01152735 -0.01783631
v 0.01783631 0.01152735 -0.00687615
v 0.00693041 0.01150630 -0.01789056
v 0.01789056 0.01150630 -0.00693041
v 0.00698430 0.01148874 -0.01794445
v 0.01794445 0.01148874 -0.00698430
v 0.00703791 0.01147455 -0.01799806
v 0.01799806 0.01147455 -0.00703791
v 0.00709132 0.01146363 -0.01805148
v 0.01805148 0.01146363 -0.00709132
v 0.00714462 0.01145592 -0.01810478
v 0.01810478 0.01145592 -0.00714462
v 0.00719788 0.01145139 -0.01815803
v 0.01815803 0.01145139 -0.00719787
v 0.03793628 -0.00515000 -0.02909744
v 0.02195567 -0.00515000 -0.01311683
v 0.03793628 0.01045000 -0.02909744
v 0.02195567 0.01045000 -0.01311683
v 0.01311683 0.01045000 -0.02195567
v 0.01311683 -0.00515000 -0.02195567
v 0.02909744 0.01045000 -0.03793628
v 0.02909744 -0.00515000 -0.03793628
v 0.01746954 0.01944914 -0.00650938
v 0.00650938 0.01944914 -0.01746954
v 0.01752206 0.01944531 -0.00656190
v 0.00656190 0.01944531 -0.01752205
v 0.01757485 0.01943836 -0.00661469
v 0.00661469 0.01943836 -0.01757485
v 0.01762800 0.01942821 -0.00666784
v 0.00666784 0.01942821 -0.01762800
v 0.01768159 0.01941476 -0.00672144
v 0.00672144 0.01941476 -0.01768159
v 0.01773572 0.01939787 -0.00677556
v 0.00677556 0.01939787 -0.01773572
v 0.01779046 0.01937736 -0.00683031
v 0.00683031 0.01937736 -0.01779046
v 0.01784592 0.01935304 -0.00688576
v 0.00688576 0.01935304 -0.01784592
v 0.01790217 0.01932467 -0.00694202
v 0.00694202 0.01932467 -0.01790217
v 0.01795931 0.01929196 -0.00699916
v 0.00699916 0.01929196 -0.01795931
v 0.01801743 0.01925459 -0.00705728
v 0.00705728 0.01925459 -0.01801743
v 0.01807661 0.01921219 -0.00711646
v 0.00711646 0.01921219 -0.01807661
v 0.01813694 0.01916434 -0.00717678
v 0.00717678 0.01916434 -0.01813694
v 0.01819791 0.01911106 -0.00723776
v 0.00723776 0.01911106 -0.01819791
v 0.01821540 0.01909485 -0.00725524
v 0.00725524 0.01909485 -0.01821540
v 0.01827861 0.01903268 -0.00731846
v 0.00731846 0.01903268 -0.01827861
v 0.01834320 0.01896319 -0.00738304
v 0.00738304 0.01896319 -0.01834320
v 0.01840919 0.01888568 -0.00744904
v 0.00744904 0.01888568 -0.01840919
v 0.01847660 0.01879933 -0.00751645
v 0.00751645 0.01879933 -0.01847660
v 0.01854542 0.01870327 -0.00758526
v 0.00758526 0.01870327 -0.01854542
v 0.01861558 0.01859651 -0.00765542
v 0.00765542 0.01859651 -0.01861558
v 0.01868698 0.01847800 -0.00772683
v 0.00772683 0.01847800 -0.01868698
v 0.01875945 0.01834661 -0.00779930
v 0.00779930 0.01834661 -0.01875945
v 0.01883274 0.01820117 -0.00787259
v 0.00787259 0.01820117 -0.01883274
v 0.01890644 0.01804063 -0.00794628
v 0.00794628 0.01804063 -0.01890644
v 0.01897736 0.01787073 -0.00801720
v 0.00801720 0.01787073 -0.01897736
v 0.01905064 0.01767672 -0.00809049
v 0.00809049 0.01767672 -0.01905064
v 0.01912270 0.01746422 -0.00816254
v 0.00816254 0.01746422 -0.01912270
v 0.01919269 0.01723246 -0.00823253
v 0.00823253 0.01723246 -0.01919269
v 0.01925963 0.01698107 -0.00829947
v 0.00829947 0.01698107 -0.01925963
v 0.01932228 0.01671074 -0.00836212
v 0.00836212 0.01671074 -0.01932228
v 0.01937440 0.01645000 -0.00841425
v 0.00841425 0.01645000 -0.01937440
v 0.01506069 -0.00515000 -0.01499283
v 0.01955150 -0.00515000 -0.00859135
v 0.01502602 -0.00515000 -0.01502602
v 0.00859135 -0.00515000 -0.01955150
v 0.01547306 -0.00515000 -0.01475475
v 0.01542762 -0.00515000 -0.01477017
v 0.01538289 -0.00515000 -0.01478757
v 0.01561282 -0.00515000 -0.01472055
v 0.01566026 -0.00515000 -0.01471325
v 0.01682010 -0.00515000 -0.01538289
v 0.01683750 -0.00515000 -0.01542761
v 0.04246176 -0.00515000 -0.03150161
v 0.03617700 -0.00515000 -0.03584030
v 0.03615034 -0.00515000 -0.03588021
v 0.03429665 -0.00515000 -0.03469927
v 0.03432154 -0.00515000 -0.03465824
v 0.01525384 -0.00515000 -0.01485121
v 0.01521281 -0.00515000 -0.01487611
v 0.01517290 -0.00515000 -0.01490277
v 0.01529591 -0.00515000 -0.01482812
v 0.01533896 -0.00515000 -0.01480690
v 0.01551914 -0.00515000 -0.01474132
v 0.01556575 -0.00515000 -0.01472991
v 0.01690279 -0.00515000 -0.01585182
v 0.01689965 -0.00515000 -0.01589971
v 0.01689443 -0.00515000 -0.01594742
v 0.01688713 -0.00515000 -0.01599485
v 0.01685293 -0.00515000 -0.01613461
v 0.01683750 -0.00515000 -0.01618006
v 0.01682010 -0.00515000 -0.01622479
v 0.01680078 -0.00515000 -0.01626872
v 0.03633256 -0.00515000 -0.03544029
v 0.03632320 -0.00515000 -0.03548736
v 0.03631179 -0.00515000 -0.03553397
v 0.03629836 -0.00515000 -0.03558005
v 0.03628294 -0.00515000 -0.03562550
v 0.03626554 -0.00515000 -0.03567023
v 0.03624621 -0.00515000 -0.03571415
v 0.03579928 -0.00515000 -0.03620190
v 0.03575720 -0.00515000 -0.03622499
v 0.03150161 -0.00515000 -0.04246176
v 0.03571415 -0.00515000 -0.03624621
v 0.03567023 -0.00515000 -0.03626554
v 0.03562550 -0.00515000 -0.03628294
v 0.03558005 -0.00515000 -0.03629836
v 0.03553397 -0.00515000 -0.03631179
v 0.03421561 -0.00515000 -0.03487305
v 0.03423301 -0.00515000 -0.03482832
v 0.03434821 -0.00515000 -0.03461834
v 0.03437658 -0.00515000 -0.03457964
v 0.03440662 -0.00515000 -0.03454221
v 0.01509677 -0.00515000 -0.01496119
v 0.01513420 -0.00515000 -0.01493115
v 0.01594742 -0.00515000 -0.01471325
v 0.01599485 -0.00515000 -0.01472055
v 0.01604192 -0.00515000 -0.01472991
v 0.01608854 -0.00515000 -0.01474132
v 0.01687776 -0.00515000 -0.01604192
v 0.01686636 -0.00515000 -0.01608854
v 0.01647347 -0.00515000 -0.01667653
v 0.01643477 -0.00515000 -0.01670490
v 0.01485121 -0.00515000 -0.01525384
v 0.01487611 -0.00515000 -0.01521281
v 0.01490277 -0.00515000 -0.01517290
v 0.01493115 -0.00515000 -0.01513420
v 0.03482832 -0.00515000 -0.03423301
v 0.03487305 -0.00515000 -0.03421561
v 0.03491850 -0.00515000 -0.03420019
v 0.03496457 -0.00515000 -0.03418676
v 0.03626554 -0.00515000 -0.03482832
v 0.03628294 -0.00515000 -0.03487305
v 0.03622499 -0.00515000 -0.03575720
v 0.03620190 -0.00515000 -0.03579927
v 0.03602709 -0.00515000 -0.03602709
v 0.03599242 -0.00515000 -0.03606028
v 0.03595634 -0.00515000 -0.03609192
v 0.03591891 -0.00515000 -0.03612196
v 0.03588021 -0.00515000 -0.03615034
v 0.03584030 -0.00515000 -0.03617700
v 0.03425234 -0.00515000 -0.03478439
v 0.03427356 -0.00515000 -0.03474135
v 0.01685293 -0.00515000 -0.01547306
v 0.01686636 -0.00515000 -0.01551914
v 0.01687776 -0.00515000 -0.01556575
v 0.01688713 -0.00515000 -0.01561282
v 0.01689443 -0.00515000 -0.01566026
v 0.01689965 -0.00515000 -0.01570797
v 0.01677955 -0.00515000 -0.01631176
v 0.01675647 -0.00515000 -0.01635384
v 0.01673157 -0.00515000 -0.01639487
v 0.01651090 -0.00515000 -0.01664649
v 0.01477018 -0.00515000 -0.01542761
v 0.01478757 -0.00515000 -0.01538289
v 0.01496119 -0.00515000 -0.01509677
v 0.01499283 -0.00515000 -0.01506069
v 0.03454221 -0.00515000 -0.03440662
v 0.03457964 -0.00515000 -0.03437658
v 0.03461834 -0.00515000 -0.03434821
v 0.03465824 -0.00515000 -0.03432154
v 0.03469927 -0.00515000 -0.03429664
v 0.03474135 -0.00515000 -0.03427356
v 0.03478439 -0.00515000 -0.03425234
v 0.03501119 -0.00515000 -0.03417535
v 0.03505826 -0.00515000 -0.03416598
v 0.03510569 -0.00515000 -0.03415868
v 0.03599242 -0.00515000 -0.03443827
v 0.03602709 -0.00515000 -0.03447146
v 0.03612196 -0.00515000 -0.03591891
v 0.03609192 -0.00515000 -0.03595634
v 0.03606028 -0.00515000 -0.03599242
v 0.01570797 -0.00515000 -0.01470802
v 0.01575586 -0.00515000 -0.01470488
v 0.01580384 -0.00515000 -0.01470384
v 0.01585182 -0.00515000 -0.01470488
v 0.01589971 -0.00515000 -0.01470802
v 0.01690279 -0.00515000 -0.01575586
v 0.01690384 -0.00515000 -0.01580384
v 0.01670490 -0.00515000 -0.01643477
v 0.01667653 -0.00515000 -0.01647347
v 0.01664649 -0.00515000 -0.01651090
v 0.01661484 -0.00515000 -0.01654699
v 0.01658165 -0.00515000 -0.01658165
v 0.01654699 -0.00515000 -0.01661484
v 0.01639487 -0.00515000 -0.01673157
v 0.01635384 -0.00515000 -0.01675646
v 0.01631176 -0.00515000 -0.01677955
v 0.01480690 -0.00515000 -0.01533896
v 0.01482813 -0.00515000 -0.01529591
v 0.03443827 -0.00515000 -0.03450612
v 0.03447146 -0.00515000 -0.03447146
v 0.03450612 -0.00515000 -0.03443827
v 0.03539285 -0.00515000 -0.03415868
v 0.03544029 -0.00515000 -0.03416598
v 0.03548736 -0.00515000 -0.03417535
v 0.03553397 -0.00515000 -0.03418675
v 0.03629836 -0.00515000 -0.03491850
v 0.03631179 -0.00515000 -0.03496457
v 0.03632320 -0.00515000 -0.03501119
v 0.03634509 -0.00515000 -0.03515340
v 0.03634823 -0.00515000 -0.03520129
v 0.03634927 -0.00515000 -0.03524927
v 0.03634823 -0.00515000 -0.03529726
v 0.03634509 -0.00515000 -0.03534515
v 0.03633986 -0.00515000 -0.03539285
v 0.03416598 -0.00515000 -0.03505826
v 0.03417535 -0.00515000 -0.03501119
v 0.01643477 -0.00515000 -0.01490277
v 0.01639487 -0.00515000 -0.01487611
v 0.01635384 -0.00515000 -0.01485121
v 0.01647347 -0.00515000 -0.01493115
v 0.01651090 -0.00515000 -0.01496119
v 0.01654699 -0.00515000 -0.01499283
v 0.01658165 -0.00515000 -0.01502602
v 0.01661484 -0.00515000 -0.01506069
v 0.01664649 -0.00515000 -0.01509677
v 0.01667653 -0.00515000 -0.01513420
v 0.01670490 -0.00515000 -0.01517290
v 0.01673157 -0.00515000 -0.01521281
v 0.01675647 -0.00515000 -0.01525384
v 0.01626872 -0.00515000 -0.01680078
v 0.01622479 -0.00515000 -0.01682010
v 0.01618006 -0.00515000 -0.01683750
v 0.03633256 -0.00515000 -0.03505826
v 0.03633986 -0.00515000 -0.03510569
v 0.03418676 -0.00515000 -0.03496457
v 0.03420019 -0.00515000 -0.03491850
v 0.01613461 -0.00515000 -0.01475475
v 0.01618006 -0.00515000 -0.01477018
v 0.01622479 -0.00515000 -0.01478757
v 0.01626872 -0.00515000 -0.01480690
v 0.01631176 -0.00515000 -0.01482812
v 0.01677955 -0.00515000 -0.01529591
v 0.01680078 -0.00515000 -0.01533896
v 0.01613461 -0.00515000 -0.01685293
v 0.01608854 -0.00515000 -0.01686636
v 0.01604192 -0.00515000 -0.01687776
v 0.01599485 -0.00515000 -0.01688713
v 0.01594742 -0.00515000 -0.01689443
v 0.01589971 -0.00515000 -0.01689965
v 0.03515340 -0.00515000 -0.03415346
v 0.03520129 -0.00515000 -0.03415032
v 0.03524927 -0.00515000 -0.03414927
v 0.03529725 -0.00515000 -0.03415032
v 0.03534514 -0.00515000 -0.03415346
v 0.03606028 -0.00515000 -0.03450613
v 0.03609192 -0.00515000 -0.03454221
v 0.03612196 -0.00515000 -0.03457964
v 0.01585182 -0.00515000 -0.01690279
v 0.01580384 -0.00515000 -0.01690384
v 0.01575586 -0.00515000 -0.01690279
v 0.01472055 -0.00515000 -0.01561282
v 0.01472991 -0.00515000 -0.01556575
v 0.03588021 -0.00515000 -0.03434821
v 0.03584030 -0.00515000 -0.03432154
v 0.03579927 -0.00515000 -0.03429665
v 0.03591891 -0.00515000 -0.03437658
v 0.03595634 -0.00515000 -0.03440663
v 0.03615034 -0.00515000 -0.03461834
v 0.03617700 -0.00515000 -0.03465824
v 0.03620190 -0.00515000 -0.03469927
v 0.03427356 -0.00515000 -0.03575720
v 0.03425233 -0.00515000 -0.03571415
v 0.03423301 -0.00515000 -0.03567023
v 0.03421561 -0.00515000 -0.03562550
v 0.01474132 -0.00515000 -0.01551914
v 0.01475475 -0.00515000 -0.01547306
v 0.03558005 -0.00515000 -0.03420018
v 0.03562550 -0.00515000 -0.03421561
v 0.03567023 -0.00515000 -0.03423301
v 0.03571415 -0.00515000 -0.03425233
v 0.03575720 -0.00515000 -0.03427356
v 0.03622499 -0.00515000 -0.03474135
v 0.03624621 -0.00515000 -0.03478439
v 0.03539285 -0.00515000 -0.03633986
v 0.03544029 -0.00515000 -0.03633256
v 0.03548736 -0.00515000 -0.03632320
v 0.03534515 -0.00515000 -0.03634509
v 0.03529726 -0.00515000 -0.03634823
v 0.03524927 -0.00515000 -0.03634927
v 0.03520129 -0.00515000 -0.03634823
v 0.03515340 -0.00515000 -0.03634509
v 0.03510569 -0.00515000 -0.03633986
v 0.03505826 -0.00515000 -0.03633256
v 0.03501119 -0.00515000 -0.03632320
v 0.03496457 -0.00515000 -0.03631179
v 0.03417535 -0.00515000 -0.03548736
v 0.03416599 -0.00515000 -0.03544029
v 0.03415868 -0.00515000 -0.03539285
v 0.03415346 -0.00515000 -0.03534514
v 0.03415032 -0.00515000 -0.03529725
v 0.03414927 -0.00515000 -0.03524927
v 0.03415032 -0.00515000 -0.03520129
v 0.01482813 -0.00515000 -0.01631176
v 0.01480690 -0.00515000 -0.01626872
v 0.01478757 -0.00515000 -0.01622479
v 0.01477018 -0.00515000 -0.01618006
v 0.03443827 -0.00515000 -0.03599242
v 0.03440663 -0.00515000 -0.03595634
v 0.03437658 -0.00515000 -0.03591891
v 0.03434821 -0.00515000 -0.03588021
v 0.03432154 -0.00515000 -0.03584030
v 0.03429665 -0.00515000 -0.03579927
v 0.03415346 -0.00515000 -0.03515340
v 0.03415868 -0.00515000 -0.03510569
v 0.01570797 -0.00515000 -0.01689965
v 0.01566026 -0.00515000 -0.01689443
v 0.01561282 -0.00515000 -0.01688713
v 0.03482832 -0.00515000 -0.03626554
v 0.03478439 -0.00515000 -0.03624621
v 0.03420018 -0.00515000 -0.03558005
v 0.03418675 -0.00515000 -0.03553397
v 0.01506069 -0.00515000 -0.01661484
v 0.01502602 -0.00515000 -0.01658165
v 0.01499283 -0.00515000 -0.01654699
v 0.01496119 -0.00515000 -0.01651090
v 0.01493115 -0.00515000 -0.01647347
v 0.01490277 -0.00515000 -0.01643477
v 0.01487611 -0.00515000 -0.01639487
v 0.01485121 -0.00515000 -0.01635384
v 0.01472991 -0.00515000 -0.01604192
v 0.01472055 -0.00515000 -0.01599485
v 0.01471325 -0.00515000 -0.01594742
v 0.01470802 -0.00515000 -0.01589971
v 0.01470488 -0.00515000 -0.01585182
v 0.01470384 -0.00515000 -0.01580384
v 0.01470488 -0.00515000 -0.01575586
v 0.03491850 -0.00515000 -0.03629836
v 0.03487305 -0.00515000 -0.03628294
v 0.03474135 -0.00515000 -0.03622499
v 0.03469927 -0.00515000 -0.03620190
v 0.03465824 -0.00515000 -0.03617700
v 0.03461834 -0.00515000 -0.03615034
v 0.03457964 -0.00515000 -0.03612196
v 0.03454221 -0.00515000 -0.03609192
v 0.03450613 -0.00515000 -0.03606028
v 0.03447146 -0.00515000 -0.03602709
v 0.01470802 -0.00515000 -0.01570797
v 0.01471325 -0.00515000 -0.01566026
v 0.01556575 -0.00515000 -0.01687776
v 0.01551914 -0.00515000 -0.01686635
v 0.01547306 -0.00515000 -0.01685293
v 0.01533896 -0.00515000 -0.01680078
v 0.01529591 -0.00515000 -0.01677955
v 0.01525384 -0.00515000 -0.01675646
v 0.01521281 -0.00515000 -0.01673157
v 0.01517290 -0.00515000 -0.01670490
v 0.01513420 -0.00515000 -0.01667653
v 0.01509677 -0.00515000 -0.01664649
v 0.01475475 -0.00515000 -0.01613461
v 0.01474132 -0.00515000 -0.01608854
v 0.01542762 -0.00515000 -0.01683750
v 0.01538289 -0.00515000 -0.01682010
v 0.00330466 0.01645000 0.00397904
v 0.00332423 0.01645000 0.00398869
v 0.00194454 0.01645000 0.00901561
v 0.00324875 0.01645000 0.00394511
v 0.00326688 0.01645000 0.00395723
v 0.00328553 0.01645000 0.00396855
v 0.00319774 0.01645000 0.00390417
v 0.00321414 0.01645000 0.00391856
v 0.00323115 0.01645000 0.00393221
v 0.00402368 0.01645000 0.00342731
v 0.00401850 0.01645000 0.00340612
v 0.00355734 0.01645000 0.00403506
v 0.00353553 0.01645000 0.00403553
v 0.00351373 0.01645000 0.00403506
v 0.00402794 0.01645000 0.00344871
v 0.00401239 0.01645000 0.00338518
v 0.00400538 0.01645000 0.00336452
v 0.00399747 0.01645000 0.00334419
v -0.00901561 0.01645000 -0.00194454
v 0.00334419 0.01645000 0.00399747
v 0.00336452 0.01645000 0.00400538
v 0.00338518 0.01645000 0.00401239
v 0.00340613 0.01645000 0.00401849
v 0.00342732 0.01645000 0.00402368
v 0.00344871 0.01645000 0.00402794
v 0.00347027 0.01645000 0.00403126
v 0.00349196 0.01645000 0.00403363
v 0.00402368 0.01645000 0.00364375
v 0.00402794 0.01645000 0.00362236
v 0.00403506 0.01645000 0.00351373
v 0.00403553 0.01645000 0.00353553
v 0.00403506 0.01645000 0.00355734
v 0.00403126 0.01645000 0.00360080
v 0.00403363 0.01645000 0.00357911
v 0.00403363 0.01645000 0.00349196
v 0.00403126 0.01645000 0.00347027
v 0.00398869 0.01645000 0.00332423
v 0.00397904 0.01645000 0.00330466
v 0.00396855 0.01645000 0.00328553
v 0.00395723 0.01645000 0.00326688
v 0.00394511 0.01645000 0.00324875
v 0.00393221 0.01645000 0.00323115
v 0.00383991 0.01645000 0.00313886
v 0.00382232 0.01645000 0.00312596
v 0.00311384 0.01645000 0.00380419
v 0.00312596 0.01645000 0.00382232
v 0.00313886 0.01645000 0.00383991
v 0.00315251 0.01645000 0.00385693
v 0.00316690 0.01645000 0.00387333
v 0.00318198 0.01645000 0.00388909
v 0.00394511 0.01645000 0.00382232
v 0.00395723 0.01645000 0.00380418
v 0.00396855 0.01645000 0.00378553
v 0.00397904 0.01645000 0.00376641
v 0.00391856 0.01645000 0.00321414
v 0.00390417 0.01645000 0.00319774
v 0.00388909 0.01645000 0.00318198
v 0.00380419 0.01645000 0.00311384
v 0.00378553 0.01645000 0.00310252
v 0.00376641 0.01645000 0.00309203
v 0.00400538 0.01645000 0.00370654
v 0.00401239 0.01645000 0.00368589
v 0.00401850 0.01645000 0.00366494
v 0.00357911 0.01645000 0.00403363
v 0.00360080 0.01645000 0.00403126
v 0.00362236 0.01645000 0.00402794
v 0.00368589 0.01645000 0.00401239
v 0.00370655 0.01645000 0.00400538
v 0.00372688 0.01645000 0.00399747
v 0.00374685 0.01645000 0.00398869
v 0.00385693 0.01645000 0.00391856
v 0.00387333 0.01645000 0.00390417
v 0.00388909 0.01645000 0.00388909
v 0.00390417 0.01645000 0.00387333
v 0.00391856 0.01645000 0.00385693
v 0.00393221 0.01645000 0.00383991
v 0.00398869 0.01645000 0.00374684
v 0.00399748 0.01645000 0.00372688
v 0.00387333 0.01645000 0.00316689
v 0.00385693 0.01645000 0.00315251
v 0.00307360 0.01645000 0.00372687
v 0.00306569 0.01645000 0.00370654
v 0.00305868 0.01645000 0.00368589
v 0.00308238 0.01645000 0.00374684
v 0.00309203 0.01645000 0.00376641
v 0.00310252 0.01645000 0.00378553
v 0.00364375 0.01645000 0.00402368
v 0.00366494 0.01645000 0.00401850
v 0.00376641 0.01645000 0.00397904
v 0.00378554 0.01645000 0.00396855
v 0.00380419 0.01645000 0.00395723
v 0.00368589 0.01645000 0.00305868
v 0.00355734 0.01645000 0.00303601
v 0.00353553 0.01645000 0.00303553
v 0.00351373 0.01645000 0.00303601
v 0.00349196 0.01645000 0.00303744
v 0.00304313 0.01645000 0.00362236
v 0.00304739 0.01645000 0.00364375
v 0.00305257 0.01645000 0.00366494
v 0.00382232 0.01645000 0.00394511
v 0.00383992 0.01645000 0.00393221
v 0.00304313 0.01645000 0.00344871
v 0.00303981 0.01645000 0.00347027
v 0.00303744 0.01645000 0.00349196
v 0.00303601 0.01645000 0.00351373
v 0.00303553 0.01645000 0.00353553
v 0.00303601 0.01645000 0.00355734
v 0.00303744 0.01645000 0.00357911
v 0.00303981 0.01645000 0.00360080
v 0.00366494 0.01645000 0.00305257
v 0.00364376 0.01645000 0.00304738
v 0.00362236 0.01645000 0.00304313
v 0.00360080 0.01645000 0.00303981
v 0.00357911 0.01645000 0.00303744
v 0.00342732 0.01645000 0.00304738
v 0.00340613 0.01645000 0.00305257
v 0.00332423 0.01645000 0.00308238
v 0.00330466 0.01645000 0.00309203
v 0.00344871 0.01645000 0.00304313
v 0.00328554 0.01645000 0.00310252
v 0.00326689 0.01645000 0.00311384
v 0.00324875 0.01645000 0.00312596
v 0.00323116 0.01645000 0.00313886
v 0.00321414 0.01645000 0.00315251
v 0.00319774 0.01645000 0.00316690
v 0.00318198 0.01645000 0.00318198
v 0.00316690 0.01645000 0.00319774
v 0.00338518 0.01645000 0.00305867
v 0.00336453 0.01645000 0.00306569
v 0.00315251 0.01645000 0.00321414
v 0.00313886 0.01645000 0.00323115
v 0.00312596 0.01645000 0.00324875
v 0.00347027 0.01645000 0.00303981
v 0.00311384 0.01645000 0.00326688
v 0.00310252 0.01645000 0.00328553
v 0.00309203 0.01645000 0.00330466
v 0.00306569 0.01645000 0.00336452
v 0.00305868 0.01645000 0.00338518
v 0.00305257 0.01645000 0.00340612
v 0.00304739 0.01645000 0.00342731
v 0.00374684 0.01645000 0.00308238
v 0.00372688 0.01645000 0.00307359
v 0.00370654 0.01645000 0.00306569
v 0.00308238 0.01645000 0.00332422
v 0.00307360 0.01645000 0.00334419
v 0.00334419 0.01645000 0.00307359
v 0.03383506 0.01645000 -0.03383506
v 0.04246176 0.01645000 -0.03150161
v 0.03363020 0.01645000 -0.03403117
v 0.03150161 0.01645000 -0.04246176
v 0.03341699 0.01645000 -0.03421815
v 0.03571413 0.01645000 -0.02980538
v 0.03573268 0.01645000 -0.02952239
v 0.03573887 0.01645000 -0.02923887
v 0.03573268 0.01645000 -0.02895534
v 0.03571413 0.01645000 -0.02867235
v 0.03568326 0.01645000 -0.02839045
v 0.03403117 0.01645000 -0.03363020
v 0.03421815 0.01645000 -0.03341698
v 0.03439566 0.01645000 -0.03319581
v 0.03524408 0.01645000 -0.03172631
v 0.03534687 0.01645000 -0.03146200
v 0.03543803 0.01645000 -0.03119345
v 0.03551738 0.01645000 -0.03092119
v 0.03558479 0.01645000 -0.03064572
v 0.03564012 0.01645000 -0.03036758
v 0.03568326 0.01645000 -0.03008729
v 0.03564012 0.01645000 -0.02811015
v 0.03558479 0.01645000 -0.02783201
v 0.03551738 0.01645000 -0.02755654
v 0.02923887 0.01645000 -0.03573887
v 0.02952239 0.01645000 -0.03573268
v 0.03273131 0.01645000 -0.03472091
v 0.03296711 0.01645000 -0.03456335
v 0.03319582 0.01645000 -0.03439566
v 0.03456335 0.01645000 -0.03296711
v 0.03472091 0.01645000 -0.03273131
v 0.03486803 0.01645000 -0.03248887
v 0.03543803 0.01645000 -0.02728428
v 0.03534687 0.01645000 -0.02701573
v 0.03524408 0.01645000 -0.02675142
v 0.02980538 0.01645000 -0.03571413
v 0.03008729 0.01645000 -0.03568326
v 0.03036758 0.01645000 -0.03564012
v 0.03064572 0.01645000 -0.03558479
v 0.03092119 0.01645000 -0.03551738
v 0.03119345 0.01645000 -0.03543803
v 0.03146200 0.01645000 -0.03534687
v 0.03172631 0.01645000 -0.03524408
v 0.03198588 0.01645000 -0.03512987
v 0.03500444 0.01645000 -0.03224023
v 0.03512987 0.01645000 -0.03198588
v 0.02952239 0.01645000 -0.02274505
v 0.02923887 0.01645000 -0.02273887
v 0.02484753 0.01645000 -0.02444656
v 0.02464267 0.01645000 -0.02464267
v 0.02811015 0.01645000 -0.03564012
v 0.02839045 0.01645000 -0.03568326
v 0.02425958 0.01645000 -0.02506075
v 0.02408207 0.01645000 -0.02528192
v 0.02391438 0.01645000 -0.02551062
v 0.02375682 0.01645000 -0.02574642
v 0.02360970 0.01645000 -0.02598887
v 0.02347330 0.01645000 -0.02623750
v 0.02701574 0.01645000 -0.03534687
v 0.02728428 0.01645000 -0.03543803
v 0.02867235 0.01645000 -0.03571413
v 0.02895534 0.01645000 -0.03573268
v 0.02895534 0.01645000 -0.02274505
v 0.02867235 0.01645000 -0.02276360
v 0.02839045 0.01645000 -0.02279447
v 0.02444656 0.01645000 -0.02484753
v 0.02755654 0.01645000 -0.03551738
v 0.02783201 0.01645000 -0.03558479
v 0.03224023 0.01645000 -0.03500444
v 0.03248887 0.01645000 -0.03486803
v 0.02289294 0.01645000 -0.02783201
v 0.02283762 0.01645000 -0.02811015
v 0.02279448 0.01645000 -0.02839045
v 0.02623750 0.01645000 -0.03500444
v 0.02649185 0.01645000 -0.03512987
v 0.02675142 0.01645000 -0.03524408
v 0.03064572 0.01645000 -0.02289294
v 0.03036758 0.01645000 -0.02283762
v 0.02811015 0.01645000 -0.02283762
v 0.02783201 0.01645000 -0.02289294
v 0.02755654 0.01645000 -0.02296035
v 0.02334787 0.01645000 -0.02649185
v 0.02323365 0.01645000 -0.02675142
v 0.02313086 0.01645000 -0.02701573
v 0.02303971 0.01645000 -0.02728428
v 0.02296035 0.01645000 -0.02755654
v 0.03224023 0.01645000 -0.02347329
v 0.03198588 0.01645000 -0.02334786
v 0.03172631 0.01645000 -0.02323365
v 0.03146200 0.01645000 -0.02313086
v 0.03119345 0.01645000 -0.02303971
v 0.03092119 0.01645000 -0.02296035
v 0.03008729 0.01645000 -0.02279447
v 0.02980538 0.01645000 -0.02276360
v 0.02551062 0.01645000 -0.02391438
v 0.02574642 0.01645000 -0.02375682
v 0.02598887 0.01645000 -0.02360970
v 0.02528192 0.01645000 -0.02408207
v 0.02506075 0.01645000 -0.02425958
v 0.02391438 0.01645000 -0.03296711
v 0.02408207 0.01645000 -0.03319582
v 0.03512987 0.01645000 -0.02649185
v 0.03500444 0.01645000 -0.02623750
v 0.03486803 0.01645000 -0.02598887
v 0.02728428 0.01645000 -0.02303971
v 0.02701573 0.01645000 -0.02313086
v 0.02675142 0.01645000 -0.02323365
v 0.02649185 0.01645000 -0.02334787
v 0.02623750 0.01645000 -0.02347330
v 0.02375682 0.01645000 -0.03273131
v 0.02425958 0.01645000 -0.03341698
v 0.02444656 0.01645000 -0.03363020
v 0.02464267 0.01645000 -0.03383506
v 0.02484753 0.01645000 -0.03403117
v 0.02506075 0.01645000 -0.03421815
v 0.02528192 0.01645000 -0.03439566
v 0.02551062 0.01645000 -0.03456335
v 0.02276360 0.01645000 -0.02867235
v 0.02274505 0.01645000 -0.02895534
v 0.02273887 0.01645000 -0.02923887
v 0.02323365 0.01645000 -0.03172631
v 0.02334787 0.01645000 -0.03198588
v 0.02574642 0.01645000 -0.03472091
v 0.02598887 0.01645000 -0.03486803
v 0.03472091 0.01645000 -0.02574642
v 0.03456335 0.01645000 -0.02551062
v 0.03439566 0.01645000 -0.02528192
v 0.03363020 0.01645000 -0.02444656
v 0.03341698 0.01645000 -0.02425958
v 0.03319582 0.01645000 -0.02408207
v 0.03296711 0.01645000 -0.02391438
v 0.03273131 0.01645000 -0.02375682
v 0.03248887 0.01645000 -0.02360970
v 0.02274505 0.01645000 -0.02952239
v 0.02276360 0.01645000 -0.02980538
v 0.02279447 0.01645000 -0.03008729
v 0.02283762 0.01645000 -0.03036758
v 0.02289294 0.01645000 -0.03064572
v 0.02296035 0.01645000 -0.03092119
v 0.02347330 0.01645000 -0.03224023
v 0.02360970 0.01645000 -0.03248887
v 0.03421815 0.01645000 -0.02506075
v 0.03403117 0.01645000 -0.02484753
v 0.03383506 0.01645000 -0.02464267
v 0.02303971 0.01645000 -0.03119345
v 0.02313086 0.01645000 -0.03146200
v 0.01658165 0.01245000 -0.01658165
v 0.01654699 0.01245000 -0.01661484
v 0.01651090 0.01245000 -0.01664649
v 0.01647347 0.01245000 -0.01667653
v 0.01643477 0.01245000 -0.01670490
v 0.01639487 0.01245000 -0.01673157
v 0.01635384 0.01245000 -0.01675646
v 0.01631176 0.01245000 -0.01677955
v 0.01626872 0.01245000 -0.01680078
v 0.01622479 0.01245000 -0.01682010
v 0.01618006 0.01245000 -0.01683750
v 0.01613461 0.01245000 -0.01685293
v 0.01608854 0.01245000 -0.01686636
v 0.01604192 0.01245000 -0.01687776
v 0.01599485 0.01245000 -0.01688713
v 0.01594742 0.01245000 -0.01689443
v 0.01589971 0.01245000 -0.01689965
v 0.01585182 0.01245000 -0.01690279
v 0.01580384 0.01245000 -0.01690384
v 0.01575586 0.01245000 -0.01690279
v 0.01570797 0.01245000 -0.01689965
v 0.01566026 0.01245000 -0.01689443
v 0.01561282 0.01245000 -0.01688713
v 0.01556575 0.01245000 -0.01687776
v 0.01551914 0.01245000 -0.01686635
v 0.01547306 0.01245000 -0.01685293
v 0.01542762 0.01245000 -0.01683750
v 0.01538289 0.01245000 -0.01682010
v 0.01533896 0.01245000 -0.01680078
v 0.01529591 0.01245000 -0.01677955
v 0.01525384 0.01245000 -0.01675646
v 0.01521281 0.01245000 -0.01673157
v 0.01517290 0.01245000 -0.01670490
v 0.01513420 0.01245000 -0.01667653
v 0.01509677 0.01245000 -0.01664649
v 0.01506069 0.01245000 -0.01661484
v 0.01502602 0.01245000 -0.01658165
v 0.01499283 0.01245000 -0.01654699
v 0.01496119 0.01245000 -0.01651090
v 0.01493115 0.01245000 -0.01647347
v 0.01490277 0.01245000 -0.01643477
v 0.01487611 0.01245000 -0.01639487
v 0.01485121 0.01245000 -0.01635384
v 0.01482813 0.01245000 -0.01631176
v 0.01480690 0.01245000 -0.01626872
v 0.01478757 0.01245000 -0.01622479
v 0.01477018 0.01245000 -0.01618006
v 0.01475475 0.01245000 -0.01613461
v 0.01474132 0.01245000 -0.01608854
v 0.01472991 0.01245000 -0.01604192
v 0.01472055 0.01245000 -0.01599485
v 0.01471325 0.01245000 -0.01594742
v 0.01470802 0.01245000 -0.01589971
v 0.01470488 0.01245000 -0.01585182
v 0.01470384 0.01245000 -0.01580384
v 0.01470488 0.01245000 -0.01575586
v 0.01470802 0.01245000 -0.01570797
v 0.01471325 0.01245000 -0.01566026
v 0.01472055 0.01245000 -0.01561282
v 0.01472991 0.01245000 -0.01556575
v 0.01474132 0.01245000 -0.01551914
v 0.01475475 0.01245000 -0.01547306
v 0.01477018 0.01245000 -0.01542761
v 0.01478757 0.01245000 -0.01538289
v 0.01480690 0.01245000 -0.01533896
v 0.01482813 0.01245000 -0.01529591
v 0.01485121 0.01245000 -0.01525384
v 0.01487611 0.01245000 -0.01521281
v 0.01490277 0.01245000 -0.01517290
v 0.01493115 0.01245000 -0.01513420
v 0.01496119 0.01245000 -0.01509677
v 0.01499283 0.01245000 -0.01506069
v 0.01502602 0.01245000 -0.01502602
v 0.01506069 0.01245000 -0.01499283
v 0.01509677 0.01245000 -0.01496119
v 0.01513420 0.01245000 -0.01493115
v 0.01517290 0.01245000 -0.01490277
v 0.01521281 0.01245000 -0.01487611
v 0.01525384 0.01245000 -0.01485121
v 0.01529591 0.01245000 -0.01482812
v 0.01533896 0.01245000 -0.01480690
v 0.01538289 0.01245000 -0.01478757
v 0.01542762 0.01245000 -0.01477017
v 0.01547306 0.01245000 -0.01475475
v 0.01551914 0.01245000 -0.01474132
v 0.01556575 0.01245000 -0.01472991
v 0.01561282 0.01245000 -0.01472055
v 0.01566026 0.01245000 -0.01471325
v 0.01570797 0.01245000 -0.01470802
v 0.01575586 0.01245000 -0.01470488
v 0.01580384 0.01245000 -0.01470384
v 0.01585182 0.01245000 -0.01470488
v 0.01589971 0.01245000 -0.01470802
v 0.01594742 0.01245000 -0.01471325
v 0.01599485 0.01245000 -0.01472055
v 0.01604192 0.01245000 -0.01472991
v 0.01608854 0.01245000 -0.01474132
v 0.01613461 0.01245000 -0.01475475
v 0.01618006 0.01245000 -0.01477018
v 0.01622479 0.01245000 -0.01478757
v 0.01626872 0.01245000 -0.01480690
v 0.01631176 0.01245000 -0.01482812
v 0.01635384 0.01245000 -0.01485121
v 0.01639487 0.01245000 -0.01487611
v 0.01643477 0.01245000 -0.01490277
v 0.01647347 0.01245000 -0.01493115
v 0.01651090 0.01245000 -0.01496119
v 0.01654699 0.01245000 -0.01499283
v 0.01658165 0.01245000 -0.01502602
v 0.01661484 0.01245000 -0.01506069
v 0.01664649 0.01245000 -0.01509677
v 0.01667653 0.01245000 -0.01513420
v 0.01670490 0.01245000 -0.01517290
v 0.01673157 0.01245000 -0.01521281
v 0.01675647 0.01245000 -0.01525384
v 0.01677955 0.01245000 -0.01529591
v 0.01680078 0.01245000 -0.01533896
v 0.01682010 0.01245000 -0.01538289
v 0.01683750 0.01245000 -0.01542761
v 0.01685293 0.01245000 -0.01547306
v 0.01686636 0.01245000 -0.01551914
v 0.01687776 0.01245000 -0.01556575
v 0.01688713 0.01245000 -0.01561282
v 0.01689443 0.01245000 -0.01566026
v 0.01689965 0.01245000 -0.01570797
v 0.01690279 0.01245000 -0.01575586
v 0.01690384 0.01245000 -0.01580384
v 0.01690279 0.01245000 -0.01585182
v 0.01689965 0.01245000 -0.01589971
v 0.01689443 0.01245000 -0.01594742
v 0.01688713 0.01245000 -0.01599485
v 0.01687776 0.01245000 -0.01604192
v 0.01686636 0.01245000 -0.01608854
v 0.01685293 0.01245000 -0.01613461
v 0.01683750 0.01245000 -0.01618006
v 0.01682010 0.01245000 -0.01622479
v 0.01680078 0.01245000 -0.01626872
v 0.01677955 0.01245000 -0.01631176
v 0.01675647 0.01245000 -0.01635384
v 0.01673157 0.01245000 -0.01639487
v 0.01670490 0.01245000 -0.01643477
v 0.01667653 0.01245000 -0.01647347
v 0.01664649 0.01245000 -0.01651090
v 0.01661484 0.01245000 -0.01654699
v 0.03068843 0.01045000 -0.03634529
v 0.02464267 0.01245000 -0.02464267
v 0.02444656 0.01245000 -0.02484753
v 0.02425958 0.01245000 -0.02506075
v 0.02408207 0.01245000 -0.02528192
v 0.02391438 0.01245000 -0.02551062
v 0.02375682 0.01245000 -0.02574642
v 0.02360970 0.01245000 -0.02598887
v 0.02347330 0.01245000 -0.02623750
v 0.02334787 0.01245000 -0.02649185
v 0.02323365 0.01245000 -0.02675142
v 0.02313086 0.01245000 -0.02701573
v 0.02303971 0.01245000 -0.02728428
v 0.02296035 0.01245000 -0.02755654
v 0.02289294 0.01245000 -0.02783201
v 0.02283762 0.01245000 -0.02811015
v 0.02279448 0.01245000 -0.02839045
v 0.02276360 0.01245000 -0.02867235
v 0.02274505 0.01245000 -0.02895534
v 0.02273887 0.01245000 -0.02923887
v 0.02274505 0.01245000 -0.02952239
v 0.02276360 0.01245000 -0.02980538
v 0.02279447 0.01245000 -0.03008729
v 0.02283762 0.01245000 -0.03036758
v 0.02289294 0.01245000 -0.03064572
v 0.02296035 0.01245000 -0.03092119
v 0.02303971 0.01245000 -0.03119345
v 0.02313086 0.01245000 -0.03146200
v 0.02323365 0.01245000 -0.03172631
v 0.02334787 0.01245000 -0.03198588
v 0.02347330 0.01245000 -0.03224023
v 0.02360970 0.01245000 -0.03248887
v 0.02375682 0.01245000 -0.03273131
v 0.02391438 0.01245000 -0.03296711
v 0.02408207 0.01245000 -0.03319582
v 0.02425958 0.01245000 -0.03341698
v 0.02444656 0.01245000 -0.03363020
v 0.02464267 0.01245000 -0.03383506
v 0.02484753 0.01245000 -0.03403117
v 0.02506075 0.01245000 -0.03421815
v 0.02528192 0.01245000 -0.03439566
v 0.02551062 0.01245000 -0.03456335
v 0.02574642 0.01245000 -0.03472091
v 0.02598887 0.01245000 -0.03486803
v 0.02623750 0.01245000 -0.03500444
v 0.02649185 0.01245000 -0.03512987
v 0.02675142 0.01245000 -0.03524408
v 0.02701574 0.01245000 -0.03534687
v 0.02728428 0.01245000 -0.03543803
v 0.02755654 0.01245000 -0.03551738
v 0.02783201 0.01245000 -0.03558479
v 0.02811015 0.01245000 -0.03564012
v 0.02839045 0.01245000 -0.03568326
v 0.02867235 0.01245000 -0.03571413
v 0.02895534 0.01245000 -0.03573268
v 0.02923887 0.01245000 -0.03573887
v 0.02952239 0.01245000 -0.03573268
v 0.02980538 0.01245000 -0.03571413
v 0.03008729 0.01245000 -0.03568326
v 0.03036758 0.01245000 -0.03564012
v 0.03064572 0.01245000 -0.03558479
v 0.03092119 0.01245000 -0.03551738
v 0.03119345 0.01245000 -0.03543803
v 0.03146200 0.01245000 -0.03534687
v 0.03172631 0.01245000 -0.03524408
v 0.03198588 0.01245000 -0.03512987
v 0.03224023 0.01245000 -0.03500444
v 0.03248887 0.01245000 -0.03486803
v 0.03273131 0.01245000 -0.03472091
v 0.03296711 0.01245000 -0.03456335
v 0.03319582 0.01245000 -0.03439566
v 0.03341699 0.01245000 -0.03421815
v 0.03363020 0.01245000 -0.03403117
v 0.03383506 0.01245000 -0.03383506
v 0.03403117 0.01245000 -0.03363020
v 0.03421815 0.01245000 -0.03341698
v 0.03439566 0.01245000 -0.03319581
v 0.03456335 0.01245000 -0.03296711
v 0.03472091 0.01245000 -0.03273131
v 0.03486803 0.01245000 -0.03248887
v 0.03500444 0.01245000 -0.03224023
v 0.03512987 0.01245000 -0.03198588
v 0.03524408 0.01245000 -0.03172631
v 0.03534687 0.01245000 -0.03146200
v 0.03543803 0.01245000 -0.03119345
v 0.03551738 0.01245000 -0.03092119
v 0.03558479 0.01245000 -0.03064572
v 0.03564012 0.01245000 -0.03036758
v 0.03568326 0.01245000 -0.03008729
v 0.03571413 0.01245000 -0.02980538
v 0.03573268 0.01245000 -0.02952239
v 0.03573887 0.01245000 -0.02923887
v 0.03573268 0.01245000 -0.02895534
v 0.03571413 0.01245000 -0.02867235
v 0.03568326 0.01245000 -0.02839045
v 0.03564012 0.01245000 -0.02811015
v 0.03558479 0.01245000 -0.02783201
v 0.03551738 0.01245000 -0.02755654
v 0.03543803 0.01245000 -0.02728428
v 0.03534687 0.01245000 -0.02701573
v 0.03524408 0.01245000 -0.02675142
v 0.03512987 0.01245000 -0.02649185
v 0.03500444 0.01245000 -0.02623750
v 0.03486803 0.01245000 -0.02598887
v 0.03472091 0.01245000 -0.02574642
v 0.03456335 0.01245000 -0.02551062
v 0.03439566 0.01245000 -0.02528192
v 0.03421815 0.01245000 -0.02506075
v 0.03403117 0.01245000 -0.02484753
v 0.03383506 0.01245000 -0.02464267
v 0.03363020 0.01245000 -0.02444656
v 0.03341698 0.01245000 -0.02425958
v 0.03319582 0.01245000 -0.02408207
v 0.03296711 0.01245000 -0.02391438
v 0.03273131 0.01245000 -0.02375682
v 0.03248887 0.01245000 -0.02360970
v 0.03224023 0.01245000 -0.02347329
v 0.03198588 0.01245000 -0.02334786
v 0.03172631 0.01245000 -0.02323365
v 0.03146200 0.01245000 -0.02313086
v 0.03119345 0.01245000 -0.02303971
v 0.03092119 0.01245000 -0.02296035
v 0.03064572 0.01245000 -0.02289294
v 0.03036758 0.01245000 -0.02283762
v 0.03008729 0.01245000 -0.02279447
v 0.02980538 0.01245000 -0.02276360
v 0.02952239 0.01245000 -0.02274505
v 0.02923887 0.01245000 -0.02273887
v 0.02895534 0.01245000 -0.02274505
v 0.02867235 0.01245000 -0.02276360
v 0.02839045 0.01245000 -0.02279447
v 0.02811015 0.01245000 -0.02283762
v 0.02783201 0.01245000 -0.02289294
v 0.02755654 0.01245000 -0.02296035
v 0.02728428 0.01245000 -0.02303971
v 0.02701573 0.01245000 -0.02313086
v 0.02675142 0.01245000 -0.02323365
v 0.02649185 0.01245000 -0.02334787
v 0.02623750 0.01245000 -0.02347330
v 0.02598887 0.01245000 -0.02360970
v 0.02574642 0.01245000 -0.02375682
v 0.02551062 0.01245000 -0.02391438
v 0.02528192 0.01245000 -0.02408207
v 0.02506075 0.01245000 -0.02425958
v 0.02484753 0.01245000 -0.02444656
v 0.03415326 0.01045000 -0.03981011
v 0.01580384 0.01245000 -0.01580384
vn 0.00000000 -1.00000000 0.00000000
vn 0.54538493 -0.70223062 0.45763243
vn 0.52490652 -0.70222896 0.48098610
vn 0.50342505 -0.70222962 0.50342505
vn 0.48098610 -0.70222896 0.52490652
vn 0.60045158 -0.70222923 0.38253367
vn 0.58319482 -0.70223090 0.40835717
vn 0.56482970 -0.70222826 0.43340845
vn 0.64524590 -0.70222983 0.30088370
vn 0.63150823 -0.70222975 0.32874113
vn 0.61656775 -0.70222890 0.35597582
vn 0.67899906 -0.70223041 0.21408578
vn 0.66901618 -0.70222880 0.24349961
vn 0.65775650 -0.70222931 0.27245252
vn 0.70113364 -0.70223016 0.12363017
vn 0.69507469 -0.70222953 0.15409370
vn 0.68769169 -0.70222926 0.18426669
vn 0.71127363 -0.70222888 0.03105526
vn 0.70924065 -0.70223034 0.06205039
vn 0.70586067 -0.70222858 0.09292865
vn 0.70924087 -0.70223010 -0.06205060
vn 0.71127355 -0.70222897 -0.03105497
vn 0.71195010 -0.70223006 -0.00000000
vn 0.69507469 -0.70222953 -0.15409370
vn 0.70113364 -0.70223016 -0.12363017
vn 0.70586046 -0.70222873 -0.09292911
vn 0.66901531 -0.70222924 -0.24350076
vn 0.67899905 -0.70222998 -0.21408723
vn 0.68769169 -0.70222926 -0.18426669
vn 0.63150881 -0.70222916 -0.32874128
vn 0.64524605 -0.70223014 -0.30088266
vn 0.65775650 -0.70222931 -0.27245252
vn 0.58319635 -0.70222898 -0.40835827
vn 0.60045303 -0.70222995 -0.38253007
vn 0.61656726 -0.70222940 -0.35597568
vn 0.52490662 -0.70222893 -0.48098605
vn 0.54538497 -0.70223065 -0.45763233
vn 0.56482707 -0.70222922 -0.43341032
vn 0.45763242 -0.70223070 -0.54538482
vn 0.48098605 -0.70222893 -0.52490662
vn 0.50342505 -0.70222962 -0.50342505
vn 0.38253013 -0.70222974 -0.60045324
vn 0.40835823 -0.70222915 -0.58319618
vn 0.43341034 -0.70222909 -0.56482721
vn 0.30088370 -0.70222983 -0.64524590
vn 0.32874158 -0.70222961 -0.63150815
vn 0.35597499 -0.70222938 -0.61656768
vn 0.21408586 -0.70222996 -0.67899950
vn 0.24350019 -0.70222902 -0.66901574
vn 0.27245252 -0.70222931 -0.65775650
vn 0.12362935 -0.70222931 -0.70113464
vn 0.15409533 -0.70222955 -0.69507431
vn 0.18426662 -0.70222974 -0.68769121
vn 0.03105395 -0.70222995 -0.71127263
vn 0.06205061 -0.70222885 -0.70924211
vn 0.09292906 -0.70222991 -0.70585929
vn -0.06205050 -0.70222959 -0.70924138
vn -0.03105407 -0.70222925 -0.71127332
vn 0.00000108 -0.70222972 -0.71195043
vn -0.15409370 -0.70222953 -0.69507469
vn -0.12363017 -0.70223016 -0.70113364
vn -0.09292981 -0.70222896 -0.70586014
vn -0.24350078 -0.70222924 -0.66901529
vn -0.21408725 -0.70222998 -0.67899905
vn -0.18426669 -0.70222926 -0.68769169
vn -0.32874267 -0.70222928 -0.63150795
vn -0.30088257 -0.70222937 -0.64524692
vn -0.27245101 -0.70222977 -0.65775664
vn -0.40835772 -0.70222994 -0.58319558
vn -0.38253109 -0.70222923 -0.60045322
vn -0.35597534 -0.70222984 -0.61656696
vn -0.48098775 -0.70222993 -0.52490371
vn -0.45763455 -0.70222916 -0.54538502
vn -0.43340786 -0.70222922 -0.56482895
vn -0.54538502 -0.70222916 -0.45763455
vn -0.52490371 -0.70222993 -0.48098775
vn -0.50342505 -0.70222962 -0.50342505
vn -0.60045406 -0.70222839 -0.38253132
vn -0.58319488 -0.70223061 -0.40835756
vn -0.56482976 -0.70222893 -0.43340729
vn -0.64524692 -0.70222937 -0.30088257
vn -0.63150795 -0.70222928 -0.32874267
vn -0.61656730 -0.70223030 -0.35597383
vn -0.67899993 -0.70222908 -0.21408740
vn -0.66901442 -0.70222967 -0.24350193
vn -0.65775664 -0.70222977 -0.27245101
vn -0.70113475 -0.70222904 -0.12363025
vn -0.69507393 -0.70222956 -0.15409697
vn -0.68769073 -0.70223023 -0.18426655
vn -0.71127332 -0.70222925 -0.03105407
vn -0.70924095 -0.70223020 -0.06204850
vn -0.70586067 -0.70222892 -0.09292604
vn -0.70924211 -0.70222885 0.06205061
vn -0.71127263 -0.70222995 0.03105395
vn -0.71195043 -0.70222972 0.00000108
vn -0.69507431 -0.70222955 0.15409533
vn -0.70113584 -0.70222853 0.12362700
vn -0.70585885 -0.70223070 0.09292646
vn -0.66901559 -0.70222813 0.24350318
vn -0.67899950 -0.70222996 0.21408586
vn -0.68769121 -0.70222974 0.18426662
vn -0.63150655 -0.70223147 0.32874070
vn -0.64524752 -0.70222799 0.30088450
vn -0.65775488 -0.70223111 0.27245179
vn -0.58319518 -0.70222818 0.40836131
vn -0.60045324 -0.70222974 0.38253013
vn -0.61656998 -0.70222844 0.35597286
vn -0.52490520 -0.70223087 0.48098475
vn -0.54538628 -0.70222876 0.45763366
vn -0.56482571 -0.70223102 0.43340917
vn -0.45763357 -0.70222871 0.54538643
vn -0.48098475 -0.70223087 0.52490520
vn -0.50342641 -0.70222767 0.50342641
vn -0.38253007 -0.70222995 0.60045303
vn -0.40836135 -0.70222801 0.58319536
vn -0.43340915 -0.70223115 0.56482557
vn -0.30088346 -0.70222831 0.64524766
vn -0.32874040 -0.70223102 0.63150720
vn -0.35597355 -0.70222846 0.61656955
vn -0.21408723 -0.70222998 0.67899905
vn -0.24350375 -0.70222834 0.66901515
vn -0.27245179 -0.70223111 0.65775488
vn -0.12362782 -0.70222937 0.70113484
vn -0.15409370 -0.70222953 0.69507469
vn -0.18426669 -0.70222926 0.68769169
vn -0.03105497 -0.70222897 0.71127355
vn -0.06205060 -0.70223010 0.70924087
vn -0.09292651 -0.70222951 0.70586002
vn 0.06204839 -0.70223095 0.70924022
vn 0.03105526 -0.70222888 0.71127363
vn -0.00000000 -0.70223006 0.71195010
vn 0.15409697 -0.70222956 0.69507393
vn 0.12363025 -0.70222904 0.70113475
vn 0.09292489 -0.70222854 0.70586120
vn 0.24350076 -0.70222924 0.66901531
vn 0.21408594 -0.70222951 0.67899994
vn 0.18426655 -0.70223023 0.68769073
vn 0.32874113 -0.70222975 0.63150823
vn 0.30088370 -0.70222983 0.64524590
vn 0.27245252 -0.70222931 0.65775650
vn 0.40835700 -0.70223157 0.58319411
vn 0.38253389 -0.70222839 0.60045243
vn 0.35597430 -0.70222936 0.61656810
vn 0.45763243 -0.70223062 0.54538493
vn 0.43340787 -0.70222796 0.56483051
vn 0.49648051 -0.71204997 0.49647956
vn 0.49648051 0.71204997 0.49647956
vn 0.51766988 -0.71205441 0.47433787
vn 0.51766988 0.71205441 0.47433787
vn 0.53787295 -0.71204443 0.45131521
vn 0.53787295 0.71204443 0.45131521
vn 0.55703489 -0.71205253 0.42742640
vn 0.55703489 0.71205253 0.42742640
vn 0.57515035 -0.71204464 0.40273379
vn 0.57515035 0.71204464 0.40273379
vn 0.59215883 -0.71205293 0.37726455
vn 0.59215883 0.71205293 0.37726455
vn 0.60805978 -0.71205213 0.35106276
vn 0.60805978 0.71205213 0.35106276
vn 0.62279956 -0.71205082 0.32419799
vn 0.62279956 0.71205082 0.32419799
vn 0.63634936 -0.71204850 0.29672617
vn 0.63634936 0.71204850 0.29672617
vn 0.64868239 -0.71204522 0.26870571
vn 0.64868239 0.71204522 0.26870571
vn 0.65977688 -0.71205704 0.24014420
vn 0.65977688 0.71205704 0.24014420
vn 0.66963732 -0.71204682 0.21112835
vn 0.66963732 0.71204682 0.21112835
vn 0.67820422 -0.71204671 0.18173749
vn 0.67820422 0.71204671 0.18173749
vn 0.68547723 -0.71206026 0.15195773
vn 0.68547723 0.71206026 0.15195773
vn 0.69147306 -0.71204091 0.12191286
vn 0.69147306 0.71204091 0.12191286
vn 0.69611864 -0.71205210 0.09165504
vn 0.69611864 0.71205210 0.09165504
vn 0.69945706 -0.71204954 0.06119872
vn 0.69945706 0.71204954 0.06119872
vn 0.70145431 -0.71205676 0.03061090
vn 0.70145431 0.71205676 0.03061090
vn 0.70213714 -0.71204174 -0.00001061
vn 0.70213714 0.71204174 -0.00001061
vn 0.70146217 -0.71204910 -0.03060890
vn 0.70146217 0.71204910 -0.03060890
vn 0.69944798 -0.71205840 -0.06119931
vn 0.69944798 0.71205840 -0.06119931
vn 0.69612560 -0.71204450 -0.09166126
vn 0.69612560 0.71204450 -0.09166126
vn 0.69146956 -0.71204525 -0.12190739
vn 0.69146956 0.71204525 -0.12190739
vn 0.68548197 -0.71205628 -0.15195502
vn 0.68548197 0.71205628 -0.15195502
vn 0.67820024 -0.71205127 -0.18173447
vn 0.67820024 0.71205127 -0.18173447
vn 0.66963752 -0.71204479 -0.21113459
vn 0.66963752 0.71204479 -0.21113459
vn 0.65978092 -0.71205509 -0.24013889
vn 0.65978092 0.71205509 -0.24013889
vn 0.64867305 -0.71205187 -0.26871063
vn 0.64867305 0.71205187 -0.26871063
vn 0.63635807 -0.71203914 -0.29672998
vn 0.63635807 0.71203914 -0.29672998
vn 0.62278768 -0.71206172 -0.32419687
vn 0.62278768 0.71206172 -0.32419687
vn 0.60807027 -0.71203992 -0.35106937
vn 0.60807027 0.71203992 -0.35106937
vn 0.59216609 -0.71205799 -0.37724362
vn 0.59216609 0.71205799 -0.37724362
vn 0.57515126 -0.71204561 -0.40273077
vn 0.57515126 0.71204561 -0.40273077
vn 0.55703344 -0.71205307 -0.42742739
vn 0.55703344 0.71205307 -0.42742739
vn 0.53785949 -0.71204853 -0.45132478
vn 0.53785949 0.71204853 -0.45132478
vn 0.51767717 -0.71204499 -0.47434405
vn 0.51767717 0.71204499 -0.47434405
vn 0.49647273 -0.71205983 -0.49647320
vn 0.49647273 0.71205983 -0.49647320
vn 0.47434388 -0.71204488 -0.51767747
vn 0.47434388 0.71204488 -0.51767747
vn 0.45132478 -0.71204853 -0.53785949
vn 0.45132478 0.71204853 -0.53785949
vn 0.42742739 -0.71205307 -0.55703344
vn 0.42742739 0.71205307 -0.55703344
vn 0.40273077 -0.71204561 -0.57515126
vn 0.40273077 0.71204561 -0.57515126
vn 0.37724362 -0.71205799 -0.59216609
vn 0.37724362 0.71205799 -0.59216609
vn 0.35106937 -0.71203992 -0.60807027
vn 0.35106937 0.71203992 -0.60807027
vn 0.32419687 -0.71206172 -0.62278768
vn 0.32419687 0.71206172 -0.62278768
vn 0.29672998 -0.71203914 -0.63635807
vn 0.29672998 0.71203914 -0.63635807
vn 0.26871063 -0.71205187 -0.64867305
vn 0.26871063 0.71205187 -0.64867305
vn 0.24013889 -0.71205509 -0.65978092
vn 0.24013889 0.71205509 -0.65978092
vn 0.21113459 -0.71204479 -0.66963752
vn 0.21113459 0.71204479 -0.66963752
vn 0.18173447 -0.71205127 -0.67820024
vn 0.18173447 0.71205127 -0.67820024
vn 0.15195502 -0.71205628 -0.68548197
vn 0.15195502 0.71205628 -0.68548197
vn 0.12190739 -0.71204525 -0.69146956
vn 0.12190739 0.71204525 -0.69146956
vn 0.09166126 -0.71204450 -0.69612560
vn 0.09166126 0.71204450 -0.69612560
vn 0.06118894 -0.71206169 -0.69944554
vn 0.06118894 0.71206169 -0.69944554
vn 0.03060969 -0.71204237 -0.70146897
vn 0.03060969 0.71204237 -0.70146897
vn 0.00002123 -0.71204518 -0.70213365
vn 0.00002123 0.71204518 -0.70213365
vn -0.03061090 -0.71205676 -0.70145431
vn -0.03061090 0.71205676 -0.70145431
vn -0.06119872 -0.71204954 -0.69945706
vn -0.06119872 0.71204954 -0.69945706
vn -0.09165504 -0.71205210 -0.69611864
vn -0.09165504 0.71205210 -0.69611864
vn -0.12191286 -0.71204091 -0.69147306
vn -0.12191286 0.71204091 -0.69147306
vn -0.15195773 -0.71206026 -0.68547723
vn -0.15195773 0.71206026 -0.68547723
vn -0.18173749 -0.71204671 -0.67820422
vn -0.18173749 0.71204671 -0.67820422
vn -0.21112835 -0.71204682 -0.66963732
vn -0.21112835 0.71204682 -0.66963732
vn -0.24014420 -0.71205704 -0.65977688
vn -0.24014420 0.71205704 -0.65977688
vn -0.26870571 -0.71204522 -0.64868239
vn -0.26870571 0.71204522 -0.64868239
vn -0.29672617 -0.71204850 -0.63634936
vn -0.29672617 0.71204850 -0.63634936
vn -0.32419799 -0.71205082 -0.62279956
vn -0.32419799 0.71205082 -0.62279956
vn -0.35106276 -0.71205213 -0.60805978
vn -0.35106276 0.71205213 -0.60805978
vn -0.37726455 -0.71205293 -0.59215883
vn -0.37726455 0.71205293 -0.59215883
vn -0.40273379 -0.71204464 -0.57515035
vn -0.40273379 0.71204464 -0.57515035
vn -0.42741736 -0.71204757 -0.55704817
vn -0.42741736 0.71204757 -0.55704817
vn -0.45130878 -0.71205436 -0.53786520
vn -0.45130878 0.71205436 -0.53786520
vn -0.47435257 -0.71204943 -0.51766325
vn -0.47435257 0.71204943 -0.51766325
vn -0.49647956 -0.71204997 -0.49648051
vn -0.49647956 0.71204997 -0.49648051
vn -0.51766264 -0.71204965 -0.47435291
vn -0.51766264 0.71204965 -0.47435291
vn -0.53786520 -0.71205436 -0.45130878
vn -0.53786520 0.71205436 -0.45130878
vn -0.55704817 -0.71204757 -0.42741736
vn -0.55704817 0.71204757 -0.42741736
vn -0.57515035 -0.71204464 -0.40273379
vn -0.57515035 0.71204464 -0.40273379
vn -0.59216072 -0.71205530 -0.37725710
vn -0.59216072 0.71205530 -0.37725710
vn -0.60806367 -0.71204697 -0.35106650
vn -0.60806367 0.71204697 -0.35106650
vn -0.62279309 -0.71205361 -0.32420430
vn -0.62279309 0.71205361 -0.32420430
vn -0.63635074 -0.71205212 -0.29671454
vn -0.63635074 0.71205212 -0.29671454
vn -0.64869004 -0.71204160 -0.26869684
vn -0.64869004 0.71204160 -0.26869684
vn -0.65977644 -0.71205263 -0.24015849
vn -0.65977644 0.71205263 -0.24015849
vn -0.66962878 -0.71205603 -0.21112441
vn -0.66962878 0.71205603 -0.21112441
vn -0.67821274 -0.71204192 -0.18172449
vn -0.67821274 0.71204192 -0.18172449
vn -0.68547902 -0.71205472 -0.15197559
vn -0.68547902 0.71205472 -0.15197559
vn -0.69146183 -0.71205234 -0.12190977
vn -0.69146183 0.71205234 -0.12190977
vn -0.69612693 -0.71204621 -0.09163782
vn -0.69612693 0.71204621 -0.09163782
vn -0.69945706 -0.71204954 -0.06119872
vn -0.69945706 0.71204954 -0.06119872
vn -0.70146037 -0.71204986 -0.03063241
vn -0.70146037 0.71204986 -0.03063241
vn -0.70212665 -0.71205208 0.00000000
vn -0.70212665 0.71205208 0.00000000
vn -0.70146037 -0.71204986 0.03063241
vn -0.70146037 0.71204986 0.03063241
vn -0.69946105 -0.71204642 0.06118943
vn -0.69946105 0.71204642 0.06118943
vn -0.69612090 -0.71205228 0.09163649
vn -0.69612090 0.71205228 0.09163649
vn -0.69145685 -0.71205354 0.12193106
vn -0.69145685 0.71205354 0.12193106
vn -0.68549877 -0.71203947 0.15195801
vn -0.68549877 0.71203947 0.15195801
vn -0.67819868 -0.71205980 0.18170689
vn -0.67819868 0.71205980 0.18170689
vn -0.66962059 -0.71205373 0.21115811
vn -0.66962059 0.71205373 0.21115811
vn -0.65979833 -0.71203702 0.24014463
vn -0.65979833 0.71203702 0.24014463
vn -0.64867525 -0.71206100 0.26868114
vn -0.64867525 0.71206100 0.26868114
vn -0.63633711 -0.71204858 0.29675227
vn -0.63633711 0.71204858 0.29675227
vn -0.62280497 -0.71204271 0.32420542
vn -0.62280497 0.71204271 0.32420542
vn -0.60805318 -0.71205918 0.35105990
vn -0.60805318 0.71205918 0.35105990
vn -0.59218289 -0.71203853 0.37725398
vn -0.59218289 0.71203853 0.37725398
vn -0.57516040 -0.71205539 0.40270042
vn -0.57516040 0.71205539 0.40270042
vn -0.55703344 -0.71205307 0.42742739
vn -0.55703344 0.71205307 0.42742739
vn -0.53785949 -0.71204853 0.45132478
vn -0.53785949 0.71204853 0.45132478
vn -0.51764929 -0.71205485 0.47435967
vn -0.51764929 0.71205485 0.47435967
vn -0.49648750 -0.71203989 0.49648702
vn -0.49648750 0.71203989 0.49648702
vn -0.47435985 -0.71205496 0.51764898
vn -0.47435985 0.71205496 0.51764898
vn -0.45132478 -0.71204853 0.53785949
vn -0.45132478 0.71204853 0.53785949
vn -0.42742739 -0.71205307 0.55703344
vn -0.42742739 0.71205307 0.55703344
vn -0.40270042 -0.71205539 0.57516040
vn -0.40270042 0.71205539 0.57516040
vn -0.37725398 -0.71203853 0.59218289
vn -0.37725398 0.71203853 0.59218289
vn -0.35105990 -0.71205918 0.60805318
vn -0.35105990 0.71205918 0.60805318
vn -0.32420542 -0.71204271 0.62280497
vn -0.32420542 0.71204271 0.62280497
vn -0.29675227 -0.71204858 0.63633711
vn -0.29675227 0.71204858 0.63633711
vn -0.26868114 -0.71206100 0.64867525
vn -0.26868114 0.71206100 0.64867525
vn -0.24014463 -0.71203702 0.65979833
vn -0.24014463 0.71203702 0.65979833
vn -0.21115811 -0.71205373 0.66962059
vn -0.21115811 0.71205373 0.66962059
vn -0.18170689 -0.71205980 0.67819868
vn -0.18170689 0.71205980 0.67819868
vn -0.15195801 -0.71203947 0.68549877
vn -0.15195801 0.71203947 0.68549877
vn -0.12193106 -0.71205354 0.69145685
vn -0.12193106 0.71205354 0.69145685
vn -0.09163649 -0.71205228 0.69612090
vn -0.09163649 0.71205228 0.69612090
vn -0.06119980 -0.71204313 0.69946348
vn -0.06119980 0.71204313 0.69946348
vn -0.03063162 -0.71205660 0.70145357
vn -0.03063162 0.71205660 0.70145357
vn 0.00001061 -0.71204863 0.70213015
vn 0.00001061 0.71204863 0.70213015
vn 0.03063241 -0.71204986 0.70146037
vn 0.03063241 0.71204986 0.70146037
vn 0.06119872 -0.71204954 0.69945706
vn 0.06119872 0.71204954 0.69945706
vn 0.09163782 -0.71204621 0.69612693
vn 0.09163782 0.71204621 0.69612693
vn 0.12190977 -0.71205234 0.69146183
vn 0.12190977 0.71205234 0.69146183
vn 0.15197559 -0.71205472 0.68547902
vn 0.15197559 0.71205472 0.68547902
vn 0.18172449 -0.71204192 0.67821274
vn 0.18172449 0.71204192 0.67821274
vn 0.21112441 -0.71205603 0.66962878
vn 0.21112441 0.71205603 0.66962878
vn 0.24015849 -0.71205263 0.65977644
vn 0.24015849 0.71205263 0.65977644
vn 0.26869684 -0.71204160 0.64869004
vn 0.26869684 0.71204160 0.64869004
vn 0.29671454 -0.71205212 0.63635074
vn 0.29671454 0.71205212 0.63635074
vn 0.32420430 -0.71205361 0.62279309
vn 0.32420430 0.71205361 0.62279309
vn 0.35106650 -0.71204697 0.60806367
vn 0.35106650 0.71204697 0.60806367
vn 0.37725710 -0.71205530 0.59216072
vn 0.37725710 0.71205530 0.59216072
vn 0.40273379 -0.71204464 0.57515035
vn 0.40273379 0.71204464 0.57515035
vn 0.42742640 -0.71205253 0.55703489
vn 0.42742640 0.71205253 0.55703489
vn 0.45131521 -0.71204443 0.53787295
vn 0.45131521 0.71204443 0.53787295
vn 0.47433821 -0.71205463 0.51766927
vn 0.47433821 0.71205463 0.51766927
vn 0.49648051 -0.71204997 0.49647956
vn 0.49648051 0.71204997 0.49647956
vn 0.51766325 -0.71204943 0.47435257
vn 0.51766325 0.71204943 0.47435257
vn 0.53786074 -0.71205064 0.45131997
vn 0.53786074 0.71205064 0.45131997
vn 0.55703557 -0.71204883 0.42743168
vn 0.55703557 0.71204883 0.42743168
vn 0.57514852 -0.71205199 0.40272340
vn 0.57514852 0.71205199 0.40272340
vn 0.59216917 -0.71204562 0.37726212
vn 0.59216917 0.71204562 0.37726212
vn 0.60805472 -0.71205575 0.35106419
vn 0.60805472 0.71205575 0.35106419
vn 0.62280111 -0.71204726 0.32420283
vn 0.62280111 0.71204726 0.32420283
vn 0.63634323 -0.71204854 0.29673922
vn 0.63634323 0.71204854 0.29673922
vn 0.64867858 -0.71205210 0.26869667
vn 0.64867858 0.71205210 0.26869667
vn 0.65978615 -0.71205359 0.24012896
vn 0.65978615 0.71205359 0.24012896
vn 0.66963953 -0.71204352 0.21113249
vn 0.66963953 0.71204352 0.21113249
vn 0.67819995 -0.71205103 0.18173652
vn 0.67819995 0.71205103 0.18173652
vn 0.68548143 -0.71205606 0.15195848
vn 0.68548143 0.71205606 0.15195848
vn 0.69146989 -0.71204298 0.12191878
vn 0.69146989 0.71204298 0.12191878
vn 0.69612040 -0.71204919 0.09166432
vn 0.69612040 0.71204919 0.09166432
vn 0.69945194 -0.71205433 0.06120150
vn 0.69945194 0.71205433 0.06120150
vn 0.70145646 -0.71205488 0.03060522
vn 0.70145646 0.71205488 0.03060522
vn 0.70213365 -0.71204518 -0.00002123
vn 0.70213365 0.71204518 -0.00002123
vn 0.70146991 -0.71204155 -0.03060720
vn 0.70146991 0.71204155 -0.03060720
vn 0.69944194 -0.71206485 -0.06119332
vn 0.69944194 0.71206485 -0.06119332
vn 0.69612805 -0.71204142 -0.09166656
vn 0.69612805 0.71204142 -0.09166656
vn 0.69147134 -0.71204460 -0.12190107
vn 0.69147134 0.71204460 -0.12190107
vn 0.68547616 -0.71206090 -0.15195956
vn 0.68547616 0.71206090 -0.15195956
vn 0.67820190 -0.71204744 -0.18174331
vn 0.67820190 0.71204744 -0.18174331
vn 0.66963958 -0.71204428 -0.21112974
vn 0.66963958 0.71204428 -0.21112974
vn 0.65978103 -0.71205620 -0.24013532
vn 0.65978103 0.71205620 -0.24013532
vn 0.64867496 -0.71205097 -0.26870842
vn 0.64867496 0.71205097 -0.26870842
vn 0.63635663 -0.71204084 -0.29672896
vn 0.63635663 0.71204084 -0.29672896
vn 0.62278726 -0.71206092 -0.32419944
vn 0.62278726 0.71206092 -0.32419944
vn 0.60807098 -0.71203963 -0.35106873
vn 0.60807098 0.71203963 -0.35106873
vn 0.59216632 -0.71205829 -0.37724269
vn 0.59216632 0.71205829 -0.37724269
vn 0.57515027 -0.71204599 -0.40273151
vn 0.57515027 0.71204599 -0.40273151
vn 0.55703340 -0.71205256 -0.42742830
vn 0.55703340 0.71205256 -0.42742830
vn 0.53785943 -0.71204875 -0.45132451
vn 0.53785943 0.71204875 -0.45132451
vn 0.51767736 -0.71204480 -0.47434412
vn 0.51767736 0.71204480 -0.47434412
vn 0.49647296 -0.71205991 -0.49647284
vn 0.49647296 0.71205991 -0.49647284
vn 0.47434440 -0.71204475 -0.51767718
vn 0.47434440 0.71204475 -0.51767718
vn 0.45132465 -0.71204883 -0.53785921
vn 0.45132465 0.71204883 -0.53785921
vn 0.42742830 -0.71205256 -0.55703340
vn 0.42742830 0.71205256 -0.55703340
vn 0.40273151 -0.71204599 -0.57515027
vn 0.40273151 0.71204599 -0.57515027
vn 0.37724269 -0.71205829 -0.59216632
vn 0.37724269 0.71205829 -0.59216632
vn 0.35106873 -0.71203963 -0.60807098
vn 0.35106873 0.71203963 -0.60807098
vn 0.32420072 -0.71206052 -0.62278705
vn 0.32420072 0.71206052 -0.62278705
vn 0.29672845 -0.71204169 -0.63635592
vn 0.29672845 0.71204169 -0.63635592
vn 0.26870731 -0.71205052 -0.64867592
vn 0.26870731 0.71205052 -0.64867592
vn 0.24013711 -0.71205564 -0.65978097
vn 0.24013711 0.71205564 -0.65978097
vn 0.21112925 -0.71204543 -0.66963851
vn 0.21112925 0.71204543 -0.66963851
vn 0.18173750 -0.71204813 -0.67820273
vn 0.18173750 0.71204813 -0.67820273
vn 0.15195596 -0.71205960 -0.68547831
vn 0.15195596 0.71205960 -0.68547831
vn 0.12190580 -0.71204313 -0.69147202
vn 0.12190580 0.71204313 -0.69147202
vn 0.09166838 -0.71204368 -0.69612550
vn 0.09166838 0.71204368 -0.69612550
vn 0.06119618 -0.71206243 -0.69944416
vn 0.06119618 0.71206243 -0.69944416
vn 0.03060949 -0.71204405 -0.70146727
vn 0.03060949 0.71204405 -0.70146727
vn 0.00001857 -0.71204432 -0.70213452
vn 0.00001857 0.71204432 -0.70213452
vn -0.03061090 -0.71205676 -0.70145431
vn -0.03061090 0.71205676 -0.70145431
vn -0.06120162 -0.71205051 -0.69945581
vn -0.06120162 0.71205051 -0.69945581
vn -0.09165813 -0.71205113 -0.69611922
vn -0.09165813 0.71205113 -0.69611922
vn -0.12191878 -0.71204298 -0.69146989
vn -0.12191878 0.71204298 -0.69146989
vn -0.15195551 -0.71205499 -0.68548320
vn -0.15195551 0.71205499 -0.68548320
vn -0.18173603 -0.71205319 -0.67819781
vn -0.18173603 0.71205319 -0.67819781
vn -0.21113603 -0.71204242 -0.66963957
vn -0.21113603 0.71204242 -0.66963957
vn -0.24012896 -0.71205359 -0.65978615
vn -0.24012896 0.71205359 -0.65978615
vn -0.26869667 -0.71205210 -0.64867858
vn -0.26869667 0.71205210 -0.64867858
vn -0.29673922 -0.71204854 -0.63634323
vn -0.29673922 0.71204854 -0.63634323
vn -0.32420825 -0.71204966 -0.62279555
vn -0.32420825 0.71204966 -0.62279555
vn -0.35106395 -0.71204972 -0.60806192
vn -0.35106395 0.71204972 -0.60806192
vn -0.37725322 -0.71205048 -0.59216900
vn -0.37725322 0.71205048 -0.59216900
vn -0.40272719 -0.71205077 -0.57514738
vn -0.40272719 0.71205077 -0.57514738
vn -0.42743168 -0.71204883 -0.55703557
vn -0.42743168 0.71204883 -0.55703557
vn -0.45131997 -0.71205064 -0.53786074
vn -0.45131997 0.71205064 -0.53786074
vn -0.47435257 -0.71204943 -0.51766325
vn -0.47435257 0.71204943 -0.51766325
vn -0.49647956 -0.71204997 -0.49648051
vn -0.49647956 0.71204997 -0.49648051
vn -0.51766264 -0.71204965 -0.47435291
vn -0.51766264 0.71204965 -0.47435291
vn -0.53786074 -0.71205064 -0.45131997
vn -0.53786074 0.71205064 -0.45131997
vn -0.55703557 -0.71204883 -0.42743168
vn -0.55703557 0.71204883 -0.42743168
vn -0.57514738 -0.71205077 -0.40272719
vn -0.57514738 0.71205077 -0.40272719
vn -0.59217089 -0.71205285 -0.37724577
vn -0.59217089 0.71205285 -0.37724577
vn -0.60806580 -0.71204456 -0.35106768
vn -0.60806580 0.71204456 -0.35106768
vn -0.62278908 -0.71205245 -0.32421456
vn -0.62278908 0.71205245 -0.32421456
vn -0.63634461 -0.71205215 -0.29672759
vn -0.63634461 0.71205215 -0.29672759
vn -0.64868622 -0.71204849 -0.26868779
vn -0.64868622 0.71204849 -0.26868779
vn -0.65978571 -0.71204918 -0.24014325
vn -0.65978571 0.71204918 -0.24014325
vn -0.66963103 -0.71205163 -0.21113210
vn -0.66963103 0.71205163 -0.21113210
vn -0.67820633 -0.71204839 -0.18172303
vn -0.67820633 0.71204839 -0.18172303
vn -0.68548499 -0.71204945 -0.15197337
vn -0.68548499 0.71204945 -0.15197337
vn -0.69145866 -0.71205442 -0.12191568
vn -0.69145866 0.71205442 -0.12191568
vn -0.69612752 -0.71204524 -0.09164092
vn -0.69612752 0.71204524 -0.09164092
vn -0.69945581 -0.71205051 -0.06120162
vn -0.69945581 0.71205051 -0.06120162
vn -0.70146037 -0.71204986 -0.03063241
vn -0.70146037 0.71204986 -0.03063241
vn -0.70212753 -0.71205122 -0.00000265
vn -0.70212753 0.71205122 -0.00000265
vn -0.70145867 -0.71205155 0.03063221
vn -0.70145867 0.71205155 0.03063221
vn -0.69945966 -0.71204716 0.06119667
vn -0.69945966 0.71204716 0.06119667
vn -0.69612081 -0.71205145 0.09164361
vn -0.69612081 0.71205145 0.09164361
vn -0.69145931 -0.71205142 0.12192947
vn -0.69145931 0.71205142 0.12192947
vn -0.68549511 -0.71204279 0.15195895
vn -0.68549511 0.71204279 0.15195895
vn -0.67820117 -0.71205666 0.18170991
vn -0.67820117 0.71205666 0.18170991
vn -0.66962159 -0.71205438 0.21115278
vn -0.66962159 0.71205438 0.21115278
vn -0.65979838 -0.71203758 0.24014284
vn -0.65979838 0.71203758 0.24014284
vn -0.64867812 -0.71205964 0.26867781
vn -0.64867812 0.71205964 0.26867781
vn -0.63633496 -0.71205113 0.29675075
vn -0.63633496 0.71205113 0.29675075
vn -0.62280434 -0.71204151 0.32420926
vn -0.62280434 0.71204151 0.32420926
vn -0.60805390 -0.71205888 0.35105926
vn -0.60805390 0.71205888 0.35105926
vn -0.59218313 -0.71203882 0.37725305
vn -0.59218313 0.71203882 0.37725305
vn -0.57515942 -0.71205577 0.40270116
vn -0.57515942 0.71205577 0.40270116
vn -0.55703340 -0.71205256 0.42742830
vn -0.55703340 0.71205256 0.42742830
vn -0.53785921 -0.71204883 0.45132465
vn -0.53785921 0.71204883 0.45132465
vn -0.51764899 -0.71205472 0.47436020
vn -0.51764899 0.71205472 0.47436020
vn -0.49648714 -0.71203997 0.49648726
vn -0.49648714 0.71203997 0.49648726
vn -0.47435992 -0.71205477 0.51764918
vn -0.47435992 0.71205477 0.51764918
vn -0.45132451 -0.71204875 0.53785943
vn -0.45132451 0.71204875 0.53785943
vn -0.42742830 -0.71205256 0.55703340
vn -0.42742830 0.71205256 0.55703340
vn -0.40270116 -0.71205577 0.57515942
vn -0.40270116 0.71205577 0.57515942
vn -0.37725305 -0.71203882 0.59218313
vn -0.37725305 0.71203882 0.59218313
vn -0.35105926 -0.71205888 0.60805390
vn -0.35105926 0.71205888 0.60805390
vn -0.32420798 -0.71204191 0.62280455
vn -0.32420798 0.71204191 0.62280455
vn -0.29675126 -0.71205028 0.63633567
vn -0.29675126 0.71205028 0.63633567
vn -0.26867892 -0.71206009 0.64867716
vn -0.26867892 0.71206009 0.64867716
vn -0.24014106 -0.71203813 0.65979844
vn -0.24014106 0.71203813 0.65979844
vn -0.21115327 -0.71205323 0.66962265
vn -0.21115327 0.71205323 0.66962265
vn -0.18171572 -0.71205596 0.67820034
vn -0.18171572 0.71205596 0.67820034
vn -0.15196255 -0.71204408 0.68549297
vn -0.15196255 0.71204408 0.68549297
vn -0.12192474 -0.71205289 0.69145863
vn -0.12192474 0.71205289 0.69145863
vn -0.09164179 -0.71204920 0.69612335
vn -0.09164179 0.71204920 0.69612335
vn -0.06119381 -0.71204958 0.69945744
vn -0.06119381 0.71204958 0.69945744
vn -0.03062992 -0.71204904 0.70146131
vn -0.03062992 0.71204904 0.70146131
vn -0.00000000 -0.71205208 0.70212665
vn -0.00000000 0.71205208 0.70212665
vn 0.03062673 -0.71204799 0.70146252
vn 0.03062673 0.71204799 0.70146252
vn 0.06120150 -0.71205433 0.69945194
vn 0.06120150 0.71205433 0.69945194
vn 0.09164711 -0.71204329 0.69612869
vn 0.09164711 0.71204329 0.69612869
vn 0.12191568 -0.71205442 0.69145866
vn 0.12191568 0.71205442 0.69145866
vn 0.15197634 -0.71205052 0.68548323
vn 0.15197634 0.71205052 0.68548323
vn 0.18172352 -0.71204623 0.67820847
vn 0.18172352 0.71204623 0.67820847
vn 0.21112855 -0.71205272 0.66963098
vn 0.21112855 0.71205272 0.66963098
vn 0.24014325 -0.71204918 0.65978571
vn 0.24014325 0.71204918 0.65978571
vn 0.26868779 -0.71204849 0.64868622
vn 0.26868779 0.71204849 0.64868622
vn 0.29672759 -0.71205215 0.63634461
vn 0.29672759 0.71205215 0.63634461
vn 0.32420915 -0.71205005 0.62279463
vn 0.32420915 0.71205005 0.62279463
vn 0.35106793 -0.71205059 0.60805860
vn 0.35106793 0.71205059 0.60805860
vn 0.37725468 -0.71204799 0.59217106
vn 0.37725468 0.71204799 0.59217106
vn 0.40272340 -0.71205199 0.57514852
vn 0.40272340 0.71205199 0.57514852
vn 0.42743168 -0.71204883 0.55703557
vn 0.42743168 0.71204883 0.55703557
vn 0.45131997 -0.71205064 0.53786074
vn 0.45131997 0.71205064 0.53786074
vn 0.47435291 -0.71204965 0.51766264
vn 0.47435291 0.71204965 0.51766264
vn -0.50342526 0.70222937 -0.50342519
vn -0.52490508 -0.70222965 -0.48098666
vn -0.52490508 0.70222965 -0.48098666
vn -0.54538548 -0.70222960 -0.45763334
vn -0.54538548 0.70222960 -0.45763334
vn -0.56482879 -0.70222924 -0.43340804
vn -0.56482879 0.70222924 -0.43340804
vn -0.58319582 -0.70222978 -0.40835765
vn -0.58319582 0.70222978 -0.40835765
vn -0.60045272 -0.70222957 -0.38253125
vn -0.60045272 0.70222957 -0.38253125
vn -0.61656752 -0.70222931 -0.35597541
vn -0.61656752 0.70222931 -0.35597541
vn -0.63150792 -0.70222967 -0.32874190
vn -0.63150792 0.70222967 -0.32874190
vn -0.64524646 -0.70222947 -0.30088333
vn -0.64524646 0.70222947 -0.30088333
vn -0.65775676 -0.70222950 -0.27245141
vn -0.65775676 0.70222950 -0.27245141
vn -0.66901462 -0.70222967 -0.24350141
vn -0.66901462 0.70222967 -0.24350141
vn -0.67899912 -0.70222960 -0.21408829
vn -0.67899912 0.70222960 -0.21408829
vn -0.68769168 -0.70222930 -0.18426656
vn -0.68769168 0.70222930 -0.18426656
vn -0.69507468 -0.70222953 -0.15409372
vn -0.69507468 0.70222953 -0.15409372
vn -0.70113446 -0.70222962 -0.12362860
vn -0.70113446 0.70222962 -0.12362860
vn -0.70585990 -0.70222945 -0.09292793
vn -0.70585990 0.70222945 -0.09292793
vn -0.70924141 -0.70222958 -0.06205020
vn -0.70924141 0.70222958 -0.06205020
vn -0.71127260 -0.70222989 -0.03105579
vn -0.71127260 0.70222989 -0.03105579
vn -0.71195117 -0.70222897 -0.00000033
vn -0.71195117 0.70222897 -0.00000033
vn -0.71127271 -0.70222980 0.03105545
vn -0.71127271 0.70222980 0.03105545
vn -0.70924146 -0.70222952 0.06205037
vn -0.70924146 0.70222952 0.06205037
vn -0.70585971 -0.70222970 0.09292746
vn -0.70585971 0.70222970 0.09292746
vn -0.70113484 -0.70222923 0.12362865
vn -0.70113484 0.70222923 0.12362865
vn -0.69507444 -0.70222944 0.15409520
vn -0.69507444 0.70222944 0.15409520
vn -0.68769117 -0.70222970 0.18426694
vn -0.68769117 0.70222970 0.18426694
vn -0.67899935 -0.70222973 0.21408711
vn -0.67899935 0.70222973 0.21408711
vn -0.66901512 -0.70222937 0.24350089
vn -0.66901512 0.70222937 0.24350089
vn -0.65775654 -0.70222916 0.27245280
vn -0.65775654 0.70222916 0.27245280
vn -0.64524563 -0.70222990 0.30088410
vn -0.64524563 0.70222990 0.30088410
vn -0.63150790 -0.70222938 0.32874256
vn -0.63150790 0.70222938 0.32874256
vn -0.61656738 -0.70223015 0.35597400
vn -0.61656738 0.70223015 0.35597400
vn -0.60045401 -0.70222870 0.38253084
vn -0.60045401 0.70222870 0.38253084
vn -0.58319476 -0.70222974 0.40835922
vn -0.58319476 0.70222974 0.40835922
vn -0.56482872 -0.70223023 0.43340654
vn -0.56482872 0.70223023 0.43340654
vn -0.54538700 -0.70222864 0.45763300
vn -0.54538700 0.70222864 0.45763300
vn -0.52490455 -0.70223015 0.48098653
vn -0.52490455 0.70223015 0.48098653
vn -0.50342552 -0.70222894 0.50342553
vn -0.50342552 0.70222894 0.50342553
vn -0.48098654 -0.70223016 0.52490452
vn -0.48098654 0.70223016 0.52490452
vn -0.45763303 -0.70222863 0.54538699
vn -0.45763303 0.70222863 0.54538699
vn -0.43340649 -0.70223021 0.56482878
vn -0.43340649 0.70223021 0.56482878
vn -0.40835921 -0.70222980 0.58319470
vn -0.40835921 0.70222980 0.58319470
vn -0.38253086 -0.70222863 0.60045408
vn -0.38253086 0.70222863 0.60045408
vn -0.35597398 -0.70223023 0.61656730
vn -0.35597398 0.70223023 0.61656730
vn -0.32874259 -0.70222928 0.63150800
vn -0.32874259 0.70222928 0.63150800
vn -0.30088422 -0.70223007 0.64524539
vn -0.30088422 0.70223007 0.64524539
vn -0.27245302 -0.70222898 0.65775665
vn -0.27245302 0.70222898 0.65775665
vn -0.24350048 -0.70222936 0.66901528
vn -0.24350048 0.70222936 0.66901528
vn -0.21408730 -0.70222996 0.67899906
vn -0.21408730 0.70222996 0.67899906
vn -0.18426747 -0.70222954 0.68769119
vn -0.18426747 0.70222954 0.68769119
vn -0.15409494 -0.70222935 0.69507459
vn -0.15409494 0.70222935 0.69507459
vn -0.12362835 -0.70222932 0.70113480
vn -0.12362835 0.70222932 0.70113480
vn -0.09292761 -0.70222975 0.70585964
vn -0.09292761 0.70222975 0.70585964
vn -0.06205037 -0.70222941 0.70924157
vn -0.06205037 0.70222941 0.70924157
vn -0.03105563 -0.70222996 0.71127254
vn -0.03105563 0.70222996 0.71127254
vn 0.00000072 -0.70222862 0.71195151
vn 0.00000072 0.70222862 0.71195151
vn 0.03105633 -0.70223019 0.71127229
vn 0.03105633 0.70223019 0.71127229
vn 0.06204971 -0.70222962 0.70924142
vn 0.06204971 0.70222962 0.70924142
vn 0.09292786 -0.70222929 0.70586007
vn 0.09292786 0.70222929 0.70586007
vn 0.12362823 -0.70222985 0.70113429
vn 0.12362823 0.70222985 0.70113429
vn 0.15409415 -0.70222909 0.69507503
vn 0.15409415 0.70222909 0.69507503
vn 0.18426747 -0.70222954 0.68769119
vn 0.18426747 0.70222954 0.68769119
vn 0.21408778 -0.70222981 0.67899905
vn 0.21408778 0.70222981 0.67899905
vn 0.24350086 -0.70222950 0.66901499
vn 0.24350086 0.70222950 0.66901499
vn 0.27245123 -0.70222952 0.65775682
vn 0.27245123 0.70222952 0.65775682
vn 0.30088323 -0.70222943 0.64524655
vn 0.30088323 0.70222943 0.64524655
vn 0.32874254 -0.70222947 0.63150781
vn 0.32874254 0.70222947 0.63150781
vn 0.35597505 -0.70222975 0.61656723
vn 0.35597505 0.70222975 0.61656723
vn 0.38253068 -0.70222934 0.60045336
vn 0.38253068 0.70222934 0.60045336
vn 0.40835840 -0.70222953 0.58319559
vn 0.40835840 0.70222953 0.58319559
vn 0.43340853 -0.70222948 0.56482812
vn 0.43340853 0.70222948 0.56482812
vn 0.45763227 -0.70222995 0.54538592
vn 0.45763227 0.70222995 0.54538592
vn 0.48098739 -0.70222887 0.52490546
vn 0.48098739 0.70222887 0.52490546
vn 0.50342459 -0.70223024 0.50342465
vn 0.50342459 0.70223024 0.50342465
vn 0.52490544 -0.70222886 0.48098743
vn 0.52490544 0.70222886 0.48098743
vn 0.54538612 -0.70222988 0.45763214
vn 0.54538612 0.70222988 0.45763214
vn 0.56482794 -0.70222965 0.43340850
vn 0.56482794 0.70222965 0.43340850
vn 0.58319566 -0.70222937 0.40835858
vn 0.58319566 0.70222937 0.40835858
vn 0.60045361 -0.70222932 0.38253031
vn 0.60045361 0.70222932 0.38253031
vn 0.61656706 -0.70222991 0.35597500
vn 0.61656706 0.70222991 0.35597500
vn 0.63150775 -0.70222938 0.32874284
vn 0.63150775 0.70222938 0.32874284
vn 0.64524628 -0.70222955 0.30088352
vn 0.64524628 0.70222955 0.30088352
vn 0.65775678 -0.70222940 0.27245163
vn 0.65775678 0.70222940 0.27245163
vn 0.66901499 -0.70222950 0.24350086
vn 0.66901499 0.70222950 0.24350086
vn 0.67899935 -0.70222966 0.21408735
vn 0.67899935 0.70222966 0.21408735
vn 0.68769117 -0.70222970 0.18426694
vn 0.68769117 0.70222970 0.18426694
vn 0.69507503 -0.70222909 0.15409415
vn 0.69507503 0.70222909 0.15409415
vn 0.70113429 -0.70222985 0.12362823
vn 0.70113429 0.70222985 0.12362823
vn 0.70585979 -0.70222949 0.09292847
vn 0.70585979 0.70222949 0.09292847
vn 0.70924157 -0.70222941 0.06205037
vn 0.70924157 0.70222941 0.06205037
vn 0.71127254 -0.70222996 0.03105563
vn 0.71127254 0.70222996 0.03105563
vn 0.71195106 -0.70222908 0.00000075
vn 0.71195106 0.70222908 0.00000075
vn 0.71127301 -0.70222949 -0.03105568
vn 0.71127301 0.70222949 -0.03105568
vn 0.70924126 -0.70222966 -0.06205113
vn 0.70924126 0.70222966 -0.06205113
vn 0.70585979 -0.70222949 -0.09292847
vn 0.70585979 0.70222949 -0.09292847
vn 0.70113429 -0.70222985 -0.12362823
vn 0.70113429 0.70222985 -0.12362823
vn 0.69507503 -0.70222909 -0.15409415
vn 0.69507503 0.70222909 -0.15409415
vn 0.68769119 -0.70222954 -0.18426747
vn 0.68769119 0.70222954 -0.18426747
vn 0.67899906 -0.70222996 -0.21408730
vn 0.67899906 0.70222996 -0.21408730
vn 0.66901528 -0.70222936 -0.24350048
vn 0.66901528 0.70222936 -0.24350048
vn 0.65775674 -0.70222928 -0.27245202
vn 0.65775674 0.70222928 -0.27245202
vn 0.64524607 -0.70222977 -0.30088347
vn 0.64524607 0.70222977 -0.30088347
vn 0.63150800 -0.70222928 -0.32874259
vn 0.63150800 0.70222928 -0.32874259
vn 0.61656706 -0.70222991 -0.35597500
vn 0.61656706 0.70222991 -0.35597500
vn 0.60045356 -0.70222926 -0.38253051
vn 0.60045356 0.70222926 -0.38253051
vn 0.58319554 -0.70222948 -0.40835856
vn 0.58319554 0.70222948 -0.40835856
vn 0.56482841 -0.70222988 -0.43340750
vn 0.56482841 0.70222988 -0.43340750
vn 0.54538650 -0.70222927 -0.45763262
vn 0.54538650 0.70222927 -0.45763262
vn 0.52490452 -0.70222919 -0.48098795
vn 0.52490452 0.70222919 -0.48098795
vn 0.50342463 -0.70223023 -0.50342461
vn 0.50342463 0.70223023 -0.50342461
vn 0.48098794 -0.70222918 -0.52490455
vn 0.48098794 0.70222918 -0.52490455
vn 0.45763258 -0.70222928 -0.54538652
vn 0.45763258 0.70222928 -0.54538652
vn 0.43340755 -0.70222991 -0.56482834
vn 0.43340755 0.70222991 -0.56482834
vn 0.40835857 -0.70222943 -0.58319560
vn 0.40835857 0.70222943 -0.58319560
vn 0.38253050 -0.70222933 -0.60045349
vn 0.38253050 0.70222933 -0.60045349
vn 0.35597503 -0.70222983 -0.61656715
vn 0.35597503 0.70222983 -0.61656715
vn 0.32874256 -0.70222938 -0.63150790
vn 0.32874256 0.70222938 -0.63150790
vn 0.30088335 -0.70222960 -0.64524631
vn 0.30088335 0.70222960 -0.64524631
vn 0.27245179 -0.70222947 -0.65775664
vn 0.27245179 0.70222947 -0.65775664
vn 0.24350089 -0.70222937 -0.66901512
vn 0.24350089 0.70222937 -0.66901512
vn 0.21408711 -0.70222973 -0.67899935
vn 0.21408711 0.70222973 -0.67899935
vn 0.18426694 -0.70222970 -0.68769117
vn 0.18426694 0.70222970 -0.68769117
vn 0.15409442 -0.70222918 -0.69507489
vn 0.15409442 0.70222918 -0.69507489
vn 0.12362853 -0.70222976 -0.70113433
vn 0.12362853 0.70222976 -0.70113433
vn 0.09292832 -0.70222944 -0.70585986
vn 0.09292832 0.70222944 -0.70585986
vn 0.06205113 -0.70222976 -0.70924116
vn 0.06205113 0.70222976 -0.70924116
vn 0.03105550 -0.70222932 -0.71127318
vn 0.03105550 0.70222932 -0.71127318
vn -0.00000036 -0.70222943 -0.71195072
vn -0.00000036 0.70222943 -0.71195072
vn -0.03105509 -0.70222967 -0.71127285
vn -0.03105509 0.70222967 -0.71127285
vn -0.06205087 -0.70222938 -0.70924156
vn -0.06205087 0.70222938 -0.70924156
vn -0.09292855 -0.70222965 -0.70585962
vn -0.09292855 0.70222965 -0.70585962
vn -0.12362860 -0.70222962 -0.70113446
vn -0.12362860 0.70222962 -0.70113446
vn -0.15409372 -0.70222953 -0.69507468
vn -0.15409372 0.70222953 -0.69507468
vn -0.18426604 -0.70222946 -0.68769166
vn -0.18426604 0.70222946 -0.68769166
vn -0.21408786 -0.70222944 -0.67899941
vn -0.21408786 0.70222944 -0.67899941
vn -0.24350141 -0.70222967 -0.66901462
vn -0.24350141 0.70222967 -0.66901462
vn -0.27245180 -0.70222938 -0.65775673
vn -0.27245180 0.70222938 -0.65775673
vn -0.30088362 -0.70222958 -0.64524620
vn -0.30088362 0.70222958 -0.64524620
vn -0.32874220 -0.70222958 -0.63150787
vn -0.32874220 0.70222958 -0.63150787
vn -0.35597536 -0.70222947 -0.61656736
vn -0.35597536 0.70222947 -0.61656736
vn -0.38253088 -0.70222956 -0.60045298
vn -0.38253088 0.70222956 -0.60045298
vn -0.40835784 -0.70222962 -0.58319588
vn -0.40835784 0.70222962 -0.58319588
vn -0.43340801 -0.70222941 -0.56482860
vn -0.43340801 0.70222941 -0.56482860
vn -0.45763321 -0.70222953 -0.54538568
vn -0.45763321 0.70222953 -0.54538568
vn -0.48098671 -0.70222964 -0.52490506
vn -0.48098671 0.70222964 -0.52490506
vn -0.50342526 -0.70222937 -0.50342519
vn 0.12192372 -0.71205022 -0.69146156
vn 0.15196949 -0.71204998 -0.68548530
vn 0.49648007 -0.71204991 0.49648007
vn 0.18172464 -0.71204978 -0.67820444
vn -0.09164452 -0.71205002 0.69612216
vn -0.06119467 -0.71204941 0.69945754
vn -0.12192223 -0.71205016 0.69146188
vn -0.24014132 -0.71205030 -0.65978521
vn -0.26869254 -0.71204975 -0.64868287
vn -0.29673155 -0.71205016 -0.63634500
vn -0.03062650 -0.71205058 0.70145990
vn -0.00000000 -0.71204945 0.70212932
vn 0.03062678 -0.71205067 0.70145980
vn 0.42742678 -0.71205161 0.55703577
vn 0.45132047 -0.71204888 0.53786264
vn 0.47434978 -0.71205059 0.51766422
vn -0.15196786 -0.71205000 0.68548564
vn -0.12192482 -0.71204935 -0.69146226
vn -0.15196786 -0.71205000 -0.68548564
vn 0.18172483 -0.71204928 0.67820492
vn 0.15197111 -0.71204996 0.68548496
vn 0.12192451 -0.71205050 0.69146113
vn 0.21113246 -0.71205002 0.66963263
vn 0.24014130 -0.71205030 0.65978521
vn 0.26869368 -0.71205022 0.64868189
vn 0.09164714 -0.71204961 -0.69612223
vn 0.06119445 -0.71205070 -0.69945625
vn 0.03062557 -0.71204957 -0.70146096
vn 0.00000107 -0.71204980 -0.70212896
vn -0.03062564 -0.71205029 -0.70146023
vn -0.18172446 -0.71205028 -0.67820397
vn -0.21113404 -0.71204954 -0.66963264
vn -0.32420721 -0.71205026 -0.62279541
vn -0.35106472 -0.71204968 -0.60806152
vn -0.37725349 -0.71205030 -0.59216904
vn 0.06119264 -0.71204854 0.69945860
vn 0.09164266 -0.71205101 0.69612138
vn 0.29673305 -0.71204970 0.63634482
vn 0.32420612 -0.71204978 0.62279652
vn 0.35106322 -0.71205017 0.60806181
vn 0.37725533 -0.71205117 0.59216682
vn 0.40272579 -0.71204790 0.57515191
vn -0.06119448 -0.71204993 -0.69945702
vn -0.09164763 -0.71205059 -0.69612116
vn -0.40272461 -0.71204958 -0.57515066
vn -0.42742832 -0.71205032 -0.55703625
vn -0.45132068 -0.71205038 -0.53786049
vn -0.57515109 -0.71204889 -0.40272523
vn -0.18172446 -0.71205028 0.67820397
vn -0.47435274 -0.71204959 -0.51766289
vn -0.49648007 -0.71204991 -0.49648007
vn -0.51766289 -0.71204959 -0.47435274
vn -0.53786049 -0.71205038 -0.45132068
vn -0.55703657 -0.71205062 -0.42742739
vn 0.42743061 -0.71205045 -0.55703432
vn 0.45132058 -0.71204879 -0.53786267
vn 0.47434969 -0.71205062 -0.51766426
vn 0.53786273 -0.71204885 -0.45132042
vn 0.55703438 -0.71205032 -0.42743074
vn 0.57514984 -0.71205057 -0.40272404
vn 0.51766426 -0.71205062 -0.47434969
vn 0.49648007 -0.71204991 -0.49648007
vn 0.40272420 -0.71205039 -0.57514994
vn 0.37725309 -0.71204978 -0.59216992
vn 0.35106392 -0.71205015 -0.60806143
vn -0.59216844 -0.71205117 -0.37725279
vn -0.60806267 -0.71204921 -0.35106369
vn -0.62279541 -0.71205026 -0.32420721
vn 0.32420644 -0.71204992 -0.62279620
vn 0.29673305 -0.71204970 -0.63634482
vn 0.26869368 -0.71205022 -0.64868189
vn 0.24014058 -0.71205052 -0.65978523
vn 0.21113266 -0.71204955 -0.66963306
vn -0.67820492 -0.71204928 -0.18172483
vn -0.66963178 -0.71205046 -0.21113364
vn -0.65978517 -0.71204985 -0.24014275
vn -0.68548496 -0.71204996 -0.15197111
vn -0.69146113 -0.71205050 -0.12192451
vn -0.69612162 -0.71205062 -0.09164391
vn -0.69945783 -0.71204931 -0.06119261
vn -0.70146023 -0.71205029 -0.03062564
vn -0.70212896 -0.71204980 0.00000107
vn -0.69612337 -0.71204880 0.09164479
vn -0.69146118 -0.71205103 0.12192113
vn -0.63634500 -0.71205016 -0.29673155
vn -0.64868287 -0.71204975 -0.26869254
vn -0.70146096 -0.71204957 0.03062557
vn -0.69945625 -0.71205070 0.06119445
vn 0.51766422 -0.71205059 0.47434978
vn 0.53786264 -0.71204888 0.45132047
vn 0.55703544 -0.71205131 0.42742771
vn 0.57515149 -0.71204859 0.40272517
vn 0.59216742 -0.71205031 0.37725602
vn 0.60806066 -0.71205065 0.35106424
vn 0.62279652 -0.71204978 0.32420612
vn 0.63634482 -0.71204970 0.29673305
vn 0.67820397 -0.71205028 -0.18172446
vn 0.66963265 -0.71204953 -0.21113402
vn 0.65978521 -0.71205030 -0.24014130
vn 0.64868189 -0.71205022 0.26869368
vn 0.65978526 -0.71205074 0.24013986
vn 0.66963349 -0.71204909 0.21113285
vn 0.64868189 -0.71205022 -0.26869368
vn 0.63634553 -0.71204937 -0.29673229
vn 0.62279604 -0.71205038 -0.32420572
vn 0.67820397 -0.71205028 0.18172446
vn 0.68548564 -0.71205000 0.15196786
vn 0.69146226 -0.71204935 0.12192482
vn 0.69612093 -0.71205098 0.09164639
vn 0.69945780 -0.71204917 0.06119450
vn 0.70145980 -0.71205067 0.03062678
vn 0.69945754 -0.71204941 -0.06119467
vn 0.69612102 -0.71205082 -0.09164688
vn 0.69146226 -0.71204935 -0.12192482
vn 0.68548564 -0.71205000 -0.15196786
vn 0.60806105 -0.71205013 -0.35106462
vn 0.59217007 -0.71204956 -0.37725326
vn 0.70212932 -0.71204945 -0.00000000
vn 0.70145990 -0.71205058 -0.03062650
vn -0.21113402 -0.71204953 0.66963265
vn -0.59216992 -0.71204978 0.37725309
vn -0.57514738 -0.71205138 0.40272612
vn -0.68548530 -0.71204998 0.15196949
vn -0.67820444 -0.71204978 0.18172464
vn -0.66963306 -0.71204955 0.21113266
vn -0.65978340 -0.71205144 0.24014291
vn -0.64868364 -0.71204837 0.26869435
vn -0.63634307 -0.71205158 0.29673228
vn -0.62279793 -0.71204801 0.32420729
vn -0.60806207 -0.71205111 0.35106087
vn -0.55703593 -0.71204846 0.42743182
vn -0.53786111 -0.71205079 0.45131929
vn -0.51766576 -0.71204862 0.47435105
vn -0.49647864 -0.71205191 0.49647864
vn -0.47435105 -0.71204862 0.51766576
vn -0.45131913 -0.71205084 0.53786118
vn -0.42743195 -0.71204833 0.55703599
vn -0.40272596 -0.71205156 0.57514727
vn -0.37725326 -0.71204956 0.59217007
vn -0.35106157 -0.71205109 0.60806169
vn -0.32420658 -0.71204847 0.62279778
vn -0.29673152 -0.71205125 0.63634379
vn -0.26869435 -0.71204837 0.64868364
vn -0.24014363 -0.71205122 0.65978337
vn 0.50374255 -0.70950305 0.49279698
vn -0.49279698 -0.70950305 -0.50374255
vn -0.47459344 -0.71127269 -0.51850962
vn 0.51850962 -0.71127269 0.47459344
vn -0.45267477 -0.70924211 -0.54042685
vn 0.54042685 -0.70924211 0.45267477
vn -0.43084149 -0.70585932 -0.56226171
vn 0.56226171 -0.70585932 0.43084149
vn -0.40913236 -0.70113491 -0.58396964
vn 0.58396964 -0.70113491 0.40913236
vn -0.38758960 -0.69507437 -0.60551294
vn 0.60551294 -0.69507437 0.38758960
vn -0.36625422 -0.68769132 -0.62684807
vn 0.62684807 -0.68769132 0.36625422
vn -0.34516902 -0.67899884 -0.64793435
vn 0.64793435 -0.67899884 0.34516902
vn -0.32436967 -0.66901536 -0.66873221
vn 0.66873221 -0.66901536 0.32436967
vn -0.30389939 -0.65775638 -0.68920368
vn 0.68920368 -0.65775638 0.30389939
vn -0.28379513 -0.64524697 -0.70930718
vn 0.70930718 -0.64524697 0.28379513
vn -0.26409623 -0.63150826 -0.72900651
vn 0.72900651 -0.63150826 0.26409623
vn -0.24483688 -0.61656741 -0.74826435
vn 0.74826435 -0.61656741 0.24483688
vn -0.22606167 -0.60045166 -0.76704233
vn 0.76704233 -0.60045166 0.22606167
vn -0.20779724 -0.58319624 -0.78530405
vn 0.78530405 -0.58319624 0.20779724
vn -0.19008564 -0.56482721 -0.80301785
vn 0.80301785 -0.56482721 0.19008564
vn -0.17295728 -0.54538691 -0.82014566
vn 0.82014566 -0.54538691 0.17295728
vn -0.15644291 -0.52490665 -0.83665921
vn 0.83665921 -0.52490665 0.15644291
vn -0.14057673 -0.50342602 -0.85252591
vn 0.85252591 -0.50342602 0.14057673
vn -0.12538394 -0.48098549 -0.86771644
vn 0.86771644 -0.48098549 0.12538394
vn -0.11090536 -0.45762940 -0.88219915
vn 0.88219915 -0.45762940 0.11090536
vn -0.09715832 -0.43340928 -0.89594456
vn 0.89594456 -0.43340928 0.09715832
vn -0.08416862 -0.40835860 -0.90893283
vn 0.90893283 -0.40835860 0.08416862
vn -0.07196751 -0.38253017 -0.92113590
vn 0.92113590 -0.38253017 0.07196751
vn -0.06057193 -0.35597583 -0.93253003
vn 0.93253003 -0.35597583 0.06057193
vn -0.05000736 -0.32874132 -0.94309512
vn 0.94309512 -0.32874132 0.05000736
vn -0.04029598 -0.30088573 -0.95280849
vn 0.95280849 -0.30088573 0.04029598
vn -0.03144415 -0.27245293 -0.96165517
vn 0.96165517 -0.27245293 0.03144415
vn -0.02348730 -0.24349820 -0.96961692
vn 0.96961692 -0.24349820 0.02348730
vn -0.01642738 -0.21408982 -0.97667584
vn 0.97667584 -0.21408982 0.01642738
vn -0.01027833 -0.18426683 -0.98282251
vn 0.98282251 -0.18426683 0.01027833
vn -0.00505941 -0.15409173 -0.98804359
vn 0.98804359 -0.15409173 0.00505941
vn -0.00077521 -0.12362927 -0.99232817
vn 0.99232817 -0.12362927 0.00077521
vn 0.00256824 -0.09292791 -0.99566953
vn 0.99566953 -0.09292791 -0.00256824
vn 0.00495684 -0.06205034 -0.99806071
vn 0.99806071 -0.06205034 -0.00495684
vn 0.00639534 -0.03105621 -0.99949718
vn 0.99949718 -0.03105621 -0.00639534
vn 0.00342465 -0.00773968 -0.99996418
vn 0.99996418 -0.00773968 -0.00342465
vn -0.32419516 -0.71207043 0.62277862
vn -0.29672841 -0.71203283 0.63636586
vn -0.51767717 -0.71204499 0.47434405
vn -0.49647273 -0.71205983 0.49647320
vn -0.62279429 -0.71205107 -0.32420756
vn 0.24016576 -0.71205674 -0.65976936
vn 0.21111463 -0.71205805 -0.66962971
vn 0.69945518 -0.71205176 -0.06119433
vn -0.21111463 -0.71205805 0.66962971
vn -0.18169954 -0.71204490 0.67821629
vn 0.32419345 -0.71207913 -0.62276955
vn 0.29672061 -0.71202846 -0.63637438
vn 0.00000000 -0.57735027 0.81649658
vn 0.26873671 -0.71204960 -0.64866475
vn -0.70145087 -0.71206067 0.03059871
vn -0.70214110 -0.71203783 -0.00002264
vn -0.70146865 -0.71204345 -0.03059176
vn -0.66962859 -0.71206040 0.21111025
vn -0.65977132 -0.71205519 0.24016499
vn -0.64866594 -0.71205015 0.26873236
vn -0.63636390 -0.71203318 0.29673175
vn -0.66962971 -0.71205805 0.21111463
vn -0.65976936 -0.71205674 0.24016576
vn -0.42743040 -0.71206791 0.55701216
vn -0.40267569 -0.71205535 0.57517777
vn -0.21111802 -0.71205800 0.66962869
vn -0.18169698 -0.71204679 0.67821499
vn -0.49648022 -0.71204971 -0.49648022
vn -0.64867906 -0.71204903 -0.26870366
vn -0.65978047 -0.71205062 -0.24015338
vn -0.66962878 -0.71205603 -0.21112441
vn -0.67821227 -0.71204450 -0.18171612
vn -0.68548331 -0.71205213 -0.15196839
vn -0.69146594 -0.71204350 -0.12193813
vn -0.69145498 -0.71205756 0.12191816
vn -0.68548743 -0.71204631 0.15197709
vn -0.67821972 -0.71204181 0.18169885
vn -0.64866475 -0.71204960 0.26873671
vn -0.63636462 -0.71203233 0.29673226
vn -0.62278083 -0.71206898 0.32419408
vn -0.60805537 -0.71204132 0.35109233
vn -0.57517777 -0.71205535 0.40267569
vn -0.55701216 -0.71206791 0.42743040
vn -0.53784758 -0.71203862 0.45135461
vn -0.59217148 -0.71204970 -0.37725079
vn -0.60806184 -0.71204886 -0.35106584
vn -0.35109501 -0.71203998 0.60805540
vn -0.37722873 -0.71203848 0.59219903
vn -0.42743131 -0.71206739 0.55701212
vn -0.40267643 -0.71205573 0.57517678
vn -0.09165415 -0.71204044 0.69613069
vn -0.06121751 -0.71205415 0.69945071
vn 0.09164556 -0.71203260 -0.69613983
vn 0.06121929 -0.71205814 -0.69944650
vn 0.70146146 -0.71204916 -0.03062354
vn 0.03060745 -0.71205624 -0.70145498
vn 0.70213014 -0.71204864 -0.00000383
vn -0.69611449 -0.71205505 -0.09166364
vn -0.69944974 -0.71205940 -0.06116761
vn -0.69945110 -0.71205419 0.06121259
vn -0.69613125 -0.71204048 0.09164952
vn -0.64867524 -0.71205592 -0.26869462
vn -0.65978962 -0.71204606 -0.24014176
vn 0.06119816 -0.71204889 0.69945776
vn -0.66962887 -0.71205384 -0.21113150
vn -0.67820780 -0.71204988 -0.18171170
vn -0.68548995 -0.71204479 -0.15197285
vn -0.69145912 -0.71204865 -0.12194675
vn -0.59219818 -0.71203843 0.37723016
vn -0.57517705 -0.71205530 0.40267681
vn -0.55701304 -0.71206731 0.42743024
vn -0.37722780 -0.71203878 0.59219926
vn -0.35109437 -0.71203968 0.60805611
vn -0.26873449 -0.71204869 0.64866666
vn -0.24016576 -0.71205674 0.65976936
vn -0.15197125 -0.71204571 0.68548934
vn -0.12191855 -0.71205613 0.69145638
vn -0.03059582 -0.71206321 0.70144841
vn 0.00002518 -0.71203521 0.70214376
vn 0.03058895 -0.71204435 0.70146786
vn 0.70145158 -0.71205961 -0.03060706
vn -0.81649658 -0.57735027 0.00000000
vn 0.70213662 -0.71204225 0.00002471
vn 0.70145580 -0.71205405 0.03063957
vn 0.66962971 -0.71205805 -0.21111463
vn 0.65976936 -0.71205674 -0.24016576
vn 0.64866666 -0.71204869 -0.26873449
vn 0.63637634 -0.71202811 -0.29671726
vn -0.09164952 -0.71204048 0.69613125
vn -0.06121259 -0.71205419 0.69945110
vn -0.03059871 -0.71206067 0.70145087
vn 0.00002264 -0.71203783 0.70214110
vn 0.03058040 -0.71203970 0.70147295
vn 0.69946770 -0.71204140 0.06117167
vn 0.70146090 -0.71204940 0.03063101
vn -0.21113485 -0.71204900 -0.66963295
vn 0.26873236 -0.71205015 -0.64866594
vn 0.24016499 -0.71205519 -0.65977132
vn 0.21111025 -0.71206040 -0.66962859
vn -0.60806172 -0.71204955 -0.35106463
vn -0.62279632 -0.71205221 -0.32420115
vn -0.63634867 -0.71204670 -0.29673198
vn -0.69611708 -0.71205210 -0.09166690
vn -0.69944586 -0.71206322 -0.06116748
vn -0.70147159 -0.71204067 -0.03058889
vn -0.55703544 -0.71205019 0.42742959
vn -0.53785748 -0.71205121 0.45132295
vn -0.47435241 -0.71204648 0.51766747
vn -0.45132295 -0.71205121 0.53785748
vn -0.42742976 -0.71205013 0.55703538
vn -0.40272566 -0.71204983 0.57514962
vn -0.69613417 -0.71203662 0.09165730
vn -0.69145676 -0.71205691 0.12191184
vn -0.47434388 -0.71204488 0.51767747
vn -0.45135461 -0.71203862 0.53784758
vn -0.53784739 -0.71203927 0.45135380
vn -0.51767707 -0.71204467 0.47434464
vn -0.49647284 -0.71205991 0.49647296
vn 0.06116761 -0.71205940 0.69944974
vn 0.09166658 -0.71205606 0.69611307
vn 0.12194728 -0.71204457 0.69146323
vn 0.69144816 -0.71206430 -0.12191749
vn 0.68549069 -0.71204157 -0.15198462
vn 0.67821629 -0.71204490 -0.18169954
vn -0.29673175 -0.71203318 0.63636390
vn -0.26873236 -0.71205015 0.64866594
vn -0.24016499 -0.71205519 0.65977132
vn -0.15196988 -0.71204373 0.68549171
vn -0.12191816 -0.71205756 0.69145498
vn 0.06119492 -0.71205245 -0.69945442
vn 0.65977132 -0.71205519 -0.24016499
vn 0.64866594 -0.71205015 -0.26873236
vn 0.62276997 -0.71207993 -0.32419089
vn 0.60806465 -0.71203005 -0.35109910
vn 0.59219086 -0.71204851 -0.37722262
vn 0.63637438 -0.71202846 -0.29672061
vn 0.62276955 -0.71207913 -0.32419345
vn 0.60806394 -0.71203035 -0.35109974
vn 0.42745453 -0.71202838 -0.55704417
vn 0.40272910 -0.71207017 -0.57512202
vn -0.45132644 -0.71204951 -0.53785680
vn -0.47435432 -0.71204867 -0.51766269
vn 0.18169954 -0.71204490 -0.67821629
vn 0.15198239 -0.71204226 -0.68549046
vn 0.12191079 -0.71206508 -0.69144854
vn -0.06117179 -0.71203759 -0.69947158
vn 0.67820274 -0.71205092 0.18172653
vn -0.03063950 -0.71205038 -0.70145954
vn 0.68548530 -0.71205080 0.15196564
vn -0.60806172 -0.71204955 -0.35106463
vn -0.62279632 -0.71205221 -0.32420115
vn -0.63634778 -0.71204437 -0.29673946
vn -0.70145182 -0.71205984 0.03059622
vn -0.03062520 -0.71204971 0.70146084
vn -0.70214019 -0.71203873 -0.00002542
vn -0.00000229 -0.71204914 0.70212963
vn 0.03062734 -0.71205192 0.70145850
vn -0.65978610 -0.71204867 -0.24014369
vn -0.66963046 -0.71205169 -0.21113370
vn -0.67820580 -0.71204913 -0.18172210
vn -0.68548539 -0.71205026 -0.15196777
vn -0.69146197 -0.71205029 -0.12192100
vn -0.51766747 -0.71204648 0.47435241
vn -0.49647707 -0.71205410 0.49647707
vn -0.47434460 -0.71204464 0.51767715
vn -0.45135462 -0.71203900 0.53784707
vn 0.69146323 -0.71204457 0.12194728
vn 0.68549356 -0.71204428 0.15195896
vn 0.67820307 -0.71205487 0.18170983
vn 0.69945071 -0.71205415 -0.06121751
vn 0.69613634 -0.71203642 -0.09164242
vn 0.68549599 -0.71204114 0.15196268
vn 0.69145958 -0.71204765 0.12194997
vn -0.29673058 -0.71204999 -0.63634564
vn 0.57512104 -0.71207055 -0.40272984
vn 0.55704413 -0.71202786 -0.42745544
vn 0.53787089 -0.71205882 -0.45129495
vn 0.35109706 -0.71203169 -0.60806391
vn 0.32418981 -0.71207849 -0.62277219
vn 0.29672111 -0.71202761 -0.63637510
vn 0.37722355 -0.71204821 -0.59219062
vn 0.35109974 -0.71203035 -0.60806394
vn 0.18169885 -0.71204181 -0.67821972
vn 0.15199046 -0.71204217 -0.68548877
vn 0.12191710 -0.71206573 -0.69144676
vn 0.09163778 -0.71203646 -0.69613691
vn 0.06121259 -0.71205419 -0.69945110
vn 0.03060994 -0.71205707 -0.70145404
vn -0.00002217 -0.71204488 -0.70213396
vn -0.03064237 -0.71205315 -0.70145660
vn -0.06117191 -0.71203377 -0.69947545
vn -0.69612288 -0.71204917 -0.09164561
vn -0.69945760 -0.71204890 -0.06119986
vn -0.70145795 -0.71205246 -0.03062735
vn -0.69945555 -0.71205134 0.06119496
vn -0.69612376 -0.71204829 0.09164581
vn -0.67820394 -0.71205074 0.18172276
vn -0.66962988 -0.71205103 0.21113777
vn -0.65978682 -0.71204796 0.24014382
vn -0.64868417 -0.71205011 0.26868845
vn -0.63634070 -0.71205270 0.29673467
vn -0.62279356 -0.71204857 0.32421445
vn -0.60806709 -0.71204694 0.35106062
vn -0.18172201 -0.71205129 0.67820356
vn -0.21113833 -0.71205086 0.66962988
vn -0.24014419 -0.71204811 0.65978652
vn -0.15196760 -0.71204846 0.68548730
vn -0.12192331 -0.71205109 0.69146073
vn -0.09164561 -0.71204917 0.69612288
vn -0.69944650 -0.71205814 0.06121929
vn -0.68548912 -0.71204641 0.15196902
vn -0.67821629 -0.71204490 0.18169954
vn -0.51766329 -0.71205020 -0.47435139
vn -0.53786158 -0.71204961 -0.45132059
vn -0.32419773 -0.71206963 0.62277820
vn -0.55703511 -0.71205016 -0.42743007
vn -0.57515040 -0.71205088 -0.40272267
vn 0.32420870 -0.71204985 0.62279509
vn 0.35106463 -0.71204955 0.60806172
vn 0.69610554 -0.71206854 0.09162682
vn 0.69947545 -0.71203377 0.06117191
vn 0.70145404 -0.71205707 -0.03060994
vn 0.69945110 -0.71205419 -0.06121259
vn 0.03062282 -0.71204893 -0.70146174
vn 0.69613691 -0.71203646 -0.09163778
vn 0.69144676 -0.71206573 -0.12191710
vn 0.68549305 -0.71203958 -0.15198325
vn 0.67821499 -0.71204679 -0.18169698
vn 0.66962869 -0.71205800 -0.21111802
vn 0.51767747 -0.71204488 -0.47434388
vn 0.49647320 -0.71205983 -0.49647273
vn 0.69146337 -0.71204867 0.12192254
vn 0.69612100 -0.71205092 0.09164623
vn -0.00002494 -0.71204578 -0.70213304
vn 0.69945870 -0.71204796 0.06119832
vn 0.70145751 -0.71205291 0.03062723
vn 0.53786201 -0.71204997 0.45131950
vn 0.55703608 -0.71204979 0.42742941
vn -0.35106207 -0.71204837 -0.60806459
vn 0.09164642 -0.71205004 0.69612188
vn 0.12192116 -0.71204910 0.69146317
vn -0.49647909 -0.71204997 -0.49648098
vn 0.15196669 -0.71205118 0.68548468
vn 0.18172396 -0.71204914 0.67820529
vn 0.21113302 -0.71205072 0.66963171
vn 0.24014243 -0.71204965 0.65978550
vn 0.26869517 -0.71205121 0.64868018
vn -0.49647909 -0.71204997 -0.49648098
vn -0.51766320 -0.71205041 -0.47435116
vn -0.53786104 -0.71204875 -0.45132259
vn -0.55702800 -0.71204608 -0.42744612
vn -0.57514092 -0.71205889 -0.40272206
vn -0.59217937 -0.71204631 -0.37724481
vn -0.53786596 -0.71204874 -0.45131673
vn -0.55703659 -0.71204977 -0.42742878
vn -0.63634524 -0.71204894 -0.29673397
vn -0.60805540 -0.71203998 0.35109501
vn -0.59219903 -0.71203848 0.37722873
vn -0.69146053 -0.71205152 0.12192193
vn -0.68548668 -0.71204883 0.15196865
vn -0.59217032 -0.71205296 0.37724647
vn -0.57514963 -0.71204963 0.40272599
vn -0.37724645 -0.71205273 0.59217061
vn -0.35106049 -0.71204713 0.60806695
vn -0.32421497 -0.71204824 0.62279368
vn -0.29673438 -0.71205320 0.63634028
vn -0.26868828 -0.71204970 0.64868469
vn 0.15196617 -0.71204687 0.68548927
vn 0.18171170 -0.71204988 0.67820780
vn 0.21112855 -0.71205272 0.66963098
vn 0.49648098 -0.71204997 0.49647909
vn 0.51766435 -0.71204992 0.47435065
vn 0.53786022 -0.71204827 0.45132432
vn 0.55702999 -0.71204985 0.42743725
vn -0.06120002 -0.71204797 -0.69945854
vn -0.09164542 -0.71205005 -0.69612200
vn -0.12192238 -0.71204986 -0.69146217
vn 0.70213396 -0.71204488 0.00002217
vn 0.00000464 -0.71204838 -0.70213041
vn -0.03062724 -0.71205344 -0.70145696
vn 0.47434405 -0.71204499 -0.51767717
vn 0.45129494 -0.71205844 -0.53787140
vn -0.15196118 -0.71204955 -0.68548759
vn -0.18171425 -0.71204949 -0.67820753
vn -0.21113218 -0.71205363 -0.66962888
vn -0.24015338 -0.71205062 -0.65978047
vn 0.64868206 -0.71204870 0.26869731
vn 0.65978269 -0.71205240 0.24014199
vn 0.66963420 -0.71204803 0.21113416
vn 0.29673425 -0.71204825 0.63634587
vn 0.32420567 -0.71205107 0.62279528
vn 0.35106549 -0.71204956 0.60806122
vn 0.37725263 -0.71204970 0.59217031
vn 0.40272378 -0.71205053 0.57515007
vn 0.42742941 -0.71204979 0.55703608
vn -0.51766486 -0.71205166 -0.47434748
vn -0.57515028 -0.71205030 -0.40272388
vn -0.59217017 -0.71204998 -0.37725233
vn -0.70212990 -0.71204888 0.00000309
vn -0.70146111 -0.71204947 0.03062447
vn 0.24014685 -0.71205060 0.65978287
vn 0.26869997 -0.71205017 0.64867933
vn 0.29673756 -0.71204906 0.63634343
vn -0.15196672 -0.71204989 -0.68548601
vn -0.18172467 -0.71205091 -0.67820325
vn -0.09162389 -0.71206753 -0.69610695
vn -0.12193813 -0.71204350 -0.69146594
vn -0.09162715 -0.71206458 -0.69610954
vn -0.12194675 -0.71204865 -0.69145912
vn 0.63634628 -0.71204931 0.29673086
vn -0.15196565 -0.71204221 -0.68549423
vn 0.62279528 -0.71205107 0.32420567
vn -0.18170983 -0.71205487 -0.67820307
vn 0.60806122 -0.71204956 0.35106549
vn -0.21113927 -0.71205144 -0.66962897
vn 0.59217031 -0.71204970 0.37725263
vn -0.24014176 -0.71204606 -0.65978962
vn 0.57515007 -0.71205053 0.40272378
vn -0.64868098 -0.71205121 -0.26869326
vn -0.62277820 -0.71206963 0.32419773
vn -0.06119436 -0.71205065 0.69945631
vn 0.37724481 -0.71204631 0.59217937
vn 0.40271728 -0.71205643 0.57514732
vn 0.42743858 -0.71204855 0.55703063
vn 0.45132046 -0.71204751 0.53786447
vn 0.47434748 -0.71205166 0.51766486
vn 0.57514837 -0.71205470 0.40271883
vn 0.59217788 -0.71204847 0.37724308
vn 0.60806459 -0.71204837 0.35106207
vn 0.62279426 -0.71204825 0.32421382
vn 0.63634056 -0.71205247 0.29673553
vn 0.64868315 -0.71204837 0.26869554
vn 0.65978287 -0.71205060 0.24014685
vn 0.66963108 -0.71205033 0.21113633
vn 0.21112681 -0.71204718 0.66963742
vn 0.24012727 -0.71205053 0.65979007
vn -0.32420627 -0.71205061 -0.62279549
vn -0.35106207 -0.71204837 -0.60806459
vn -0.37724308 -0.71204847 -0.59217788
vn -0.37725060 -0.71205214 -0.59216867
vn -0.40272543 -0.71204857 -0.57515134
vn 0.51766329 -0.71205020 0.47435139
vn 0.45131950 -0.71204997 0.53786201
vn 0.47435139 -0.71205020 0.51766329
vn -0.47435065 -0.71204992 -0.51766435
vn 0.49648022 -0.71204971 0.49648022
vn -0.45132059 -0.71204951 -0.53786171
vn -0.42742745 -0.71205107 -0.55703594
vn 0.06116736 -0.71206704 0.69944199
vn 0.09167602 -0.71205116 0.69611684
vn 0.12194997 -0.71204765 0.69145958
vn 0.26870032 -0.71205824 0.64867033
vn 0.29674694 -0.71204205 0.63634690
vn 0.32420115 -0.71205221 0.62279632
vn 0.67819899 -0.71205812 0.18171231
vn -0.32420756 -0.71205107 -0.62279429
vn -0.35106584 -0.71204886 -0.60806184
vn 0.69610930 -0.71206365 0.09163627
vn -0.24014326 -0.71205142 -0.65978330
vn -0.26869540 -0.71204869 -0.64868285
vn 0.51767715 -0.71204464 -0.47434460
vn 0.49647296 -0.71205991 -0.49647284
vn 0.47434464 -0.71204467 -0.51767707
vn -0.26869922 -0.71204723 -0.64868288
vn -0.29672995 -0.71205011 -0.63634580
vn -0.40272361 -0.71205716 -0.57514198
vn -0.42744479 -0.71204739 -0.55702736
vn -0.26869018 -0.71205411 -0.64867906
vn -0.29673743 -0.71204778 -0.63634492
vn -0.32420627 -0.71205061 -0.62279549
vn 0.15196988 -0.71204373 0.68549171
vn 0.18171418 -0.71205314 0.67820372
vn 0.35106463 -0.71204955 0.60806172
vn 0.37725484 -0.71205120 0.59216710
vn 0.40272768 -0.71204907 0.57514914
vn 0.42742200 -0.71204606 0.55704654
vn 0.45130767 -0.71205371 0.53786700
vn 0.47435116 -0.71205041 0.51766320
vn 0.55704590 -0.71204736 0.42742067
vn 0.57515020 -0.71204734 0.40272923
vn -0.47435139 -0.71205020 -0.51766329
vn 0.59216560 -0.71205336 0.37725311
vn -0.45132059 -0.71204961 -0.53786158
vn -0.42743007 -0.71205016 -0.55703511
vn 0.69146193 -0.71204990 -0.12192346
vn 0.68548608 -0.71204968 -0.15196738
vn 0.67820593 -0.71204940 -0.18172057
vn 0.49648098 -0.71204997 0.49647909
vn 0.51766269 -0.71204867 0.47435432
vn 0.53786275 -0.71205447 0.45131153
vn 0.60806459 -0.71204837 0.35106207
vn 0.62279549 -0.71205061 0.32420627
vn -0.40272267 -0.71205088 -0.57515040
vn 0.45129413 -0.71205910 -0.53787122
vn 0.42745437 -0.71202778 -0.55704506
vn 0.40273022 -0.71207012 -0.57512130
vn 0.55703268 -0.71205014 -0.42743327
vn 0.53785861 -0.71204976 -0.45132388
vn 0.63634403 -0.71204546 0.29674491
vn 0.64867415 -0.71205643 0.26869589
vn -0.37725079 -0.71204970 -0.59217148
vn 0.65979007 -0.71205053 0.24012727
vn 0.66963752 -0.71204479 0.21113459
vn 0.69612240 -0.71204919 -0.09164913
vn 0.37722498 -0.71204816 -0.59218978
vn 0.66962983 -0.71205213 -0.21113420
vn 0.65978652 -0.71204811 -0.24014419
vn 0.64868326 -0.71205038 -0.26868994
vn 0.40272517 -0.71205107 -0.57514843
vn 0.42743310 -0.71205019 -0.55703274
vn 0.45132388 -0.71204976 -0.53785861
vn 0.63634155 -0.71205183 -0.29673493
vn 0.62279403 -0.71204892 -0.32421277
vn 0.60806524 -0.71204784 -0.35106201
vn 0.51766843 -0.71204721 -0.47435026
vn 0.49647707 -0.71205410 -0.49647707
vn 0.47435026 -0.71204721 -0.51766843
vn 0.24014382 -0.71204796 -0.65978682
vn 0.21113364 -0.71205231 -0.66962982
vn 0.18172132 -0.71204885 -0.67820631
vn 0.59217183 -0.71205131 -0.37724721
vn 0.57514842 -0.71205126 -0.40272484
vn 0.32421225 -0.71204926 -0.62279392
vn 0.29673523 -0.71205134 -0.63634197
vn 0.26869012 -0.71205079 -0.64868274
vn 0.15196843 -0.71205006 -0.68548546
vn 0.12192208 -0.71205033 -0.69146173
vn 0.09164932 -0.71204830 -0.69612327
vn 0.37724723 -0.71205154 -0.59217154
vn 0.35106215 -0.71204765 -0.60806539
vn 0.59219062 -0.71204821 -0.37722355
vn 0.57512202 -0.71207017 -0.40272910
vn 0.55704417 -0.71202838 -0.42745453
vn 0.53787140 -0.71205844 -0.45129494
vn -0.62277820 0.71206963 0.32419773
vn -0.63636390 0.71203318 0.29673175
vn 0.42640143 0.30151134 0.85280287
vn -0.63636462 0.71203233 0.29673226
vn -0.62278083 0.71206898 0.32419408
vn -0.60805537 0.71204132 0.35109233
vn -0.55701304 0.71206731 0.42743024
vn -0.57517705 0.71205530 0.40267681
vn -0.85280287 0.30151134 -0.42640143
vn -0.47434388 0.71204488 0.51767747
vn -0.49647273 0.71205983 0.49647320
vn 0.09166658 0.71205606 0.69611307
vn 0.06116761 0.71205940 0.69944974
vn 0.03058895 0.71204435 0.70146786
vn 0.00002518 0.71203521 0.70214376
vn -0.18169954 0.71204490 0.67821629
vn -0.21111463 0.71205805 0.66962971
vn -0.24016576 0.71205674 0.65976936
vn -0.26873449 0.71204869 0.64866666
vn -0.55701216 0.71206791 0.42743040
vn -0.57517777 0.71205535 0.40267569
vn -0.00002217 0.71204488 -0.70213396
vn 0.03060994 0.71205707 -0.70145404
vn 0.00000000 0.57735027 0.81649658
vn 0.65977132 0.71205519 -0.24016499
vn 0.66962869 0.71205800 -0.21111802
vn 0.06119492 0.71205245 -0.69945442
vn -0.03059582 0.71206321 0.70144841
vn -0.06121751 0.71205415 0.69945071
vn -0.09165415 0.71204044 0.69613069
vn -0.12191855 0.71205613 0.69145638
vn -0.15197125 0.71204571 0.68548934
vn -0.29672841 0.71203283 0.63636586
vn -0.32419516 0.71207043 0.62277862
vn -0.35109437 0.71203968 0.60805611
vn -0.37722780 0.71203878 0.59219926
vn -0.40267643 0.71205573 0.57517678
vn -0.42743131 0.71206739 0.55701212
vn -0.59219818 0.71203843 0.37723016
vn 0.03058040 0.71203970 0.70147295
vn -0.69945760 0.71204890 -0.06119986
vn 0.06116736 0.71206704 0.69944199
vn 0.09167602 0.71205116 0.69611684
vn -0.69945555 0.71205134 0.06119496
vn -0.24016499 0.71205519 0.65977132
vn -0.26873236 0.71205015 0.64866594
vn -0.59219903 0.71203848 0.37722873
vn -0.60805540 0.71203998 0.35109501
vn 0.21111025 0.71206040 -0.66962859
vn 0.24016499 0.71205519 -0.65977132
vn 0.26873236 0.71205015 -0.64866594
vn 0.29672061 0.71202846 -0.63637438
vn 0.69945870 0.71204796 0.06119832
vn 0.69612100 0.71205092 0.09164623
vn -0.03063950 0.71205038 -0.70145954
vn 0.64866594 0.71205015 -0.26873236
vn -0.45135462 0.71203900 0.53784707
vn -0.47434460 0.71204464 0.51767715
vn -0.49647284 0.71205991 0.49647296
vn -0.51767707 0.71204467 0.47434464
vn -0.53784739 0.71203927 0.45135380
vn -0.03059871 0.71206067 0.70145087
vn -0.06121259 0.71205419 0.69945110
vn -0.70146111 0.71204947 0.03062447
vn -0.09164952 0.71204048 0.69613125
vn -0.12191816 0.71205756 0.69145498
vn -0.37722873 0.71203848 0.59219903
vn -0.40267569 0.71205535 0.57517777
vn -0.64866594 0.71205015 0.26873236
vn -0.65977132 0.71205519 0.24016499
vn -0.66962859 0.71206040 0.21111025
vn -0.67821972 0.71204181 0.18169885
vn -0.68548743 0.71204631 0.15197709
vn -0.69145498 0.71205756 0.12191816
vn -0.69613125 0.71204048 0.09164952
vn -0.69945110 0.71205419 0.06121259
vn -0.70145087 0.71206067 0.03059871
vn 0.69945518 0.71205176 -0.06119433
vn 0.24016576 0.71205674 -0.65976936
vn 0.26873671 0.71204960 -0.64866475
vn 0.70213662 0.71204225 0.00002471
vn 0.70145580 0.71205405 0.03063957
vn -0.81649658 0.57735027 0.00000000
vn 0.26869997 0.71205017 0.64867933
vn 0.24014685 0.71205060 0.65978287
vn 0.21112855 0.71205272 0.66963098
vn 0.18171170 0.71204988 0.67820780
vn 0.00002264 0.71203783 0.70214110
vn -0.70212990 0.71204888 0.00000309
vn -0.70145795 0.71205246 -0.03062735
vn -0.42743040 0.71206791 0.55701216
vn -0.45135461 0.71203862 0.53784758
vn -0.51767717 0.71204499 0.47434405
vn -0.53784758 0.71203862 0.45135461
vn -0.69146594 0.71204350 -0.12193813
vn -0.69611449 0.71205505 -0.09166364
vn -0.69944974 0.71205940 -0.06116761
vn -0.49647909 0.71204997 -0.49648098
vn -0.47435432 0.71204867 -0.51766269
vn -0.03064237 0.71205315 -0.70145660
vn 0.06121259 0.71205419 -0.69945110
vn 0.09163778 0.71203646 -0.69613691
vn 0.12191710 0.71206573 -0.69144676
vn 0.15199046 0.71204217 -0.68548877
vn 0.18169885 0.71204181 -0.67821972
vn 0.49648022 0.71204971 0.49648022
vn -0.49647909 0.71204997 -0.49648098
vn -0.47435065 0.71204992 -0.51766435
vn -0.69612288 0.71204917 -0.09164561
vn -0.69146197 0.71205029 -0.12192100
vn 0.49648098 0.71204997 0.49647909
vn 0.15196617 0.71204687 0.68548927
vn 0.12194728 0.71204457 0.69146323
vn 0.26870032 0.71205824 0.64867033
vn 0.24012727 0.71205053 0.65979007
vn 0.21112681 0.71204718 0.66963742
vn 0.18171418 0.71205314 0.67820372
vn -0.15196988 0.71204373 0.68549171
vn -0.18169698 0.71204679 0.67821499
vn -0.21111802 0.71205800 0.66962869
vn -0.66962971 0.71205805 0.21111463
vn -0.67821629 0.71204490 0.18169954
vn -0.68548912 0.71204641 0.15196902
vn -0.69145676 0.71205691 0.12191184
vn -0.42742976 0.71205013 0.55703538
vn -0.45132295 0.71205121 0.53785748
vn -0.70214110 0.71203783 -0.00002264
vn -0.70146865 0.71204345 -0.03059176
vn 0.03060745 0.71205624 -0.70145498
vn 0.06121929 0.71205814 -0.69944650
vn 0.70146146 0.71204916 -0.03062354
vn 0.09164556 0.71203260 -0.69613983
vn 0.12191079 0.71206508 -0.69144854
vn 0.32419345 0.71207913 -0.62276955
vn 0.35109974 0.71203035 -0.60806394
vn 0.37722355 0.71204821 -0.59219062
vn 0.60806394 0.71203035 -0.35109974
vn 0.62276955 0.71207913 -0.32419345
vn 0.63637438 0.71202846 -0.29672061
vn 0.55704413 0.71202786 -0.42745544
vn 0.57512104 0.71207055 -0.40272984
vn 0.62276997 0.71207993 -0.32419089
vn 0.63637634 0.71202811 -0.29671726
vn 0.64866666 0.71204869 -0.26873449
vn 0.65976936 0.71205674 -0.24016576
vn 0.66962971 0.71205805 -0.21111463
vn 0.67821629 0.71204490 -0.18169954
vn 0.53786022 0.71204827 0.45132432
vn 0.51766435 0.71204992 0.47435065
vn 0.67821499 0.71204679 -0.18169698
vn 0.68549305 0.71203958 -0.15198325
vn 0.03062282 0.71204893 -0.70146174
vn 0.69144676 0.71206573 -0.12191710
vn 0.69613691 0.71203646 -0.09163778
vn 0.69945110 0.71205419 -0.06121259
vn 0.70145404 0.71205707 -0.03060994
vn 0.00000464 0.71204838 -0.70213041
vn 0.70146090 0.71204940 0.03063101
vn -0.09164542 0.71205005 -0.69612200
vn 0.70213396 0.71204488 0.00002217
vn -0.06120002 0.71204797 -0.69945854
vn -0.03062724 0.71205344 -0.70145696
vn 0.35106463 0.71204955 0.60806172
vn 0.32420870 0.71204985 0.62279509
vn 0.29673756 0.71204906 0.63634343
vn 0.45130767 0.71205371 0.53786700
vn 0.42742200 0.71204606 0.55704654
vn 0.35106463 0.71204955 0.60806172
vn 0.32420115 0.71205221 0.62279632
vn 0.29674694 0.71204205 0.63634690
vn -0.64866475 0.71204960 0.26873671
vn -0.65976936 0.71205674 0.24016576
vn -0.69613417 0.71203662 0.09165730
vn -0.69944650 0.71205814 0.06121929
vn -0.70145182 0.71205984 0.03059622
vn -0.68548995 0.71204479 -0.15197285
vn -0.67820780 0.71204988 -0.18171170
vn 0.15198239 0.71204226 -0.68549046
vn 0.18169954 0.71204490 -0.67821629
vn 0.21111463 0.71205805 -0.66962971
vn 0.40272910 0.71207017 -0.57512202
vn 0.42745453 0.71202838 -0.55704417
vn 0.45129494 0.71205844 -0.53787140
vn 0.29672111 0.71202761 -0.63637510
vn 0.32418981 0.71207849 -0.62277219
vn 0.35109706 0.71203169 -0.60806391
vn 0.47434464 0.71204467 -0.51767707
vn 0.49647296 0.71205991 -0.49647284
vn 0.59219086 0.71204851 -0.37722262
vn 0.60806465 0.71203005 -0.35109910
vn 0.68549069 0.71204157 -0.15198462
vn 0.69144816 0.71206430 -0.12191749
vn 0.69613634 0.71203642 -0.09164242
vn 0.69945071 0.71205415 -0.06121751
vn 0.70145158 0.71205961 -0.03060706
vn -0.18172467 0.71205091 -0.67820325
vn -0.15196672 0.71204989 -0.68548601
vn -0.12192238 0.71204986 -0.69146217
vn 0.49648098 0.71204997 0.49647909
vn 0.47434748 0.71205166 0.51766486
vn 0.45132046 0.71204751 0.53786447
vn 0.42743858 0.71204855 0.55703063
vn 0.40271728 0.71205643 0.57514732
vn 0.37724481 0.71204631 0.59217937
vn 0.47435116 0.71205041 0.51766320
vn 0.40272768 0.71204907 0.57514914
vn 0.37725484 0.71205120 0.59216710
vn 0.15196988 0.71204373 0.68549171
vn 0.12194997 0.71204765 0.69145958
vn -0.47435241 0.71204648 0.51766747
vn -0.49647707 0.71205410 0.49647707
vn -0.51766747 0.71204648 0.47435241
vn -0.53785748 0.71205121 0.45132295
vn -0.55703544 0.71205019 0.42742959
vn -0.57514963 0.71204963 0.40272599
vn -0.69146053 0.71205152 0.12192193
vn -0.69612376 0.71204829 0.09164581
vn -0.21113218 0.71205363 -0.66962888
vn -0.18171425 0.71204949 -0.67820753
vn -0.15196118 0.71204955 -0.68548759
vn -0.12193813 0.71204350 -0.69146594
vn -0.09162389 0.71206753 -0.69610695
vn -0.06117191 0.71203377 -0.69947545
vn -0.18170983 0.71205487 -0.67820307
vn 0.62279528 0.71205107 0.32420567
vn 0.60806122 0.71204956 0.35106549
vn 0.69146337 0.71204867 0.12192254
vn 0.68548530 0.71205080 0.15196564
vn -0.06117179 0.71203759 -0.69947158
vn 0.67820274 0.71205092 0.18172653
vn 0.66963420 0.71204803 0.21113416
vn -0.00002494 0.71204578 -0.70213304
vn 0.70213014 0.71204864 -0.00000383
vn 0.70145751 0.71205291 0.03062723
vn 0.69947545 0.71203377 0.06117191
vn 0.69610554 0.71206854 0.09162682
vn 0.69146323 0.71204457 0.12194728
vn -0.47435139 0.71205020 -0.51766329
vn -0.45132059 0.71204961 -0.53786158
vn 0.57515020 0.71204734 0.40272923
vn -0.68548539 0.71205026 -0.15196777
vn -0.67820580 0.71204913 -0.18172210
vn -0.66963046 0.71205169 -0.21113370
vn -0.62279356 0.71204857 0.32421445
vn -0.63634070 0.71205270 0.29673467
vn -0.64868417 0.71205011 0.26868845
vn -0.65978682 0.71204796 0.24014382
vn -0.66962988 0.71205103 0.21113777
vn -0.67820394 0.71205074 0.18172276
vn -0.68548668 0.71204883 0.15196865
vn -0.29673175 0.71203318 0.63636390
vn -0.32419773 0.71206963 0.62277820
vn -0.35109501 0.71203998 0.60805540
vn -0.68548331 0.71205213 -0.15196839
vn -0.67821227 0.71204450 -0.18171612
vn -0.66962878 0.71205603 -0.21112441
vn -0.62279632 0.71205221 -0.32420115
vn -0.60806172 0.71204955 -0.35106463
vn -0.40272361 0.71205716 -0.57514198
vn -0.37724308 0.71204847 -0.59217788
vn 0.51767715 0.71204464 -0.47434460
vn 0.53787089 0.71205882 -0.45129495
vn -0.21113485 0.71204900 -0.66963295
vn 0.69946770 0.71204140 0.06117167
vn -0.24014326 0.71205142 -0.65978330
vn 0.69610930 0.71206365 0.09163627
vn -0.26869540 0.71204869 -0.64868285
vn 0.69145958 0.71204765 0.12194997
vn -0.29673058 0.71204999 -0.63634564
vn 0.68549599 0.71204114 0.15196268
vn -0.32420756 0.71205107 -0.62279429
vn 0.67819899 0.71205812 0.18171231
vn -0.35106584 0.71204886 -0.60806184
vn 0.66963752 0.71204479 0.21113459
vn -0.37725079 0.71204970 -0.59217148
vn -0.42743007 0.71205016 -0.55703511
vn 0.60806459 0.71204837 0.35106207
vn 0.59216560 0.71205336 0.37725311
vn -0.69944586 0.71206322 -0.06116748
vn -0.69611708 0.71205210 -0.09166690
vn -0.69145912 0.71204865 -0.12194675
vn -0.66962887 0.71205384 -0.21113150
vn -0.65978962 0.71204606 -0.24014176
vn -0.64867524 0.71205592 -0.26869462
vn -0.59217032 0.71205296 0.37724647
vn -0.60806709 0.71204694 0.35106062
vn -0.65978047 0.71205062 -0.24015338
vn -0.64867906 0.71204903 -0.26870366
vn -0.63634867 0.71204670 -0.29673198
vn -0.35106207 0.71204837 -0.60806459
vn -0.32420627 0.71205061 -0.62279549
vn -0.29672995 0.71205011 -0.63634580
vn -0.26869922 0.71204723 -0.64868288
vn -0.24015338 0.71205062 -0.65978047
vn -0.26869018 0.71205411 -0.64867906
vn -0.24014176 0.71204606 -0.65978962
vn 0.57515007 0.71205053 0.40272378
vn 0.59217031 0.71204970 0.37725263
vn -0.21113927 0.71205144 -0.66962897
vn 0.65978269 0.71205240 0.24014199
vn 0.64868206 0.71204870 0.26869731
vn -0.09162715 0.71206458 -0.69610954
vn 0.68549356 0.71204428 0.15195896
vn 0.67820307 0.71205487 0.18170983
vn 0.66963108 0.71205033 0.21113633
vn 0.65978287 0.71205060 0.24014685
vn 0.64868315 0.71204837 0.26869554
vn 0.63634056 0.71205247 0.29673553
vn 0.62279426 0.71204825 0.32421382
vn 0.60806459 0.71204837 0.35106207
vn 0.59217788 0.71204847 0.37724308
vn 0.57514837 0.71205470 0.40271883
vn 0.55702999 0.71204985 0.42743725
vn 0.65979007 0.71205053 0.24012727
vn 0.64867415 0.71205643 0.26869589
vn -0.40272267 0.71205088 -0.57515040
vn 0.63634403 0.71204546 0.29674491
vn 0.62279549 0.71205061 0.32420627
vn -0.65978610 0.71204867 -0.24014369
vn -0.64868098 0.71205121 -0.26869326
vn -0.63634524 0.71204894 -0.29673397
vn -0.55703511 0.71205016 -0.42743007
vn -0.57515040 0.71205088 -0.40272267
vn -0.59217148 0.71204970 -0.37725079
vn 0.55704590 0.71204736 0.42742067
vn 0.53786275 0.71205447 0.45131153
vn -0.49648022 0.71204971 -0.49648022
vn 0.51766269 0.71204867 0.47435432
vn -0.51766329 0.71205020 -0.47435139
vn -0.53786158 0.71204961 -0.45132059
vn -0.03062520 0.71204971 0.70146084
vn -0.06119436 0.71205065 0.69945631
vn -0.09164561 0.71204917 0.69612288
vn -0.12192331 0.71205109 0.69146073
vn -0.15196760 0.71204846 0.68548730
vn -0.18172201 0.71205129 0.67820356
vn -0.21113833 0.71205086 0.66962988
vn -0.24014419 0.71204811 0.65978652
vn -0.32421497 0.71204824 0.62279368
vn -0.35106049 0.71204713 0.60806695
vn -0.63634778 0.71204437 -0.29673946
vn -0.62279632 0.71205221 -0.32420115
vn -0.60806172 0.71204955 -0.35106463
vn 0.63634628 0.71204931 0.29673086
vn -0.15196565 0.71204221 -0.68549423
vn -0.12194675 0.71204865 -0.69145912
vn -0.62279429 0.71205107 -0.32420756
vn -0.60806184 0.71204886 -0.35106584
vn -0.26868828 0.71204970 0.64868469
vn -0.29673438 0.71205320 0.63634028
vn -0.37724645 0.71205273 0.59217061
vn -0.40272566 0.71204983 0.57514962
vn -0.59217937 0.71204631 -0.37724481
vn -0.57514092 0.71205889 -0.40272206
vn -0.55702800 0.71204608 -0.42744612
vn -0.53786104 0.71204875 -0.45132259
vn -0.51766320 0.71205041 -0.47435116
vn -0.45132644 0.71204951 -0.53785680
vn -0.42744479 0.71204739 -0.55702736
vn 0.55703608 0.71204979 0.42742941
vn 0.53786201 0.71204997 0.45131950
vn -0.37725060 0.71205214 -0.59216867
vn 0.51766329 0.71205020 0.47435139
vn -0.40272543 0.71204857 -0.57515134
vn -0.42742745 0.71205107 -0.55703594
vn 0.47434405 0.71204499 -0.51767717
vn 0.49647320 0.71205983 -0.49647273
vn 0.51767747 0.71204488 -0.47434388
vn 0.12192116 0.71204910 0.69146317
vn 0.09164642 0.71205004 0.69612188
vn 0.06119816 0.71204889 0.69945776
vn 0.03062734 0.71205192 0.70145850
vn -0.00000229 0.71204914 0.70212963
vn -0.45132059 0.71204951 -0.53786171
vn -0.35106207 0.71204837 -0.60806459
vn -0.32420627 0.71205061 -0.62279549
vn -0.29673743 0.71204778 -0.63634492
vn 0.65978652 0.71204811 -0.24014419
vn 0.66962983 0.71205213 -0.21113420
vn 0.67820593 0.71204940 -0.18172057
vn 0.35106549 0.71204956 0.60806122
vn 0.37725263 0.71204970 0.59217031
vn 0.40272378 0.71205053 0.57515007
vn 0.21113302 0.71205072 0.66963171
vn 0.24014243 0.71204965 0.65978550
vn 0.26869517 0.71205121 0.64868018
vn 0.18172396 0.71204914 0.67820529
vn 0.15196669 0.71205118 0.68548468
vn -0.59217017 0.71204998 -0.37725233
vn -0.57515028 0.71205030 -0.40272388
vn -0.55703659 0.71204977 -0.42742878
vn -0.53786596 0.71204874 -0.45131673
vn -0.51766486 0.71205166 -0.47434748
vn 0.42743310 0.71205019 -0.55703274
vn 0.45132388 0.71204976 -0.53785861
vn 0.68548608 0.71204968 -0.15196738
vn 0.69146193 0.71204990 -0.12192346
vn 0.69612240 0.71204919 -0.09164913
vn 0.32420567 0.71205107 0.62279528
vn 0.29673425 0.71204825 0.63634587
vn 0.57514842 0.71205126 -0.40272484
vn 0.55703268 0.71205014 -0.42743327
vn 0.53785861 0.71204976 -0.45132388
vn 0.37722498 0.71204816 -0.59218978
vn 0.40273022 0.71207012 -0.57512130
vn 0.42745437 0.71202778 -0.55704506
vn 0.45129413 0.71205910 -0.53787122
vn 0.12192208 0.71205033 -0.69146173
vn 0.15196843 0.71205006 -0.68548546
vn 0.18172132 0.71204885 -0.67820631
vn 0.21113364 0.71205231 -0.66962982
vn 0.24014382 0.71204796 -0.65978682
vn 0.26869012 0.71205079 -0.64868274
vn 0.47435026 0.71204721 -0.51766843
vn 0.49647707 0.71205410 -0.49647707
vn 0.51766843 0.71204721 -0.47435026
vn 0.62279403 0.71204892 -0.32421277
vn 0.63634155 0.71205183 -0.29673493
vn 0.64868326 0.71205038 -0.26868994
vn -0.70147159 0.71204067 -0.03058889
vn 0.47435139 0.71205020 0.51766329
vn -0.70214019 0.71203873 -0.00002542
vn 0.45131950 0.71204997 0.53786201
vn 0.42742941 0.71204979 0.55703608
vn 0.53787140 0.71205844 -0.45129494
vn 0.55704417 0.71202838 -0.42745453
vn 0.57512202 0.71207017 -0.40272910
vn 0.29673523 0.71205134 -0.63634197
vn 0.32421225 0.71204926 -0.62279392
vn 0.35106215 0.71204765 -0.60806539
vn 0.59217183 0.71205131 -0.37724721
vn 0.60806524 0.71204784 -0.35106201
vn 0.09164932 0.71204830 -0.69612327
vn 0.59219062 0.71204821 -0.37722355
vn 0.37724723 0.71205154 -0.59217154
vn 0.40272517 0.71205107 -0.57514843
vn -0.50359150 -0.70940921 -0.49308637
vn 0.49308637 -0.70940921 0.50359150
vn 0.47561355 -0.71113530 0.51776283
vn -0.51776283 -0.71113530 -0.47561355
vn 0.45457313 -0.70926360 0.53880276
vn -0.53880276 -0.70926360 -0.45457313
vn 0.43361014 -0.70614619 0.55976764
vn -0.55976764 -0.70614619 -0.43361014
vn 0.41275625 -0.70179257 0.58061990
vn -0.58061990 -0.70179257 -0.41275625
vn 0.39204886 -0.69620592 0.60132771
vn -0.60132771 -0.69620592 -0.39204886
vn 0.37152408 -0.68939838 0.62185185
vn -0.62185185 -0.68939838 -0.37152408
vn 0.35122191 -0.68138041 0.64215567
vn -0.64215567 -0.68138041 -0.35122191
vn 0.33117188 -0.67216928 0.66220362
vn -0.66220362 -0.67216928 -0.33117188
vn 0.31141519 -0.66177620 0.68196249
vn -0.68196249 -0.66177620 -0.31141519
vn 0.29198152 -0.65022508 0.70139442
vn -0.70139442 -0.65022508 -0.29198152
vn 0.27290831 -0.63753091 0.72046887
vn -0.72046887 -0.63753091 -0.27290831
vn 0.25422702 -0.62372007 0.73914944
vn -0.73914944 -0.62372007 -0.25422702
vn 0.23596954 -0.60881350 0.75740643
vn -0.75740643 -0.60881350 -0.23596954
vn 0.21817327 -0.59283911 0.77520463
vn -0.77520463 -0.59283911 -0.21817327
vn 0.20086157 -0.57582665 0.79251391
vn -0.79251391 -0.57582665 -0.20086157
vn 0.18406974 -0.55780008 0.80930674
vn -0.80930674 -0.55780008 -0.18406974
vn 0.16782806 -0.53879735 0.82554900
vn -0.82554900 -0.53879735 -0.16782806
vn 0.15216391 -0.51885087 0.84121336
vn -0.84121336 -0.51885087 -0.15216391
vn 0.13710146 -0.49799322 0.85627446
vn -0.85627446 -0.49799322 -0.13710146
vn 0.12267055 -0.47625958 0.87070589
vn -0.87070589 -0.47625958 -0.12267055
vn 0.10889801 -0.45369288 0.88447950
vn -0.88447950 -0.45369288 -0.10889801
vn 0.09580145 -0.43032953 0.89757372
vn -0.89757372 -0.43032953 -0.09580145
vn 0.08341266 -0.40620939 0.90996498
vn -0.90996498 -0.40620939 -0.08341266
vn 0.07174520 -0.38137917 0.92163038
vn -0.92163038 -0.38137917 -0.07174520
vn 0.40051438 -0.47822144 0.78159612
vn -0.78159612 -0.47822144 -0.40051438
vn 0.50359155 -0.70940925 0.49308627
vn -0.49308627 -0.70940925 -0.50359155
vn -0.47561349 -0.71113526 -0.51776293
vn 0.51776293 -0.71113526 0.47561349
vn -0.45457339 -0.70926354 -0.53880262
vn 0.53880262 -0.70926354 0.45457339
vn -0.43361026 -0.70614631 -0.55976738
vn 0.55976738 -0.70614631 0.43361026
vn -0.41275673 -0.70179250 -0.58061964
vn 0.58061964 -0.70179250 0.41275673
vn -0.39204848 -0.69620624 -0.60132758
vn 0.60132758 -0.69620624 0.39204848
vn -0.37152453 -0.68939801 -0.62185200
vn 0.62185200 -0.68939801 0.37152453
vn -0.35122140 -0.68138084 -0.64215549
vn 0.64215549 -0.68138084 0.35122140
vn -0.33117066 -0.67216873 -0.66220479
vn 0.66220479 -0.67216873 0.33117066
vn -0.31141586 -0.66177567 -0.68196270
vn 0.68196270 -0.66177567 0.31141586
vn -0.29198187 -0.65022580 -0.70139361
vn 0.70139361 -0.65022580 0.29198187
vn -0.27290950 -0.63753112 -0.72046823
vn 0.72046823 -0.63753112 0.27290950
vn -0.25422739 -0.62372101 -0.73914852
vn 0.73914852 -0.62372101 0.25422739
vn -0.23596818 -0.60881313 -0.75740715
vn 0.75740715 -0.60881313 0.23596818
vn -0.21817291 -0.59283794 -0.77520562
vn 0.77520562 -0.59283794 0.21817291
vn -0.20086308 -0.57582720 -0.79251313
vn 0.79251313 -0.57582720 0.20086308
vn -0.18406850 -0.55780084 -0.80930650
vn 0.80930650 -0.55780084 0.18406850
vn -0.16782776 -0.53879583 -0.82555006
vn 0.82555006 -0.53879583 0.16782776
vn -0.15216391 -0.51885087 -0.84121336
vn 0.84121336 -0.51885087 0.15216391
vn -0.13709974 -0.49799224 -0.85627530
vn 0.85627530 -0.49799224 0.13709974
vn -0.12267212 -0.47625881 -0.87070609
vn 0.87070609 -0.47625881 0.12267212
vn -0.10889814 -0.45369486 -0.88447847
vn 0.88447847 -0.45369486 0.10889814
vn -0.09580325 -0.43033087 -0.89757288
vn 0.89757288 -0.43033087 0.09580325
vn -0.08341267 -0.40621156 -0.90996401
vn 0.90996401 -0.40621156 0.08341267
vn -0.07174520 -0.38137917 -0.92163038
vn 0.92163038 -0.38137917 0.07174520
vn -0.40051438 -0.47822144 -0.78159612
vn 0.78159612 -0.47822144 0.40051438
vn 0.50359155 -0.70940925 0.49308627
vn -0.49308627 -0.70940925 -0.50359155
vn -0.47561349 -0.71113526 -0.51776293
vn 0.51776293 -0.71113526 0.47561349
vn -0.45457339 -0.70926354 -0.53880262
vn 0.53880262 -0.70926354 0.45457339
vn -0.43361026 -0.70614631 -0.55976738
vn 0.55976738 -0.70614631 0.43361026
vn -0.41275673 -0.70179250 -0.58061964
vn 0.58061964 -0.70179250 0.41275673
vn -0.39204848 -0.69620624 -0.60132758
vn 0.60132758 -0.69620624 0.39204848
vn -0.37152453 -0.68939801 -0.62185200
vn 0.62185200 -0.68939801 0.37152453
vn -0.35122140 -0.68138084 -0.64215549
vn 0.64215549 -0.68138084 0.35122140
vn -0.33117066 -0.67216873 -0.66220479
vn 0.66220479 -0.67216873 0.33117066
vn -0.31141586 -0.66177567 -0.68196270
vn 0.68196270 -0.66177567 0.31141586
vn -0.29198187 -0.65022580 -0.70139361
vn 0.70139361 -0.65022580 0.29198187
vn -0.27290950 -0.63753112 -0.72046823
vn 0.72046823 -0.63753112 0.27290950
vn -0.25422739 -0.62372101 -0.73914852
vn 0.73914852 -0.62372101 0.25422739
vn -0.23596818 -0.60881313 -0.75740715
vn 0.75740715 -0.60881313 0.23596818
vn -0.21817291 -0.59283794 -0.77520562
vn 0.77520562 -0.59283794 0.21817291
vn -0.20086308 -0.57582720 -0.79251313
vn 0.79251313 -0.57582720 0.20086308
vn -0.18406850 -0.55780084 -0.80930650
vn 0.80930650 -0.55780084 0.18406850
vn -0.16782776 -0.53879583 -0.82555006
vn 0.82555006 -0.53879583 0.16782776
vn -0.15216391 -0.51885087 -0.84121336
vn 0.84121336 -0.51885087 0.15216391
vn -0.13709974 -0.49799224 -0.85627530
vn 0.85627530 -0.49799224 0.13709974
vn -0.12267212 -0.47625881 -0.87070609
vn 0.87070609 -0.47625881 0.12267212
vn -0.10889814 -0.45369486 -0.88447847
vn 0.88447847 -0.45369486 0.10889814
vn -0.09580325 -0.43033087 -0.89757288
vn 0.89757288 -0.43033087 0.09580325
vn -0.08341267 -0.40621156 -0.90996401
vn 0.90996401 -0.40621156 0.08341267
vn -0.07174520 -0.38137917 -0.92163038
vn 0.92163038 -0.38137917 0.07174520
vn -0.40051438 -0.47822144 -0.78159612
vn 0.78159612 -0.47822144 0.40051438
vn -0.69612538 -0.71204752 0.09163945
vn -0.69145900 -0.71205353 0.12191890
vn -0.47434998 -0.71205328 0.51766034
vn -0.45131469 -0.71204940 0.53786681
vn -0.68548267 -0.71205080 0.15197750
vn -0.67820797 -0.71204620 0.18172549
vn -0.66963346 -0.71205110 0.21112614
vn 0.47435486 -0.71204988 -0.51766053
vn 0.45131516 -0.71205278 -0.53786193
vn 0.85280287 -0.30151134 0.42640143
vn -0.53786052 -0.71205185 -0.45131831
vn -0.55703742 -0.71204778 -0.42743102
vn -0.64868515 -0.71204873 -0.26868975
vn -0.65978505 -0.71204769 -0.24014947
vn -0.60806057 -0.71205241 0.35106084
vn -0.62279849 -0.71204619 0.32421023
vn -0.63634059 -0.71205388 0.29673207
vn -0.59217035 -0.71204860 0.37725464
vn -0.57514841 -0.71205155 0.40272435
vn -0.55703746 -0.71204824 0.42743019
vn 0.37725692 -0.71204971 -0.59216756
vn 0.35106084 -0.71205241 -0.60806057
vn 0.21113258 -0.71204912 -0.66963355
vn 0.24014344 -0.71205222 -0.65978236
vn 0.26869617 -0.71204788 -0.64868342
vn 0.06119632 -0.71204960 -0.69945720
vn 0.09164212 -0.71204843 -0.69612410
vn 0.12192183 -0.71205261 -0.69145943
vn -0.57514772 -0.71205211 -0.40272433
vn -0.59217091 -0.71204838 -0.37725418
vn -0.60805934 -0.71205055 -0.35106674
vn -0.66962772 -0.71205414 -0.21113413
vn -0.67820786 -0.71204679 -0.18172359
vn -0.68548283 -0.71205273 -0.15196776
vn -0.70212810 -0.71205065 -0.00000230
vn -0.70146313 -0.71204754 -0.03062327
vn -0.69945463 -0.71205255 -0.06119136
vn -0.70145990 -0.71205053 0.03062772
vn -0.69945720 -0.71204960 0.06119632
vn -0.65978028 -0.71205326 0.24014608
vn -0.64868541 -0.71204579 0.26869692
vn -0.53786681 -0.71204940 0.45131469
vn -0.51766034 -0.71205328 0.47434998
vn -0.49648265 -0.71204632 0.49648265
vn 0.69945609 -0.71205110 0.06119160
vn 0.70146158 -0.71204907 0.03062309
vn -0.42640143 -0.30151134 -0.85280287
vn 0.18172147 -0.71205109 -0.67820391
vn 0.15196940 -0.71204790 -0.68548749
vn -0.62279529 -0.71205019 -0.32420757
vn -0.63634520 -0.71205133 -0.29672832
vn -0.69146433 -0.71204785 -0.12192189
vn -0.69612135 -0.71204997 -0.09165096
vn -0.42743019 -0.71204824 0.55703746
vn -0.40272435 -0.71205155 0.57514841
vn -0.37725464 -0.71204860 0.59217035
vn -0.15197586 -0.71205022 0.68548365
vn -0.18172506 -0.71204733 0.67820690
vn -0.21112923 -0.71205106 0.66963254
vn 0.00000230 -0.71205065 0.70212810
vn -0.03062546 -0.71204978 0.70146075
vn -0.06119396 -0.71205035 0.69945664
vn 0.03062327 -0.71204754 0.70146313
vn 0.06119136 -0.71205255 0.69945463
vn 0.09165096 -0.71204997 0.69612135
vn 0.63634414 -0.71205105 0.29673126
vn 0.64868375 -0.71204925 0.26869174
vn 0.60806078 -0.71205272 -0.35105984
vn 0.62279959 -0.71204658 -0.32420725
vn 0.63634160 -0.71205171 -0.29673512
vn 0.55704167 -0.71204824 -0.42742471
vn 0.53786193 -0.71205278 -0.45131516
vn 0.51766053 -0.71204988 -0.47435486
vn 0.49648102 -0.71204859 -0.49648102
vn 0.32420680 -0.71204726 -0.62279905
vn 0.29673294 -0.71205176 -0.63634257
vn -0.35105984 -0.71205272 0.60806078
vn -0.32421068 -0.71204550 0.62279903
vn -0.29673425 -0.71205384 0.63633962
vn -0.26869498 -0.71204711 0.64868476
vn -0.24014538 -0.71205185 0.65978206
vn -0.12192105 -0.71205286 0.69145932
vn -0.09164141 -0.71204819 0.69612444
vn 0.69145974 -0.71205194 -0.12192398
vn 0.69612315 -0.71204910 -0.09164408
vn 0.69945664 -0.71205035 -0.06119396
vn 0.59216756 -0.71204971 -0.37725692
vn 0.57515028 -0.71204931 -0.40272563
vn 0.42742471 -0.71204824 -0.55704167
vn 0.40272563 -0.71204931 -0.57515028
vn 0.03062772 -0.71205053 -0.70145990
vn 0.00000011 -0.71204986 -0.70212890
vn -0.03062309 -0.71204907 -0.70146158
vn 0.62279616 -0.71204937 0.32420771
vn 0.70212890 -0.71204986 -0.00000011
vn 0.70146075 -0.71204978 -0.03062546
vn 0.68548846 -0.71204731 -0.15196777
vn 0.67820284 -0.71205223 -0.18172105
vn 0.66963262 -0.71204907 -0.21113567
vn 0.65978414 -0.71205081 -0.24014274
vn 0.64868277 -0.71204921 -0.26869422
vn -0.06119160 -0.71205110 -0.69945609
vn -0.09164870 -0.71205068 -0.69612092
vn -0.12192368 -0.71204848 -0.69146336
vn -0.29672786 -0.71205210 -0.63634454
vn -0.32421017 -0.71205046 -0.62279363
vn -0.35106817 -0.71204964 -0.60805957
vn -0.37725334 -0.71204865 -0.59217112
vn 0.67820398 -0.71205071 0.18172270
vn 0.68548655 -0.71204922 0.15196743
vn -0.40272400 -0.71205194 -0.57514817
vn -0.42743095 -0.71204819 -0.55703694
vn -0.45131867 -0.71205139 -0.53786084
vn -0.47435267 -0.71204892 -0.51766386
vn -0.49647950 -0.71205085 -0.49647929
vn -0.51766371 -0.71204865 -0.47435325
vn 0.12192458 -0.71204879 0.69146288
vn 0.15196540 -0.71204985 0.68548635
vn 0.18172270 -0.71205071 0.67820398
vn 0.65978501 -0.71204985 0.24014320
vn 0.66963165 -0.71205012 0.21113522
vn 0.69146192 -0.71204942 0.12192637
vn 0.69612092 -0.71205068 0.09164870
vn -0.15196979 -0.71205210 -0.68548304
vn -0.18172359 -0.71204679 -0.67820786
vn -0.21113413 -0.71205414 -0.66962772
vn -0.24014714 -0.71204678 -0.65978688
vn -0.26868579 -0.71204923 -0.64868624
vn 0.51766217 -0.71205119 0.47435112
vn 0.53786260 -0.71204913 0.45132013
vn 0.55703512 -0.71205044 0.42742958
vn 0.57515108 -0.71205082 0.40272183
vn 0.21113522 -0.71205012 0.66963165
vn 0.24014552 -0.71205076 0.65978317
vn 0.26869570 -0.71204875 0.64868266
vn 0.29673172 -0.71205027 0.63634479
vn 0.32420511 -0.71204910 0.62279782
vn 0.35106329 -0.71205164 0.60806006
vn 0.59217112 -0.71204865 0.37725334
vn 0.60806029 -0.71205073 0.35106472
vn 0.37725418 -0.71204838 0.59217091
vn 0.40272216 -0.71205099 0.57515063
vn 0.42742965 -0.71205002 0.55703560
vn 0.45131977 -0.71204960 0.53786228
vn 0.47435170 -0.71205092 0.51766201
vn 0.49648091 -0.71204859 0.49648113
vn 0.00000000 0.57735027 -0.81649658
vn -0.42640143 0.30151134 -0.85280287
vn 0.81649658 0.57735027 0.00000000
vn 0.85280287 0.30151134 0.42640143
vn -0.00000000 -0.90453403 0.42640143
vn -0.00000000 0.90453403 0.42640143
vn 0.42640143 0.90453403 0.00000000
vn 0.42640143 -0.90453403 -0.00000000
vn 0.00000000 -0.90453403 -0.42640143
vn 0.00000000 0.90453403 -0.42640143
vn -0.42640143 -0.90453403 -0.00000000
vn -0.42640143 0.90453403 0.00000000
vn 0.00000000 -0.57735027 -0.81649658
vn -0.00000000 0.57735027 -0.81649658
vn 0.81649658 -0.57735027 0.00000000
vn 0.81649658 0.57735027 0.00000000
vn -0.49647950 0.71205085 -0.49647929
vn -0.47435267 0.71204892 -0.51766386
vn -0.45131867 0.71205139 -0.53786084
vn -0.42743095 0.71204819 -0.55703694
vn -0.40272400 0.71205194 -0.57514817
vn -0.37725334 0.71204865 -0.59217112
vn -0.35106817 0.71204964 -0.60805957
vn -0.32421017 0.71205046 -0.62279363
vn -0.29672786 0.71205210 -0.63634454
vn -0.26868579 0.71204923 -0.64868624
vn -0.24014714 0.71204678 -0.65978688
vn -0.21113413 0.71205414 -0.66962772
vn -0.18172359 0.71204679 -0.67820786
vn -0.15196979 0.71205210 -0.68548304
vn -0.12192368 0.71204848 -0.69146336
vn -0.09164870 0.71205068 -0.69612092
vn -0.06119160 0.71205110 -0.69945609
vn -0.03062309 0.71204907 -0.70146158
vn 0.00000011 0.71204986 -0.70212890
vn 0.03062772 0.71205053 -0.70145990
vn 0.06119632 0.71204960 -0.69945720
vn 0.09164212 0.71204843 -0.69612410
vn 0.12192183 0.71205261 -0.69145943
vn 0.15196940 0.71204790 -0.68548749
vn 0.18172147 0.71205109 -0.67820391
vn 0.21113258 0.71204912 -0.66963355
vn 0.24014344 0.71205222 -0.65978236
vn 0.26869617 0.71204788 -0.64868342
vn 0.29673294 0.71205176 -0.63634257
vn 0.32420680 0.71204726 -0.62279905
vn 0.35106084 0.71205241 -0.60806057
vn 0.37725692 0.71204971 -0.59216756
vn 0.40272563 0.71204931 -0.57515028
vn 0.42742471 0.71204824 -0.55704167
vn 0.45131516 0.71205278 -0.53786193
vn 0.47435486 0.71204988 -0.51766053
vn 0.49648102 0.71204859 -0.49648102
vn 0.51766053 0.71204988 -0.47435486
vn 0.53786193 0.71205278 -0.45131516
vn 0.55704167 0.71204824 -0.42742471
vn 0.57515028 0.71204931 -0.40272563
vn 0.59216756 0.71204971 -0.37725692
vn 0.60806078 0.71205272 -0.35105984
vn 0.62279959 0.71204658 -0.32420725
vn 0.63634160 0.71205171 -0.29673512
vn 0.64868277 0.71204921 -0.26869422
vn 0.65978414 0.71205081 -0.24014274
vn 0.66963262 0.71204907 -0.21113567
vn 0.67820284 0.71205223 -0.18172105
vn 0.68548846 0.71204731 -0.15196777
vn 0.69145974 0.71205194 -0.12192398
vn 0.69612315 0.71204910 -0.09164408
vn 0.69945664 0.71205035 -0.06119396
vn 0.70146075 0.71204978 -0.03062546
vn 0.70212890 0.71204986 -0.00000011
vn 0.70146158 0.71204907 0.03062309
vn 0.69945609 0.71205110 0.06119160
vn 0.69612092 0.71205068 0.09164870
vn 0.69146192 0.71204942 0.12192637
vn 0.68548655 0.71204922 0.15196743
vn 0.67820398 0.71205071 0.18172270
vn 0.66963165 0.71205012 0.21113522
vn 0.65978501 0.71204985 0.24014320
vn 0.64868375 0.71204925 0.26869174
vn 0.63634414 0.71205105 0.29673126
vn 0.62279616 0.71204937 0.32420771
vn 0.60806029 0.71205073 0.35106472
vn 0.59217112 0.71204865 0.37725334
vn 0.57515108 0.71205082 0.40272183
vn 0.55703512 0.71205044 0.42742958
vn 0.53786260 0.71204913 0.45132013
vn 0.51766217 0.71205119 0.47435112
vn 0.49648091 0.71204859 0.49648113
vn 0.47435170 0.71205092 0.51766201
vn 0.45131977 0.71204960 0.53786228
vn 0.42742965 0.71205002 0.55703560
vn 0.40272216 0.71205099 0.57515063
vn 0.37725418 0.71204838 0.59217091
vn 0.35106329 0.71205164 0.60806006
vn 0.32420511 0.71204910 0.62279782
vn 0.29673172 0.71205027 0.63634479
vn 0.26869570 0.71204875 0.64868266
vn 0.24014552 0.71205076 0.65978317
vn 0.21113522 0.71205012 0.66963165
vn 0.18172270 0.71205071 0.67820398
vn 0.15196540 0.71204985 0.68548635
vn 0.12192458 0.71204879 0.69146288
vn 0.09165096 0.71204997 0.69612135
vn 0.06119136 0.71205255 0.69945463
vn 0.03062327 0.71204754 0.70146313
vn 0.00000230 0.71205065 0.70212810
vn -0.03062546 0.71204978 0.70146075
vn -0.06119396 0.71205035 0.69945664
vn -0.09164141 0.71204819 0.69612444
vn -0.12192105 0.71205286 0.69145932
vn -0.15197586 0.71205022 0.68548365
vn -0.18172506 0.71204733 0.67820690
vn -0.21112923 0.71205106 0.66963254
vn -0.24014538 0.71205185 0.65978206
vn -0.26869498 0.71204711 0.64868476
vn -0.29673425 0.71205384 0.63633962
vn -0.32421068 0.71204550 0.62279903
vn -0.35105984 0.71205272 0.60806078
vn -0.37725464 0.71204860 0.59217035
vn -0.40272435 0.71205155 0.57514841
vn -0.42743019 0.71204824 0.55703746
vn -0.45131469 0.71204940 0.53786681
vn -0.47434998 0.71205328 0.51766034
vn -0.49648265 0.71204632 0.49648265
vn -0.51766034 0.71205328 0.47434998
vn -0.53786681 0.71204940 0.45131469
vn -0.55703746 0.71204824 0.42743019
vn -0.57514841 0.71205155 0.40272435
vn -0.59217035 0.71204860 0.37725464
vn -0.60806057 0.71205241 0.35106084
vn -0.62279849 0.71204619 0.32421023
vn -0.63634059 0.71205388 0.29673207
vn -0.64868541 0.71204579 0.26869692
vn -0.65978028 0.71205326 0.24014608
vn -0.66963346 0.71205110 0.21112614
vn -0.67820797 0.71204620 0.18172549
vn -0.68548267 0.71205080 0.15197750
vn -0.69145900 0.71205353 0.12191890
vn -0.69612538 0.71204752 0.09163945
vn -0.69945720 0.71204960 0.06119632
vn -0.70145990 0.71205053 0.03062772
vn -0.70212810 0.71205065 -0.00000230
vn -0.70146313 0.71204754 -0.03062327
vn -0.69945463 0.71205255 -0.06119136
vn -0.69612135 0.71204997 -0.09165096
vn -0.69146433 0.71204785 -0.12192189
vn -0.68548283 0.71205273 -0.15196776
vn -0.67820786 0.71204679 -0.18172359
vn -0.66962772 0.71205414 -0.21113413
vn -0.65978505 0.71204769 -0.24014947
vn -0.64868515 0.71204873 -0.26868975
vn -0.63634520 0.71205133 -0.29672832
vn -0.62279529 0.71205019 -0.32420757
vn -0.60805934 0.71205055 -0.35106674
vn -0.59217091 0.71204838 -0.37725418
vn -0.57514772 0.71205211 -0.40272433
vn -0.55703742 0.71204778 -0.42743102
vn -0.53786052 0.71205185 -0.45131831
vn -0.51766371 0.71204865 -0.47435325
vn -0.99999468 0.00297684 0.00133122
vn -0.00133122 0.00297684 0.99999468
vn -0.00466708 0.01677951 0.99984832
vn -0.99984832 0.01677951 0.00466708
vn -0.00396586 0.03810422 0.99926590
vn -0.99926590 0.03810422 0.00396586
vn -0.00284655 0.05886420 0.99826194
vn -0.99826194 0.05886420 0.00284655
vn -0.00156904 0.07970757 0.99681705
vn -0.99681705 0.07970757 0.00156904
vn 0.00025403 0.10112569 0.99487362
vn -0.99487362 0.10112569 -0.00025403
vn 0.00262795 0.12290723 0.99241469
vn -0.99241469 0.12290723 -0.00262795
vn 0.00553505 0.14494571 0.98942413
vn -0.98942413 0.14494571 -0.00553505
vn 0.00900828 0.16715886 0.98588882
vn -0.98588882 0.16715886 -0.00900828
vn 0.01304341 0.18943999 0.98180566
vn -0.98180566 0.18943999 -0.01304341
vn 0.01777716 0.21104488 0.97731470
vn -0.97731470 0.21104488 -0.01777716
vn 0.02274451 0.23136839 0.97260031
vn -0.97260031 0.23136839 -0.02274451
vn 0.02775801 0.25098850 0.96759199
vn -0.96759199 0.25098850 -0.02775801
vn 0.03317009 0.27037236 0.96218425
vn -0.96218425 0.27037236 -0.03317009
vn 0.03897442 0.28951953 0.95637829
vn -0.95637829 0.28951953 -0.03897442
vn 0.04517724 0.30840870 0.95018056
vn -0.95018056 0.30840870 -0.04517724
vn 0.05176021 0.32702592 0.94359680
vn -0.94359680 0.32702592 -0.05176021
vn 0.05872779 0.34535787 0.93663172
vn -0.93663172 0.34535787 -0.05872779
vn 0.06606740 0.36339634 0.92928908
vn -0.92928908 0.36339634 -0.06606740
vn 0.07376738 0.38169287 0.92134083
vn -0.92134083 0.38169287 -0.07376738
vn 0.08230144 0.40044218 0.91261850
vn -0.91261850 0.40044218 -0.08230144
vn 0.09159317 0.41887739 0.90341155
vn -0.90341155 0.41887739 -0.09159317
vn 0.10112930 0.43661952 0.89394422
vn -0.89394422 0.43661952 -0.10112930
vn 0.11091675 0.45375335 0.88419759
vn -0.88419759 0.45375335 -0.11091675
vn 0.12099374 0.47037777 0.87413115
vn -0.87413115 0.47037777 -0.12099374
vn 0.13141413 0.48660528 0.86368144
vn -0.86368144 0.48660528 -0.13141413
vn 0.14224563 0.50242955 0.85283687
vn -0.85283687 0.50242955 -0.14224563
vn 0.15345238 0.51783133 0.84160744
vn -0.84160744 0.51783133 -0.15345238
vn 0.16504361 0.53278131 0.83000282
vn -0.83000282 0.53278131 -0.16504361
vn 0.17696747 0.54713103 0.81812600
vn -0.81812600 0.54713103 -0.17696747
vn 0.18907345 0.56078092 0.80608684
vn -0.80608684 0.56078092 -0.18907345
vn 0.20129526 0.57371090 0.79393704
vn -0.79393704 0.57371090 -0.20129526
vn 0.21360347 0.58594520 0.78169162
vn -0.78169162 0.58594520 -0.21360347
vn 0.22600160 0.59751980 0.76934607
vn -0.76934607 0.59751980 -0.22600160
vn 0.23850290 0.60848186 0.75687925
vn -0.75687925 0.60848186 -0.23850290
vn 0.25113709 0.61886646 0.74426773
vn -0.74426773 0.61886646 -0.25113709
vn 0.26392781 0.62871097 0.73148112
vn -0.73148112 0.62871097 -0.26392781
vn 0.27690801 0.63803004 0.71849817
vn -0.71849817 0.63803004 -0.27690801
vn 0.29008694 0.64682924 0.70530951
vn -0.70530951 0.64682924 -0.29008694
vn 0.30347999 0.65512095 0.69189337
vn -0.69189337 0.65512095 -0.30347999
vn 0.31710551 0.66289182 0.67824666
vn -0.67824666 0.66289182 -0.31710551
vn 0.33095699 0.67013867 0.66436559
vn -0.66436559 0.67013867 -0.33095699
vn 0.34505096 0.67685773 0.65023339
vn -0.65023339 0.67685773 -0.34505096
vn 0.35939899 0.68303247 0.63584512
vn -0.63584512 0.68303247 -0.35939899
vn 0.37400438 0.68865325 0.62119033
vn -0.62119033 0.68865325 -0.37400438
vn 0.38889308 0.69371493 0.60623573
vn -0.60623573 0.69371493 -0.38889308
vn 0.40411073 0.69820727 0.59093242
vn -0.59093242 0.69820727 -0.40411073
vn 0.41972864 0.70212774 0.57519083
vn -0.57519083 0.70212774 -0.41972864
vn 0.43551402 0.70512152 0.55958126
vn -0.55958126 0.70512152 -0.43551402
vn 0.45071550 0.70726841 0.54463468
vn -0.54463468 0.70726841 -0.45071550
vn 0.46532409 0.70884290 0.53010870
vn -0.53010870 0.70884290 -0.46532409
vn 0.47958782 0.70972621 0.51602736
vn -0.51602736 0.70972621 -0.47958782
vn 0.49197511 0.70915874 0.50502908
vn -0.50502908 0.70915874 -0.49197511
vn 0.49882097 0.70750768 0.50061015
vn -0.50061015 0.70750768 -0.49882097
vn -0.49647940 0.71205085 -0.49647940
vn -0.49647940 -0.71205085 -0.49647940
vn -0.47435285 0.71204883 -0.51766383
vn -0.47435285 -0.71204883 -0.51766383
vn -0.45132065 0.71205084 -0.53785989
vn -0.45132065 -0.71205084 -0.53785989
vn -0.42742944 0.71204967 -0.55703621
vn -0.42742944 -0.71204967 -0.55703621
vn -0.40272164 0.71205130 -0.57515061
vn -0.40272164 -0.71205130 -0.57515061
vn -0.37725711 0.71204708 -0.59217060
vn -0.37725711 -0.71204708 -0.59217060
vn -0.35106605 0.71205258 -0.60805737
vn -0.35106605 -0.71205258 -0.60805737
vn -0.32421241 0.71204705 -0.62279636
vn -0.32421241 -0.71204705 -0.62279636
vn -0.29672688 0.71205557 -0.63634113
vn -0.29672688 -0.71205557 -0.63634113
vn -0.26868913 0.71204531 -0.64868916
vn -0.26868913 -0.71204531 -0.64868916
vn -0.24015620 0.71204806 -0.65978221
vn -0.24015620 -0.71204806 -0.65978221
vn -0.21113676 0.71205514 -0.66962582
vn -0.21113676 -0.71205514 -0.66962582
vn -0.18171408 0.71204973 -0.67820733
vn -0.18171408 -0.71204973 -0.67820733
vn -0.15196566 0.71204790 -0.68548831
vn -0.15196566 -0.71204790 -0.68548831
vn -0.12192728 0.71204973 -0.69146143
vn -0.12192728 -0.71204973 -0.69146143
vn -0.09165322 0.71204926 -0.69612178
vn -0.09165322 -0.71204926 -0.69612178
vn -0.06118168 0.71205700 -0.69945095
vn -0.06118168 -0.71205700 -0.69945095
vn -0.03062661 0.71203910 -0.70147154
vn -0.03062661 -0.71203910 -0.70147154
vn 0.00000086 0.71206108 -0.70211753
vn 0.00000086 -0.71206108 -0.70211753
vn 0.03063011 0.71203969 -0.70147080
vn 0.03063011 -0.71203969 -0.70147080
vn 0.06119598 0.71206002 -0.69944663
vn 0.06119598 -0.71206002 -0.69944663
vn 0.09164567 0.71203856 -0.69613372
vn 0.09164567 -0.71203856 -0.69613372
vn 0.12191794 0.71206095 -0.69145153
vn 0.12191794 -0.71206095 -0.69145153
vn 0.15197886 0.71204316 -0.68549031
vn 0.15197886 -0.71204316 -0.68549031
vn 0.18172372 0.71205405 -0.67820021
vn 0.18172372 -0.71205405 -0.67820021
vn 0.21112833 0.71204307 -0.66964132
vn 0.21112833 -0.71204307 -0.66964132
vn 0.24012763 0.71205525 -0.65978485
vn 0.24012763 -0.71205525 -0.65978485
vn 0.26869022 0.71204786 -0.64868591
vn 0.26869022 -0.71204786 -0.64868591
vn 0.29672700 0.71205174 -0.63634535
vn 0.29672700 -0.71205174 -0.63634535
vn 0.32421814 0.71205486 -0.62278446
vn 0.32421814 -0.71205486 -0.62278446
vn 0.35106729 0.71203928 -0.60807222
vn 0.35106729 -0.71203928 -0.60807222
vn 0.37724301 0.71205965 -0.59216447
vn 0.37724301 -0.71205965 -0.59216447
vn 0.40273380 0.71204486 -0.57515007
vn 0.40273380 -0.71204486 -0.57515007
vn 0.42743567 0.71205724 -0.55702175
vn 0.42743567 -0.71205724 -0.55702175
vn 0.45133504 0.71204264 -0.53785869
vn 0.45133504 -0.71204264 -0.53785869
vn 0.47433921 0.71204648 -0.51767956
vn 0.47433921 -0.71204648 -0.51767956
vn 0.49647290 0.71205991 -0.49647290
vn 0.49647290 -0.71205991 -0.49647290
vn 0.51767956 0.71204648 -0.47433921
vn 0.51767956 -0.71204648 -0.47433921
vn 0.53785869 0.71204264 -0.45133504
vn 0.53785869 -0.71204264 -0.45133504
vn 0.55702175 0.71205724 -0.42743567
vn 0.55702175 -0.71205724 -0.42743567
vn 0.57515007 0.71204486 -0.40273380
vn 0.57515007 -0.71204486 -0.40273380
vn 0.59216447 0.71205965 -0.37724301
vn 0.59216447 -0.71205965 -0.37724301
vn 0.60807243 0.71203959 -0.35106629
vn 0.60807243 -0.71203959 -0.35106629
vn 0.62278500 0.71205418 -0.32421858
vn 0.62278500 -0.71205418 -0.32421858
vn 0.63634439 0.71205169 -0.29672918
vn 0.63634439 -0.71205169 -0.29672918
vn 0.64868526 0.71204919 -0.26868828
vn 0.64868526 -0.71204919 -0.26868828
vn 0.65978663 0.71205384 -0.24012693
vn 0.65978663 -0.71205384 -0.24012693
vn 0.66964040 0.71204302 -0.21113141
vn 0.66964040 -0.71204302 -0.21113141
vn 0.67819913 0.71205518 -0.18172330
vn 0.67819913 -0.71205518 -0.18172330
vn 0.68549128 0.71204257 -0.15197722
vn 0.68549128 -0.71204257 -0.15197722
vn 0.69145184 0.71206028 -0.12192009
vn 0.69145184 -0.71206028 -0.12192009
vn 0.69613278 0.71203923 -0.09164762
vn 0.69613278 -0.71203923 -0.09164762
vn 0.69944607 0.71206076 -0.06119363
vn 0.69944607 -0.71206076 -0.06119363
vn 0.70147165 0.71203894 -0.03062784
vn 0.70147165 -0.71203894 -0.03062784
vn 0.70211753 0.71206108 -0.00000086
vn 0.70211753 -0.71206108 -0.00000086
vn 0.70147154 0.71203910 0.03062661
vn 0.70147154 -0.71203910 0.03062661
vn 0.69945095 0.71205700 0.06118168
vn 0.69945095 -0.71205700 0.06118168
vn 0.69612178 0.71204926 0.09165322
vn 0.69612178 -0.71204926 0.09165322
vn 0.69145999 0.71205068 0.12192997
vn 0.69145999 -0.71205068 0.12192997
vn 0.68549183 0.71204502 0.15196330
vn 0.68549183 -0.71204502 0.15196330
vn 0.67820344 0.71205365 0.18171319
vn 0.67820344 -0.71205365 0.18171319
vn 0.66962975 0.71205112 0.21113785
vn 0.66962975 -0.71205112 0.21113785
vn 0.65978033 0.71205113 0.24015226
vn 0.65978033 -0.71205113 0.24015226
vn 0.64868668 0.71204533 0.26869508
vn 0.64868668 -0.71204533 0.26869508
vn 0.63634072 0.71205451 0.29673027
vn 0.63634072 -0.71205451 0.29673027
vn 0.62279888 0.71204597 0.32420995
vn 0.62279888 -0.71204597 0.32420995
vn 0.60805808 0.71205366 0.35106259
vn 0.60805808 -0.71205366 0.35106259
vn 0.59217060 0.71204708 0.37725711
vn 0.59217060 -0.71204708 0.37725711
vn 0.57515352 0.71205018 0.40271947
vn 0.57515352 -0.71205018 0.40271947
vn 0.55703439 0.71205192 0.42742806
vn 0.55703439 -0.71205192 0.42742806
vn 0.53786166 0.71204859 0.45132211
vn 0.53786166 -0.71204859 0.45132211
vn 0.51766214 0.71205109 0.47435130
vn 0.51766214 -0.71205109 0.47435130
vn 0.49648102 0.71204859 0.49648102
vn 0.49648102 -0.71204859 0.49648102
vn 0.47435130 0.71205109 0.51766214
vn 0.47435130 -0.71205109 0.51766214
vn 0.45131914 0.71204957 0.53786284
vn 0.45131914 -0.71204957 0.53786284
vn 0.42743048 0.71204955 0.55703556
vn 0.42743048 -0.71204955 0.55703556
vn 0.40272214 0.71205156 0.57514994
vn 0.40272214 -0.71205156 0.57514994
vn 0.37725035 0.71204924 0.59217232
vn 0.37725035 -0.71204924 0.59217232
vn 0.35106599 0.71204897 0.60806162
vn 0.35106599 -0.71204897 0.60806162
vn 0.32420637 0.71205142 0.62279452
vn 0.32420637 -0.71205142 0.62279452
vn 0.29673397 0.71204831 0.63634594
vn 0.29673397 -0.71204831 0.63634594
vn 0.26869135 0.71205226 0.64868061
vn 0.26869135 -0.71205226 0.64868061
vn 0.24014296 0.71204748 0.65978765
vn 0.24014296 -0.71204748 0.65978765
vn 0.21113785 0.71205112 0.66962975
vn 0.21113785 -0.71205112 0.66962975
vn 0.18171319 0.71205365 0.67820344
vn 0.18171319 -0.71205365 0.67820344
vn 0.15196330 0.71204502 0.68549183
vn 0.15196330 -0.71204502 0.68549183
vn 0.12192997 0.71205068 0.69145999
vn 0.12192997 -0.71205068 0.69145999
vn 0.09165322 0.71204926 0.69612178
vn 0.09165322 -0.71204926 0.69612178
vn 0.06120054 0.71205102 0.69945538
vn 0.06120054 -0.71205102 0.69945538
vn 0.03062517 0.71205135 0.70145918
vn 0.03062517 -0.71205135 0.70145918
vn 0.00000000 0.71204826 0.70213052
vn 0.00000000 -0.71204826 0.70213052
vn -0.03062807 0.71205230 0.70145808
vn -0.03062807 -0.71205230 0.70145808
vn -0.06119407 0.71204688 0.69946017
vn -0.06119407 -0.71204688 0.69946017
vn -0.09164645 0.71205361 0.69611823
vn -0.09164645 -0.71205361 0.69611823
vn -0.12192202 0.71204543 0.69146679
vn -0.12192202 -0.71204543 0.69146679
vn -0.15197450 0.71205786 0.68547601
vn -0.15197450 -0.71205786 0.68547601
vn -0.18172683 0.71203949 0.67821466
vn -0.18172683 -0.71203949 0.67821466
vn -0.21112704 0.71205910 0.66962468
vn -0.21112704 -0.71205910 0.66962468
vn -0.24015327 0.71204571 0.65978581
vn -0.24015327 -0.71204571 0.65978581
vn -0.26868828 0.71204919 0.64868526
vn -0.26868828 -0.71204919 0.64868526
vn -0.29672918 0.71205169 0.63634439
vn -0.29672918 -0.71205169 0.63634439
vn -0.32419890 0.71204547 0.62280520
vn -0.32419890 -0.71204547 0.62280520
vn -0.35105768 0.71205710 0.60805690
vn -0.35105768 -0.71205710 0.60805690
vn -0.37727067 0.71205085 0.59215744
vn -0.37727067 -0.71205085 0.59215744
vn -0.40273380 0.71204486 0.57515007
vn -0.40273380 -0.71204486 0.57515007
vn -0.42741923 0.71204823 0.55704589
vn -0.42741923 -0.71204823 0.55704589
vn -0.45130791 0.71205165 0.53786952
vn -0.45130791 -0.71205165 0.53786952
vn -0.47435357 0.71205554 0.51765394
vn -0.47435357 -0.71205554 0.51765394
vn -0.49648590 0.71204179 0.49648590
vn -0.49648590 -0.71204179 0.49648590
vn -0.51765394 0.71205554 0.47435357
vn -0.51765394 -0.71205554 0.47435357
vn -0.53786952 0.71205165 0.45130791
vn -0.53786952 -0.71205165 0.45130791
vn -0.55704589 0.71204823 0.42741923
vn -0.55704589 -0.71204823 0.42741923
vn -0.57515007 0.71204486 0.40273380
vn -0.57515007 -0.71204486 0.40273380
vn -0.59215744 0.71205085 0.37727067
vn -0.59215744 -0.71205085 0.37727067
vn -0.60805669 0.71205678 0.35105869
vn -0.60805669 -0.71205678 0.35105869
vn -0.62280466 0.71204616 0.32419845
vn -0.62280466 -0.71204616 0.32419845
vn -0.63634535 0.71205174 0.29672700
vn -0.63634535 -0.71205174 0.29672700
vn -0.64868591 0.71204786 0.26869022
vn -0.64868591 -0.71204786 0.26869022
vn -0.65978403 0.71204712 0.24015397
vn -0.65978403 -0.71204712 0.24015397
vn -0.66962561 0.71205914 0.21112396
vn -0.66962561 -0.71205914 0.21112396
vn -0.67821574 0.71203835 0.18172726
vn -0.67821574 -0.71203835 0.18172726
vn -0.68547503 0.71205845 0.15197614
vn -0.68547503 -0.71205845 0.15197614
vn -0.69146648 0.71204610 0.12191987
vn -0.69146648 -0.71204610 0.12191987
vn -0.69611917 0.71205294 0.09164450
vn -0.69611917 -0.71205294 0.09164450
vn -0.69946072 0.71204613 0.06119643
vn -0.69946072 -0.71204613 0.06119643
vn -0.70145722 0.71205305 0.03063033
vn -0.70145722 -0.71205305 0.03063033
vn -0.70213052 0.71204826 0.00000000
vn -0.70213052 -0.71204826 0.00000000
vn -0.70145918 0.71205135 -0.03062517
vn -0.70145918 -0.71205135 -0.03062517
vn -0.69945538 0.71205102 -0.06120054
vn -0.69945538 -0.71205102 -0.06120054
vn -0.69612178 0.71204926 -0.09165322
vn -0.69612178 -0.71204926 -0.09165322
vn -0.69146143 0.71204973 -0.12192728
vn -0.69146143 -0.71204973 -0.12192728
vn -0.68548831 0.71204790 -0.15196566
vn -0.68548831 -0.71204790 -0.15196566
vn -0.67820733 0.71204973 -0.18171408
vn -0.67820733 -0.71204973 -0.18171408
vn -0.66962582 0.71205514 -0.21113676
vn -0.66962582 -0.71205514 -0.21113676
vn -0.65978953 0.71204441 -0.24014691
vn -0.65978953 -0.71204441 -0.24014691
vn -0.64868309 0.71205224 -0.26868540
vn -0.64868309 -0.71205224 -0.26868540
vn -0.63634634 0.71204937 -0.29673057
vn -0.63634634 -0.71204937 -0.29673057
vn -0.62279199 0.71205250 -0.32420883
vn -0.62279199 -0.71205250 -0.32420883
vn -0.60806090 0.71204789 -0.35106944
vn -0.60806090 -0.71204789 -0.35106944
vn -0.59217232 0.71204924 -0.37725035
vn -0.59217232 -0.71204924 -0.37725035
vn -0.57514703 0.71205268 -0.40272431
vn -0.57514703 -0.71205268 -0.40272431
vn -0.55703738 0.71204731 -0.42743185
vn -0.55703738 -0.71204731 -0.42743185
vn -0.53786108 0.71205183 -0.45131768
vn -0.53786108 -0.71205183 -0.45131768
vn -0.51766383 0.71204883 -0.47435285
vn -0.51766383 -0.71204883 -0.47435285
vn -0.14417187 -0.97899384 -0.14417187
vn -0.78702761 -0.60258157 -0.13222328
vn -0.52409773 -0.70950062 -0.47109494
vn -0.16110279 -0.97899431 -0.12496410
vn -0.79729955 -0.60276264 -0.03147412
vn -0.58006972 -0.70949649 -0.40016727
vn 0.19897802 -0.97899414 -0.04447708
vn 0.53398401 -0.60245060 -0.59322369
vn 0.67873433 -0.70961867 -0.18910595
vn -0.10378846 -0.97899410 -0.17549506
vn -0.35302213 -0.70224717 -0.61824291
vn -0.32581838 -0.70224678 -0.63300225
vn 0.19183480 -0.97899409 -0.06906509
vn 0.45408449 -0.60270623 -0.65616498
vn 0.64892820 -0.70949106 -0.27479924
vn -0.01918791 -0.97899387 0.20298481
vn 0.40092120 -0.60282362 0.68983033
vn -0.02643672 -0.70949461 0.70421481
vn 0.00640438 -0.97899395 0.20378870
vn 0.48497263 -0.60300409 0.63339373
vn 0.06387248 -0.70949017 0.70181479
vn 0.01918776 -0.97899401 -0.20298411
vn -0.40091705 -0.60282248 -0.68983373
vn 0.02644192 -0.70949630 -0.70421291
vn -0.79473145 -0.60294207 0.06973374
vn -0.62649846 -0.70949567 -0.32266945
vn -0.17549540 -0.97899417 -0.10378717
vn -0.61416131 -0.70224743 -0.36007559
vn -0.31737634 -0.60372151 -0.73129515
vn -0.59793244 -0.70224702 -0.38642712
vn -0.58057268 -0.70224714 -0.41204892
vn -0.56211616 -0.70224719 -0.43689164
vn -0.22217641 -0.60390182 -0.76546733
vn -0.54259756 -0.70224721 -0.46090861
vn -0.52205828 -0.70227363 -0.48401127
vn 0.31037691 -0.60264168 0.73517969
vn -0.11632544 -0.70949920 0.69503905
vn -0.04447730 -0.97899407 0.19897836
vn -0.11715613 -0.70224649 0.70222810
vn -0.36001700 -0.60348270 0.71147480
vn 0.03189542 -0.97899393 0.20137916
vn -0.06972766 -0.60294104 0.79473276
vn 0.10378728 -0.97899410 0.17549574
vn 0.32267113 -0.70949812 0.62649482
vn 0.33304352 -0.70224725 0.62923033
vn 0.68533608 -0.60354052 0.40749638
vn 0.30538235 -0.70224717 0.64311005
vn 0.08097485 -0.97899408 0.18711940
vn 0.27714388 -0.70224719 0.65577447
vn 0.24838253 -0.70224747 0.66719907
vn 0.70084028 -0.70224730 -0.12518637
vn 0.70561929 -0.70224685 -0.09460857
vn 0.59801618 -0.60384098 -0.52702250
vn 0.20298481 -0.97899387 -0.01918791
vn 0.69503815 -0.70950108 -0.11631935
vn 0.73517955 -0.60264159 0.31037742
vn 0.15293836 -0.97899426 -0.13483362
vn 0.17752382 -0.60324013 -0.77755170
vn 0.49830249 -0.70949930 -0.49830249
vn 0.04447705 -0.97899408 -0.19897833
vn -0.31037742 -0.60264159 -0.73517955
vn 0.11632046 -0.70950074 -0.69503831
vn -0.05688240 -0.97899417 -0.19579276
vn -0.62832209 -0.60336102 -0.49108740
vn -0.23987222 -0.70949831 -0.66262618
vn -0.20137927 -0.97899390 -0.03189548
vn -0.71147733 -0.60348198 0.36001319
vn -0.70181233 -0.70949262 -0.06387236
vn -0.48117371 -0.70227522 0.52467264
vn -0.50339286 -0.70227578 0.50339286
vn -0.49830855 -0.70949079 0.49830855
vn -0.08652504 -0.70224754 0.70665537
vn -0.52702690 -0.60384213 0.59801114
vn -0.05573238 -0.70224703 0.70974855
vn -0.02483192 -0.70224678 0.71150041
vn 0.00611276 -0.70224788 0.71190628
vn -0.44713241 -0.60366157 0.66004948
vn 0.03704673 -0.70224653 0.71096930
vn 0.06791183 -0.70224750 0.70868642
vn -0.26705872 -0.60330108 0.75147019
vn 0.05688374 -0.97899410 0.19579271
vn 0.15312258 -0.70949849 0.68787017
vn 0.15950126 -0.70224671 0.69383637
vn 0.56116945 -0.60318033 0.56680009
vn 0.12919432 -0.70224713 0.70011271
vn 0.09864566 -0.70224746 0.70506562
vn -0.16977960 -0.60312208 0.77937067
vn 0.23987194 -0.70949462 0.66263024
vn 0.62832661 -0.60336158 0.49108091
vn 0.21915070 -0.70224671 0.67736440
vn 0.18950478 -0.70224766 0.68624789
vn 0.36729691 -0.60288163 -0.70825611
vn 0.60844634 -0.70949683 -0.35553803
vn 0.18166616 -0.97899410 -0.09256327
vn 0.63112715 -0.70224781 -0.32943367
vn 0.78741236 -0.60378155 0.12421603
vn 0.64484581 -0.70224811 -0.30169765
vn 0.65735093 -0.70224589 -0.27338701
vn 0.66860954 -0.70224820 -0.24455828
vn 0.76521242 -0.60396239 0.22288875
vn 0.67860856 -0.70224605 -0.21526938
vn 0.68732124 -0.70224815 -0.18557223
vn 0.69473771 -0.70224684 -0.15552777
vn 0.55795590 -0.70949505 -0.43046718
vn 0.56461088 -0.70224682 -0.43366342
vn 0.58291918 -0.70224939 -0.40871876
vn 0.77755148 -0.60324024 -0.17752442
vn 0.13483336 -0.97899426 -0.15293856
vn -0.15313398 -0.70949499 -0.68787124
vn -0.15154636 -0.70224681 -0.69561708
vn -0.12117198 -0.70224783 -0.70154496
vn 0.16977534 -0.60312032 -0.77937296
vn -0.08097353 -0.97899412 -0.18711976
vn 0.06973836 -0.60294383 -0.79472970
vn -0.32266453 -0.70949354 -0.62650341
vn -0.68533551 -0.60354139 -0.40749604
vn -0.29799933 -0.70224749 -0.64656389
vn -0.37955749 -0.70224727 -0.60231627
vn -0.73129632 -0.60372112 -0.31737439
vn -0.40537537 -0.70224727 -0.58525172
vn -0.40016727 -0.70949649 -0.58006972
vn -0.03147681 -0.60276310 -0.79729910
vn -0.12496582 -0.97899391 -0.16110389
vn -0.47109452 -0.70950076 -0.52409792
vn -0.47804681 -0.70224712 -0.52756064
vn -0.76546725 -0.60390174 -0.22217691
vn -0.45466706 -0.70224729 -0.54783812
vn -0.43042811 -0.70224700 -0.56708095
vn -0.13222328 -0.60258157 -0.78702761
vn -0.50047979 -0.70227434 -0.50629116
vn -0.77937067 -0.60312208 0.16977960
vn -0.66263024 -0.70949462 -0.23987194
vn -0.18711976 -0.97899401 -0.08097487
vn -0.65577450 -0.70224697 -0.27714437
vn -0.40749443 -0.60354104 -0.68533678
vn -0.64310966 -0.70224739 -0.30538264
vn -0.62923032 -0.70224702 -0.33304403
vn -0.68787047 -0.70949752 -0.15312574
vn -0.69383627 -0.70224662 -0.15950205
vn -0.68624758 -0.70224791 -0.18950497
vn -0.63339676 -0.60300336 -0.48496958
vn -0.20378870 -0.97899395 -0.00640438
vn -0.15293971 -0.97899396 0.13483425
vn -0.17751050 -0.60324302 0.77755250
vn 0.49108702 -0.60336093 0.62832247
vn 0.19579236 -0.97899425 0.05688243
vn 0.66262618 -0.70949831 0.23987222
vn 0.66999925 -0.70224700 0.24072840
vn 0.65890367 -0.70224733 0.26961943
vn 0.70421481 -0.70949461 -0.02643672
vn 0.71116921 -0.70224701 -0.03297728
vn 0.66004948 -0.60366157 -0.44713241
vn 0.71193026 -0.70224722 -0.00203788
vn 0.20378870 -0.97899395 0.00640438
vn 0.71134626 -0.70224710 0.02890507
vn 0.70941791 -0.70224704 0.05979395
vn 0.68983033 -0.60282362 0.40092120
vn 0.70906350 -0.70224764 -0.06385294
vn 0.27459458 -0.60306264 -0.74894143
vn 0.16863253 -0.97899401 -0.11460274
vn 0.79693933 -0.60360171 0.02350906
vn 0.60013256 -0.70224601 -0.38300320
vn 0.61621428 -0.70224622 -0.35655323
vn 0.54522798 -0.70224630 -0.45779536
vn 0.79363671 -0.60342079 -0.07761527
vn 0.52481461 -0.70224745 -0.48105939
vn 0.50341269 -0.70224734 -0.50341269
vn 0.74894128 -0.60306252 -0.27459526
vn 0.11460274 -0.97899401 -0.16863253
vn 0.43046676 -0.70949534 -0.55795585
vn 0.43366340 -0.70224692 -0.56461077
vn 0.07761498 -0.60342061 -0.79363687
vn 0.45779532 -0.70224624 -0.54522808
vn 0.48105941 -0.70224746 -0.52481458
vn 0.18557255 -0.70224805 -0.68732125
vn 0.21526906 -0.70224632 -0.67860839
vn -0.22288860 -0.60396211 -0.76521268
vn 0.06906476 -0.97899412 -0.19183476
vn 0.18893060 -0.70967285 -0.67872652
vn 0.59311451 -0.60241824 -0.53414179
vn -0.48495921 -0.60300087 -0.63340706
vn -0.06386530 -0.70949876 -0.70180676
vn -0.00640438 -0.97899395 -0.20378870
vn -0.02890481 -0.70224732 -0.71134606
vn 0.44713241 -0.60366157 -0.66004948
vn 0.00203744 -0.70224722 -0.71193026
vn 0.03297727 -0.70224687 -0.71116934
vn 0.06385314 -0.70224771 -0.70906342
vn 0.52702359 -0.60384113 -0.59801507
vn 0.09460857 -0.70224685 -0.70561929
vn 0.12518637 -0.70224730 -0.70084028
vn 0.15552777 -0.70224684 -0.69473771
vn -0.56117828 -0.60318219 -0.56678936
vn -0.03189570 -0.97899413 -0.20137816
vn 0.36000726 -0.60348075 -0.71148138
vn -0.09056985 -0.70224709 -0.70614880
vn -0.05979350 -0.70224690 -0.70941810
vn -0.18163727 -0.70224684 -0.68837292
vn 0.26706145 -0.60330061 -0.75146960
vn -0.21138264 -0.70224748 -0.67982781
vn -0.24072840 -0.70224700 -0.66999925
vn -0.26961928 -0.70224738 -0.65890368
vn -0.75147019 -0.60330108 0.26705872
vn -0.19579311 -0.97899403 -0.05688372
vn -0.49108129 -0.60336168 -0.62832623
vn -0.67736457 -0.70224671 -0.21915017
vn -0.66719926 -0.70224743 -0.24838215
vn -0.70011274 -0.70224705 -0.12919459
vn -0.56679737 -0.60318092 -0.56117157
vn -0.70506584 -0.70224731 -0.09864519
vn -0.70868612 -0.70224780 -0.06791178
vn -0.13483452 -0.97899395 0.15293951
vn -0.38373622 -0.70227394 0.59963141
vn -0.40929113 -0.70227470 0.58248692
vn 0.12421585 -0.60378158 0.78741236
vn -0.27479924 -0.70949106 0.64892820
vn 0.14421906 -0.87466211 0.46278186
vn -0.18911106 -0.70962054 0.67873094
vn -0.17769316 -0.70224778 0.68940061
vn 0.22288266 -0.60396124 0.76521509
vn -0.20748648 -0.70224684 0.68102771
vn -0.06906509 -0.97899379 0.19183633
vn -0.59322369 -0.60245060 0.53398401
vn -0.14756608 -0.70224736 0.69647175
vn 0.14417187 -0.97899384 0.14417187
vn 0.78702605 -0.60257464 0.13226412
vn 0.52406538 -0.70951227 0.47111339
vn 0.16110413 -0.97899386 0.12496590
vn 0.79729910 -0.60276310 0.03147681
vn 0.58006913 -0.70949587 0.40016924
vn 0.56679209 -0.60318160 0.56117616
vn 0.20137805 -0.97899415 0.03189563
vn 0.68787094 -0.70949596 0.15313082
vn 0.69561703 -0.70224697 0.15154580
vn 0.75146960 -0.60330061 -0.26706145
vn 0.68837324 -0.70224650 0.18163737
vn 0.67982749 -0.70224765 0.21138312
vn 0.63340404 -0.60300160 0.48496226
vn 0.70180923 -0.70949631 0.06386543
vn 0.71147884 -0.60348148 -0.36001107
vn 0.70614875 -0.70224717 0.09056959
vn 0.70154508 -0.70224775 0.12117175
vn 0.70825710 -0.60288187 -0.36729461
vn 0.09256360 -0.97899408 -0.18166612
vn 0.35553981 -0.70949628 -0.60844595
vn 0.35655336 -0.70224628 -0.61621414
vn -0.02350906 -0.60360171 -0.79693933
vn 0.38300308 -0.70224605 -0.60013259
vn 0.40871887 -0.70224929 -0.58291922
vn 0.27479350 -0.70949243 -0.64892913
vn 0.27338745 -0.70224590 -0.65735074
vn -0.12421608 -0.60378180 -0.78741215
vn 0.30169741 -0.70224830 -0.64484571
vn 0.32943355 -0.70224763 -0.63112741
vn 0.65616206 -0.60270535 -0.45408987
vn 0.24455808 -0.70224795 -0.66860987
vn -0.70421291 -0.70949630 0.02644192
vn -0.71150013 -0.70224705 0.02483236
vn -0.66004948 -0.60366157 0.44713241
vn -0.71190648 -0.70224768 -0.00611211
vn -0.71096943 -0.70224638 -0.03704721
vn -0.68983373 -0.60282248 -0.40091705
vn -0.20298411 -0.97899401 0.01918776
vn -0.70974859 -0.70224703 0.05573198
vn -0.77755272 -0.60324291 0.17750990
vn -0.45805098 -0.70227347 0.54497823
vn -0.65616361 -0.60270658 0.45408601
vn -0.23688911 -0.70224720 0.67136608
vn 0.40016924 -0.70949587 0.58006913
vn 0.41204913 -0.70224700 0.58057271
vn 0.73129555 -0.60372196 0.31737455
vn 0.38642717 -0.70224717 0.59793224
vn 0.36007548 -0.70224715 0.61416170
vn 0.03147412 -0.60276264 0.79729955
vn 0.12496418 -0.97899426 0.16110303
vn 0.43689152 -0.70224738 0.56211601
vn 0.46090904 -0.70224692 0.54259757
vn 0.76546719 -0.60390188 0.22217672
vn 0.48401156 -0.70227384 0.52205771
vn 0.47111381 -0.70951212 0.52406519
vn 0.13226412 -0.60257464 0.78702605
vn 0.77937296 -0.60312032 -0.16977534
vn 0.18711940 -0.97899419 0.08097351
vn 0.40749800 -0.60354087 0.68533481
vn 0.64656381 -0.70224758 0.29799929
vn 0.62649978 -0.70949598 0.32266621
vn 0.63300227 -0.70224659 0.32581873
vn 0.61824264 -0.70224740 0.35302214
vn -0.70665556 -0.70224730 0.08652543
vn -0.59801004 -0.60384228 0.52702799
vn -0.70222774 -0.70224688 0.11715593
vn -0.69503922 -0.70949885 0.11632655
vn -0.73517969 -0.60264168 -0.31037691
vn -0.19897866 -0.97899401 0.04447726
vn -0.53414179 -0.60241824 0.59311451
vn -0.67872313 -0.70967472 0.18893570
vn -0.18166754 -0.97899379 0.09256386
vn -0.36726896 -0.60288708 0.70826596
vn -0.60844026 -0.70948815 0.35556577
vn -0.16863253 -0.97899401 0.11460274
vn -0.27461466 -0.60305913 0.74893690
vn -0.55796203 -0.70950094 0.43044952
vn -0.07761612 -0.60342093 0.79363651
vn -0.43044994 -0.70950065 0.55796208
vn -0.11460274 -0.97899401 0.16863253
vn 0.02350906 -0.60360171 0.79693933
vn -0.35556400 -0.70948870 0.60844065
vn 0.32119373 -0.70227466 0.63533054
vn -0.09256353 -0.97899381 0.18166758
vn 0.34834288 -0.70227635 0.62085842
vn 0.37484517 -0.70227402 0.60522913
vn 0.79473102 -0.60294280 -0.06973227
vn 0.17549540 -0.97899402 0.10378857
vn 0.31737259 -0.60372157 0.73129672
vn 0.60231651 -0.70224718 0.37955728
vn 0.58525172 -0.70224727 0.40537537
vn 0.56708100 -0.70224704 0.43042796
vn 0.22217722 -0.60390179 0.76546712
vn 0.54783832 -0.70224729 0.45466682
vn 0.52756064 -0.70224697 0.47804703
vn 0.50629088 -0.70227445 0.50047991
vn -0.19183629 -0.97899382 0.06906476
vn -0.45409139 -0.60270570 0.65616069
vn -0.64892913 -0.70949243 0.27479350
vn -0.52467264 -0.70227522 0.48117371
vn -0.54497808 -0.70227352 0.45805107
vn -0.56425875 -0.70227666 0.43407322
vn -0.43407320 -0.70227678 0.56425861
vn -0.30297952 -0.70227427 0.64421601
vn -0.33053383 -0.70227535 0.63052099
vn -0.35746625 -0.70227592 0.61565121
vn -0.74893705 -0.60305925 0.27461398
vn -0.15778658 -0.70227323 0.69420148
vn -0.18763218 -0.70227757 0.68673166
vn -0.03600606 -0.70227657 0.71099310
vn -0.00525291 -0.70227425 0.71188713
vn 0.02551139 -0.70227617 0.71144736
vn -0.70826498 -0.60288684 0.36727126
vn 0.20710239 -0.70227491 0.68111566
vn 0.17748109 -0.70227625 0.68942623
vn 0.14752325 -0.70227296 0.69645501
vn 0.55779188 -0.70227445 0.44235598
vn 0.53815673 -0.70227624 0.46604229
vn -0.63052091 -0.70227521 0.33053428
vn -0.64421640 -0.70227409 0.30297908
vn -0.65670480 -0.70227593 0.27485874
vn -0.21713131 -0.70227272 0.67798747
vn -0.24622892 -0.70227549 0.66796741
vn -0.27485883 -0.70227556 0.65670516
vn -0.06669758 -0.70227261 0.70877685
vn -0.09726594 -0.70227591 0.70522896
vn -0.12764086 -0.70227639 0.70036825
vn 0.11729111 -0.70227714 0.70217492
vn 0.08684458 -0.70227405 0.70658983
vn 0.05622711 -0.70227457 0.70968228
vn 0.29343872 -0.70227456 0.64861712
vn 0.26513864 -0.70227590 0.66068908
vn 0.23634320 -0.70227415 0.67153028
vn 0.57638349 -0.70227586 0.41784051
vn 0.47337577 -0.70227540 0.53171858
vn 0.44995919 -0.70227500 0.55167613
vn -0.78741216 -0.60378183 -0.12421591
vn -0.46278050 -0.87466275 -0.14421956
vn -0.67136607 -0.70224712 0.23688938
vn -0.76521535 -0.60396097 -0.22288251
vn -0.68102753 -0.70224693 0.20748674
vn -0.68940062 -0.70224769 0.17769348
vn -0.69647211 -0.70224714 0.14756543
vn -0.70968183 -0.70227494 -0.05622826
vn -0.71144807 -0.70227545 -0.02551146
vn -0.71188678 -0.70227460 0.00525403
vn -0.79693933 -0.60360171 -0.02350906
vn -0.69420148 -0.70227323 0.15778658
vn -0.70036870 -0.70227610 0.12764000
vn -0.58248725 -0.70227468 0.40929070
vn -0.59963149 -0.70227404 0.38373591
vn -0.61565087 -0.70227606 0.35746656
vn 0.51751816 -0.70227381 0.48886240
vn 0.49590785 -0.70227527 0.51076888
vn 0.42570021 -0.70227466 0.57060462
vn 0.40064701 -0.70227569 0.58846481
vn -0.68942710 -0.70227498 -0.17748276
vn -0.68111406 -0.70227577 -0.20710477
vn -0.67153034 -0.70227459 -0.23634171
vn -0.70658983 -0.70227405 -0.08684458
vn -0.70217492 -0.70227714 -0.11729111
vn -0.69645489 -0.70227337 -0.14752186
vn -0.70522923 -0.70227589 0.09726406
vn -0.70877623 -0.70227323 0.06669757
vn -0.71099336 -0.70227625 0.03600710
vn -0.79363668 -0.60342076 0.07761582
vn -0.66068990 -0.70227500 -0.26513899
vn -0.64861630 -0.70227547 -0.29343833
vn -0.63533188 -0.70227466 -0.32119107
vn -0.62085922 -0.70227540 -0.34834335
vn -0.53171858 -0.70227540 -0.47337577
vn -0.55167613 -0.70227500 -0.44995919
vn -0.57060462 -0.70227466 -0.42570021
vn -0.51076813 -0.70227478 -0.49590931
vn -0.48886254 -0.70227528 -0.51751603
vn -0.46604443 -0.70227477 -0.53815680
vn -0.44235445 -0.70227494 -0.55779248
vn -0.41783953 -0.70227538 -0.57638478
vn -0.66796737 -0.70227529 0.24622957
vn -0.67798703 -0.70227296 0.21713196
vn -0.68673169 -0.70227734 0.18763297
vn -0.60522793 -0.70227449 -0.37484622
vn -0.58846481 -0.70227569 -0.40064701
vn 0.56437505 -0.70247628 0.43359875
vn 0.55659804 -0.71164010 0.42868052
vn 0.54123417 -0.71128192 0.44849035
vn 0.12273964 -0.70273850 0.70078069
vn 0.11875801 -0.71094723 0.69314541
vn 0.09471714 -0.71151028 0.69626272
vn 0.03033424 -0.70265403 0.71088476
vn 0.02817636 -0.71124421 0.70238007
vn 0.00358358 -0.71141273 0.70276532
vn -0.06253552 -0.70252952 0.70890168
vn -0.06280382 -0.71153830 0.69983492
vn -0.08762441 -0.71131497 0.69739012
vn -0.58325527 -0.70268964 0.40748074
vn -0.57749951 -0.71114396 0.40095957
vn -0.59085175 -0.71144631 0.38044496
vn -0.63147775 -0.70257424 0.32806295
vn -0.62421022 -0.71144080 0.32282129
vn -0.63530356 -0.71134253 0.30063465
vn -0.66895183 -0.70242330 0.24311511
vn -0.66041091 -0.71173736 0.23934780
vn -0.66903450 -0.71125020 0.21567567
vn -0.65700889 -0.70271809 -0.27299561
vn -0.64842922 -0.71104330 -0.27195030
vn -0.63822062 -0.71147865 -0.29406220
vn -0.61591048 -0.70261688 -0.35634787
vn -0.60758786 -0.71134265 -0.35331094
vn -0.59476234 -0.71137915 -0.37442952
vn -0.56437324 -0.70247656 -0.43360066
vn -0.55659660 -0.71163977 -0.42868293
vn -0.54124433 -0.71127912 -0.44848254
vn -0.12274138 -0.70274003 -0.70077886
vn -0.11875456 -0.71094432 -0.69314899
vn -0.09471366 -0.71151175 -0.69626170
vn -0.03033001 -0.70265566 -0.71088333
vn -0.02817578 -0.71124326 -0.70238106
vn -0.00358474 -0.71141310 -0.70276493
vn 0.06253509 -0.70252523 -0.70890596
vn 0.06280068 -0.71154307 -0.69983036
vn 0.08762377 -0.71131103 -0.69739422
vn 0.58325809 -0.70268696 -0.40748133
vn 0.57750156 -0.71114566 -0.40095362
vn 0.59085108 -0.71144092 -0.38045608
vn 0.63147460 -0.70257702 -0.32806303
vn 0.62420920 -0.71143884 -0.32282758
vn 0.63530533 -0.71134982 -0.30061366
vn 0.66895153 -0.70242143 -0.24312135
vn 0.66040705 -0.71173928 -0.23935272
vn 0.66903223 -0.71124916 -0.21568615
vn 0.65701086 -0.70271585 0.27299663
vn 0.64842774 -0.71104644 0.27194563
vn 0.63821986 -0.71147770 0.29406612
vn 0.59476172 -0.71137948 0.37442989
vn 0.64943376 -0.20862994 0.73123822
vn 0.58301566 -0.70271167 0.40778554
vn 0.60045242 -0.70222915 0.38253250
vn 0.61591037 -0.70261693 0.35634796
vn 0.60758777 -0.71134257 0.35331127
vn 0.95236485 -0.20696379 0.22398033
vn 0.63117104 -0.70290584 0.32794283
vn 0.73722315 -0.20840921 0.64270338
vn 0.64524494 -0.70223048 0.30088423
vn 0.97324992 -0.20647491 0.10076067
vn 0.66852929 -0.70299432 0.24262641
vn 0.81302342 -0.20823105 0.54372120
vn 0.67088224 -0.71157669 0.20874780
vn 0.67899916 -0.70223056 0.21408499
vn 0.68696392 -0.70276630 0.18493268
vn 0.69448714 -0.70299012 0.15327263
vn 0.97826754 -0.20593595 -0.02414553
vn 0.67842507 -0.71074691 0.18595231
vn 0.87560039 -0.20808589 0.43591768
vn 0.69219368 -0.71167666 0.11993427
vn 0.70113362 -0.70223028 0.12362958
vn 0.70524707 -0.70275199 0.09362808
vn 0.70863570 -0.70289999 0.06137630
vn 0.96733043 -0.20533738 -0.14868893
vn 0.69706298 -0.71045106 0.09676003
vn 0.92395112 -0.20797704 0.32102941
vn 0.70180019 -0.71177849 0.02911839
vn 0.71127356 -0.70222896 0.03105502
vn 0.71152001 -0.70266556 0.00061223
vn 0.71075756 -0.70273065 -0.03151710
vn 0.94061467 -0.20469081 -0.27082415
vn 0.70402238 -0.71015355 0.00586710
vn 0.95728404 -0.20792159 0.20093750
vn 0.69954534 -0.71187903 -0.06216568
vn 0.70924242 -0.70222856 -0.06205029
vn 0.70564814 -0.70249287 -0.09254445
vn 0.70083651 -0.70248677 -0.12385689
vn 0.89856029 -0.20400213 -0.38855184
vn 0.69917544 -0.70985580 -0.08519651
vn 0.85010510 -0.20795752 -0.48381298
vn 0.97506704 -0.20791673 0.07755577
vn 0.68548913 -0.71196678 -0.15234159
vn 0.69506929 -0.70223771 -0.15408077
vn 0.68765533 -0.70226991 -0.18424745
vn 0.97741001 -0.20895001 -0.03177372
vn 0.67899989 -0.70222881 -0.21408843
vn 0.78122149 -0.20754091 -0.58874422
vn 0.65728816 -0.70262283 -0.27256823
vn 0.96547782 -0.20869057 -0.15588724
vn 0.64524762 -0.70222737 -0.30088574
vn 0.69989302 -0.20711915 -0.68355791
vn 0.61578671 -0.70285085 -0.35610029
vn 0.93782835 -0.20850162 -0.27749786
vn 0.60045089 -0.70223215 -0.38252939
vn 0.60709071 -0.20664400 -0.76729338
vn 0.56385786 -0.70297831 -0.43345797
vn 0.89496217 -0.20827673 -0.39454215
vn 0.53642622 -0.71154721 -0.45381436
vn 0.54538628 -0.70222773 -0.45763524
vn 0.52507779 -0.70275757 -0.48002616
vn 0.50240787 -0.70300034 -0.50336554
vn 0.50438649 -0.20612177 -0.83851541
vn 0.52106522 -0.71084512 -0.47243016
vn 0.83753115 -0.20812519 -0.50519846
vn 0.47295380 -0.71164274 -0.51949911
vn 0.48098641 -0.70223142 -0.52490295
vn 0.45791088 -0.70276259 -0.54446522
vn 0.43246979 -0.70293978 -0.56466410
vn 0.39340974 -0.20553927 -0.89609285
vn 0.45583517 -0.71055260 -0.53603106
vn 0.76650734 -0.20800798 -0.60761763
vn 0.40149667 -0.71174666 -0.57638279
vn 0.40835762 -0.70222719 -0.58319896
vn 0.38285128 -0.70270843 -0.59968805
vn 0.35523022 -0.70279300 -0.61635500
vn 0.27601915 -0.20492576 -0.93905211
vn 0.38293032 -0.71024312 -0.59069373
vn 0.68301366 -0.20793934 -0.70018110
vn 0.32328609 -0.71184183 -0.62351208
vn 0.32874109 -0.70223218 -0.63150555
vn 0.30115508 -0.70255722 -0.64476273
vn 0.27199162 -0.70257787 -0.65757501
vn 0.15406961 -0.20422895 -0.96672286
vn 0.30348249 -0.70996094 -0.63549496
vn 0.58845601 -0.20791216 -0.78133991
vn 0.23963127 -0.71194513 -0.66008407
vn 0.24350457 -0.70222941 -0.66901374
vn 0.21417295 -0.70231904 -0.67887990
vn 0.18415218 -0.70229117 -0.68765914
vn 0.02960659 -0.20350596 -0.97862596
vn 0.21888766 -0.70966835 -0.66967084
vn -0.07775629 -0.20767505 -0.97510258
vn 0.48357971 -0.20798203 -0.85023181
vn 0.15262987 -0.71183504 -0.68556181
vn 0.15429950 -0.70236348 -0.69489366
vn 0.12338376 -0.70251595 -0.70089071
vn 0.38625011 -0.20879571 -0.89845156
vn 0.09292672 -0.70223140 -0.70585812
vn -0.20144266 -0.20726069 -0.95732119
vn 0.03059253 -0.70278929 -0.71073998
vn 0.26882915 -0.20854858 -0.94033950
vn 0.00000117 -0.70222896 -0.71195118
vn -0.32185720 -0.20680728 -0.92392570
vn -0.06258078 -0.70294570 -0.70848500
vn 0.14702045 -0.20834229 -0.96694285
vn -0.09292933 -0.70222971 -0.70585946
vn -0.43707858 -0.20630399 -0.87544330
vn -0.15458466 -0.70300484 -0.69418137
vn 0.02283473 -0.20817340 -0.97782535
vn -0.18421304 -0.71161103 -0.67799358
vn -0.18426532 -0.70222985 -0.68769145
vn -0.21314034 -0.70276931 -0.67873890
vn -0.24387732 -0.70296825 -0.66810141
vn -0.54517925 -0.20574223 -0.81268058
vn -0.20742239 -0.71064788 -0.67227639
vn -0.10172430 -0.20804188 -0.97281588
vn -0.27057636 -0.71171050 -0.64827201
vn -0.27245222 -0.70223029 -0.65775558
vn -0.30001159 -0.70273162 -0.64510567
vn -0.32897557 -0.70285203 -0.63069335
vn -0.64442593 -0.20512544 -0.73664019
vn -0.29269111 -0.71035289 -0.64010208
vn -0.22460328 -0.20795635 -0.95200185
vn -0.35234084 -0.71181066 -0.60760309
vn -0.35597354 -0.70222974 -0.61656811
vn -0.38186954 -0.70261776 -0.60041980
vn -0.40846428 -0.70265663 -0.58260672
vn -0.73316811 -0.20446860 -0.64858085
vn -0.37311043 -0.71005404 -0.59716989
vn -0.34385295 -0.20791455 -0.91571649
vn -0.42812769 -0.71191119 -0.55667688
vn -0.43340849 -0.70222992 -0.56482760
vn -0.45733197 -0.70241230 -0.54540300
vn -0.48102030 -0.70239309 -0.52465553
vn -0.80996506 -0.20377149 -0.54993980
vn -0.44733720 -0.70975288 -0.54418772
vn -0.86462027 -0.20780304 -0.45743818
vn -0.45751680 -0.20792540 -0.86454925
vn -0.49649306 -0.71190077 -0.49668092
vn -0.50328268 -0.70230199 -0.50346644
vn -0.52484803 -0.70240048 -0.48079945
vn -0.55109628 -0.20888983 -0.80787247
vn -0.54538702 -0.70222954 -0.45763159
vn -0.91595590 -0.20740564 -0.34352248
vn -0.58301650 -0.70271073 -0.40778597
vn -0.64943652 -0.20862800 -0.73123633
vn -0.60045289 -0.70222963 -0.38253088
vn -0.95236446 -0.20696520 -0.22398069
vn -0.63117022 -0.70290616 -0.32794372
vn -0.73722148 -0.20841294 -0.64270408
vn -0.64524692 -0.70222923 -0.30088291
vn -0.97324983 -0.20647714 -0.10075697
vn -0.66852604 -0.70299618 -0.24262996
vn -0.81301787 -0.20823032 -0.54372978
vn -0.67087988 -0.71157842 -0.20874945
vn -0.67899997 -0.70222877 -0.21408829
vn -0.68696491 -0.70276611 -0.18492972
vn -0.69448684 -0.70299042 -0.15327261
vn -0.97826818 -0.20593279 0.02414653
vn -0.67842573 -0.71074739 -0.18594803
vn -0.87560239 -0.20807870 -0.43591708
vn -0.69219116 -0.71167930 -0.11993324
vn -0.70113625 -0.70222826 -0.12362619
vn -0.70524398 -0.70275530 -0.09362643
vn -0.70863452 -0.70290090 -0.06137943
vn -0.96732986 -0.20534359 0.14868404
vn -0.69706737 -0.71044584 -0.09676671
vn -0.92394693 -0.20797951 -0.32103986
vn -0.70180033 -0.71177832 -0.02911918
vn -0.71127364 -0.70222875 -0.03105803
vn -0.71152037 -0.70266520 -0.00061340
vn -0.71075860 -0.70272943 0.03152097
vn -0.94061467 -0.20469081 0.27082415
vn -0.70402199 -0.71015393 -0.00586825
vn -0.95728565 -0.20792397 -0.20092737
vn -0.69954788 -0.71187655 0.06216548
vn -0.70924004 -0.70223101 0.06204984
vn -0.70565040 -0.70249049 0.09254525
vn -0.70083357 -0.70248875 0.12386231
vn -0.89855773 -0.20400650 0.38855547
vn -0.69917838 -0.70985437 0.08518433
vn -0.85023052 -0.20797325 0.48358576
vn -0.97506712 -0.20791645 -0.07755554
vn -0.68549164 -0.71196527 0.15233737
vn -0.69506892 -0.70223926 0.15407534
vn -0.68765907 -0.70226602 0.18424831
vn -0.97741686 -0.20892006 0.03175998
vn -0.67899651 -0.70223058 0.21409333
vn -0.78122904 -0.20754311 0.58873342
vn -0.65729119 -0.70261988 0.27256852
vn -0.96546242 -0.20873439 0.15592392
vn -0.64524468 -0.70223098 0.30088361
vn -0.69986496 -0.20711742 0.68358716
vn -0.61578075 -0.70285585 0.35610071
vn -0.93783883 -0.20847952 0.27747905
vn -0.60045401 -0.70222852 0.38253115
vn -0.60711194 -0.20664428 0.76727650
vn -0.56386288 -0.70297344 0.43345933
vn -0.89495288 -0.20829164 0.39455535
vn -0.53642637 -0.71154200 0.45382236
vn -0.54538310 -0.70223182 0.45763277
vn -0.52508102 -0.70275444 0.48002721
vn -0.50240329 -0.70300571 0.50336260
vn -0.50437003 -0.20612049 0.83852562
vn -0.52106796 -0.71084719 0.47242402
vn -0.83753985 -0.20812803 0.50518285
vn -0.47294856 -0.71164618 0.51949916
vn -0.48098911 -0.70222738 0.52490587
vn -0.45790879 -0.70276770 0.54446037
vn -0.43247018 -0.70293637 0.56466804
vn -0.39342037 -0.20554776 0.89608623
vn -0.45584735 -0.71054533 0.53603034
vn -0.76649280 -0.20800582 0.60763671
vn -0.40150222 -0.71174302 0.57638341
vn -0.40835573 -0.70223137 0.58319525
vn -0.38285280 -0.70270268 0.59969382
vn -0.35522980 -0.70279627 0.61635152
vn -0.27600260 -0.20491215 0.93905994
vn -0.38291050 -0.71025309 0.59069459
vn -0.68303725 -0.20793963 0.70015800
vn -0.32328119 -0.71184502 0.62351098
vn -0.32874245 -0.70222846 0.63150897
vn -0.30115519 -0.70256283 0.64475656
vn -0.27199146 -0.70257529 0.65757784
vn -0.15409855 -0.20425061 0.96671367
vn -0.30351828 -0.70994649 0.63549401
vn -0.58845611 -0.20791574 0.78133888
vn -0.23962558 -0.71194306 0.66008837
vn -0.24349837 -0.70223126 0.66901405
vn -0.21417803 -0.70232101 0.67887626
vn -0.18415297 -0.70228791 0.68766225
vn -0.02963039 -0.20351711 0.97862292
vn -0.21890980 -0.70966157 0.66967078
vn 0.07775606 -0.20767477 0.97510265
vn -0.48379880 -0.20797238 0.85010953
vn -0.15262443 -0.71183317 0.68556497
vn -0.15429372 -0.70236521 0.69489320
vn -0.12338861 -0.70251754 0.70088826
vn -0.38626407 -0.20878828 0.89844728
vn -0.09292634 -0.70222788 0.70586167
vn 0.20144351 -0.20726499 0.95732008
vn -0.03059751 -0.70278816 0.71074088
vn -0.26882915 -0.20854858 0.94033950
vn -0.00000234 -0.70222933 0.71195082
vn 0.32188238 -0.20680575 0.92391727
vn 0.06258559 -0.70295015 0.70848016
vn -0.14702281 -0.20835673 0.96693938
vn 0.09292432 -0.70222971 0.70586012
vn 0.43706798 -0.20629969 0.87544961
vn 0.15458324 -0.70300286 0.69418370
vn -0.02283083 -0.20817446 0.97782521
vn 0.18421666 -0.71161088 0.67799276
vn 0.18426803 -0.70222984 0.68769074
vn 0.21314202 -0.70276990 0.67873776
vn 0.24387736 -0.70296995 0.66809961
vn 0.54518392 -0.20574525 0.81267668
vn 0.20742104 -0.71064637 0.67227840
vn 0.10171792 -0.20804285 0.97281634
vn 0.27057917 -0.71171159 0.64826964
vn 0.27245417 -0.70222889 0.65775627
vn 0.30000756 -0.70273477 0.64510411
vn 0.32897265 -0.70285048 0.63069660
vn 0.64441651 -0.20513346 0.73664620
vn 0.29268525 -0.71034818 0.64010999
vn 0.22461523 -0.20795352 0.95199965
vn 0.35234030 -0.71181216 0.60760164
vn 0.35597672 -0.70222876 0.61656739
vn 0.38187309 -0.70261834 0.60041687
vn 0.40846380 -0.70265767 0.58260581
vn 0.73316954 -0.20446709 0.64857970
vn 0.37311358 -0.71005304 0.59716910
vn 0.34385038 -0.20791482 0.91571739
vn 0.42812459 -0.71191099 0.55667951
vn 0.43340525 -0.70223015 0.56482981
vn 0.45733343 -0.70241045 0.54540416
vn 0.48102138 -0.70239318 0.52465441
vn 0.80997636 -0.20375988 0.54992746
vn 0.44734699 -0.70976046 0.54416979
vn 0.86459504 -0.20780473 0.45748509
vn 0.45756332 -0.20792649 0.86452437
vn 0.49649300 -0.71190150 0.49667994
vn 0.50328337 -0.70230164 0.50346623
vn 0.52484708 -0.70240013 0.48080099
vn 0.55108192 -0.20886372 0.80788902
vn 0.54538733 -0.70222888 0.45763222
vn 0.91595649 -0.20740314 0.34352242
vn -0.76991584 -0.59132151 -0.23993431
vn -0.66213752 -0.71203193 0.23363312
vn -0.67166581 -0.71203212 0.20463453
vn -0.67992527 -0.71203135 0.17525120
vn -0.68689849 -0.71203191 0.14553702
vn -0.69257450 -0.71203217 0.11554543
vn -0.69694229 -0.71203174 0.08533610
vn -0.69999225 -0.71203202 0.05496587
vn -0.70171976 -0.71203200 0.02449101
vn -0.70212179 -0.71203136 -0.00602811
vn -0.70119500 -0.71203269 -0.03653789
vn -0.69894593 -0.71203124 -0.06697840
vn -0.69537444 -0.71203173 -0.09728927
vn -0.69048889 -0.71203201 -0.12741866
vn -0.68429787 -0.71203244 -0.15730933
vn -0.67681600 -0.71203112 -0.18690047
vn -0.66805278 -0.71203235 -0.21613749
vn -0.65802857 -0.71203161 -0.24496812
vn -0.64675998 -0.71203209 -0.27333464
vn -0.63427002 -0.71203165 -0.30118511
vn -0.62058078 -0.71203204 -0.32846593
vn -0.60571963 -0.71203161 -0.35512634
vn -0.58971313 -0.71203203 -0.38111522
vn -0.57259221 -0.71203191 -0.40638495
vn -0.55438946 -0.71203186 -0.43088625
vn -0.53513919 -0.71203184 -0.45457311
vn -0.51580343 -0.71170551 -0.47688792
vn -0.70992711 -0.00346200 -0.70426665
vn -0.49041903 -0.70988511 -0.50552181
vn -0.47147561 -0.71203193 -0.52030883
vn -0.44841746 -0.71203176 -0.54030784
vn -0.42451132 -0.71203206 -0.55928569
vn -0.39980328 -0.71203177 -0.57720715
vn -0.37434028 -0.71203178 -0.59403713
vn -0.34816955 -0.71203188 -0.60974467
vn -0.32133939 -0.71203228 -0.62430043
vn -0.29390336 -0.71203155 -0.63767694
vn -0.26591331 -0.71203167 -0.64984692
vn -0.23741928 -0.71203205 -0.66078926
vn -0.20847721 -0.71203156 -0.67048364
vn -0.17914035 -0.71203222 -0.67891005
vn -0.14946308 -0.71203225 -0.68605456
vn -0.11950660 -0.71203120 -0.69190299
vn -0.08932488 -0.71203196 -0.69644207
vn -0.05897154 -0.71203216 -0.69966603
vn -0.02850751 -0.71203173 -0.70156834
vn 0.00200943 -0.71203183 -0.70214431
vn 0.03252395 -0.71203218 -0.70139316
vn 0.06297553 -0.71203133 -0.69931786
vn 0.09330802 -0.71203221 -0.69591936
vn 0.12346563 -0.71203175 -0.69120694
vn 0.15338978 -0.71203222 -0.68518734
vn 0.18302217 -0.71203097 -0.67787519
vn 0.21230949 -0.71203276 -0.66927874
vn 0.24119698 -0.71203108 -0.65942078
vn 0.26962854 -0.71203318 -0.64831258
vn 0.29755131 -0.71203072 -0.63598386
vn 0.32490565 -0.71203141 -0.62245288
vn 0.35165135 -0.71203280 -0.60774224
vn 0.37773718 -0.71203303 -0.59188140
vn 0.40310316 -0.71202970 -0.57491003
vn 0.42770205 -0.71203214 -0.55684935
vn 0.45150136 -0.71203283 -0.53773206
vn 0.47444727 -0.71203158 -0.51760102
vn 0.70708985 -0.00691956 -0.70708985
vn 0.51760104 -0.71203159 -0.47444723
vn 0.53773204 -0.71203278 -0.45150147
vn 0.55684929 -0.71203224 -0.42770194
vn 0.57491015 -0.71202960 -0.40310316
vn 0.59188130 -0.71203307 -0.37773726
vn 0.60774227 -0.71203285 -0.35165117
vn 0.62245294 -0.71203123 -0.32490594
vn 0.63598361 -0.71203092 -0.29755138
vn 0.64831275 -0.71203319 -0.26962810
vn 0.65942092 -0.71203082 -0.24119735
vn 0.66927840 -0.71203303 -0.21230965
vn 0.67787537 -0.71203088 -0.18302191
vn 0.68518734 -0.71203222 -0.15338978
vn 0.69120694 -0.71203175 -0.12346563
vn 0.69591936 -0.71203221 -0.09330802
vn 0.69931781 -0.71203139 -0.06297532
vn 0.70139329 -0.71203205 -0.03252396
vn 0.70214431 -0.71203183 -0.00200986
vn 0.70156811 -0.71203195 0.02850774
vn 0.69966615 -0.71203201 0.05897202
vn 0.69644218 -0.71203188 0.08932464
vn 0.69190295 -0.71203128 0.11950634
vn 0.68605484 -0.71203208 0.14946260
vn 0.67890970 -0.71203257 0.17914028
vn 0.67048365 -0.71203138 0.20847778
vn 0.66078926 -0.71203205 0.23741928
vn 0.64984682 -0.71203171 0.26591343
vn 0.63767703 -0.71203146 0.29390340
vn 0.62430012 -0.71203247 0.32133956
vn 0.60974481 -0.71203164 0.34816980
vn 0.59403720 -0.71203187 0.37433997
vn 0.57720715 -0.71203177 0.39980328
vn 0.55928582 -0.71203201 0.42451123
vn 0.54030803 -0.71203176 0.44841722
vn 0.52030861 -0.71203208 0.47147562
vn 0.50552603 -0.70988350 0.49041701
vn 0.70426865 -0.00346444 0.70992512
vn 0.47688815 -0.71170508 0.51580381
vn 0.45457315 -0.71203214 0.53513875
vn 0.43088637 -0.71203166 0.55438962
vn 0.40638499 -0.71203206 0.57259200
vn 0.38111542 -0.71203188 0.58971318
vn 0.35512594 -0.71203190 0.60571953
vn 0.32846565 -0.71203180 0.62058121
vn 0.30118462 -0.71203188 0.63426999
vn 0.27333434 -0.71203186 0.64676037
vn 0.24496853 -0.71203157 0.65802847
vn 0.21613801 -0.71203235 0.66805261
vn 0.18690015 -0.71203138 0.67681582
vn 0.15730858 -0.71203235 0.68429814
vn 0.12741843 -0.71203192 0.69048902
vn 0.09728978 -0.71203158 0.69537453
vn 0.06697839 -0.71203154 0.69894562
vn 0.03653743 -0.71203254 0.70119518
vn 0.00602875 -0.71203115 0.70212200
vn -0.02449056 -0.71203228 0.70171949
vn -0.05496627 -0.71203202 0.69999222
vn -0.08533577 -0.71203150 0.69694257
vn -0.11554550 -0.71203258 0.69257407
vn -0.14553774 -0.71203168 0.68689857
vn -0.17525093 -0.71203125 0.67992544
vn -0.20463422 -0.71203222 0.67166580
vn -0.23363291 -0.71203184 0.66213769
vn 0.23993285 -0.59132183 0.76991605
vn 0.00000000 -0.57735027 -0.81649658
vn 0.81649658 -0.57735027 -0.00000000
vn 0.33800597 0.71204202 -0.61542516
vn 0.36448857 0.71204289 -0.60011916
vn 0.85280287 0.30151134 0.42640143
vn -0.61722551 0.71203399 0.33472418
vn 0.00000000 0.57735027 -0.81649658
vn -0.60205294 0.71204840 0.36127459
vn -0.80238484 0.58999922 -0.08988594
vn -0.63119980 0.71204422 0.30753836
vn -0.64400042 0.71204734 0.27973567
vn -0.65558155 0.71203470 0.25143473
vn 0.39028328 0.71204348 -0.58367203
vn 0.41532853 0.71203798 -0.56613084
vn 0.43959104 0.71205001 -0.54748927
vn 0.46302260 0.71203103 -0.52784646
vn 0.48554406 0.71204561 -0.50718638
vn -0.42640143 0.30151134 -0.85280287
vn -0.13398096 0.71204522 0.68923197
vn -0.16387882 0.71204164 0.68274479
vn -0.00000000 0.57735027 -0.81649658
vn -0.04489514 0.71204002 -0.70070210
vn -0.01435724 0.71203757 -0.70199457
vn 0.50718638 0.71204561 -0.48554406
vn 0.52784646 0.71203103 -0.46302260
vn 0.54748927 0.71205001 -0.43959104
vn -0.69827313 0.71204725 0.07350747
vn 0.81649658 0.57735027 0.00000000
vn -0.69442153 0.71203570 0.10384558
vn -0.68923088 0.71204633 0.13398064
vn 0.56613084 0.71203798 -0.41532853
vn 0.58367221 0.71204370 -0.39028261
vn 0.60011950 0.71204241 -0.36448893
vn -0.66589521 0.71203970 0.22267249
vn -0.67495622 0.71204418 0.19346107
vn -0.68274493 0.71204109 0.16388056
vn -0.30921562 0.71204413 -0.63037993
vn -0.28146827 0.71204083 -0.64325226
vn 0.22621105 0.71204336 -0.66469754
vn 0.25494406 0.71204045 -0.65421856
vn -0.22267249 0.71203970 0.66589521
vn -0.25143667 0.71203547 0.65557996
vn 0.81649658 0.57735027 -0.00000000
vn -0.27973816 0.71204657 0.64400019
vn -0.30753766 0.71204391 0.63120049
vn -0.33472262 0.71203403 0.61722630
vn -0.36127423 0.71204889 0.60205258
vn 0.08988517 0.58999910 0.80238502
vn -0.16569210 0.71203897 -0.68230978
vn -0.13583510 0.71204021 -0.68887413
vn 0.07724010 0.71204099 -0.69787649
vn 0.10755901 0.71204317 -0.69384839
vn 0.13767070 0.71203965 -0.68851021
vn 0.28319603 0.71204536 -0.64248846
vn 0.31090376 0.71203581 -0.62955846
vn 0.70070330 0.71203855 0.04489975
vn 0.69807439 0.71204682 0.07537559
vn -0.01248706 0.71204020 0.70202766
vn -0.04302780 0.71203716 0.70082216
vn -0.19346107 0.71204418 0.67495622
vn -0.19523908 0.71204195 -0.67444641
vn -0.10571852 0.71203977 -0.69413468
vn -0.07537792 0.71204761 -0.69807333
vn 0.61542455 0.71204228 -0.33800654
vn 0.62955846 0.71203581 -0.31090376
vn 0.64248846 0.71204536 -0.28319603
vn 0.65489509 0.71204080 0.25320017
vn 0.64325198 0.71203991 0.28147125
vn -0.07350567 0.71204664 0.69827394
vn -0.10384530 0.71203689 0.69442035
vn 0.01621874 0.71204355 -0.70194796
vn 0.04677768 0.71204204 -0.70057689
vn 0.16752023 0.71204331 -0.68185871
vn 0.19705354 0.71203958 -0.67392102
vn 0.69413425 0.71204057 0.10571599
vn 0.68887547 0.71203937 0.13583272
vn 0.68230808 0.71204067 0.16569176
vn -0.69356352 0.71203868 -0.10941009
vn -0.68813784 0.71204305 -0.13950275
vn -0.66408914 0.71204519 -0.22798521
vn -0.65353519 0.71203946 -0.25669352
vn -0.64173820 0.71204152 -0.28490165
vn 0.69384923 0.71204259 -0.10755735
vn 0.69787649 0.71204099 -0.07724010
vn 0.70057743 0.71204137 -0.04677980
vn 0.67444489 0.71204198 0.19524424
vn 0.66529818 0.71204411 0.22443601
vn -0.70082216 0.71203716 0.04302780
vn -0.70202766 0.71204020 0.01248706
vn -0.70190465 0.71204117 -0.01808949
vn -0.68140916 0.71204248 -0.16934303
vn -0.67339392 0.71203878 -0.19885023
vn -0.62871785 0.71204396 -0.31258160
vn -0.61451610 0.71203838 -0.33966353
vn -0.59914451 0.71204166 -0.36609088
vn -0.38872053 0.71204242 -0.58471527
vn -0.36288843 0.71204152 -0.60108972
vn -0.33637614 0.71203950 -0.61632041
vn -0.25320371 0.71203807 -0.65489669
vn -0.22443783 0.71204680 -0.66529468
vn 0.70194723 0.71204422 -0.01622079
vn 0.70199298 0.71203904 0.01436174
vn 0.63037993 0.71204413 0.30921562
vn 0.61631812 0.71204047 0.33637828
vn 0.60109142 0.71203958 0.36288942
vn 0.46441982 0.71204170 0.52660313
vn 0.44104751 0.71204168 0.54632750
vn 0.19885584 0.71203704 0.67339409
vn 0.16934778 0.71204421 0.68140617
vn 0.58471611 0.71204339 0.38871749
vn 0.56723719 0.71203988 0.41381297
vn 0.54867714 0.71204311 0.43811871
vn 0.41683972 0.71204128 0.56501492
vn 0.39183672 0.71204295 0.58263095
vn 0.36609393 0.71204069 0.59914379
vn 0.33966263 0.71204029 0.61451438
vn 0.31257639 0.71204395 0.62872046
vn 0.28490237 0.71203966 0.64173995
vn 0.13950011 0.71204387 0.68813752
vn 0.10940773 0.71203786 0.69356473
vn 0.07911822 0.71204000 0.69766708
vn -0.58263347 0.71204197 -0.39183476
vn -0.56501068 0.71204424 -0.41684041
vn -0.54633065 0.71203771 -0.44105002
vn -0.46159721 0.71203977 -0.52908164
vn -0.43812172 0.71204212 -0.54867602
vn -0.41381484 0.71204087 -0.56723458
vn 0.65421856 0.71204045 -0.25494406
vn 0.66469753 0.71204290 -0.22621254
vn 0.67392017 0.71204004 -0.19705477
vn 0.52907885 0.71204077 0.46159886
vn 0.50847365 0.71204293 0.48419977
vn 0.48690871 0.71204014 0.50588412
vn 0.25669289 0.71204129 0.65353344
vn 0.22798287 0.71204429 0.66409092
vn 0.04865139 0.71204673 0.70044450
vn 0.01808949 0.71204117 0.70190465
vn -0.70044450 0.71204673 -0.04865139
vn -0.69766708 0.71204000 -0.07911822
vn 0.68185871 0.71204331 -0.16752023
vn 0.68850999 0.71204022 -0.13766886
vn -0.52660288 0.71204469 -0.46441552
vn -0.50588272 0.71203914 -0.48691163
vn -0.48419685 0.71204393 -0.50847503
vn -0.00000000 -0.57735027 -0.81649658
vn 0.81649658 -0.57735027 0.00000000
vn 0.81649658 -0.57735027 -0.00000000
vn 0.00000000 -0.57735027 -0.81649658
vn 0.60011950 -0.71204241 -0.36448893
vn 0.58367221 -0.71204370 -0.39028261
vn -0.42640143 -0.30151134 -0.85280287
vn 0.56613084 -0.71203798 -0.41532853
vn 0.54748927 -0.71205001 -0.43959104
vn 0.52784646 -0.71203103 -0.46302260
vn 0.50718638 -0.71204561 -0.48554406
vn 0.85280287 -0.30151134 0.42640143
vn -0.66589521 -0.71203970 0.22267249
vn -0.65558155 -0.71203470 0.25143473
vn -0.33472262 -0.71203403 0.61722630
vn -0.36127423 -0.71204889 0.60205258
vn 0.08988517 -0.58999910 0.80238502
vn -0.30753766 -0.71204391 0.63120049
vn -0.27973816 -0.71204657 0.64400019
vn -0.25143667 -0.71203547 0.65557996
vn 0.48554406 -0.71204561 -0.50718638
vn 0.46302260 -0.71203103 -0.52784646
vn 0.43959104 -0.71205001 -0.54748927
vn 0.41532853 -0.71203798 -0.56613084
vn 0.39028328 -0.71204348 -0.58367203
vn 0.36448857 -0.71204289 -0.60011916
vn -0.80238484 -0.58999922 -0.08988594
vn -0.60205294 -0.71204840 0.36127459
vn -0.61722551 -0.71203399 0.33472418
vn -0.16387882 -0.71204164 0.68274479
vn -0.19346107 -0.71204418 0.67495622
vn -0.22267249 -0.71203970 0.66589521
vn -0.64400042 -0.71204734 0.27973567
vn -0.63119980 -0.71204422 0.30753836
vn -0.13398096 -0.71204522 0.68923197
vn -0.10384530 -0.71203689 0.69442035
vn -0.07350567 -0.71204664 0.69827394
vn -0.04302780 -0.71203716 0.70082216
vn -0.01248706 -0.71204020 0.70202766
vn 0.01808949 -0.71204117 0.70190465
vn 0.10940773 -0.71203786 0.69356473
vn 0.13950011 -0.71204387 0.68813752
vn 0.61631812 -0.71204047 0.33637828
vn 0.63037993 -0.71204413 0.30921562
vn 0.64325198 -0.71203991 0.28147125
vn 0.65489509 -0.71204080 0.25320017
vn 0.66529818 -0.71204411 0.22443601
vn 0.68887547 -0.71203937 0.13583272
vn 0.69413425 -0.71204057 0.10571599
vn 0.69807439 -0.71204682 0.07537559
vn 0.70070330 -0.71203855 0.04489975
vn 0.70199298 -0.71203904 0.01436174
vn 0.70194723 -0.71204422 -0.01622079
vn 0.70057743 -0.71204137 -0.04677980
vn 0.66469753 -0.71204290 -0.22621254
vn 0.65421856 -0.71204045 -0.25494406
vn 0.64248846 -0.71204536 -0.28319603
vn -0.69442153 -0.71203570 0.10384558
vn -0.68923088 -0.71204633 0.13398064
vn -0.68274493 -0.71204109 0.16388056
vn -0.67495622 -0.71204418 0.19346107
vn 0.67444489 -0.71204198 0.19524424
vn 0.68230808 -0.71204067 0.16569176
vn 0.69787649 -0.71204099 -0.07724010
vn 0.69384923 -0.71204259 -0.10755735
vn 0.68850999 -0.71204022 -0.13766886
vn 0.62955846 -0.71203581 -0.31090376
vn 0.61542455 -0.71204228 -0.33800654
vn 0.33800597 -0.71204202 -0.61542516
vn 0.31090376 -0.71203581 -0.62955846
vn 0.28319603 -0.71204536 -0.64248846
vn 0.52907885 -0.71204077 0.46159886
vn 0.54867714 -0.71204311 0.43811871
vn 0.56723719 -0.71203988 0.41381297
vn 0.25494406 -0.71204045 -0.65421856
vn 0.22621105 -0.71204336 -0.66469754
vn 0.19705354 -0.71203958 -0.67392102
vn 0.10755901 -0.71204317 -0.69384839
vn 0.07724010 -0.71204099 -0.69787649
vn 0.04677768 -0.71204204 -0.70057689
vn -0.04489514 -0.71204002 -0.70070210
vn -0.07537792 -0.71204761 -0.69807333
vn -0.10571852 -0.71203977 -0.69413468
vn 0.04865139 -0.71204673 0.70044450
vn 0.07911822 -0.71204000 0.69766708
vn 0.16934778 -0.71204421 0.68140617
vn 0.19885584 -0.71203704 0.67339409
vn 0.22798287 -0.71204429 0.66409092
vn 0.36609393 -0.71204069 0.59914379
vn 0.33966263 -0.71204029 0.61451438
vn 0.31257639 -0.71204395 0.62872046
vn 0.39183672 -0.71204295 0.58263095
vn 0.41683972 -0.71204128 0.56501492
vn 0.44104751 -0.71204168 0.54632750
vn 0.16752023 -0.71204331 -0.68185871
vn 0.13767070 -0.71203965 -0.68851021
vn 0.01621874 -0.71204355 -0.70194796
vn -0.01435724 -0.71203757 -0.70199457
vn -0.13583510 -0.71204021 -0.68887413
vn -0.16569210 -0.71203897 -0.68230978
vn -0.19523908 -0.71204195 -0.67444641
vn -0.70202766 -0.71204020 0.01248706
vn -0.70082216 -0.71203716 0.04302780
vn -0.69827313 -0.71204725 0.07350747
vn 0.25669289 -0.71204129 0.65353344
vn 0.28490237 -0.71203966 0.64173995
vn 0.58471611 -0.71204339 0.38871749
vn 0.60109142 -0.71203958 0.36288942
vn 0.68185871 -0.71204331 -0.16752023
vn 0.67392017 -0.71204004 -0.19705477
vn -0.61451610 -0.71203838 -0.33966353
vn -0.62871785 -0.71204396 -0.31258160
vn -0.64173820 -0.71204152 -0.28490165
vn -0.65353519 -0.71203946 -0.25669352
vn 0.46441982 -0.71204170 0.52660313
vn 0.48690871 -0.71204014 0.50588412
vn 0.50847365 -0.71204293 0.48419977
vn -0.22443783 -0.71204680 -0.66529468
vn -0.25320371 -0.71203807 -0.65489669
vn -0.28146827 -0.71204083 -0.64325226
vn -0.30921562 -0.71204413 -0.63037993
vn -0.33637614 -0.71203950 -0.61632041
vn -0.36288843 -0.71204152 -0.60108972
vn -0.66408914 -0.71204519 -0.22798521
vn -0.67339392 -0.71203878 -0.19885023
vn -0.68140916 -0.71204248 -0.16934303
vn -0.52660288 -0.71204469 -0.46441552
vn -0.54633065 -0.71203771 -0.44105002
vn -0.56501068 -0.71204424 -0.41684041
vn -0.38872053 -0.71204242 -0.58471527
vn -0.41381484 -0.71204087 -0.56723458
vn -0.43812172 -0.71204212 -0.54867602
vn -0.58263347 -0.71204197 -0.39183476
vn -0.59914451 -0.71204166 -0.36609088
vn -0.68813784 -0.71204305 -0.13950275
vn -0.69356352 -0.71203868 -0.10941009
vn -0.69766708 -0.71204000 -0.07911822
vn -0.70044450 -0.71204673 -0.04865139
vn -0.70190465 -0.71204117 -0.01808949
vn -0.46159721 -0.71203977 -0.52908164
vn -0.48419685 -0.71204393 -0.50847503
vn -0.50588272 -0.71203914 -0.48691163
vn -0.81649658 -0.57735027 -0.00000000
vn -0.00000000 -0.57735027 0.81649658
vn -0.81649658 0.57735027 0.00000000
vn -0.00000000 0.57735027 0.81649658
vn 0.42640143 -0.30151134 0.85280287
vn -0.50717941 -0.71204062 0.48555865
vn -0.85280287 -0.30151134 -0.42640143
vn -0.48555865 -0.71204062 0.50717941
vn -0.33801564 -0.71203942 0.61542285
vn -0.31090133 -0.71204149 0.62955324
vn -0.65422031 -0.71203862 0.25494469
vn -0.64249486 -0.71204346 0.28318627
vn -0.62955324 -0.71204149 0.31090133
vn -0.61542346 -0.71203916 0.33801507
vn -0.60011435 -0.71204484 0.36449268
vn -0.58367787 -0.71203858 0.39028349
vn -0.56612596 -0.71204390 0.41532503
vn -0.54750483 -0.71204007 0.43958776
vn -0.52784136 -0.71204298 0.46301003
vn 0.66589526 -0.71204323 -0.22266103
vn 0.65557241 -0.71203916 -0.25144592
vn 0.00000000 -0.57735027 0.81649658
vn 0.33472882 -0.71204071 -0.61721524
vn 0.36128157 -0.71203969 -0.60205905
vn -0.08989948 -0.59000130 -0.80238180
vn -0.16752023 -0.71204331 0.68185871
vn -0.19705240 -0.71203915 0.67392180
vn -0.22621201 -0.71204469 0.66469579
vn -0.69385044 -0.71204076 0.10756171
vn -0.68850989 -0.71204047 0.13766807
vn -0.68185871 -0.71204331 0.16752023
vn -0.46301003 -0.71204298 0.52784136
vn -0.43958776 -0.71204007 0.54750483
vn -0.41532503 -0.71204390 0.56612596
vn -0.39028281 -0.71203880 0.58367806
vn -0.36449304 -0.71204436 0.60011470
vn -0.28318627 -0.71204346 0.64249486
vn -0.25494469 -0.71203862 0.65422031
vn 0.70202563 -0.71204231 -0.01248052
vn 0.70081849 -0.71204021 -0.04303698
vn -0.81649658 -0.57735027 0.00000000
vn 0.69827814 -0.71204201 -0.07351066
vn 0.69441354 -0.71204255 -0.10385206
vn 0.80238197 -0.59000118 0.08989871
vn 0.60205870 -0.71204018 -0.36128121
vn 0.61721603 -0.71204075 -0.33472726
vn -0.67392265 -0.71203869 0.19705117
vn -0.66469580 -0.71204515 0.22621052
vn 0.68923629 -0.71203946 -0.13398933
vn 0.68274581 -0.71204245 -0.16387101
vn 0.67496256 -0.71204151 -0.19344880
vn 0.64399910 -0.71204289 -0.27975005
vn 0.63120479 -0.71204201 -0.30753324
vn -0.67444501 -0.71204038 -0.19524967
vn -0.68230549 -0.71204147 -0.16569899
vn -0.69807833 -0.71204260 -0.07537888
vn -0.70069899 -0.71204259 -0.04490287
vn -0.70199255 -0.71203969 -0.01435067
vn -0.70194916 -0.71204216 0.01622757
vn -0.70057842 -0.71204054 0.04677770
vn -0.69787384 -0.71204334 0.07724235
vn -0.01810424 -0.71204175 -0.70190368
vn 0.01248052 -0.71204231 -0.70202563
vn 0.04303698 -0.71204021 -0.70081849
vn -0.68887367 -0.71204136 -0.13583140
vn -0.69413505 -0.71204106 -0.10570741
vn -0.13766623 -0.71204104 0.68850967
vn -0.10756006 -0.71204019 0.69385128
vn -0.07724235 -0.71204334 0.69787384
vn 0.30753394 -0.71204232 -0.63120410
vn 0.27974756 -0.71204366 -0.64399933
vn 0.25144398 -0.71203838 -0.65557400
vn 0.22266103 -0.71204323 -0.66589526
vn 0.19344880 -0.71204151 -0.67496256
vn 0.16387276 -0.71204191 -0.68274595
vn 0.13398900 -0.71204058 -0.68923520
vn 0.10385234 -0.71204136 -0.69441471
vn 0.07351247 -0.71204262 -0.69827733
vn -0.58471593 -0.71204040 -0.38872322
vn -0.60108669 -0.71204309 -0.36289038
vn -0.64325014 -0.71204225 -0.28146952
vn -0.65489776 -0.71203938 -0.25319726
vn -0.66529796 -0.71204418 -0.22443643
vn -0.04677981 -0.71203987 0.70057896
vn -0.01622963 -0.71204284 0.70194843
vn 0.01435516 -0.71204116 0.70199097
vn 0.04490749 -0.71204112 0.70070019
vn 0.07537655 -0.71204181 0.69807939
vn 0.10570488 -0.71204185 0.69413462
vn -0.04865408 -0.71204213 -0.70044899
vn -0.07910680 -0.71204010 -0.69766827
vn -0.10941086 -0.71204277 -0.69355920
vn -0.13950858 -0.71204023 -0.68813956
vn -0.16933586 -0.71204103 -0.68141246
vn -0.19884990 -0.71204305 -0.67338949
vn -0.22798938 -0.71204164 -0.66409151
vn -0.25668945 -0.71204071 -0.65353542
vn -0.28490490 -0.71204288 -0.64173526
vn -0.31258183 -0.71204082 -0.62872129
vn -0.33966067 -0.71204144 -0.61451414
vn -0.36609536 -0.71204059 -0.59914304
vn -0.39183475 -0.71204141 -0.58263415
vn -0.41683840 -0.71204407 -0.56501237
vn -0.44104907 -0.71203856 -0.54633032
vn 0.13582902 -0.71204052 0.68887501
vn 0.16569865 -0.71204318 0.68230380
vn 0.19525483 -0.71204040 0.67444349
vn 0.66409329 -0.71204074 0.22798704
vn 0.67338967 -0.71204132 0.19885552
vn 0.68140947 -0.71204276 0.16934061
vn 0.68813925 -0.71204105 0.13950594
vn 0.69356041 -0.71204195 0.10940849
vn 0.69766827 -0.71204010 0.07910680
vn -0.52908162 -0.71203991 -0.46159702
vn -0.54867567 -0.71204150 -0.43812317
vn -0.56723388 -0.71204211 -0.41381368
vn -0.61632173 -0.71204045 -0.33637170
vn -0.63038221 -0.71204189 -0.30921613
vn 0.70044899 -0.71204213 0.04865408
vn 0.70190368 -0.71204175 0.01810424
vn -0.46441626 -0.71204418 -0.52660290
vn -0.48691114 -0.71203930 -0.50588296
vn -0.50847496 -0.71204388 -0.48419699
vn 0.58263163 -0.71204240 0.39183671
vn 0.59914232 -0.71203963 0.36609841
vn 0.61451242 -0.71204336 0.33965976
vn 0.62872390 -0.71204081 0.31257662
vn 0.64173700 -0.71204101 0.28490562
vn 0.65353367 -0.71204255 0.25668882
vn 0.22443461 -0.71204149 0.66530145
vn 0.25319372 -0.71204211 0.65489616
vn 0.28147250 -0.71204132 0.64324986
vn 0.30921613 -0.71204189 0.63038221
vn 0.33637384 -0.71204141 0.61631945
vn 0.36289137 -0.71204115 0.60108839
vn 0.38872017 -0.71204138 0.58471677
vn 0.41381181 -0.71204112 0.56723649
vn 0.43812016 -0.71204249 0.54867678
vn 0.52660316 -0.71204120 0.46442055
vn 0.54632717 -0.71204253 0.44104656
vn 0.56501662 -0.71204111 0.41683772
vn 0.46159867 -0.71204091 0.52907884
vn 0.48419991 -0.71204288 0.50847358
vn 0.50588436 -0.71204030 0.48690823
vn 0.81649658 0.57735027 0.00000000
vn -0.00000000 0.57735027 -0.81649658
vn -0.66194634 -0.54606580 -0.51345807
vn -0.59237316 -0.54606600 -0.59237316
vn -0.51346024 -0.54606597 -0.66194451
vn -0.42644845 -0.54606589 -0.72107819
vn -0.33270610 -0.54606588 -0.76884244
vn -0.23372017 -0.54606586 -0.80447931
vn -0.13105388 -0.54606588 -0.82742790
vn -0.02631436 -0.54606595 -0.83732881
vn 0.07883895 -0.54606593 -0.83402424
vn 0.18274827 -0.54606590 -0.81756658
vn 0.28377504 -0.54606588 -0.78821557
vn 0.38032729 -0.54606590 -0.74643364
vn 0.47088151 -0.54606592 -0.69287994
vn 0.55400862 -0.54606582 -0.62840001
vn 0.83732881 -0.54606595 0.02631436
vn 0.82742794 -0.54606587 0.13105370
vn 0.80447917 -0.54606583 0.23372071
vn 0.76884226 -0.54606585 0.33270657
vn 0.66194472 -0.54606599 0.51345996
vn 0.72107835 -0.54606592 0.42644815
vn 0.83402416 -0.54606599 -0.07883929
vn 0.81756650 -0.54606587 -0.18274870
vn 0.78821514 -0.54606590 -0.28377619
vn 0.74643424 -0.54606589 -0.38032614
vn 0.69287994 -0.54606592 -0.47088151
vn 0.62839911 -0.54606583 -0.55400964
vn -0.72108090 -0.54606586 -0.42644392
vn -0.76884040 -0.54606593 -0.33271074
vn -0.80447794 -0.54606592 -0.23372474
vn -0.82742809 -0.54606597 -0.13105231
vn -0.83732881 -0.54606595 -0.02631436
vn -0.83402424 -0.54606593 0.07883895
vn -0.81756643 -0.54606593 0.18274881
vn -0.78821621 -0.54606601 0.28377300
vn -0.74643434 -0.54606602 0.38032576
vn -0.69287994 -0.54606592 0.47088151
vn -0.62840017 -0.54606595 0.55400831
vn -0.55400933 -0.54606595 0.62839927
vn -0.47088151 -0.54606592 0.69287994
vn -0.38032461 -0.54606601 0.74643493
vn -0.28377416 -0.54606602 0.78821579
vn -0.18274923 -0.54606590 0.81756636
vn -0.07883929 -0.54606599 0.83402416
vn 0.02631436 -0.54606595 0.83732881
vn 0.13105213 -0.54606596 0.82742813
vn 0.23372529 -0.54606589 0.80447780
vn 0.33271121 -0.54606590 0.76884022
vn 0.42644361 -0.54606589 0.72108105
vn 0.51345778 -0.54606582 0.66194654
vn 0.59237316 -0.54606600 0.59237316
vn 0.00000000 -1.00000000 0.00000000
vn 0.56850743 -0.71200241 0.41213088
vn 0.55016765 -0.71200386 0.43630959
vn 0.53080360 -0.71200203 0.45967450
vn 0.51044348 -0.71200452 0.48217945
vn 0.48913064 -0.71200302 0.50378857
vn 0.46690665 -0.71200289 0.52445216
vn 0.44380958 -0.71200330 0.54413634
vn 0.41988173 -0.71200365 0.56280559
vn 0.39517213 -0.71200259 0.58042338
vn 0.36972110 -0.71200431 0.59695575
vn 0.34358339 -0.71200191 0.61237548
vn 0.31680365 -0.71200365 0.62664683
vn 0.28942791 -0.71200375 0.63975162
vn 0.26151565 -0.71200237 0.65166110
vn 0.23311252 -0.71200417 0.66235082
vn 0.20427186 -0.71200339 0.67180666
vn 0.17505608 -0.71200201 0.68000625
vn 0.14550619 -0.71200540 0.68693250
vn 0.11568880 -0.71200110 0.69258251
vn 0.08565743 -0.71200428 0.69693093
vn 0.05545859 -0.71200374 0.69998216
vn 0.02516281 -0.71200210 0.70172633
vn -0.00518110 -0.71200407 0.70215622
vn -0.03551412 -0.71200168 0.70127908
vn -0.06578557 -0.71200575 0.69908516
vn -0.09593685 -0.71200236 0.69559238
vn -0.12589688 -0.71200187 0.69079903
vn -0.15562931 -0.71200511 0.68471033
vn -0.18506917 -0.71200066 0.67735107
vn -0.21416237 -0.71200563 0.66871702
vn -0.24286404 -0.71200279 0.65883919
vn -0.27110275 -0.71200272 0.64773098
vn -0.29883806 -0.71200405 0.63541015
vn -0.32601674 -0.71200294 0.62190426
vn -0.35258168 -0.71200235 0.60723868
vn -0.37849053 -0.71200438 0.59143443
vn -0.40369698 -0.71200360 0.57452556
vn -0.42814289 -0.71200146 0.55654971
vn -0.45178879 -0.71200487 0.53752763
vn -0.47459778 -0.71200307 0.51750224
vn -0.49651407 -0.71200250 0.49651407
vn -0.51750224 -0.71200307 0.47459778
vn -0.53752757 -0.71200481 0.45178896
vn -0.55654965 -0.71200159 0.42814276
vn -0.57452585 -0.71200362 0.40369653
vn -0.59143467 -0.71200428 0.37849033
vn -0.60723858 -0.71200221 0.35258212
vn -0.62190393 -0.71200308 0.32601705
vn -0.63541022 -0.71200423 0.29883748
vn -0.64773131 -0.71200234 0.27110296
vn -0.65883879 -0.71200299 0.24286455
vn -0.66871703 -0.71200539 0.21416315
vn -0.67735064 -0.71200090 0.18506982
vn -0.68471033 -0.71200511 0.15562931
vn -0.69079890 -0.71200217 0.12589594
vn -0.69559262 -0.71200238 0.09593500
vn -0.69908581 -0.71200511 0.06578568
vn -0.70127870 -0.71200201 0.03551512
vn -0.70215658 -0.71200371 0.00518222
vn -0.70172559 -0.71200283 -0.02516283
vn -0.69998245 -0.71200336 -0.05545977
vn -0.69693093 -0.71200428 -0.08565743
vn -0.69258251 -0.71200110 -0.11568880
vn -0.68693320 -0.71200497 -0.14550499
vn -0.68000462 -0.71200332 -0.17505709
vn -0.67180672 -0.71200251 -0.20427471
vn -0.66235173 -0.71200372 -0.23311134
vn -0.65166022 -0.71200330 -0.26151533
vn -0.63975250 -0.71200281 -0.28942828
vn -0.62664816 -0.71200364 -0.31680103
vn -0.61237461 -0.71200288 -0.34358292
vn -0.59695538 -0.71200382 -0.36972264
vn -0.58042338 -0.71200259 -0.39517213
vn -0.56280559 -0.71200365 -0.41988173
vn -0.54413634 -0.71200330 -0.44380958
vn -0.52445216 -0.71200289 -0.46690665
vn -0.50378713 -0.71200352 -0.48913139
vn -0.48218163 -0.71200301 -0.51044353
vn -0.45967468 -0.71200353 -0.53080143
vn -0.43630870 -0.71200336 -0.55016901
vn -0.41212935 -0.71200291 -0.56850792
vn -0.08989948 0.59000130 -0.80238180
vn 0.80238197 0.59000118 0.08989871
vn 0.00000000 0.57735027 0.81649658
vn 0.60205870 0.71204018 -0.36128121
vn 0.61721603 0.71204075 -0.33472726
vn 0.63120479 0.71204201 -0.30753324
vn 0.64399910 0.71204289 -0.27975005
vn 0.65557241 0.71203916 -0.25144592
vn 0.66589526 0.71204323 -0.22266103
vn 0.67496256 0.71204151 -0.19344880
vn 0.68274581 0.71204245 -0.16387101
vn 0.68923629 0.71203946 -0.13398933
vn 0.69441354 0.71204255 -0.10385206
vn 0.69827814 0.71204201 -0.07351066
vn 0.70081849 0.71204021 -0.04303698
vn 0.70202563 0.71204231 -0.01248052
vn 0.70190368 0.71204175 0.01810424
vn 0.70044899 0.71204213 0.04865408
vn 0.69766827 0.71204010 0.07910680
vn 0.69356041 0.71204195 0.10940849
vn 0.68813925 0.71204105 0.13950594
vn 0.68140947 0.71204276 0.16934061
vn 0.67338967 0.71204132 0.19885552
vn 0.66409329 0.71204074 0.22798704
vn 0.65353367 0.71204255 0.25668882
vn 0.64173700 0.71204101 0.28490562
vn 0.62872390 0.71204081 0.31257662
vn 0.61451242 0.71204336 0.33965976
vn 0.59914232 0.71203963 0.36609841
vn 0.58263163 0.71204240 0.39183671
vn 0.56501662 0.71204111 0.41683772
vn 0.54632717 0.71204253 0.44104656
vn 0.52660316 0.71204120 0.46442055
vn 0.50588436 0.71204030 0.48690823
vn 0.48419991 0.71204288 0.50847358
vn 0.46159867 0.71204091 0.52907884
vn 0.43812016 0.71204249 0.54867678
vn 0.41381181 0.71204112 0.56723649
vn 0.38872017 0.71204138 0.58471677
vn 0.36289137 0.71204115 0.60108839
vn 0.33637384 0.71204141 0.61631945
vn 0.30921613 0.71204189 0.63038221
vn 0.28147250 0.71204132 0.64324986
vn 0.25319372 0.71204211 0.65489616
vn 0.22443461 0.71204149 0.66530145
vn 0.19525483 0.71204040 0.67444349
vn 0.16569865 0.71204318 0.68230380
vn 0.13582902 0.71204052 0.68887501
vn 0.10570488 0.71204185 0.69413462
vn 0.07537655 0.71204181 0.69807939
vn 0.04490749 0.71204112 0.70070019
vn 0.01435516 0.71204116 0.70199097
vn -0.01622963 0.71204284 0.70194843
vn -0.04677981 0.71203987 0.70057896
vn -0.07724235 0.71204334 0.69787384
vn -0.10756006 0.71204019 0.69385128
vn -0.13766623 0.71204104 0.68850967
vn -0.16752023 0.71204331 0.68185871
vn -0.19705240 0.71203915 0.67392180
vn -0.22621201 0.71204469 0.66469579
vn -0.25494469 0.71203862 0.65422031
vn -0.28318627 0.71204346 0.64249486
vn -0.31090133 0.71204149 0.62955324
vn -0.33801564 0.71203942 0.61542285
vn -0.36449304 0.71204436 0.60011470
vn -0.39028281 0.71203880 0.58367806
vn -0.41532503 0.71204390 0.56612596
vn -0.43958776 0.71204007 0.54750483
vn -0.46301003 0.71204298 0.52784136
vn -0.48555865 0.71204062 0.50717941
vn -0.50717941 0.71204062 0.48555865
vn -0.52784136 0.71204298 0.46301003
vn -0.54750483 0.71204007 0.43958776
vn -0.56612596 0.71204390 0.41532503
vn -0.58367787 0.71203858 0.39028349
vn -0.60011435 0.71204484 0.36449268
vn -0.61542346 0.71203916 0.33801507
vn -0.62955324 0.71204149 0.31090133
vn -0.64249486 0.71204346 0.28318627
vn -0.65422031 0.71203862 0.25494469
vn -0.66469580 0.71204515 0.22621052
vn -0.67392265 0.71203869 0.19705117
vn -0.68185871 0.71204331 0.16752023
vn -0.68850989 0.71204047 0.13766807
vn -0.69385044 0.71204076 0.10756171
vn -0.69787384 0.71204334 0.07724235
vn -0.70057842 0.71204054 0.04677770
vn -0.70194916 0.71204216 0.01622757
vn -0.70199255 0.71203969 -0.01435067
vn -0.70069899 0.71204259 -0.04490287
vn -0.69807833 0.71204260 -0.07537888
vn -0.69413505 0.71204106 -0.10570741
vn -0.68887367 0.71204136 -0.13583140
vn -0.68230549 0.71204147 -0.16569899
vn -0.67444501 0.71204038 -0.19524967
vn -0.66529796 0.71204418 -0.22443643
vn -0.65489776 0.71203938 -0.25319726
vn -0.64325014 0.71204225 -0.28146952
vn -0.63038221 0.71204189 -0.30921613
vn -0.61632173 0.71204045 -0.33637170
vn -0.60108669 0.71204309 -0.36289038
vn -0.58471593 0.71204040 -0.38872322
vn -0.56723388 0.71204211 -0.41381368
vn -0.54867567 0.71204150 -0.43812317
vn -0.52908162 0.71203991 -0.46159702
vn -0.50847496 0.71204388 -0.48419699
vn -0.48691114 0.71203930 -0.50588296
vn -0.46441626 0.71204418 -0.52660290
vn -0.44104907 0.71203856 -0.54633032
vn -0.41683840 0.71204407 -0.56501237
vn -0.39183475 0.71204141 -0.58263415
vn -0.36609536 0.71204059 -0.59914304
vn -0.33966067 0.71204144 -0.61451414
vn -0.31258183 0.71204082 -0.62872129
vn -0.28490490 0.71204288 -0.64173526
vn -0.25668945 0.71204071 -0.65353542
vn -0.22798938 0.71204164 -0.66409151
vn -0.19884990 0.71204305 -0.67338949
vn -0.16933586 0.71204103 -0.68141246
vn -0.13950858 0.71204023 -0.68813956
vn -0.10941086 0.71204277 -0.69355920
vn -0.07910680 0.71204010 -0.69766827
vn -0.04865408 0.71204213 -0.70044899
vn -0.01810424 0.71204175 -0.70190368
vn 0.01248052 0.71204231 -0.70202563
vn 0.04303698 0.71204021 -0.70081849
vn 0.07351247 0.71204262 -0.69827733
vn 0.10385234 0.71204136 -0.69441471
vn 0.13398900 0.71204058 -0.68923520
vn 0.16387276 0.71204191 -0.68274595
vn 0.19344880 0.71204151 -0.67496256
vn 0.22266103 0.71204323 -0.66589526
vn 0.25144398 0.71203838 -0.65557400
vn 0.27974756 0.71204366 -0.64399933
vn 0.30753394 0.71204232 -0.63120410
vn 0.33472882 0.71204071 -0.61721524
vn 0.36128157 0.71203969 -0.60205905
vn -0.00000000 -0.57735027 0.81649658
vn -0.81649658 -0.57735027 -0.00000000
vn -0.81649658 0.57735027 0.00000000
vn 0.42640143 0.30151134 0.85280287
vn -0.85280287 0.30151134 -0.42640143
vn -0.81649658 0.57735027 -0.00000000
vn -0.00000000 0.57735027 0.81649658
vn 0.53786104 0.71204875 0.45132259
vn 0.55703327 0.71205101 0.42743104
vn 0.66962878 0.71205603 0.21112441
vn 0.69611269 0.71205411 0.09168463
vn 0.69612279 0.71204915 -0.09164643
vn 0.69145685 0.71205354 -0.12193106
vn 0.66963706 0.71205593 -0.21109848
vn 0.65976261 0.71206422 -0.24016213
vn 0.62280413 0.71204111 -0.32421055
vn 0.57514211 0.71203583 -0.40276112
vn 0.55703344 0.71205307 -0.42742739
vn 0.53785949 0.71204853 -0.45132478
vn 0.51767747 0.71204488 -0.47434388
vn 0.45132533 0.71204886 -0.53785859
vn 0.42742739 0.71205307 -0.55703344
vn 0.40276112 0.71203583 -0.57514211
vn 0.32421055 0.71204111 -0.62280413
vn 0.24016213 0.71206422 -0.65976261
vn 0.21109848 0.71205593 -0.66963706
vn 0.12193106 0.71205354 -0.69145685
vn 0.09163649 0.71205228 -0.69612090
vn 0.03065488 0.71204266 -0.70146670
vn -0.06121946 0.71204296 -0.69946193
vn -0.09167225 0.71205800 -0.69611034
vn -0.21112441 0.71205603 -0.66962878
vn -0.42744612 0.71204608 -0.55702800
vn -0.59216622 0.71204999 -0.37725850
vn -0.62279956 0.71205082 -0.32419799
vn -0.63634759 0.71204386 -0.29674112
vn -0.69146397 0.71205095 -0.12190578
vn -0.69612693 0.71204621 -0.09163782
vn -0.69946193 0.71204296 -0.06121946
vn -0.70212634 0.71205239 0.00004340
vn -0.65979922 0.71204597 0.24011566
vn -0.64867907 0.71205919 0.26867670
vn -0.62280413 0.71204111 0.32421055
vn -0.60807659 0.71204949 0.35103899
vn -0.53787051 0.71205877 0.45129550
vn -0.47435967 0.71205485 0.51764929
vn -0.45129494 0.71205844 0.53787140
vn -0.35103899 0.71204949 0.60807659
vn -0.32421055 0.71204111 0.62280413
vn -0.26867670 0.71205919 0.64867907
vn -0.24011566 0.71204597 0.65979922
vn -0.00004340 0.71205239 0.70212634
vn 0.09165020 0.71204232 0.69612928
vn 0.12190578 0.71205095 0.69146397
vn 0.29674112 0.71204386 0.63634759
vn 0.32419799 0.71205082 0.62279956
vn 0.37726853 0.71205488 0.59215395
vn 0.51767718 0.71204475 -0.47434440
vn 0.45132451 0.71204875 -0.53785943
vn 0.42742830 0.71205256 -0.55703340
vn 0.40276110 0.71203646 -0.57514136
vn 0.32420847 0.71204116 -0.62280515
vn 0.21110141 0.71205302 -0.66963922
vn 0.09164146 0.71205072 -0.69612184
vn -0.09167550 0.71205505 -0.69611293
vn -0.21113210 0.71205163 -0.66963103
vn -0.59216009 0.71205243 -0.37726352
vn -0.62279895 0.71204964 -0.32420176
vn -0.69612952 0.71204326 -0.09164108
vn -0.63633513 0.71205159 0.29674930
vn -0.62280515 0.71204116 0.32420847
vn -0.53787134 0.71205866 0.45129467
vn -0.47436020 0.71205472 0.51764899
vn -0.29675075 0.71205113 0.63633496
vn 0.00000000 1.00000000 0.00000000
vn -0.49647290 -0.71205991 0.49647290
vn -0.50343184 -0.70221988 0.50343184
vn -0.47436593 -0.71203744 0.51766751
vn -0.48098481 -0.70224176 0.52489058
vn -0.45132335 -0.71206069 0.53784459
vn -0.45765044 -0.70221912 0.54538462
vn -0.42741923 -0.71204823 0.55704589
vn -0.43339612 -0.70223125 0.56483544
vn -0.40273380 -0.71204486 0.57515007
vn -0.40836166 -0.70223453 0.58318729
vn -0.37727067 -0.71205085 0.59215744
vn -0.38254910 -0.70222870 0.60044237
vn -0.35105768 -0.71205710 0.60805690
vn -0.35597558 -0.70222262 0.61657504
vn -0.32419890 -0.71204547 0.62280520
vn -0.32872986 -0.70223393 0.63150945
vn -0.29672918 -0.71205169 0.63634439
vn -0.30088146 -0.70222788 0.64524906
vn -0.26868828 -0.71204919 0.64868526
vn -0.27244626 -0.70223032 0.65775802
vn -0.24015327 -0.71204571 0.65978581
vn -0.24350978 -0.70223371 0.66900733
vn -0.21112704 -0.71205910 0.66962468
vn -0.21408588 -0.70222067 0.67900911
vn -0.18172683 -0.71203949 0.67821466
vn -0.18426354 -0.70223976 0.68768180
vn -0.15197450 -0.71205786 0.68547601
vn -0.15410381 -0.70222188 0.69508017
vn -0.12189857 -0.71205274 0.69146340
vn -0.12360472 -0.70222686 0.70114144
vn -0.09164762 -0.71203923 0.69613278
vn -0.09292686 -0.70224002 0.70584953
vn -0.06121513 -0.71205395 0.69945113
vn -0.06207213 -0.70222568 0.70924336
vn -0.03062807 -0.71205230 0.70145808
vn -0.03105672 -0.70222729 0.71127514
vn 0.00000000 -0.71204826 0.70213052
vn 0.00000000 -0.70223122 0.71194895
vn 0.03062517 -0.71205135 0.70145918
vn 0.03105369 -0.70222822 0.71127435
vn 0.06120054 -0.71205102 0.69945538
vn 0.06205683 -0.70222853 0.70924187
vn 0.09165322 -0.71204926 0.69612178
vn 0.09293514 -0.70223025 0.70585816
vn 0.12192997 -0.71205068 0.69145999
vn 0.12363584 -0.70222887 0.70113393
vn 0.15196330 -0.71204502 0.68549183
vn 0.15408692 -0.70223438 0.69507129
vn 0.18171319 -0.71205365 0.67820344
vn 0.18425700 -0.70222597 0.68769764
vn 0.21113785 -0.71205112 0.66962975
vn 0.21409207 -0.70222844 0.67899912
vn 0.24014296 -0.71204748 0.65978765
vn 0.24350053 -0.70223198 0.66901251
vn 0.26869135 -0.71205226 0.64868061
vn 0.27245171 -0.70222733 0.65775896
vn 0.29673397 -0.71204831 0.63634594
vn 0.30088347 -0.70223117 0.64524454
vn 0.32420637 -0.71205142 0.62279452
vn 0.32874289 -0.70222815 0.63150909
vn 0.35106599 -0.71204897 0.60806162
vn 0.35597592 -0.70223053 0.61656583
vn 0.37725397 -0.71205101 0.59216788
vn 0.38253234 -0.70222855 0.60045322
vn 0.40272496 -0.71204841 0.57515187
vn 0.40835674 -0.70223108 0.58319490
vn 0.42742626 -0.71205093 0.55703704
vn 0.43340652 -0.70222862 0.56483072
vn 0.45131914 -0.71204957 0.53786284
vn 0.45763196 -0.70222994 0.54538619
vn 0.47435130 -0.71205109 0.51766214
vn 0.48098832 -0.70222847 0.52490515
vn 0.49648102 -0.71204859 0.49648102
vn 0.50342415 -0.70223090 0.50342415
vn 0.51766214 -0.71205109 0.47435130
vn 0.52490515 -0.70222847 0.48098832
vn 0.53786166 -0.71204859 0.45132211
vn 0.54538348 -0.70223091 0.45763371
vn 0.55703439 -0.71205192 0.42742806
vn 0.56482960 -0.70222766 0.43340954
vn 0.57515187 -0.71204841 0.40272496
vn 0.58319490 -0.70223108 0.40835674
vn 0.59216788 -0.71205101 0.37725397
vn 0.60045322 -0.70222855 0.38253234
vn 0.60806162 -0.71204897 0.35106599
vn 0.61656583 -0.70223053 0.35597592
vn 0.62279452 -0.71205142 0.32420637
vn 0.63150909 -0.70222815 0.32874289
vn 0.63634719 -0.71205160 0.29672339
vn 0.64525173 -0.70222797 0.30087551
vn 0.64868668 -0.71204533 0.26869508
vn 0.65775237 -0.70223408 0.27245022
vn 0.65978033 -0.71205113 0.24015226
vn 0.66901190 -0.70222843 0.24351244
vn 0.66962975 -0.71205112 0.21113785
vn 0.67899912 -0.70222844 0.21409207
vn 0.67820344 -0.71205365 0.18171319
vn 0.68769764 -0.70222597 0.18425700
vn 0.68549183 -0.71204502 0.15196330
vn 0.69507129 -0.70223438 0.15408692
vn 0.69145999 -0.71205068 0.12192997
vn 0.70113393 -0.70222887 0.12363584
vn 0.69612178 -0.71204926 0.09165322
vn 0.70585816 -0.70223025 0.09293514
vn 0.69945538 -0.71205102 0.06120054
vn 0.70924187 -0.70222853 0.06205683
vn 0.70145918 -0.71205135 0.03062517
vn 0.71127435 -0.70222822 0.03105369
vn 0.70212388 -0.71205481 -0.00002016
vn 0.71195524 -0.70222485 -0.00002044
vn 0.70147165 -0.71203894 -0.03062784
vn 0.71126235 -0.70224029 -0.03105533
vn 0.69945511 -0.71205369 -0.06117257
vn 0.70924689 -0.70222593 -0.06202894
vn 0.69611823 -0.71205361 -0.09164645
vn 0.70586312 -0.70222602 -0.09292940
vn 0.69146679 -0.71204543 -0.12192202
vn 0.70113056 -0.70223397 -0.12362597
vn 0.68547601 -0.71205786 -0.15197450
vn 0.69508017 -0.70222188 -0.15410381
vn 0.67820055 -0.71204743 -0.18174838
vn 0.68768275 -0.70223203 -0.18428948
vn 0.66964040 -0.71204302 -0.21113141
vn 0.67899456 -0.70223632 -0.21408069
vn 0.65978663 -0.71205384 -0.24012693
vn 0.66902334 -0.70222579 -0.24348860
vn 0.64867632 -0.71205341 -0.26869865
vn 0.65775672 -0.70222621 -0.27245999
vn 0.63635230 -0.71204318 -0.29673265
vn 0.64524174 -0.70223617 -0.30087781
vn 0.62279734 -0.71205412 -0.32419501
vn 0.63151672 -0.70222552 -0.32873385
vn 0.60805402 -0.71205275 -0.35107149
vn 0.61656463 -0.70222685 -0.35598525
vn 0.59216859 -0.71204640 -0.37726155
vn 0.60044622 -0.70223303 -0.38253510
vn 0.57515423 -0.71204931 -0.40272000
vn 0.58319875 -0.70223020 -0.40835274
vn 0.55703382 -0.71205274 -0.42742745
vn 0.56483031 -0.70222687 -0.43340991
vn 0.53786410 -0.71204714 -0.45132147
vn 0.54538376 -0.70223231 -0.45763122
vn 0.51765394 -0.71205554 -0.47435357
vn 0.52490336 -0.70222413 -0.48099660
vn 0.49648590 -0.71204179 -0.49648590
vn 0.50341954 -0.70223752 -0.50341954
vn 0.47435357 -0.71205554 -0.51765394
vn 0.48099660 -0.70222413 -0.52490336
vn 0.45132110 -0.71204727 -0.53786425
vn 0.45763100 -0.70223219 -0.54538410
vn 0.42742775 -0.71205244 -0.55703396
vn 0.43340986 -0.70222715 -0.56482999
vn 0.40272034 -0.71204948 -0.57515378
vn 0.40835327 -0.70223004 -0.58319858
vn 0.37726155 -0.71204640 -0.59216859
vn 0.38253510 -0.70223303 -0.60044622
vn 0.35107250 -0.71205243 -0.60805381
vn 0.35598596 -0.70222716 -0.61656387
vn 0.32419456 -0.71205480 -0.62279680
vn 0.32873403 -0.70222486 -0.63151737
vn 0.29673046 -0.71204322 -0.63635327
vn 0.30087564 -0.70223613 -0.64524280
vn 0.26870059 -0.71205209 -0.64867697
vn 0.27246095 -0.70222750 -0.65775495
vn 0.24012763 -0.71205525 -0.65978485
vn 0.24349027 -0.70222442 -0.66902418
vn 0.21112833 -0.71204307 -0.66964132
vn 0.21407759 -0.70223628 -0.67899558
vn 0.18174880 -0.71204630 -0.67820162
vn 0.18428932 -0.70223313 -0.68768167
vn 0.15197614 -0.71205845 -0.68547503
vn 0.15410572 -0.70222131 -0.69508033
vn 0.12191987 -0.71204610 -0.69146648
vn 0.12362402 -0.70223332 -0.70113156
vn 0.09164450 -0.71205294 -0.69611917
vn 0.09292725 -0.70222667 -0.70586276
vn 0.06117493 -0.71205295 -0.69945567
vn 0.06203120 -0.70222666 -0.70924597
vn 0.03063011 -0.71203969 -0.70147080
vn 0.03105769 -0.70223957 -0.71126297
vn 0.00002016 -0.71205481 -0.70212388
vn 0.00002044 -0.70222485 -0.71195524
vn -0.03062517 -0.71205135 -0.70145918
vn -0.03105369 -0.70222822 -0.71127435
vn -0.06120054 -0.71205102 -0.69945538
vn -0.06205683 -0.70222853 -0.70924187
vn -0.09165322 -0.71204926 -0.69612178
vn -0.09293514 -0.70223025 -0.70585816
vn -0.12192728 -0.71204973 -0.69146143
vn -0.12363279 -0.70222979 -0.70113355
vn -0.15196566 -0.71204790 -0.68548831
vn -0.15409055 -0.70223157 -0.69507332
vn -0.18171408 -0.71204973 -0.67820733
vn -0.18425588 -0.70222979 -0.68769404
vn -0.21113676 -0.71205514 -0.66962582
vn -0.21409336 -0.70222452 -0.67900276
vn -0.24015620 -0.71204806 -0.65978221
vn -0.24351435 -0.70223142 -0.66900807
vn -0.26869432 -0.71204742 -0.64868469
vn -0.27245104 -0.70223204 -0.65775420
vn -0.29672173 -0.71204840 -0.63635155
vn -0.30087113 -0.70223109 -0.64525039
vn -0.32420197 -0.71205465 -0.62279311
vn -0.32874140 -0.70222500 -0.63151337
vn -0.35106944 -0.71204789 -0.60806090
vn -0.35597834 -0.70223159 -0.61656323
vn -0.37725397 -0.71205101 -0.59216788
vn -0.38253234 -0.70222855 -0.60045322
vn -0.40272713 -0.71204953 -0.57514896
vn -0.40836022 -0.70222999 -0.58319378
vn -0.42742944 -0.71204967 -0.55703621
vn -0.43340822 -0.70222985 -0.56482790
vn -0.45132065 -0.71205084 -0.53785989
vn -0.45763512 -0.70222871 -0.54538513
vn -0.47435285 -0.71204883 -0.51766383
vn -0.48098685 -0.70223067 -0.52490355
vn -0.49647940 -0.71205085 -0.49647940
vn -0.50342569 -0.70222870 -0.50342569
vn -0.51766383 -0.71204883 -0.47435285
vn -0.52490355 -0.70223067 -0.48098685
vn -0.53786108 -0.71205183 -0.45131768
vn -0.54538784 -0.70222775 -0.45763336
vn -0.55703886 -0.71204869 -0.42742763
vn -0.56482903 -0.70223081 -0.43340520
vn -0.57514896 -0.71204953 -0.40272713
vn -0.58319378 -0.70222999 -0.40836022
vn -0.59216788 -0.71205101 -0.37725397
vn -0.60045322 -0.70222855 -0.38253234
vn -0.60806090 -0.71204789 -0.35106944
vn -0.61656323 -0.70223159 -0.35597834
vn -0.62279311 -0.71205465 -0.32420197
vn -0.63151337 -0.70222500 -0.32874140
vn -0.63635030 -0.71204511 -0.29673230
vn -0.64524319 -0.70223429 -0.30087909
vn -0.64867863 -0.71205436 -0.26869059
vn -0.65776079 -0.70222529 -0.27245253
vn -0.65978953 -0.71204441 -0.24014691
vn -0.66900867 -0.70223497 -0.24350244
vn -0.66962582 -0.71205514 -0.21113676
vn -0.67900276 -0.70222452 -0.21409336
vn -0.67820733 -0.71204973 -0.18171408
vn -0.68769404 -0.70222979 -0.18425588
vn -0.68548831 -0.71204790 -0.15196566
vn -0.69507332 -0.70223157 -0.15409055
vn -0.69146143 -0.71204973 -0.12192728
vn -0.70113355 -0.70222979 -0.12363279
vn -0.69612178 -0.71204926 -0.09165322
vn -0.70585816 -0.70223025 -0.09293514
vn -0.69945538 -0.71205102 -0.06120054
vn -0.70924187 -0.70222853 -0.06205683
vn -0.70145918 -0.71205135 -0.03062517
vn -0.71127435 -0.70222822 -0.03105369
vn -0.70213052 -0.71204826 0.00000000
vn -0.71194895 -0.70223122 0.00000000
vn -0.70145722 -0.71205305 0.03063033
vn -0.71127575 -0.70222656 0.03105908
vn -0.69945168 -0.71205320 0.06121748
vn -0.70924244 -0.70222641 0.06207439
vn -0.69613372 -0.71203856 0.09164567
vn -0.70584917 -0.70224067 0.09292470
vn -0.69146309 -0.71205341 0.12189642
vn -0.70114243 -0.70222621 0.12360277
vn -0.68547503 -0.71205845 0.15197614
vn -0.69508033 -0.70222131 0.15410572
vn -0.67821574 -0.71203835 0.18172726
vn -0.68768072 -0.70224087 0.18426339
vn -0.66962561 -0.71205914 0.21112396
vn -0.67901013 -0.70222063 0.21408277
vn -0.65978403 -0.71204712 0.24015397
vn -0.66900817 -0.70223233 0.24351145
vn -0.64868591 -0.71204786 0.26869022
vn -0.65775625 -0.70223161 0.27244722
vn -0.63634535 -0.71205174 0.29672700
vn -0.64525012 -0.70222784 0.30087929
vn -0.62280466 -0.71204616 0.32419845
vn -0.63151009 -0.70223327 0.32873003
vn -0.60805669 -0.71205678 0.35105869
vn -0.61657428 -0.70222293 0.35597629
vn -0.59215744 -0.71205085 0.37727067
vn -0.60044237 -0.70222870 0.38254910
vn -0.57514962 -0.71204503 0.40273413
vn -0.58318712 -0.70223436 0.40836219
vn -0.55704603 -0.71204793 0.42741953
vn -0.56483512 -0.70223154 0.43339607
vn -0.53784474 -0.71206082 0.45132298
vn -0.54538496 -0.70221900 0.45765022
vn -0.51766751 -0.71203744 0.47436593
vn -0.52489058 -0.70224176 0.48098481
vn 0.00000000 -1.00000000 0.00000000
vn -0.53784474 0.71206082 0.45132298
vn -0.55704603 0.71204793 0.42741953
vn 0.42640143 0.30151134 -0.85280287
vn 0.09164450 0.71205294 -0.69611917
vn 0.12191987 0.71204610 -0.69146648
vn -0.85280287 0.30151134 0.42640143
vn -0.35105768 0.71205710 0.60805690
vn -0.37727067 0.71205085 0.59215744
vn 0.85280287 0.30151134 -0.42640143
vn -0.40273380 0.71204486 0.57515007
vn -0.42741923 0.71204823 0.55704589
vn -0.45132335 0.71206069 0.53784459
vn -0.47436593 0.71203744 0.51766751
vn -0.49647290 0.71205991 0.49647290
vn -0.51766751 0.71203744 0.47436593
vn -0.57514962 0.71204503 0.40273413
vn -0.59215744 0.71205085 0.37727067
vn -0.60805669 0.71205678 0.35105869
vn -0.64868591 0.71204786 0.26869022
vn -0.65978403 0.71204712 0.24015397
vn -0.66962561 0.71205914 0.21112396
vn -0.67821574 0.71203835 0.18172726
vn -0.62280466 0.71204616 0.32419845
vn -0.63634535 0.71205174 0.29672700
vn -0.68547503 0.71205845 0.15197614
vn -0.69146309 0.71205341 0.12189642
vn -0.69613372 0.71203856 0.09164567
vn 0.15197614 0.71205845 -0.68547503
vn 0.18174880 0.71204630 -0.67820162
vn 0.21112833 0.71204307 -0.66964132
vn 0.24012763 0.71205525 -0.65978485
vn 0.26870059 0.71205209 -0.64867697
vn 0.29673046 0.71204322 -0.63635327
vn 0.32419456 0.71205480 -0.62279680
vn 0.35107250 0.71205243 -0.60805381
vn 0.37726155 0.71204640 -0.59216859
vn 0.53786410 0.71204714 -0.45132147
vn 0.55703382 0.71205274 -0.42742745
vn -0.42640143 0.30151134 0.85280287
vn -0.69945168 0.71205320 0.06121748
vn -0.70145722 0.71205305 0.03063033
vn -0.70213052 0.71204826 0.00000000
vn -0.70145918 0.71205135 -0.03062517
vn -0.69945538 0.71205102 -0.06120054
vn -0.69612178 0.71204926 -0.09165322
vn -0.67820733 0.71204973 -0.18171408
vn -0.66962582 0.71205514 -0.21113676
vn -0.18171408 0.71204973 -0.67820733
vn -0.15196566 0.71204790 -0.68548831
vn -0.12192728 0.71204973 -0.69146143
vn -0.09165322 0.71204926 -0.69612178
vn 0.40272034 0.71204948 -0.57515378
vn 0.42742775 0.71205244 -0.55703396
vn 0.45132110 0.71204727 -0.53786425
vn 0.47435357 0.71205554 -0.51765394
vn 0.49648590 0.71204179 -0.49648590
vn 0.51765394 0.71205554 -0.47435357
vn 0.57515423 0.71204931 -0.40272000
vn 0.59216859 0.71204640 -0.37726155
vn 0.60805402 0.71205275 -0.35107149
vn 0.62279734 0.71205412 -0.32419501
vn 0.63635230 0.71204318 -0.29673265
vn 0.64867632 0.71205341 -0.26869865
vn -0.18172683 0.71203949 0.67821466
vn -0.21112704 0.71205910 0.66962468
vn -0.24015327 0.71204571 0.65978581
vn -0.26868828 0.71204919 0.64868526
vn -0.69146143 0.71204973 -0.12192728
vn -0.68548831 0.71204790 -0.15196566
vn -0.29672918 0.71205169 0.63634439
vn -0.32419890 0.71204547 0.62280520
vn -0.65978953 0.71204441 -0.24014691
vn -0.64867863 0.71205436 -0.26869059
vn -0.63635030 0.71204511 -0.29673230
vn -0.53786108 0.71205183 -0.45131768
vn -0.51766383 0.71204883 -0.47435285
vn -0.49647940 0.71205085 -0.49647940
vn -0.06120054 0.71205102 -0.69945538
vn -0.03062517 0.71205135 -0.70145918
vn 0.00002016 0.71205481 -0.70212388
vn 0.03063011 0.71203969 -0.70147080
vn 0.06117493 0.71205295 -0.69945567
vn -0.59216788 0.71205101 -0.37725397
vn -0.57514896 0.71204953 -0.40272713
vn -0.55703886 0.71204869 -0.42742763
vn -0.47435285 0.71204883 -0.51766383
vn -0.45132065 0.71205084 -0.53785989
vn -0.42742944 0.71204967 -0.55703621
vn -0.40272713 0.71204953 -0.57514896
vn -0.37725397 0.71205101 -0.59216788
vn -0.35106944 0.71204789 -0.60806090
vn 0.65978663 0.71205384 -0.24012693
vn 0.66964040 0.71204302 -0.21113141
vn 0.67820055 0.71204743 -0.18174838
vn -0.62279311 0.71205465 -0.32420197
vn -0.60806090 0.71204789 -0.35106944
vn -0.32420197 0.71205465 -0.62279311
vn -0.29672173 0.71204840 -0.63635155
vn -0.26869432 0.71204742 -0.64868469
vn -0.24015620 0.71204806 -0.65978221
vn -0.21113676 0.71205514 -0.66962582
vn 0.68547601 0.71205786 -0.15197450
vn 0.69146679 0.71204543 -0.12192202
vn 0.69611823 0.71205361 -0.09164645
vn -0.06121513 0.71205395 0.69945113
vn -0.09164762 0.71203923 0.69613278
vn 0.09165322 0.71204926 0.69612178
vn 0.06120054 0.71205102 0.69945538
vn 0.03062517 0.71205135 0.70145918
vn -0.12189857 0.71205274 0.69146340
vn -0.15197450 0.71205786 0.68547601
vn 0.70212388 0.71205481 -0.00002016
vn 0.70145918 0.71205135 0.03062517
vn 0.69945538 0.71205102 0.06120054
vn 0.69612178 0.71204926 0.09165322
vn 0.64868668 0.71204533 0.26869508
vn 0.63634719 0.71205160 0.29672339
vn 0.62279452 0.71205142 0.32420637
vn 0.60806162 0.71204897 0.35106599
vn 0.18171319 0.71205365 0.67820344
vn 0.15196330 0.71204502 0.68549183
vn 0.12192997 0.71205068 0.69145999
vn 0.00000000 0.71204826 0.70213052
vn -0.03062807 0.71205230 0.70145808
vn 0.69945511 0.71205369 -0.06117257
vn 0.70147165 0.71203894 -0.03062784
vn 0.69145999 0.71205068 0.12192997
vn 0.68549183 0.71204502 0.15196330
vn 0.67820344 0.71205365 0.18171319
vn 0.59216788 0.71205101 0.37725397
vn 0.57515187 0.71204841 0.40272496
vn 0.55703439 0.71205192 0.42742806
vn 0.66962975 0.71205112 0.21113785
vn 0.65978033 0.71205113 0.24015226
vn 0.26869135 0.71205226 0.64868061
vn 0.29673397 0.71204831 0.63634594
vn 0.32420637 0.71205142 0.62279452
vn 0.53786166 0.71204859 0.45132211
vn 0.51766214 0.71205109 0.47435130
vn 0.49648102 0.71204859 0.49648102
vn 0.47435130 0.71205109 0.51766214
vn 0.45131914 0.71204957 0.53786284
vn 0.42742626 0.71205093 0.55703704
vn 0.40272496 0.71204841 0.57515187
vn 0.37725397 0.71205101 0.59216788
vn 0.35106599 0.71204897 0.60806162
vn 0.24014296 0.71204748 0.65978765
vn 0.21113785 0.71205112 0.66962975
vn 0.42640143 -0.30151134 -0.85280287
vn -0.42640143 -0.90453403 0.00000000
vn -0.63633424 0.71205199 0.29675024
vn 0.50264619 0.70881649 0.49489999
vn -0.55705999 0.71204316 0.42740930
vn -0.57514211 0.71203583 0.40276112
vn -0.59214155 0.71206777 0.37726368
vn -0.59214192 0.71206723 0.37726411
vn -0.60807611 0.71205014 0.35103852
vn 0.37725246 0.71205064 0.59216928
vn 0.35103899 0.71204949 -0.60807659
vn 0.00000000 0.57735027 0.81649658
vn 0.29669042 0.71207057 -0.63634133
vn -0.66963778 0.71203844 0.21115515
vn -0.67818945 0.71205503 0.18176004
vn -0.68547500 0.71206715 0.15193549
vn 0.00004340 0.71205239 -0.70212634
vn -0.03063083 0.71206333 -0.70144676
vn -0.49648718 0.71204000 0.49648718
vn -0.51764885 0.71205453 0.47436064
vn -0.69148973 0.71202088 0.12193531
vn -0.69608888 0.71208391 0.09163393
vn -0.69948092 0.71203087 0.06114311
vn 0.26869005 0.71202235 -0.64871398
vn -0.55705994 0.71204264 0.42741021
vn -0.57514136 0.71203646 0.40276110
vn -0.64867883 0.71205819 0.26867994
vn -0.65979732 0.71204807 0.24011464
vn -0.66963994 0.71203554 0.21115808
vn 0.15198270 0.71205131 -0.68548099
vn 0.18171542 0.71203999 -0.67821719
vn 0.66963232 0.71204995 -0.21113368
vn 0.06118943 0.71204642 -0.69946105
vn 0.15198896 0.71205058 -0.68548037
vn 0.18171264 0.71203755 -0.67822050
vn -0.67818613 0.71205747 0.18176282
vn -0.68547562 0.71206789 0.15192923
vn -0.69149185 0.71201950 0.12193135
vn -0.69608982 0.71208235 0.09163890
vn -0.69947893 0.71203243 0.06114776
vn -0.70146594 0.71204352 0.03065219
vn 0.24016111 0.71206633 -0.65976071
vn 0.65978270 0.71205138 -0.24014502
vn 0.26869330 0.71202135 -0.64871373
vn 0.37726411 0.71206723 -0.59214192
vn -0.81649658 0.57735027 0.00000000
vn 0.47434416 0.71204483 -0.51767729
vn 0.49647292 0.71205988 -0.49647292
vn 0.55703412 0.71205228 -0.42742781
vn 0.57514113 0.71203621 -0.40276186
vn 0.59214131 0.71206747 -0.37726461
vn 0.60807634 0.71205049 -0.35103742
vn 0.70212991 0.71204886 -0.00004364
vn 0.70144518 0.71206513 0.03062521
vn -0.70146670 0.71204266 0.03065488
vn -0.70144676 0.71206333 -0.03063083
vn -0.70212813 0.71205062 0.00004352
vn -0.70144705 0.71206330 -0.03062518
vn -0.69945875 0.71204584 -0.06122230
vn 0.03065219 0.71204352 -0.70146594
vn 0.06119408 0.71204798 -0.69945905
vn 0.37726368 0.71206777 -0.59214155
vn 0.47434484 0.71204456 -0.51767704
vn 0.49647288 0.71205993 -0.49647288
vn 0.59214155 0.71206777 -0.37726368
vn -0.49489999 0.70881649 -0.50264619
vn -0.21115515 0.71203844 0.66963778
vn -0.21115808 0.71203554 0.66963994
vn -0.24011464 0.71204807 0.65979732
vn -0.26868105 0.71205864 0.64867788
vn 0.18172212 0.71205099 0.67820384
vn -0.35103742 0.71205049 0.60807634
vn -0.37726461 0.71206747 0.59214131
vn -0.60805978 0.71205213 -0.35106276
vn -0.15195885 0.71205395 -0.68548353
vn -0.12193742 0.71203913 -0.69147057
vn 0.67820465 0.71204870 -0.18172812
vn -0.06122230 0.71204584 -0.69945875
vn -0.03062518 0.71206330 -0.70144705
vn 0.00004352 0.71205062 -0.70212813
vn 0.12192710 0.71205216 -0.69145897
vn 0.26869465 0.71204773 -0.64868422
vn 0.29672455 0.71204904 -0.63634952
vn 0.21113446 0.71204971 -0.66963233
vn 0.70147047 0.71203937 -0.03064492
vn 0.70212634 0.71205239 -0.00004340
vn -0.29675024 0.71205199 0.63633424
vn -0.37726368 0.71206777 0.59214155
vn -0.40276112 0.71203583 0.57514211
vn -0.42740930 0.71204316 0.55705999
vn 0.53785953 0.71204910 -0.45132383
vn 0.62280596 0.71204081 -0.32420769
vn 0.63634205 0.71206972 -0.29669093
vn 0.64871278 0.71202180 -0.26869440
vn 0.65976071 0.71206633 -0.24016111
vn 0.66963922 0.71205302 -0.21110141
vn 0.67821719 0.71203999 -0.18171542
vn -0.12193372 0.71201876 0.69149219
vn -0.15192923 0.71206789 0.68547562
vn -0.18176282 0.71205747 0.67818613
vn -0.03063023 0.71204908 0.70146125
vn -0.06119403 0.71204950 0.69945750
vn -0.21112235 0.71205345 0.66963217
vn -0.18171864 0.71204520 0.67821086
vn -0.15196956 0.71205197 0.68548322
vn 0.21113446 0.71204971 0.66963233
vn -0.40276186 0.71203621 0.57514113
vn 0.24014153 0.71205001 0.65978544
vn -0.68548563 0.71205185 -0.15195922
vn -0.67821196 0.71204618 -0.18171070
vn -0.66962878 0.71205603 -0.21112441
vn -0.65978560 0.71204807 -0.24014687
vn -0.64867367 0.71205443 -0.26870238
vn -0.57514819 0.71204948 -0.40272833
vn -0.55703287 0.71205063 -0.42743219
vn 0.59217953 0.71204242 -0.37725191
vn 0.60805434 0.71205192 -0.35107262
vn 0.62279498 0.71205258 -0.32420293
vn 0.68548037 0.71205058 -0.15198896
vn -0.12193531 0.71202088 0.69148973
vn -0.15193549 0.71206715 0.68547500
vn -0.18176004 0.71205503 0.67818945
vn 0.68548099 0.71205131 -0.15198270
vn 0.69145931 0.71205142 -0.12192947
vn 0.69612034 0.71205223 -0.09164113
vn 0.69946066 0.71204638 -0.06119435
vn 0.70146424 0.71204521 -0.03065200
vn 0.69147262 0.71203709 0.12193769
vn 0.68548143 0.71205606 0.15195848
vn -0.03065200 0.71204521 0.70146424
vn -0.00004364 0.71204886 0.70212991
vn 0.03062521 0.71206513 0.70144518
vn -0.06114803 0.71203083 0.69948054
vn -0.09163857 0.71208387 0.69608831
vn 0.15196741 0.71204881 0.68548698
vn 0.12192883 0.71204901 0.69146191
vn 0.09164537 0.71205288 0.69611912
vn 0.06119469 0.71204702 0.69945997
vn 0.03062870 0.71205217 0.70145819
vn -0.00000545 0.71205037 0.70212839
vn -0.09164714 0.71205104 0.69612077
vn -0.12192353 0.71204857 0.69146329
vn -0.42742551 0.71204859 0.55704061
vn -0.40272720 0.71204886 0.57514974
vn -0.37725786 0.71205022 0.59216635
vn 0.26869073 0.71204931 0.64868411
vn -0.42740972 0.71204237 0.55706067
vn 0.29673043 0.71205104 0.63634454
vn -0.45129399 0.71205901 0.53787145
vn 0.32420998 0.71205075 0.62279340
vn 0.35106653 0.71204856 0.60806180
vn -0.49648722 0.71203994 0.49648722
vn -0.51764910 0.71205480 0.47435996
vn -0.29674112 0.71204386 -0.63634759
vn -0.32419799 0.71205082 -0.62279956
vn -0.35106276 0.71205213 -0.60805978
vn -0.26870238 0.71205443 -0.64867367
vn -0.24014687 0.71204807 -0.65978560
vn -0.12194361 0.71203916 -0.69146944
vn 0.24014502 0.71205138 -0.65978270
vn 0.32420274 0.71205287 -0.62279474
vn 0.35107306 0.71205178 -0.60805425
vn 0.37725191 0.71204242 -0.59217953
vn 0.40271091 0.71205571 -0.57515267
vn 0.42743757 0.71205256 -0.55702628
vn 0.45132703 0.71204497 -0.53786232
vn 0.63634916 0.71204920 -0.29672493
vn 0.64868422 0.71204773 -0.26869465
vn 0.64871398 0.71202235 -0.26869005
vn 0.67822050 0.71203755 -0.18171264
vn 0.69146944 0.71203916 0.12194361
vn 0.68548563 0.71205185 0.15195922
vn 0.18172793 0.71204920 -0.67820417
vn 0.67821196 0.71204618 0.18171070
vn 0.15197241 0.71205060 -0.68548401
vn -0.03064492 0.71203937 0.70147047
vn 0.03061947 0.71205958 0.70145107
vn -0.06114204 0.71203728 0.69947450
vn -0.09164387 0.71208079 0.69609076
vn 0.69946069 0.71204394 0.06122236
vn 0.69611093 0.71205703 0.09167534
vn -0.32420769 0.71204081 0.62280596
vn -0.24014502 0.71205138 0.65978270
vn -0.26869465 0.71204773 0.64868422
vn -0.29673608 0.71205392 0.63633868
vn -0.32420937 0.71204403 0.62280140
vn -0.35105628 0.71205381 0.60806156
vn -0.45131551 0.71205192 0.53786279
vn -0.47435711 0.71205267 0.51765463
vn -0.49648434 0.71204396 0.49648434
vn -0.53785745 0.71205005 -0.45132481
vn -0.51766239 0.71204878 -0.47435449
vn -0.49648114 0.71204975 -0.49647924
vn -0.47435133 0.71205052 -0.51766289
vn -0.45132259 0.71204875 -0.53786104
vn -0.18171070 0.71204618 -0.67821196
vn -0.15195922 0.71205185 -0.68548563
vn -0.65978342 0.71205032 -0.24014615
vn -0.64867831 0.71205096 -0.26870036
vn -0.63634585 0.71204736 -0.29673643
vn -0.42742878 0.71204977 -0.55703659
vn 0.55703606 0.71204917 0.42743046
vn 0.53786250 0.71205004 0.45131880
vn -0.37725155 0.71204660 -0.59217473
vn 0.59217145 0.71204853 0.37725305
vn 0.57514950 0.71205160 0.40272269
vn 0.53786232 0.71204497 -0.45132703
vn 0.55702628 0.71205256 -0.42743757
vn 0.57515267 0.71205571 -0.40271091
vn 0.29668948 0.71207017 -0.63634222
vn 0.35103852 0.71205014 -0.60807611
vn 0.69945462 0.71205282 -0.06118835
vn -0.40271904 0.71205986 -0.57514183
vn -0.37724653 0.71204415 -0.59218086
vn -0.69146509 0.71205092 -0.12189960
vn -0.68548353 0.71205395 -0.15195885
vn 0.60807659 0.71204949 -0.35103899
vn 0.63634133 0.71207057 -0.29669042
vn 0.47434491 0.71205068 -0.51766856
vn 0.49647862 0.71205194 -0.49647862
vn 0.51766856 0.71205068 -0.47434491
vn 0.70145107 0.71205958 0.03061947
vn 0.69945418 0.71205060 0.06121922
vn -0.67820633 0.71204839 -0.18172303
vn -0.66963103 0.71205163 -0.21113210
vn -0.60805978 0.71205213 -0.35106276
vn 0.40272573 0.71205013 0.57514919
vn -0.57515870 0.71204211 -0.40272635
vn 0.42742953 0.71204948 0.55703639
vn -0.55704146 0.71205432 -0.42741485
vn 0.45131880 0.71205004 0.53786250
vn -0.53785894 0.71205129 -0.45132108
vn 0.47435085 0.71205015 0.51766384
vn -0.51766239 0.71204878 -0.47435449
vn 0.49647987 0.71204992 0.49648025
vn -0.49648114 0.71204975 -0.49647924
vn 0.51766360 0.71205024 0.47435099
vn -0.47435133 0.71205052 -0.51766289
vn -0.45131886 0.71204999 -0.53786253
vn -0.40271707 0.71205249 -0.57515234
vn 0.60805950 0.71204950 0.35106857
vn -0.32420176 0.71204964 -0.62279895
vn 0.62279407 0.71205203 0.32420588
vn 0.63634683 0.71204831 0.29673205
vn 0.64868096 0.71205035 0.26869558
vn -0.26870036 0.71205096 -0.64867831
vn 0.65978464 0.71205041 0.24014256
vn 0.66963229 0.71205067 0.21113135
vn -0.51765463 0.71205267 0.47435711
vn -0.53786279 0.71205192 0.45131551
vn -0.55704061 0.71204859 0.42742551
vn 0.67820847 0.71204623 0.18172352
vn 0.66963098 0.71205272 0.21112855
vn 0.65978113 0.71205147 0.24014906
vn 0.53786253 0.71204999 0.45131886
vn 0.51766289 0.71205052 0.47435133
vn 0.49647924 0.71204975 0.49648114
vn 0.47435449 0.71204878 0.51766239
vn -0.35106276 0.71205213 -0.60805978
vn -0.29673643 0.71204736 -0.63634585
vn -0.18172303 0.71204839 -0.67820633
vn 0.68548349 0.71205114 -0.15197224
vn 0.69146165 0.71205020 -0.12192332
vn 0.69612143 0.71205101 -0.09164232
vn 0.69945905 0.71204798 -0.06119408
vn 0.70145976 0.71205055 -0.03063026
vn 0.70212772 0.71205103 0.00000101
vn 0.70146242 0.71204816 0.03062503
vn 0.69945403 0.71205277 0.06119568
vn -0.18172258 0.71204909 -0.67820572
vn -0.15196736 0.71205058 -0.68548515
vn 0.65978560 0.71204807 0.24014687
vn -0.57514974 0.71204886 0.40272720
vn -0.59216635 0.71205022 0.37725786
vn -0.60806147 0.71205367 0.35105673
vn -0.62280116 0.71204433 0.32420917
vn -0.63633904 0.71205376 0.29673570
vn -0.64868422 0.71204773 0.26869465
vn 0.59217473 0.71204660 0.37725155
vn 0.60805899 0.71205093 0.35106656
vn 0.62279679 0.71205202 0.32420070
vn 0.57515234 0.71205249 0.40271707
vn 0.55703659 0.71204977 0.42742878
vn 0.15195848 0.71205606 0.68548143
vn 0.12189986 0.71204888 0.69146715
vn 0.69612432 0.71204740 0.09164842
vn 0.69146081 0.71205137 0.12192127
vn 0.68548613 0.71204932 0.15196885
vn -0.69146273 0.71204914 0.12192337
vn -0.69612137 0.71205043 0.09164728
vn 0.06121922 0.71205060 0.69945418
vn -0.68548601 0.71205006 -0.15196592
vn -0.69146355 0.71204737 -0.12192905
vn -0.69611775 0.71205407 -0.09164648
vn 0.64867803 0.71204982 0.26870404
vn 0.63634847 0.71204618 0.29673365
vn 0.45132108 0.71205129 0.53785894
vn 0.42741485 0.71205432 0.55704146
vn 0.40272635 0.71204211 0.57515870
vn 0.24014906 0.71205147 0.65978113
vn 0.21112855 0.71205272 0.66963098
vn 0.18172352 0.71204623 0.67820847
vn 0.09164092 0.71204524 0.69612752
vn 0.06122236 0.71204394 0.69946069
vn -0.69945710 0.71204982 0.06119496
vn -0.70146125 0.71204908 0.03063023
vn -0.70212802 0.71205073 0.00000434
vn 0.37726352 0.71205243 0.59216009
vn 0.35106656 0.71205093 0.60805899
vn 0.32420070 0.71205202 0.62279679
vn 0.67820564 0.71204952 0.18172120
vn -0.24014615 0.71205032 -0.65978342
vn -0.65978270 0.71205138 0.24014502
vn -0.66963218 0.71205321 0.21112312
vn -0.67821038 0.71204570 0.18171845
vn -0.68548374 0.71205143 0.15196974
vn -0.70145851 0.71205181 -0.03062982
vn -0.69946047 0.71204663 -0.06119353
vn 0.42741712 0.71205556 0.55703814
vn -0.55703559 0.71205047 -0.42742893
vn -0.53786054 0.71205005 -0.45132115
vn -0.59216928 0.71205064 -0.37725246
vn -0.57515047 0.71204964 -0.40272477
vn 0.26870238 0.71205443 0.64867367
vn 0.24014687 0.71204807 0.65978560
vn -0.64868400 0.71204885 -0.26869221
vn 0.29673365 0.71204618 0.63634847
vn 0.26870404 0.71204982 0.64867803
vn 0.03063026 0.71205055 -0.70145976
vn 0.06119501 0.71204829 -0.69945865
vn -0.29673205 0.71204831 -0.63634683
vn -0.26869706 0.71204989 -0.64868085
vn 0.21112441 0.71205603 0.66962878
vn 0.18171070 0.71204618 0.67821196
vn -0.66963233 0.71204971 -0.21113446
vn 0.15195922 0.71205185 0.68548563
vn -0.12192148 0.71204973 -0.69146246
vn -0.09164953 0.71204859 -0.69612295
vn -0.06119453 0.71205238 -0.69945453
vn -0.03062615 0.71204780 -0.70146274
vn -0.00000212 0.71205139 -0.70212735
vn 0.09164245 0.71205040 -0.69612203
vn 0.12192316 0.71205078 -0.69146109
vn -0.35106705 0.71204998 -0.60805982
vn 0.64867367 0.71205443 0.26870238
vn 0.63634759 0.71204386 0.29674112
vn -0.42742986 0.71205016 -0.55703526
vn -0.40272174 0.71205111 -0.57515078
vn 0.59216859 0.71204904 0.37725656
vn -0.37725305 0.71204853 -0.59217145
vn 0.60805978 0.71205213 0.35106276
vn 0.62279956 0.71205082 0.32419799
vn 0.57515005 0.71205005 0.40272466
vn -0.45132115 0.71205005 -0.53786054
vn -0.47435088 0.71204874 -0.51766575
vn 0.51766289 0.71205052 0.47435133
vn -0.49647882 0.71205192 -0.49647845
vn 0.49647924 0.71204975 0.49648114
vn -0.51766600 0.71204865 -0.47435074
vn 0.47435449 0.71204878 0.51766239
vn 0.45132481 0.71205005 0.53785745
vn 0.40273394 0.71203966 0.57515641
vn -0.65978453 0.71205046 -0.24014270
vn -0.67820392 0.71205057 -0.18172350
vn -0.32420480 0.71205155 -0.62279518
vn -0.24014372 0.71205086 -0.65978372
vn -0.21113135 0.71205067 -0.66963229
vn -0.63634454 0.71205104 -0.29673043
vn -0.62279451 0.71205027 -0.32420890
vn -0.60806211 0.71204904 -0.35106501
vn 0.35106276 0.71205213 0.60805978
vn 0.49647862 -0.71205194 -0.49647862
vn 0.51766856 -0.71205068 -0.47434491
vn 0.53786232 -0.71204497 -0.45132703
vn 0.55702628 -0.71205256 -0.42743757
vn 0.57515267 -0.71205571 -0.40271091
vn 0.59217953 -0.71204242 -0.37725191
vn 0.60805434 -0.71205192 -0.35107262
vn 0.62279498 -0.71205258 -0.32420293
vn 0.63634916 -0.71204920 -0.29672493
vn 0.64868422 -0.71204773 -0.26869465
vn 0.65978270 -0.71205138 -0.24014502
vn 0.66963232 -0.71204995 -0.21113368
vn 0.67820465 -0.71204870 -0.18172812
vn 0.68548349 -0.71205114 -0.15197224
vn 0.69146165 -0.71205020 -0.12192332
vn 0.69612143 -0.71205101 -0.09164232
vn 0.69945905 -0.71204798 -0.06119408
vn 0.70145976 -0.71205055 -0.03063026
vn 0.70212772 -0.71205103 0.00000101
vn 0.70146242 -0.71204816 0.03062503
vn 0.69945403 -0.71205277 0.06119568
vn 0.69612432 -0.71204740 0.09164842
vn 0.69146081 -0.71205137 0.12192127
vn 0.68548613 -0.71204932 0.15196885
vn 0.67820564 -0.71204952 0.18172120
vn 0.66963229 -0.71205067 0.21113135
vn 0.65978464 -0.71205041 0.24014256
vn 0.64868096 -0.71205035 0.26869558
vn 0.63634683 -0.71204831 0.29673205
vn 0.62279407 -0.71205203 0.32420588
vn 0.60805950 -0.71204950 0.35106857
vn 0.59217145 -0.71204853 0.37725305
vn 0.57514950 -0.71205160 0.40272269
vn 0.55703606 -0.71204917 0.42743046
vn 0.53786250 -0.71205004 0.45131880
vn 0.51766360 -0.71205024 0.47435099
vn 0.49647987 -0.71204992 0.49648025
vn 0.47435085 -0.71205015 0.51766384
vn 0.45131880 -0.71205004 0.53786250
vn 0.42742953 -0.71204948 0.55703639
vn 0.40272573 -0.71205013 0.57514919
vn 0.37725246 -0.71205064 0.59216928
vn 0.35106653 -0.71204856 0.60806180
vn 0.32420998 -0.71205075 0.62279340
vn 0.29673043 -0.71205104 0.63634454
vn 0.26869073 -0.71204931 0.64868411
vn 0.24014153 -0.71205001 0.65978544
vn 0.21113446 -0.71204971 0.66963233
vn 0.18172212 -0.71205099 0.67820384
vn 0.15196741 -0.71204881 0.68548698
vn 0.12192883 -0.71204901 0.69146191
vn 0.09164537 -0.71205288 0.69611912
vn 0.06119469 -0.71204702 0.69945997
vn 0.03062870 -0.71205217 0.70145819
vn -0.00000545 -0.71205037 0.70212839
vn -0.03063023 -0.71204908 0.70146125
vn -0.06119403 -0.71204950 0.69945750
vn -0.09164714 -0.71205104 0.69612077
vn -0.12192353 -0.71204857 0.69146329
vn -0.15196956 -0.71205197 0.68548322
vn -0.18171864 -0.71204520 0.67821086
vn -0.21112235 -0.71205345 0.66963217
vn -0.24014502 -0.71205138 0.65978270
vn -0.26869465 -0.71204773 0.64868422
vn -0.29673608 -0.71205392 0.63633868
vn -0.32420937 -0.71204403 0.62280140
vn -0.35105628 -0.71205381 0.60806156
vn -0.37725786 -0.71205022 0.59216635
vn -0.40272720 -0.71204886 0.57514974
vn -0.42742551 -0.71204859 0.55704061
vn -0.45131551 -0.71205192 0.53786279
vn -0.47435711 -0.71205267 0.51765463
vn -0.49648434 -0.71204396 0.49648434
vn -0.51765463 -0.71205267 0.47435711
vn -0.53786279 -0.71205192 0.45131551
vn -0.55704061 -0.71204859 0.42742551
vn -0.57514974 -0.71204886 0.40272720
vn -0.59216635 -0.71205022 0.37725786
vn -0.60806147 -0.71205367 0.35105673
vn -0.62280116 -0.71204433 0.32420917
vn -0.63633904 -0.71205376 0.29673570
vn -0.64868422 -0.71204773 0.26869465
vn -0.65978270 -0.71205138 0.24014502
vn -0.66963218 -0.71205321 0.21112312
vn -0.67821038 -0.71204570 0.18171845
vn -0.68548374 -0.71205143 0.15196974
vn -0.69146273 -0.71204914 0.12192337
vn -0.69612137 -0.71205043 0.09164728
vn -0.69945710 -0.71204982 0.06119496
vn -0.70146125 -0.71204908 0.03063023
vn -0.70212802 -0.71205073 0.00000434
vn -0.70145851 -0.71205181 -0.03062982
vn -0.69946047 -0.71204663 -0.06119353
vn -0.69611775 -0.71205407 -0.09164648
vn -0.69146355 -0.71204737 -0.12192905
vn -0.68548601 -0.71205006 -0.15196592
vn -0.67820392 -0.71205057 -0.18172350
vn -0.66963233 -0.71204971 -0.21113446
vn -0.65978453 -0.71205046 -0.24014270
vn -0.64868400 -0.71204885 -0.26869221
vn -0.63634454 -0.71205104 -0.29673043
vn -0.62279451 -0.71205027 -0.32420890
vn -0.60806211 -0.71204904 -0.35106501
vn -0.59216928 -0.71205064 -0.37725246
vn -0.57515047 -0.71204964 -0.40272477
vn -0.55703559 -0.71205047 -0.42742893
vn -0.53786054 -0.71205005 -0.45132115
vn -0.51766600 -0.71204865 -0.47435074
vn -0.49647882 -0.71205192 -0.49647845
vn -0.47435088 -0.71204874 -0.51766575
vn -0.45132115 -0.71205005 -0.53786054
vn -0.42742986 -0.71205016 -0.55703526
vn -0.40272174 -0.71205111 -0.57515078
vn -0.37725305 -0.71204853 -0.59217145
vn -0.35106705 -0.71204998 -0.60805982
vn -0.32420480 -0.71205155 -0.62279518
vn -0.29673205 -0.71204831 -0.63634683
vn -0.26869706 -0.71204989 -0.64868085
vn -0.24014372 -0.71205086 -0.65978372
vn -0.21113135 -0.71205067 -0.66963229
vn -0.18172258 -0.71204909 -0.67820572
vn -0.15196736 -0.71205058 -0.68548515
vn -0.12192148 -0.71204973 -0.69146246
vn -0.09164953 -0.71204859 -0.69612295
vn -0.06119453 -0.71205238 -0.69945453
vn -0.03062615 -0.71204780 -0.70146274
vn -0.00000212 -0.71205139 -0.70212735
vn 0.03063026 -0.71205055 -0.70145976
vn 0.06119501 -0.71204829 -0.69945865
vn 0.09164245 -0.71205040 -0.69612203
vn 0.12192316 -0.71205078 -0.69146109
vn 0.15197241 -0.71205060 -0.68548401
vn 0.18172793 -0.71204920 -0.67820417
vn 0.21113446 -0.71204971 -0.66963233
vn 0.24014502 -0.71205138 -0.65978270
vn 0.26869465 -0.71204773 -0.64868422
vn 0.29672455 -0.71204904 -0.63634952
vn 0.32420274 -0.71205287 -0.62279474
vn 0.35107306 -0.71205178 -0.60805425
vn 0.37725191 -0.71204242 -0.59217953
vn 0.40271091 -0.71205571 -0.57515267
vn 0.42743757 -0.71205256 -0.55702628
vn 0.45132703 -0.71204497 -0.53786232
vn 0.47434491 -0.71205068 -0.51766856
vn 0.49647292 -0.71205988 -0.49647292
vn 0.51767718 -0.71204475 -0.47434440
vn 0.53785953 -0.71204910 -0.45132383
vn 0.55703412 -0.71205228 -0.42742781
vn 0.57514113 -0.71203621 -0.40276186
vn 0.59214131 -0.71206747 -0.37726461
vn 0.60807634 -0.71205049 -0.35103742
vn 0.62280596 -0.71204081 -0.32420769
vn 0.63634205 -0.71206972 -0.29669093
vn 0.64871278 -0.71202180 -0.26869440
vn 0.65976071 -0.71206633 -0.24016111
vn 0.66963922 -0.71205302 -0.21110141
vn 0.67821719 -0.71203999 -0.18171542
vn 0.68548099 -0.71205131 -0.15198270
vn 0.69145931 -0.71205142 -0.12192947
vn 0.69612034 -0.71205223 -0.09164113
vn 0.69946066 -0.71204638 -0.06119435
vn 0.70146424 -0.71204521 -0.03065200
vn 0.70212991 -0.71204886 -0.00004364
vn 0.70144518 -0.71206513 0.03062521
vn 0.69946069 -0.71204394 0.06122236
vn 0.69611093 -0.71205703 0.09167534
vn 0.69147262 -0.71203709 0.12193769
vn 0.68548143 -0.71205606 0.15195848
vn 0.67820847 -0.71204623 0.18172352
vn 0.66963098 -0.71205272 0.21112855
vn 0.65978113 -0.71205147 0.24014906
vn 0.64867803 -0.71204982 0.26870404
vn 0.63634847 -0.71204618 0.29673365
vn 0.62279679 -0.71205202 0.32420070
vn 0.60805899 -0.71205093 0.35106656
vn 0.59217473 -0.71204660 0.37725155
vn 0.57515234 -0.71205249 0.40271707
vn 0.55703659 -0.71204977 0.42742878
vn 0.53786253 -0.71204999 0.45131886
vn 0.51766289 -0.71205052 0.47435133
vn 0.49647924 -0.71204975 0.49648114
vn 0.47435449 -0.71204878 0.51766239
vn 0.45132108 -0.71205129 0.53785894
vn 0.42741485 -0.71205432 0.55704146
vn 0.40272635 -0.71204211 0.57515870
vn 0.37726352 -0.71205243 0.59216009
vn 0.35106656 -0.71205093 0.60805899
vn 0.32420070 -0.71205202 0.62279679
vn 0.29673365 -0.71204618 0.63634847
vn 0.26870404 -0.71204982 0.64867803
vn 0.24014906 -0.71205147 0.65978113
vn 0.21112855 -0.71205272 0.66963098
vn 0.18172352 -0.71204623 0.67820847
vn 0.15195848 -0.71205606 0.68548143
vn 0.12189986 -0.71204888 0.69146715
vn 0.09164092 -0.71204524 0.69612752
vn 0.06122236 -0.71204394 0.69946069
vn 0.03062521 -0.71206513 0.70144518
vn -0.00004364 -0.71204886 0.70212991
vn -0.03065200 -0.71204521 0.70146424
vn -0.06114803 -0.71203083 0.69948054
vn -0.09163857 -0.71208387 0.69608831
vn -0.12193372 -0.71201876 0.69149219
vn -0.15192923 -0.71206789 0.68547562
vn -0.18176282 -0.71205747 0.67818613
vn -0.21115808 -0.71203554 0.66963994
vn -0.24011464 -0.71204807 0.65979732
vn -0.26868105 -0.71205864 0.64867788
vn -0.29675075 -0.71205113 0.63633496
vn -0.32420769 -0.71204081 0.62280596
vn -0.35103742 -0.71205049 0.60807634
vn -0.37726461 -0.71206747 0.59214131
vn -0.40276186 -0.71203621 0.57514113
vn -0.42740972 -0.71204237 0.55706067
vn -0.45129399 -0.71205901 0.53787145
vn -0.47436020 -0.71205472 0.51764899
vn -0.49648722 -0.71203994 0.49648722
vn -0.51764910 -0.71205480 0.47435996
vn -0.53787134 -0.71205866 0.45129467
vn -0.55705994 -0.71204264 0.42741021
vn -0.57514136 -0.71203646 0.40276110
vn -0.59214192 -0.71206723 0.37726411
vn -0.60807611 -0.71205014 0.35103852
vn -0.62280515 -0.71204116 0.32420847
vn -0.63633513 -0.71205159 0.29674930
vn -0.64867883 -0.71205819 0.26867994
vn -0.65979732 -0.71204807 0.24011464
vn -0.66963994 -0.71203554 0.21115808
vn -0.67818613 -0.71205747 0.18176282
vn -0.68547562 -0.71206789 0.15192923
vn -0.69149185 -0.71201950 0.12193135
vn -0.69608982 -0.71208235 0.09163890
vn -0.69947893 -0.71203243 0.06114776
vn -0.70146594 -0.71204352 0.03065219
vn -0.70212813 -0.71205062 0.00004352
vn -0.70144705 -0.71206330 -0.03062518
vn -0.69945875 -0.71204584 -0.06122230
vn -0.69612952 -0.71204326 -0.09164108
vn -0.69146509 -0.71205092 -0.12189960
vn -0.68548353 -0.71205395 -0.15195885
vn -0.67820633 -0.71204839 -0.18172303
vn -0.66963103 -0.71205163 -0.21113210
vn -0.65978342 -0.71205032 -0.24014615
vn -0.64867831 -0.71205096 -0.26870036
vn -0.63634585 -0.71204736 -0.29673643
vn -0.62279895 -0.71204964 -0.32420176
vn -0.60805978 -0.71205213 -0.35106276
vn -0.59216009 -0.71205243 -0.37726352
vn -0.57515870 -0.71204211 -0.40272635
vn -0.55704146 -0.71205432 -0.42741485
vn -0.53785894 -0.71205129 -0.45132108
vn -0.51766239 -0.71204878 -0.47435449
vn -0.49648114 -0.71204975 -0.49647924
vn -0.47435133 -0.71205052 -0.51766289
vn -0.45131886 -0.71204999 -0.53786253
vn -0.42742878 -0.71204977 -0.55703659
vn -0.40271707 -0.71205249 -0.57515234
vn -0.37725155 -0.71204660 -0.59217473
vn -0.35106276 -0.71205213 -0.60805978
vn -0.32420176 -0.71204964 -0.62279895
vn -0.29673643 -0.71204736 -0.63634585
vn -0.26870036 -0.71205096 -0.64867831
vn -0.24014615 -0.71205032 -0.65978342
vn -0.21113210 -0.71205163 -0.66963103
vn -0.18172303 -0.71204839 -0.67820633
vn -0.15195885 -0.71205395 -0.68548353
vn -0.12193742 -0.71203913 -0.69147057
vn -0.09167550 -0.71205505 -0.69611293
vn -0.06122230 -0.71204584 -0.69945875
vn -0.03062518 -0.71206330 -0.70144705
vn 0.00004352 -0.71205062 -0.70212813
vn 0.03065219 -0.71204352 -0.70146594
vn 0.06119408 -0.71204798 -0.69945905
vn 0.09164146 -0.71205072 -0.69612184
vn 0.12192710 -0.71205216 -0.69145897
vn 0.15198270 -0.71205131 -0.68548099
vn 0.18171542 -0.71203999 -0.67821719
vn 0.21110141 -0.71205302 -0.66963922
vn 0.24016111 -0.71206633 -0.65976071
vn 0.26869330 -0.71202135 -0.64871373
vn 0.29668948 -0.71207017 -0.63634222
vn 0.32420847 -0.71204116 -0.62280515
vn 0.35103852 -0.71205014 -0.60807611
vn 0.37726411 -0.71206723 -0.59214192
vn 0.40276110 -0.71203646 -0.57514136
vn 0.42742830 -0.71205256 -0.55703340
vn 0.45132451 -0.71204875 -0.53785943
vn 0.47434416 -0.71204483 -0.51767729
vn -0.50336575 -0.70926852 -0.49351909
vn -0.85280287 -0.30151134 -0.42640143
vn 0.49351909 -0.70926852 0.50336575
vn 0.42640143 -0.30151134 0.85280287
vn 0.42426328 -0.30861097 0.85132834
vn -0.85132834 -0.30861097 -0.42426328
vn -0.99952197 -0.03030406 0.00612310
vn -0.00612310 -0.03030406 0.99952197
vn -0.99822861 -0.05932030 0.00455570
vn -0.00455570 -0.05932030 0.99822861
vn -0.99615336 -0.08759235 0.00246436
vn -0.00246436 -0.08759235 0.99615336
vn -0.99328853 -0.11566214 -0.00041218
vn 0.00041218 -0.11566214 0.99328853
vn -0.98964213 -0.14349878 -0.00406893
vn 0.00406893 -0.14349878 0.98964213
vn -0.98522230 -0.17106968 -0.00849594
vn 0.00849594 -0.17106968 0.98522230
vn -0.98003756 -0.19834074 -0.01368709
vn 0.01368709 -0.19834074 0.98003756
vn -0.97409606 -0.22528090 -0.01963102
vn 0.01963102 -0.22528090 0.97409606
vn -0.96740659 -0.25185630 -0.02632289
vn 0.02632289 -0.25185630 0.96740659
vn -0.95997778 -0.27803525 -0.03375005
vn 0.03375005 -0.27803525 0.95997778
vn -0.95181889 -0.30378376 -0.04190742
vn 0.04190742 -0.30378376 0.95181889
vn -0.94293905 -0.32907015 -0.05078169
vn 0.05078169 -0.32907015 0.94293905
vn -0.93334297 -0.35387398 -0.06036642
vn 0.06036642 -0.35387398 0.93334297
vn -0.92304178 -0.37815478 -0.07065996
vn 0.07065996 -0.37815478 0.92304178
vn -0.91205922 -0.40184887 -0.08164234
vn 0.08164234 -0.40184887 0.91205922
vn -0.90040857 -0.42492650 -0.09328387
vn 0.09328387 -0.42492650 0.90040857
vn -0.88809514 -0.44736877 -0.10558509
vn 0.10558509 -0.44736877 0.88809514
vn -0.87513433 -0.46913673 -0.11853539
vn 0.11853539 -0.46913673 0.87513433
vn -0.86155174 -0.49017837 -0.13211272
vn 0.13211272 -0.49017837 0.86155174
vn -0.84735166 -0.51048399 -0.14629171
vn 0.14629171 -0.51048399 0.84735166
vn -0.83255885 -0.52999910 -0.16107986
vn 0.16107986 -0.52999910 0.83255885
vn -0.81719420 -0.54869571 -0.17642747
vn 0.17642747 -0.54869571 0.81719420
vn -0.80126766 -0.56654761 -0.19233809
vn 0.19233809 -0.56654761 0.80126766
vn -0.78548616 -0.58268170 -0.20855103
vn 0.20855103 -0.58268170 0.78548616
vn -0.76977116 -0.59762309 -0.22427442
vn 0.22427442 -0.59762309 0.76977116
vn -0.75290717 -0.61254548 -0.24066332
vn 0.24066332 -0.61254548 0.75290717
vn -0.73506244 -0.62679011 -0.25849055
vn 0.25849055 -0.62679011 0.73506244
vn -0.71678603 -0.64001795 -0.27675769
vn 0.27675769 -0.64001795 0.71678603
vn -0.69810475 -0.65220763 -0.29542336
vn 0.29542336 -0.65220763 0.69810475
vn -0.67903657 -0.66333657 -0.31447405
vn 0.31447405 -0.66333657 0.67903657
vn -0.65961361 -0.67337402 -0.33388218
vn 0.33388218 -0.67337402 0.65961361
vn -0.63987182 -0.68229307 -0.35361026
vn 0.35361026 -0.68229307 0.63987182
vn -0.61983843 -0.69007483 -0.37362689
vn 0.37362689 -0.69007483 0.61983843
vn -0.59954259 -0.69669692 -0.39390618
vn 0.39390618 -0.69669692 0.59954259
vn -0.57902100 -0.70213723 -0.41441282
vn 0.41441282 -0.70213723 0.57902100
vn -0.55830588 -0.70638012 -0.43511110
vn 0.43511110 -0.70638012 0.55830588
vn -0.53743105 -0.70940786 -0.45596968
vn 0.45596968 -0.70940786 0.53743105
vn -0.51686371 -0.71104319 -0.47672789
vn 0.47672789 -0.71104319 0.51686371
vn -0.42640143 -0.90453403 0.00000000
vn 0.00000000 -0.90453403 -0.42640143
vn -0.81649658 -0.57735027 0.00000000
vn 0.00000000 -0.57735027 -0.81649658
vn 0.81649658 -0.57735027 0.00000000
vn 0.42640143 -0.90453403 -0.00000000
vn -0.00000000 -0.57735027 0.81649658
vn 0.00000000 -0.90453403 0.42640143
vn 0.51398637 0.71072396 0.48030143
vn -0.48030143 0.71072396 -0.51398637
vn 0.53302784 0.70983720 0.46044813
vn -0.46044813 0.70983720 -0.53302784
vn 0.55371703 0.70712359 0.43974274
vn -0.43974274 0.70712359 -0.55371703
vn 0.57436715 0.70319403 0.41907104
vn -0.41907104 0.70319403 -0.57436715
vn 0.59494337 0.69803659 0.39848125
vn -0.39848125 0.69803659 -0.59494337
vn 0.61539357 0.69166030 0.37801691
vn -0.37801691 0.69166030 -0.61539357
vn 0.63568879 0.68406802 0.35770199
vn -0.35770199 0.68406802 -0.63568879
vn 0.65579472 0.67525622 0.33758307
vn -0.33758307 0.67525622 -0.65579472
vn 0.67566880 0.66524044 0.31768983
vn -0.31768983 0.66524044 -0.67566880
vn 0.69528086 0.65402092 0.29806234
vn -0.29806234 0.65402092 -0.69528086
vn 0.71459080 0.64161324 0.27873363
vn -0.27873363 0.64161324 -0.71459080
vn 0.73355698 0.62802877 0.25975761
vn -0.25975761 0.62802877 -0.73355698
vn 0.75210741 0.61331034 0.24121540
vn -0.24121540 0.61331034 -0.75210741
vn 0.76749665 0.59904163 0.22824989
vn -0.22824989 0.59904163 -0.76749665
vn 0.77886578 0.58853240 0.21678956
vn -0.21678956 0.58853240 -0.77886578
vn 0.79277144 0.57560435 0.20048211
vn -0.20048211 0.57560435 -0.79277144
vn 0.80987762 0.55720379 0.18336352
vn -0.18336352 0.55720379 -0.80987762
vn 0.82644891 0.53774402 0.16677400
vn -0.16677400 0.53774402 -0.82644891
vn 0.84245353 0.51724707 0.15075648
vn -0.15075648 0.51724707 -0.84245353
vn 0.85785481 0.49575067 0.13533808
vn -0.13533808 0.49575067 -0.85785481
vn 0.87262015 0.47328547 0.12056095
vn -0.12056095 0.47328547 -0.87262015
vn 0.88671468 0.44989472 0.10645103
vn -0.10645103 0.44989472 -0.88671468
vn 0.90010744 0.42561565 0.09304795
vn -0.09304795 0.42561565 -0.90010744
vn 0.91276291 0.40050266 0.08038336
vn -0.08038336 0.40050266 -0.91276291
vn 0.92454857 0.37481565 0.06872527
vn -0.06872527 0.37481565 -0.92454857
vn 0.93544294 0.34871718 0.05781723
vn -0.05781723 0.34871718 -0.93544294
vn 0.94564334 0.32172083 0.04748036
vn -0.04748036 0.32172083 -0.94564334
vn 0.95511167 0.29379735 0.03801080
vn -0.03801080 0.29379735 -0.95511167
vn 0.96371186 0.26531931 0.02941296
vn -0.02941296 0.26531931 -0.96371186
vn 0.97142037 0.23637007 0.02171758
vn -0.02171758 0.23637007 -0.97142037
vn 0.97807430 0.20768539 0.01540919
vn -0.01540919 0.20768539 -0.97807430
vn 0.82548241 0.39214579 0.40595623
vn -0.40595623 0.39214579 -0.82548241
vn 0.47434948 -0.71204649 -0.51767014
vn -0.00000000 -0.57735027 0.81649658
vn 0.49647615 -0.71205538 -0.49647615
vn -0.81649658 -0.57735027 0.00000000
vn 0.21113258 -0.71204912 -0.66963355
vn 0.24014344 -0.71205222 -0.65978236
vn 0.26869098 -0.71204577 -0.64868789
vn 0.12192232 -0.71204890 -0.69146317
vn 0.09164746 -0.71205026 -0.69612152
vn -0.64868155 -0.71205043 -0.26869393
vn -0.65978515 -0.71204870 -0.24014622
vn 0.81649658 -0.57735027 0.00000000
vn -0.59215744 -0.71205085 0.37727067
vn -0.57514962 -0.71204503 0.40273413
vn 0.60805402 -0.71205275 -0.35107149
vn 0.59216859 -0.71204640 -0.37726155
vn 0.35106774 -0.71205023 -0.60805913
vn 0.37725236 -0.71204749 -0.59217314
vn 0.40272124 -0.71205283 -0.57514900
vn 0.32421172 -0.71204943 -0.62279400
vn 0.29672614 -0.71205387 -0.63634337
vn 0.18172774 -0.71204916 -0.67820427
vn 0.15196872 -0.71205172 -0.68548367
vn -0.70145990 -0.71205053 0.03062772
vn -0.69945720 -0.71204960 0.06119632
vn -0.69612152 -0.71205026 0.09164746
vn -0.69146317 -0.71204890 0.12192232
vn -0.66963355 -0.71204912 0.21113258
vn -0.65978236 -0.71205222 0.24014344
vn -0.64868342 -0.71204788 0.26869617
vn -0.63634733 -0.71204961 0.29672787
vn -0.69146309 -0.71205341 0.12189642
vn -0.68547503 -0.71205845 0.15197614
vn -0.67821574 -0.71203835 0.18172726
vn -0.66962561 -0.71205914 0.21112396
vn -0.65978403 -0.71204712 0.24015397
vn -0.64868591 -0.71204786 0.26869022
vn -0.63634535 -0.71205174 0.29672700
vn -0.35105768 -0.71205710 0.60805690
vn -0.32419890 -0.71204547 0.62280520
vn 0.00000000 -0.57735027 -0.81649658
vn -0.29672918 -0.71205169 0.63634439
vn -0.26868828 -0.71204919 0.64868526
vn -0.24015327 -0.71204571 0.65978581
vn -0.21112704 -0.71205910 0.66962468
vn -0.18172683 -0.71203949 0.67821466
vn 0.65978663 -0.71205384 -0.24012693
vn 0.64867632 -0.71205341 -0.26869865
vn 0.57515423 -0.71204931 -0.40272000
vn 0.55703382 -0.71205274 -0.42742745
vn 0.53786410 -0.71204714 -0.45132147
vn 0.45132157 -0.71205065 -0.53785937
vn 0.42743255 -0.71204907 -0.55703459
vn -0.09164705 -0.71204863 -0.69612324
vn -0.12191759 -0.71204919 -0.69146371
vn -0.15196776 -0.71205273 -0.68548283
vn -0.18172654 -0.71204788 -0.67820593
vn -0.68548367 -0.71205172 0.15196872
vn -0.67820427 -0.71204916 0.18172774
vn -0.42743225 -0.71204937 0.55703444
vn -0.40272090 -0.71205266 0.57514945
vn 0.60805934 -0.71205055 -0.35106674
vn 0.59217314 -0.71204749 -0.37725236
vn 0.57514945 -0.71205266 -0.40272090
vn 0.55703444 -0.71204937 -0.42743225
vn 0.26870059 -0.71205209 -0.64867697
vn 0.24012763 -0.71205525 -0.65978485
vn 0.21112833 -0.71204307 -0.66964132
vn 0.18174880 -0.71204630 -0.67820162
vn -0.64867863 -0.71205436 -0.26869059
vn -0.65978953 -0.71204441 -0.24014691
vn -0.62280466 -0.71204616 0.32419845
vn -0.60805669 -0.71205678 0.35105869
vn -0.49647290 -0.71205991 0.49647290
vn -0.47436593 -0.71203744 0.51766751
vn -0.45132335 -0.71206069 0.53784459
vn -0.42741923 -0.71204823 0.55704589
vn -0.40273380 -0.71204486 0.57515007
vn -0.37727067 -0.71205085 0.59215744
vn 0.63635230 -0.71204318 -0.29673265
vn 0.62279734 -0.71205412 -0.32419501
vn -0.66962962 -0.71205314 -0.21113149
vn -0.67820808 -0.71204561 -0.18172739
vn -0.68548109 -0.71205327 -0.15197306
vn -0.69146274 -0.71204982 -0.12191938
vn -0.69612281 -0.71204934 -0.09164479
vn -0.69945720 -0.71204960 -0.06119632
vn -0.62279512 -0.71205158 0.32420486
vn -0.60805913 -0.71205023 0.35106774
vn -0.59217314 -0.71204749 0.37725236
vn -0.45132194 -0.71205053 0.53785922
vn 0.65978414 -0.71205081 -0.24014274
vn 0.64868724 -0.71204709 -0.26868904
vn 0.53785922 -0.71205053 -0.45132194
vn 0.51767014 -0.71204649 -0.47434948
vn 0.45132110 -0.71204727 -0.53786425
vn 0.42742775 -0.71205244 -0.55703396
vn 0.40272034 -0.71204948 -0.57515378
vn 0.37726155 -0.71204640 -0.59216859
vn 0.35107250 -0.71205243 -0.60805381
vn 0.32419456 -0.71205480 -0.62279680
vn 0.29673046 -0.71204322 -0.63635327
vn 0.15197614 -0.71205845 -0.68547503
vn 0.12191987 -0.71204610 -0.69146648
vn 0.09164450 -0.71205294 -0.69611917
vn -0.47435285 -0.71204883 -0.51766383
vn -0.49647940 -0.71205085 -0.49647940
vn -0.55704603 -0.71204793 0.42741953
vn -0.53784474 -0.71206082 0.45132298
vn -0.51766751 -0.71203744 0.47436593
vn 0.06119632 -0.71204960 -0.69945720
vn 0.03062772 -0.71205053 -0.70145990
vn 0.00000011 -0.71204986 -0.70212890
vn -0.03062761 -0.71205056 -0.70145987
vn -0.06119843 -0.71205031 -0.69945629
vn -0.70145987 -0.71205056 -0.03062761
vn -0.70212890 -0.71204986 0.00000011
vn -0.57514900 -0.71205283 0.40272124
vn -0.55703459 -0.71204907 0.42743255
vn -0.53785937 -0.71205065 0.45132157
vn -0.51766374 -0.71204875 0.47435307
vn -0.49647940 -0.71205085 0.49647940
vn -0.47435307 -0.71204875 0.51766374
vn -0.37725236 -0.71204749 0.59217314
vn -0.35106674 -0.71205055 0.60805934
vn -0.32420531 -0.71205090 0.62279566
vn 0.63634241 -0.71205382 -0.29672832
vn 0.62279454 -0.71204875 -0.32421217
vn 0.51765394 -0.71205554 -0.47435357
vn 0.49648590 -0.71204179 -0.49648590
vn 0.47435357 -0.71205554 -0.51765394
vn -0.09165322 -0.71204926 -0.69612178
vn -0.12192728 -0.71204973 -0.69146143
vn -0.15196566 -0.71204790 -0.68548831
vn -0.18171408 -0.71204973 -0.67820733
vn -0.66962582 -0.71205514 -0.21113676
vn -0.67820733 -0.71204973 -0.18171408
vn -0.68548831 -0.71204790 -0.15196566
vn -0.69945538 -0.71205102 -0.06120054
vn -0.70145918 -0.71205135 -0.03062517
vn -0.70213052 -0.71204826 0.00000000
vn -0.70145722 -0.71205305 0.03063033
vn -0.69945168 -0.71205320 0.06121748
vn -0.69613372 -0.71203856 0.09164567
vn 0.69146679 -0.71204543 -0.12192202
vn 0.68547601 -0.71205786 -0.15197450
vn -0.40272504 -0.71205132 -0.57514820
vn -0.37725509 -0.71204882 -0.59216980
vn -0.35106674 -0.71205055 -0.60805934
vn -0.42742997 -0.71204812 -0.55703779
vn -0.45131831 -0.71205185 -0.53786052
vn -0.47435325 -0.71204865 -0.51766371
vn -0.49647929 -0.71205085 -0.49647950
vn -0.51766367 -0.71204878 -0.47435311
vn -0.53786073 -0.71205178 -0.45131818
vn -0.55703760 -0.71204795 -0.42743050
vn -0.57514796 -0.71205172 -0.40272468
vn -0.59217035 -0.71204860 -0.37725464
vn -0.60805934 -0.71205055 -0.35106674
vn -0.29673005 -0.71204956 0.63634637
vn -0.26869422 -0.71204921 0.64868277
vn -0.24014274 -0.71205081 0.65978414
vn -0.69146143 -0.71204973 -0.12192728
vn -0.69612178 -0.71204926 -0.09165322
vn 0.67820055 -0.71204743 -0.18174838
vn 0.66964040 -0.71204302 -0.21113141
vn -0.21113502 -0.71205205 -0.66962966
vn -0.24014622 -0.71204870 -0.65978515
vn -0.26869393 -0.71205043 -0.64868155
vn -0.29672959 -0.71204785 -0.63634850
vn -0.32420188 -0.71205197 -0.62279622
vn -0.62279622 -0.71205197 -0.32420188
vn -0.63634850 -0.71204785 -0.29672959
vn -0.21113567 -0.71204907 0.66963262
vn -0.18172732 -0.71205029 0.67820319
vn -0.15196709 -0.71205113 0.68548464
vn -0.12192446 -0.71204823 0.69146348
vn -0.09164941 -0.71205093 0.69612058
vn -0.06119396 -0.71205035 0.69945664
vn 0.06117493 -0.71205295 -0.69945567
vn 0.03063011 -0.71203969 -0.70147080
vn 0.00002016 -0.71205481 -0.70212388
vn -0.03062517 -0.71205135 -0.70145918
vn -0.06120054 -0.71205102 -0.69945538
vn -0.51766383 -0.71204883 -0.47435285
vn -0.53786108 -0.71205183 -0.45131768
vn -0.55703886 -0.71204869 -0.42742763
vn -0.03062546 -0.71204978 0.70146075
vn -0.00000011 -0.71204986 0.70212890
vn 0.03062761 -0.71205056 0.70145987
vn 0.69146348 -0.71204823 -0.12192446
vn 0.68548464 -0.71205113 -0.15196709
vn -0.40272713 -0.71204953 -0.57514896
vn -0.37725397 -0.71205101 -0.59216788
vn -0.35106944 -0.71204789 -0.60806090
vn -0.42742944 -0.71204967 -0.55703621
vn -0.45132065 -0.71205084 -0.53785989
vn -0.57514896 -0.71204953 -0.40272713
vn -0.59216788 -0.71205101 -0.37725397
vn -0.60806090 -0.71204789 -0.35106944
vn 0.62279452 -0.71205142 0.32420637
vn 0.63634719 -0.71205160 0.29672339
vn 0.64868668 -0.71204533 0.26869508
vn 0.65978033 -0.71205113 0.24015226
vn 0.67820319 -0.71205029 -0.18172732
vn 0.66963262 -0.71204907 -0.21113567
vn -0.21113676 -0.71205514 -0.66962582
vn -0.24015620 -0.71204806 -0.65978221
vn -0.26869432 -0.71204742 -0.64868469
vn -0.29672173 -0.71204840 -0.63635155
vn -0.32420197 -0.71205465 -0.62279311
vn -0.62279311 -0.71205465 -0.32420197
vn -0.63635030 -0.71204511 -0.29673230
vn -0.09164762 -0.71203923 0.69613278
vn -0.12189857 -0.71205274 0.69146340
vn -0.15197450 -0.71205786 0.68547601
vn -0.06121513 -0.71205395 0.69945113
vn -0.03062807 -0.71205230 0.70145808
vn 0.00000000 -0.71204826 0.70213052
vn 0.03062517 -0.71205135 0.70145918
vn 0.06120054 -0.71205102 0.69945538
vn 0.09165322 -0.71204926 0.69612178
vn 0.12192997 -0.71205068 0.69145999
vn 0.15196330 -0.71204502 0.68549183
vn 0.18171319 -0.71205365 0.67820344
vn 0.68549183 -0.71204502 0.15196330
vn 0.69145999 -0.71205068 0.12192997
vn 0.69612178 -0.71204926 0.09165322
vn 0.69945538 -0.71205102 0.06120054
vn 0.70145918 -0.71205135 0.03062517
vn 0.70212388 -0.71205481 -0.00002016
vn 0.70147165 -0.71203894 -0.03062784
vn 0.62279763 -0.71204874 0.32420628
vn 0.63634414 -0.71205105 0.29673126
vn 0.64868353 -0.71204834 0.26869469
vn 0.65978327 -0.71205177 0.24014228
vn 0.51766214 -0.71205109 0.47435130
vn 0.53786166 -0.71204859 0.45132211
vn 0.55703439 -0.71205192 0.42742806
vn 0.57515187 -0.71204841 0.40272496
vn 0.59216788 -0.71205101 0.37725397
vn 0.60806162 -0.71204897 0.35106599
vn 0.69945511 -0.71205369 -0.06117257
vn 0.69611823 -0.71205361 -0.09164645
vn 0.06119632 -0.71204960 0.69945720
vn 0.09164479 -0.71204934 0.69612281
vn 0.12192207 -0.71205076 0.69146130
vn 0.26869135 -0.71205226 0.64868061
vn 0.29673397 -0.71204831 0.63634594
vn 0.66962975 -0.71205112 0.21113785
vn 0.67820344 -0.71205365 0.18171319
vn 0.47435156 -0.71205104 0.51766197
vn 0.49648113 -0.71204859 0.49648091
vn 0.51766201 -0.71205092 0.47435170
vn 0.53786228 -0.71204960 0.45131977
vn 0.55703597 -0.71205037 0.42742860
vn 0.57515111 -0.71205020 0.40272286
vn 0.59216980 -0.71204882 0.37725509
vn 0.60806006 -0.71205164 0.35106329
vn 0.68548635 -0.71204985 0.15196540
vn 0.69146226 -0.71205013 0.12192028
vn 0.69612324 -0.71204863 0.09164705
vn 0.69945629 -0.71205031 0.06119843
vn 0.70145987 -0.71205056 0.03062761
vn 0.70212890 -0.71204986 -0.00000011
vn 0.70146075 -0.71204978 -0.03062546
vn 0.21113785 -0.71205112 0.66962975
vn 0.24014296 -0.71204748 0.65978765
vn 0.32420637 -0.71205142 0.62279452
vn 0.35106599 -0.71204897 0.60806162
vn 0.37725397 -0.71205101 0.59216788
vn 0.40272496 -0.71204841 0.57515187
vn 0.42742626 -0.71205093 0.55703704
vn 0.45131914 -0.71204957 0.53786284
vn 0.47435130 -0.71205109 0.51766214
vn 0.49648102 -0.71204859 0.49648102
vn 0.69945664 -0.71205035 -0.06119396
vn 0.69612058 -0.71205093 -0.09164941
vn 0.15197070 -0.71205040 0.68548460
vn 0.18172651 -0.71204954 0.67820420
vn 0.21113258 -0.71204912 0.66963355
vn 0.29673126 -0.71205105 0.63634414
vn 0.32420628 -0.71204874 0.62279763
vn 0.35106329 -0.71205164 0.60806006
vn 0.37725464 -0.71204860 0.59217035
vn 0.40272251 -0.71205060 0.57515087
vn 0.42742913 -0.71205019 0.55703578
vn 0.45131964 -0.71204952 0.53786249
vn 0.66963359 -0.71204803 0.21113611
vn 0.67820205 -0.71205180 0.18172566
vn 0.24014228 -0.71205177 0.65978327
vn 0.26869469 -0.71204834 0.64868353
vn 0.32421055 -0.71204111 -0.62280413
vn 0.29669042 -0.71207057 -0.63634133
vn 0.00000000 -0.57735027 0.81649658
vn 0.40276112 -0.71203583 -0.57514211
vn 0.37726368 -0.71206777 -0.59214155
vn 0.35103899 -0.71204949 -0.60807659
vn 0.47434484 -0.71204456 -0.51767704
vn 0.45132533 -0.71204886 -0.53785859
vn 0.42742739 -0.71205307 -0.55703344
vn -0.68547500 -0.71206715 0.15193549
vn -0.67818945 -0.71205503 0.18176004
vn -0.03063083 -0.71206333 -0.70144676
vn 0.00004340 -0.71205239 -0.70212634
vn 0.03065488 -0.71204266 -0.70146670
vn -0.69148973 -0.71202088 0.12193531
vn -0.66963778 -0.71203844 0.21115515
vn -0.65979922 -0.71204597 0.24011566
vn -0.64867907 -0.71205919 0.26867670
vn -0.81649658 -0.57735027 0.00000000
vn 0.26869005 -0.71202235 -0.64871398
vn 0.24016213 -0.71206422 -0.65976261
vn 0.21109848 -0.71205593 -0.66963706
vn 0.18171264 -0.71203755 -0.67822050
vn 0.15198896 -0.71205058 -0.68548037
vn 0.12193106 -0.71205354 -0.69145685
vn 0.09163649 -0.71205228 -0.69612090
vn 0.06118943 -0.71204642 -0.69946105
vn -0.68548563 -0.71205185 -0.15195922
vn -0.69146397 -0.71205095 -0.12190578
vn -0.70146670 -0.71204266 0.03065488
vn -0.70212634 -0.71205239 0.00004340
vn -0.70144676 -0.71206333 -0.03063083
vn -0.69612693 -0.71204621 -0.09163782
vn -0.69946193 -0.71204296 -0.06121946
vn -0.69948092 -0.71203087 0.06114311
vn -0.69608888 -0.71208391 0.09163393
vn -0.63633424 -0.71205199 0.29675024
vn -0.62280413 -0.71204111 0.32421055
vn -0.60807659 -0.71204949 0.35103899
vn -0.59214155 -0.71206777 0.37726368
vn -0.57514211 -0.71203583 0.40276112
vn -0.55705999 -0.71204316 0.42740930
vn -0.42740930 -0.71204316 0.55705999
vn -0.40276112 -0.71203583 0.57514211
vn 0.59214155 -0.71206777 -0.37726368
vn 0.57514211 -0.71203583 -0.40276112
vn 0.55703344 -0.71205307 -0.42742739
vn 0.53785949 -0.71204853 -0.45132478
vn 0.51767747 -0.71204488 -0.47434388
vn 0.49647288 -0.71205993 -0.49647288
vn -0.57514819 -0.71204948 -0.40272833
vn -0.59216622 -0.71204999 -0.37725850
vn -0.60805978 -0.71205213 -0.35106276
vn -0.62279956 -0.71205082 -0.32419799
vn -0.53787051 -0.71205877 0.45129550
vn -0.51764885 -0.71205453 0.47436064
vn -0.49648718 -0.71204000 0.49648718
vn -0.37726368 -0.71206777 0.59214155
vn -0.35103899 -0.71204949 0.60807659
vn -0.32421055 -0.71204111 0.62280413
vn -0.65978560 -0.71204807 -0.24014687
vn -0.66962878 -0.71205603 -0.21112441
vn -0.67821196 -0.71204618 -0.18171070
vn -0.06121946 -0.71204296 -0.69946193
vn -0.09167225 -0.71205800 -0.69611034
vn -0.12194361 -0.71203916 -0.69146944
vn -0.21112441 -0.71205603 -0.66962878
vn -0.24014687 -0.71204807 -0.65978560
vn -0.26870238 -0.71205443 -0.64867367
vn -0.29674112 -0.71204386 -0.63634759
vn -0.45132259 -0.71204875 -0.53786104
vn -0.47435133 -0.71205052 -0.51766289
vn -0.49648114 -0.71204975 -0.49647924
vn -0.51766239 -0.71204878 -0.47435449
vn -0.53785745 -0.71205005 -0.45132481
vn -0.55703287 -0.71205063 -0.42743219
vn -0.63634759 -0.71204386 -0.29674112
vn -0.64867367 -0.71205443 -0.26870238
vn -0.47435967 -0.71205485 0.51764929
vn -0.45129494 -0.71205844 0.53787140
vn 0.64871398 -0.71202235 -0.26869005
vn 0.65976261 -0.71206422 -0.24016213
vn 0.66963706 -0.71205593 -0.21109848
vn 0.63634133 -0.71207057 -0.29669042
vn 0.62280413 -0.71204111 -0.32421055
vn 0.60807659 -0.71204949 -0.35103899
vn -0.15195922 -0.71205185 -0.68548563
vn -0.18171070 -0.71204618 -0.67821196
vn -0.32419799 -0.71205082 -0.62279956
vn -0.35106276 -0.71205213 -0.60805978
vn -0.37724653 -0.71204415 -0.59218086
vn -0.21115515 -0.71203844 0.66963778
vn -0.03064492 -0.71203937 0.70147047
vn -0.00004340 -0.71205239 0.70212634
vn 0.03061947 -0.71205958 0.70145107
vn 0.06121922 -0.71205060 0.69945418
vn 0.69145685 -0.71205354 -0.12193106
vn 0.68548037 -0.71205058 -0.15198896
vn 0.67822050 -0.71203755 -0.18171264
vn -0.40271904 -0.71205986 -0.57514183
vn -0.42744612 -0.71204608 -0.55702800
vn 0.69146944 -0.71203916 0.12194361
vn 0.69611269 -0.71205411 0.09168463
vn 0.69945418 -0.71205060 0.06121922
vn 0.70145107 -0.71205958 0.03061947
vn 0.70212634 -0.71205239 -0.00004340
vn 0.70147047 -0.71203937 -0.03064492
vn 0.69945462 -0.71205282 -0.06118835
vn 0.69612279 -0.71204915 -0.09164643
vn -0.18176004 -0.71205503 0.67818945
vn -0.15193549 -0.71206715 0.68547500
vn -0.12193531 -0.71202088 0.69148973
vn -0.09164387 -0.71208079 0.69609076
vn -0.06114204 -0.71203728 0.69947450
vn 0.15195922 -0.71205185 0.68548563
vn 0.18171070 -0.71204618 0.67821196
vn 0.29674112 -0.71204386 0.63634759
vn 0.32419799 -0.71205082 0.62279956
vn 0.12190578 -0.71205095 0.69146397
vn 0.35106276 -0.71205213 0.60805978
vn 0.37726853 -0.71205488 0.59215395
vn 0.40273394 -0.71203966 0.57515641
vn 0.42741712 -0.71205556 0.55703814
vn 0.45132481 -0.71205005 0.53785745
vn 0.47435449 -0.71204878 0.51766239
vn 0.49647924 -0.71204975 0.49648114
vn 0.51766289 -0.71205052 0.47435133
vn 0.21112441 -0.71205603 0.66962878
vn 0.24014687 -0.71204807 0.65978560
vn 0.53786104 -0.71204875 0.45132259
vn 0.55703327 -0.71205101 0.42743104
vn 0.57515005 -0.71205005 0.40272466
vn 0.09165020 -0.71204232 0.69612928
vn 0.59216859 -0.71204904 0.37725656
vn 0.60805978 -0.71205213 0.35106276
vn 0.62279956 -0.71205082 0.32419799
vn 0.65978560 -0.71204807 0.24014687
vn 0.66962878 -0.71205603 0.21112441
vn 0.67821196 -0.71204618 0.18171070
vn 0.68548563 -0.71205185 0.15195922
vn -0.29675024 -0.71205199 0.63633424
vn -0.26867670 -0.71205919 0.64867907
vn -0.24011566 -0.71204597 0.65979922
vn 0.63634759 -0.71204386 0.29674112
vn 0.64867367 -0.71205443 0.26870238
vn 0.26870238 -0.71205443 0.64867367
vn -0.49647950 0.71205071 0.49647950
vn 0.81649658 0.57735027 0.00000000
vn -0.47435175 0.71204931 0.51766418
vn 0.00000000 0.57735027 -0.81649658
vn -0.45131988 0.71205045 0.53786106
vn -0.69945682 0.71205021 0.06119364
vn -0.70146099 0.71204951 0.03062643
vn -0.70212828 0.71205048 0.00000004
vn -0.70146065 0.71204981 -0.03062727
vn -0.69945711 0.71204986 -0.06119438
vn -0.69612170 0.71205023 -0.09164626
vn -0.51766416 0.71204930 0.47435178
vn -0.53786102 0.71205047 0.45131990
vn -0.55703621 0.71204959 0.42742958
vn -0.64868227 0.71204995 0.26869346
vn -0.65978505 0.71205031 0.24014171
vn -0.66963253 0.71204946 0.21113465
vn -0.67820371 0.71205048 0.18172465
vn -0.68548568 0.71205010 0.15196719
vn -0.69146256 0.71204907 0.12192478
vn -0.69612099 0.71205071 0.09164802
vn -0.69146199 0.71204981 -0.12192367
vn -0.68548554 0.71205002 -0.15196823
vn -0.67820400 0.71205020 -0.18172466
vn 0.00000038 0.71205048 0.70212828
vn -0.03062642 0.71204964 0.70146086
vn -0.37725405 0.71204976 0.59216934
vn -0.40272500 0.71205036 0.57514942
vn -0.42742967 0.71204956 0.55703618
vn -0.57514953 0.71205037 0.40272483
vn -0.59216940 0.71204967 0.37725411
vn -0.60806064 0.71205008 0.35106544
vn -0.66963284 0.71204944 -0.21113372
vn -0.65978476 0.71205064 -0.24014155
vn -0.64868253 0.71204966 -0.26869362
vn -0.06119438 0.71205032 0.69945664
vn -0.09164776 0.71205025 0.69612149
vn -0.12192432 0.71204951 0.69146219
vn -0.15196742 0.71204985 0.68548590
vn -0.18172458 0.71205067 0.67820352
vn -0.21113473 0.71204928 0.66963269
vn -0.24014163 0.71205047 0.65978490
vn -0.26869354 0.71204981 0.64868240
vn -0.29673100 0.71204945 0.63634605
vn -0.62279576 0.71205080 0.32420532
vn -0.63634616 0.71204932 0.29673108
vn -0.03062562 0.71205034 -0.70146018
vn -0.00000004 0.71204939 -0.70212938
vn 0.47435178 0.71204930 -0.51766416
vn 0.49647950 0.71205071 -0.49647950
vn 0.12192317 0.71204997 0.69146192
vn 0.09164677 0.71204978 0.69612210
vn 0.53786106 0.71205045 -0.45131988
vn 0.55703618 0.71204956 -0.42742967
vn 0.57514942 0.71205036 -0.40272500
vn 0.59216994 0.71205050 -0.37725171
vn 0.60806255 0.71204929 -0.35106373
vn 0.62279535 0.71205002 -0.32420784
vn 0.24014211 0.71205007 0.65978516
vn 0.21113435 0.71204987 0.66963219
vn 0.06119481 0.71205030 0.69945662
vn 0.03062705 0.71204959 0.70146088
vn 0.03062645 0.71205064 -0.70145984
vn 0.06119546 0.71204963 -0.69945725
vn 0.09164621 0.71205009 -0.69612186
vn 0.51766418 0.71204931 -0.47435175
vn 0.18172443 0.71205011 0.67820415
vn 0.15196823 0.71205002 0.68548554
vn -0.32420552 0.71205074 0.62279573
vn -0.35106534 0.71205003 0.60806075
vn 0.68548590 0.71204985 -0.15196742
vn 0.69146190 0.71205013 -0.12192234
vn 0.69612236 0.71204963 -0.09164596
vn 0.32420666 0.71204997 0.62279602
vn 0.29673217 0.71205000 0.63634489
vn 0.26869302 0.71204992 0.64868249
vn -0.15196823 0.71205002 -0.68548554
vn -0.12192367 0.71204981 -0.69146199
vn 0.12192279 0.71204968 -0.69146228
vn 0.15196719 0.71205010 -0.68548568
vn 0.18172465 0.71205048 -0.67820371
vn 0.63634444 0.71205017 -0.29673272
vn 0.64868240 0.71204981 -0.26869354
vn 0.65978490 0.71205047 -0.24014163
vn 0.66963269 0.71204928 -0.21113473
vn 0.67820352 0.71205067 -0.18172458
vn -0.32420706 0.71204982 -0.62279599
vn -0.29673235 0.71205018 -0.63634460
vn -0.26869362 0.71204966 -0.64868253
vn -0.24014155 0.71205064 -0.65978476
vn -0.21113372 0.71204944 -0.66963284
vn -0.18172466 0.71205020 -0.67820400
vn -0.09164626 0.71205023 -0.69612170
vn -0.06119438 0.71204986 -0.69945711
vn 0.40272483 0.71205037 -0.57514953
vn 0.37725177 0.71205042 -0.59216999
vn 0.35106383 0.71204933 -0.60806244
vn 0.42742958 0.71204959 -0.55703621
vn 0.45131990 0.71205047 -0.53786102
vn 0.57515003 0.71205009 0.40272462
vn 0.55703666 0.71204972 0.42742877
vn -0.63634460 0.71205018 -0.29673235
vn -0.62279649 0.71204960 -0.32420657
vn -0.60806096 0.71205055 -0.35106393
vn 0.21113465 0.71204946 -0.66963253
vn 0.24014171 0.71205031 -0.65978505
vn 0.26869346 0.71204995 -0.64868227
vn 0.29673280 0.71205004 -0.63634455
vn 0.32420765 0.71205008 -0.62279538
vn 0.59216946 0.71205002 0.37725337
vn 0.53786185 0.71205029 0.45131920
vn 0.51766371 0.71204984 0.47435146
vn 0.49647991 0.71205014 0.49647991
vn 0.47435146 0.71204984 0.51766371
vn 0.45131945 0.71205021 0.53786175
vn 0.42742856 0.71204992 0.55703656
vn 0.40272486 0.71204982 0.57515019
vn 0.69945706 0.71204975 -0.06119620
vn 0.70145971 0.71205077 -0.03062644
vn 0.70212938 0.71204939 0.00000045
vn 0.64868249 0.71204992 0.26869302
vn 0.63634489 0.71205000 0.29673217
vn 0.37725368 0.71205017 0.59216908
vn 0.35106406 0.71205004 0.60806148
vn -0.59216921 0.71204975 -0.37725427
vn -0.57515044 0.71204992 -0.40272433
vn -0.55703559 0.71205035 -0.42742912
vn -0.47435072 0.71204965 -0.51766465
vn -0.45132019 0.71204981 -0.53786165
vn -0.42742932 0.71205015 -0.55703569
vn -0.40272409 0.71205018 -0.57515028
vn -0.37725396 0.71204960 -0.59216959
vn -0.35106461 0.71205034 -0.60806082
vn 0.70146041 0.71205012 0.03062539
vn 0.69945662 0.71205030 0.06119481
vn 0.69612210 0.71204978 0.09164677
vn 0.69146192 0.71204997 0.12192317
vn 0.68548554 0.71205002 0.15196823
vn 0.67820415 0.71205011 0.18172443
vn 0.62279553 0.71205018 0.32420714
vn 0.60806134 0.71204983 0.35106474
vn -0.53786155 0.71204973 -0.45132044
vn -0.51766465 0.71204965 -0.47435072
vn -0.49647950 0.71205072 -0.49647950
vn 0.66963219 0.71204987 0.21113435
vn 0.65978516 0.71205007 0.24014211
vn -0.50342569 -0.70222870 0.50342569
vn -0.48098697 -0.70223074 0.52490334
vn -0.45763602 -0.70222901 0.54538398
vn -0.43341070 -0.70223014 0.56482563
vn -0.40835747 -0.70222694 0.58319936
vn -0.38252694 -0.70223197 0.60045266
vn -0.35597825 -0.70222900 0.61656624
vn -0.32874134 -0.70222865 0.63150934
vn -0.30088055 -0.70222995 0.64524723
vn -0.27245230 -0.70223030 0.65775554
vn -0.24350257 -0.70222874 0.66901517
vn -0.21408862 -0.70223043 0.67899815
vn -0.18426959 -0.70222925 0.68769092
vn -0.15409339 -0.70222843 0.69507587
vn -0.12362942 -0.70223125 0.70113268
vn -0.09293171 -0.70222863 0.70586022
vn -0.06205004 -0.70222919 0.70924182
vn -0.03105385 -0.70222974 0.71127284
vn -0.00000011 -0.70222966 0.71195049
vn 0.03105610 -0.70222898 0.71127349
vn 0.06205231 -0.70222991 0.70924090
vn 0.09292661 -0.70223017 0.70585936
vn 0.12362787 -0.70222879 0.70113542
vn 0.15409674 -0.70222914 0.69507440
vn 0.18426839 -0.70222998 0.68769050
vn 0.21408552 -0.70223039 0.67899917
vn 0.24350275 -0.70222781 0.66901608
vn 0.27245211 -0.70223115 0.65775471
vn 0.30088302 -0.70222851 0.64524765
vn 0.32874034 -0.70223076 0.63150752
vn 0.35597583 -0.70222794 0.61656884
vn 0.38253044 -0.70223089 0.60045170
vn 0.40835675 -0.70222895 0.58319745
vn 0.43340853 -0.70222934 0.56482829
vn 0.45763240 -0.70222999 0.54538575
vn 0.48098851 -0.70222852 0.52490490
vn 0.50342426 -0.70223090 0.50342404
vn 0.52490477 -0.70222864 0.48098849
vn 0.54538566 -0.70222992 0.45763263
vn 0.56482875 -0.70222917 0.43340821
vn 0.58319706 -0.70222933 0.40835666
vn 0.60045150 -0.70223067 0.38253114
vn 0.61656884 -0.70222794 0.35597583
vn 0.63150752 -0.70223076 0.32874034
vn 0.64524765 -0.70222851 0.30088302
vn 0.65775471 -0.70223115 0.27245211
vn 0.66901608 -0.70222781 0.24350275
vn 0.67899715 -0.70223145 0.21408845
vn 0.68769267 -0.70222777 0.18426869
vn 0.69507511 -0.70222968 0.15409113
vn 0.70113516 -0.70222940 0.12362583
vn 0.70585839 -0.70223086 0.09292872
vn 0.70924139 -0.70222922 0.06205457
vn 0.71127349 -0.70222898 0.03105610
vn 0.71195049 -0.70222966 -0.00000011
vn 0.71127284 -0.70222974 -0.03105385
vn 0.70924182 -0.70222919 -0.06205004
vn 0.70586022 -0.70222863 -0.09293171
vn 0.70113268 -0.70223125 -0.12362942
vn 0.69507587 -0.70222843 -0.15409339
vn 0.68769092 -0.70222925 -0.18426959
vn 0.67899815 -0.70223043 -0.21408862
vn 0.66901517 -0.70222874 -0.24350257
vn 0.65775619 -0.70223236 -0.27244543
vn 0.64525089 -0.70222581 -0.30088237
vn 0.63150442 -0.70223074 -0.32874633
vn 0.61656624 -0.70222900 -0.35597825
vn 0.60045266 -0.70223197 -0.38252694
vn 0.58319936 -0.70222694 -0.40835747
vn 0.56482563 -0.70223014 -0.43341070
vn 0.54538398 -0.70222901 -0.45763602
vn 0.52490652 -0.70223295 -0.48098028
vn 0.50342877 -0.70222429 -0.50342877
vn 0.48098028 -0.70223295 -0.52490652
vn 0.45763580 -0.70222889 -0.54538432
vn 0.43341065 -0.70223043 -0.56482531
vn 0.40835800 -0.70222677 -0.58319919
vn 0.38252694 -0.70223197 -0.60045266
vn 0.35597895 -0.70222930 -0.61656548
vn 0.32874650 -0.70223008 -0.63150507
vn 0.30088020 -0.70222576 -0.64525195
vn 0.27244639 -0.70223365 -0.65775441
vn 0.24350424 -0.70222737 -0.66901600
vn 0.21408552 -0.70223039 -0.67899917
vn 0.18426944 -0.70223035 -0.68768983
vn 0.15409531 -0.70222786 -0.69507602
vn 0.12362747 -0.70223060 -0.70113368
vn 0.09292955 -0.70222928 -0.70585986
vn 0.06205231 -0.70222991 -0.70924090
vn 0.03105621 -0.70222901 -0.71127345
vn 0.00000011 -0.70222966 -0.71195049
vn -0.03105610 -0.70222898 -0.71127349
vn -0.06205457 -0.70222922 -0.70924139
vn -0.09292872 -0.70223086 -0.70585839
vn -0.12362277 -0.70223032 -0.70113478
vn -0.15409476 -0.70222687 -0.69507714
vn -0.18426757 -0.70223159 -0.68768907
vn -0.21408975 -0.70222754 -0.67900079
vn -0.24350466 -0.70223080 -0.66901225
vn -0.27245294 -0.70222911 -0.65775655
vn -0.30087864 -0.70223163 -0.64524630
vn -0.32873884 -0.70222761 -0.63151180
vn -0.35597825 -0.70222900 -0.61656624
vn -0.38253114 -0.70223067 -0.60045150
vn -0.40836014 -0.70222824 -0.58319593
vn -0.43340688 -0.70223136 -0.56482705
vn -0.45763403 -0.70222772 -0.54538731
vn -0.48098702 -0.70223084 -0.52490317
vn -0.50342558 -0.70222870 -0.50342580
vn -0.52490331 -0.70223072 -0.48098704
vn -0.54538741 -0.70222780 -0.45763381
vn -0.56482659 -0.70223153 -0.43340720
vn -0.58319633 -0.70222786 -0.40836023
vn -0.60045170 -0.70223089 -0.38253044
vn -0.61656624 -0.70222900 -0.35597825
vn -0.63151180 -0.70222761 -0.32873884
vn -0.64524630 -0.70223163 -0.30087864
vn -0.65775655 -0.70222911 -0.27245294
vn -0.66901225 -0.70223080 -0.24350466
vn -0.67900281 -0.70222648 -0.21408682
vn -0.68768690 -0.70223380 -0.18426726
vn -0.69507643 -0.70222634 -0.15410037
vn -0.70113504 -0.70222971 -0.12362481
vn -0.70585936 -0.70223017 -0.09292661
vn -0.70924090 -0.70222991 -0.06205231
vn -0.71127349 -0.70222898 -0.03105610
vn -0.71195049 -0.70222966 0.00000011
vn -0.71127345 -0.70222901 0.03105621
vn -0.70924090 -0.70222991 0.06205231
vn -0.70585986 -0.70222928 0.09292955
vn -0.70113368 -0.70223060 0.12362747
vn -0.69507602 -0.70222786 0.15409531
vn -0.68768983 -0.70223035 0.18426944
vn -0.67899917 -0.70223039 0.21408552
vn -0.66901600 -0.70222737 0.24350424
vn -0.65775376 -0.70223159 0.27245326
vn -0.64524829 -0.70222991 0.30087837
vn -0.63150999 -0.70222799 0.32874151
vn -0.61656548 -0.70222930 0.35597895
vn -0.60045266 -0.70223197 0.38252694
vn -0.58319919 -0.70222677 0.40835800
vn -0.56482531 -0.70223043 0.43341065
vn -0.54538432 -0.70222889 0.45763580
vn -0.52490334 -0.70223074 0.48098697
vn -0.00000000 -0.90453403 0.42640143
vn 0.50342559 0.70222884 -0.50342559
vn 0.52490461 0.70223020 -0.48098638
vn 0.54538572 0.70222909 -0.45763383
vn 0.56482769 0.70222996 -0.43340831
vn 0.58319560 0.70222918 -0.40835901
vn 0.60045446 0.70222904 -0.38252950
vn 0.61656732 0.70223022 -0.35597394
vn 0.63150747 0.70222951 -0.32874310
vn 0.64524638 0.70222936 -0.30088377
vn 0.65775626 0.70222972 -0.27245206
vn 0.66901531 0.70222907 -0.24350122
vn 0.67899862 0.70223023 -0.21408780
vn 0.68769199 0.70222888 -0.18426701
vn 0.69507465 0.70222968 -0.15409318
vn 0.70113479 0.70222941 -0.12362792
vn 0.70585947 0.70222989 -0.09292787
vn 0.70924105 0.70222978 -0.06205221
vn 0.71127374 0.70222878 -0.03105493
vn 0.71195004 0.70223012 0.00000046
vn 0.71127317 0.70222941 0.03105381
vn 0.70924170 0.70222923 0.06205090
vn 0.70585950 0.70222974 0.09292873
vn 0.70113450 0.70222956 0.12362870
vn 0.69507462 0.70222951 0.15409408
vn 0.68769155 0.70222942 0.18426657
vn 0.67899922 0.70222966 0.21408776
vn 0.66901483 0.70222946 0.24350143
vn 0.65775656 0.70222960 0.27245162
vn 0.64524652 0.70222953 0.30088307
vn 0.63150794 0.70222935 0.32874254
vn 0.61656702 0.70222970 0.35597550
vn 0.60045316 0.70222951 0.38253067
vn 0.58319577 0.70222944 0.40835831
vn 0.56482843 0.70222980 0.43340760
vn 0.54538627 0.70222925 0.45763293
vn 0.52490492 0.70222968 0.48098680
vn 0.50342521 0.70222939 0.50342521
vn 0.48098680 0.70222968 0.52490492
vn 0.45763308 0.70222933 0.54538604
vn 0.43340763 0.70222961 0.56482865
vn 0.40835825 0.70222970 0.58319550
vn 0.38253114 0.70222936 0.60045303
vn 0.35597503 0.70222949 0.61656754
vn 0.32874185 0.70222956 0.63150807
vn 0.30088307 0.70222953 0.64524652
vn 0.27245162 0.70222960 0.65775656
vn 0.24350143 0.70222946 0.66901483
vn 0.21408776 0.70222966 0.67899922
vn 0.18426657 0.70222942 0.68769155
vn 0.15409408 0.70222951 0.69507462
vn 0.12362870 0.70222956 0.70113450
vn 0.09292873 0.70222974 0.70585950
vn 0.06205090 0.70222923 0.70924170
vn 0.03105545 0.70222993 0.71127259
vn 0.00000039 0.70222906 0.71195108
vn -0.03105481 0.70222988 0.71127265
vn -0.06205046 0.70222921 0.70924176
vn -0.09292986 0.70222929 0.70585981
vn -0.12362972 0.70223001 0.70113387
vn -0.15409318 0.70222968 0.69507465
vn -0.18426701 0.70222888 0.68769199
vn -0.21408780 0.70223023 0.67899862
vn -0.24350122 0.70222907 0.66901531
vn -0.27245206 0.70222972 0.65775626
vn -0.30088142 0.70223007 0.64524670
vn -0.32874141 0.70222881 0.63150913
vn -0.35597632 0.70222950 0.61656678
vn -0.38253108 0.70222977 0.60045261
vn -0.40835901 0.70222918 0.58319560
vn -0.43340831 0.70222996 0.56482769
vn -0.45763383 0.70222909 0.54538572
vn -0.48098638 0.70223020 0.52490461
vn -0.50342559 0.70222884 0.50342559
vn -0.52490458 0.70223021 0.48098640
vn -0.54538571 0.70222907 0.45763387
vn -0.56482777 0.70222993 0.43340826
vn -0.58319572 0.70222917 0.40835884
vn -0.60045253 0.70222985 0.38253105
vn -0.61656675 0.70222946 0.35597646
vn -0.63150928 0.70222875 0.32874127
vn -0.64524658 0.70223020 0.30088139
vn -0.65775640 0.70222958 0.27245209
vn -0.66901516 0.70222923 0.24350119
vn -0.67899879 0.70223005 0.21408783
vn -0.68769181 0.70222906 0.18426699
vn -0.69507493 0.70222943 0.15409305
vn -0.70113339 0.70223044 0.12363002
vn -0.70586021 0.70222884 0.09293024
vn -0.70924171 0.70222933 0.06204970
vn -0.71127253 0.70223001 0.03105481
vn -0.71195108 0.70222907 0.00000004
vn -0.71127278 0.70222972 -0.03105569
vn -0.70924132 0.70222967 -0.06205038
vn -0.70586000 0.70222930 -0.09292834
vn -0.70113427 0.70222971 -0.12362915
vn -0.69507462 0.70222951 -0.15409408
vn -0.68769156 0.70222934 -0.18426685
vn -0.67899907 0.70223007 -0.21408687
vn -0.66901547 0.70222891 -0.24350125
vn -0.65775612 0.70222986 -0.27245203
vn -0.64524656 0.70222935 -0.30088340
vn -0.63150789 0.70222992 -0.32874143
vn -0.61656788 0.70222899 -0.35597540
vn -0.60045246 0.70222977 -0.38253129
vn -0.58319591 0.70222961 -0.40835782
vn -0.56482834 0.70222919 -0.43340871
vn -0.54538511 0.70222979 -0.45763347
vn -0.52490559 0.70222987 -0.48098579
vn -0.50342560 0.70222883 -0.50342560
vn -0.48098579 0.70222987 -0.52490559
vn -0.45763332 0.70222971 -0.54538534
vn -0.43340867 0.70222939 -0.56482813
vn -0.40835788 0.70222935 -0.58319618
vn -0.38253082 0.70222992 -0.60045259
vn -0.35597588 0.70222920 -0.61656737
vn -0.32874212 0.70222971 -0.63150776
vn -0.30088340 0.70222935 -0.64524656
vn -0.27245203 0.70222986 -0.65775612
vn -0.24350125 0.70222891 -0.66901547
vn -0.21408687 0.70223007 -0.67899907
vn -0.18426685 0.70222934 -0.68769156
vn -0.15409408 0.70222951 -0.69507462
vn -0.12362915 0.70222971 -0.70113427
vn -0.09292834 0.70222930 -0.70586000
vn -0.06205038 0.70222967 -0.70924132
vn -0.03105406 0.70222920 -0.71127336
vn -0.00000004 0.70223012 -0.71195004
vn 0.03105493 0.70222891 -0.71127361
vn 0.06205144 0.70222989 -0.70924100
vn 0.09292825 0.70222944 -0.70585987
vn 0.12362822 0.70222984 -0.70113431
vn 0.15409305 0.70222943 -0.69507493
vn 0.18426699 0.70222906 -0.68769181
vn 0.21408783 0.70223005 -0.67899879
vn 0.24350119 0.70222923 -0.66901516
vn 0.27245209 0.70222958 -0.65775640
vn 0.30088373 0.70222949 -0.64524625
vn 0.32874296 0.70222945 -0.63150761
vn 0.35597409 0.70223018 -0.61656729
vn 0.38252948 0.70222912 -0.60045438
vn 0.40835884 0.70222917 -0.58319572
vn 0.43340826 0.70222993 -0.56482777
vn 0.45763387 0.70222907 -0.54538571
vn 0.48098640 0.70223021 -0.52490458
vn 0.85280287 -0.30151134 -0.42640143
vn 0.00000000 -1.00000000 0.00000000
f 2//2 3//3 1//1
f 3//3 4//4 1//1
f 1//1 4//4 5//5
f 6//6 7//7 1//1
f 7//7 8//8 1//1
f 1//1 8//8 2//2
f 9//9 10//10 1//1
f 10//10 11//11 1//1
f 1//1 11//11 6//6
f 12//12 13//13 1//1
f 13//13 14//14 1//1
f 1//1 14//14 9//9
f 15//15 16//16 1//1
f 16//16 17//17 1//1
f 1//1 17//17 12//12
f 18//18 19//19 1//1
f 19//19 20//20 1//1
f 1//1 20//20 15//15
f 21//21 22//22 1//1
f 22//22 23//23 1//1
f 1//1 23//23 18//18
f 24//24 25//25 1//1
f 25//25 26//26 1//1
f 1//1 26//26 21//21
f 27//27 28//28 1//1
f 28//28 29//29 1//1
f 1//1 29//29 24//24
f 30//30 31//31 1//1
f 31//31 32//32 1//1
f 1//1 32//32 27//27
f 33//33 34//34 1//1
f 34//34 35//35 1//1
f 1//1 35//35 30//30
f 36//36 37//37 1//1
f 37//37 38//38 1//1
f 1//1 38//38 33//33
f 39//39 40//40 1//1
f 40//40 41//41 1//1
f 1//1 41//41 36//36
f 42//42 43//43 1//1
f 43//43 44//44 1//1
f 1//1 44//44 39//39
f 45//45 46//46 1//1
f 46//46 47//47 1//1
f 1//1 47//47 42//42
f 48//48 49//49 1//1
f 49//49 50//50 1//1
f 1//1 50//50 45//45
f 51//51 52//52 1//1
f 52//52 53//53 1//1
f 1//1 53//53 48//48
f 54//54 55//55 1//1
f 55//55 56//56 1//1
f 1//1 56//56 51//51
f 57//57 58//58 1//1
f 58//58 59//59 1//1
f 1//1 59//59 54//54
f 60//60 61//61 1//1
f 61//61 62//62 1//1
f 1//1 62//62 57//57
f 63//63 64//64 1//1
f 64//64 65//65 1//1
f 1//1 65//65 60//60
f 66//66 67//67 1//1
f 67//67 68//68 1//1
f 1//1 68//68 63//63
f 69//69 70//70 1//1
f 70//70 71//71 1//1
f 1//1 71//71 66//66
f 72//72 73//73 1//1
f 73//73 74//74 1//1
f 1//1 74//74 69//69
f 75//75 76//76 1//1
f 76//76 77//77 1//1
f 1//1 77//77 72//72
f 78//78 79//79 1//1
f 79//79 80//80 1//1
f 1//1 80//80 75//75
f 81//81 82//82 1//1
f 82//82 83//83 1//1
f 1//1 83//83 78//78
f 84//84 85//85 1//1
f 85//85 86//86 1//1
f 1//1 86//86 81//81
f 87//87 88//88 1//1
f 88//88 89//89 1//1
f 1//1 89//89 84//84
f 90//90 91//91 1//1
f 91//91 92//92 1//1
f 1//1 92//92 87//87
f 93//93 94//94 1//1
f 94//94 95//95 1//1
f 1//1 95//95 90//90
f 96//96 97//97 1//1
f 97//97 98//98 1//1
f 1//1 98//98 93//93
f 99//99 100//100 1//1
f 100//100 101//101 1//1
f 1//1 101//101 96//96
f 102//102 103//103 1//1
f 103//103 104//104 1//1
f 1//1 104//104 99//99
f 105//105 106//106 1//1
f 106//106 107//107 1//1
f 1//1 107//107 102//102
f 108//108 109//109 1//1
f 109//109 110//110 1//1
f 1//1 110//110 105//105
f 111//111 112//112 1//1
f 112//112 113//113 1//1
f 1//1 113//113 108//108
f 114//114 115//115 1//1
f 115//115 116//116 1//1
f 1//1 116//116 111//111
f 117//117 118//118 1//1
f 118//118 119//119 1//1
f 1//1 119//119 114//114
f 120//120 121//121 1//1
f 121//121 122//122 1//1
f 1//1 122//122 117//117
f 123//123 124//124 1//1
f 124//124 125//125 1//1
f 1//1 125//125 120//120
f 126//126 127//127 1//1
f 127//127 128//128 1//1
f 1//1 128//128 123//123
f 129//129 130//130 1//1
f 130//130 131//131 1//1
f 1//1 131//131 126//126
f 132//132 133//133 1//1
f 133//133 134//134 1//1
f 1//1 134//134 129//129
f 135//135 136//136 1//1
f 136//136 137//137 1//1
f 1//1 137//137 132//132
f 138//138 139//139 1//1
f 139//139 140//140 1//1
f 1//1 140//140 135//135
f 141//141 142//142 1//1
f 142//142 143//143 1//1
f 1//1 143//143 138//138
f 5//5 144//144 1//1
f 144//144 145//145 1//1
f 1//1 145//145 141//141
f 146//146 147//147 148//148
f 147//147 149//149 148//148
f 148//148 149//149 150//150
f 149//149 151//151 150//150
f 150//150 151//151 152//152
f 151//151 153//153 152//152
f 152//152 153//153 154//154
f 153//153 155//155 154//154
f 154//154 155//155 156//156
f 155//155 157//157 156//156
f 156//156 157//157 158//158
f 157//157 159//159 158//158
f 158//158 159//159 160//160
f 159//159 161//161 160//160
f 160//160 161//161 162//162
f 161//161 163//163 162//162
f 162//162 163//163 164//164
f 163//163 165//165 164//164
f 164//164 165//165 166//166
f 165//165 167//167 166//166
f 166//166 167//167 168//168
f 167//167 169//169 168//168
f 168//168 169//169 170//170
f 169//169 171//171 170//170
f 170//170 171//171 172//172
f 171//171 173//173 172//172
f 172//172 173//173 174//174
f 173//173 175//175 174//174
f 174//174 175//175 176//176
f 175//175 177//177 176//176
f 176//176 177//177 178//178
f 177//177 179//179 178//178
f 178//178 179//179 180//180
f 179//179 181//181 180//180
f 180//180 181//181 182//182
f 181//181 183//183 182//182
f 182//182 183//183 184//184
f 183//183 185//185 184//184
f 184//184 185//185 186//186
f 185//185 187//187 186//186
f 186//186 187//187 188//188
f 187//187 189//189 188//188
f 188//188 189//189 190//190
f 189//189 191//191 190//190
f 190//190 191//191 192//192
f 191//191 193//193 192//192
f 192//192 193//193 194//194
f 193//193 195//195 194//194
f 194//194 195//195 196//196
f 195//195 197//197 196//196
f 196//196 197//197 198//198
f 197//197 199//199 198//198
f 198//198 199//199 200//200
f 199//199 201//201 200//200
f 200//200 201//201 202//202
f 201//201 203//203 202//202
f 202//202 203//203 204//204
f 203//203 205//205 204//204
f 204//204 205//205 206//206
f 205//205 207//207 206//206
f 206//206 207//207 208//208
f 207//207 209//209 208//208
f 208//208 209//209 210//210
f 209//209 211//211 210//210
f 210//210 211//211 212//212
f 211//211 213//213 212//212
f 212//212 213//213 214//214
f 213//213 215//215 214//214
f 214//214 215//215 216//216
f 215//215 217//217 216//216
f 216//216 217//217 218//218
f 217//217 219//219 218//218
f 218//218 219//219 220//220
f 219//219 221//221 220//220
f 220//220 221//221 222//222
f 221//221 223//223 222//222
f 222//222 223//223 224//224
f 223//223 225//225 224//224
f 224//224 225//225 226//226
f 225//225 227//227 226//226
f 226//226 227//227 228//228
f 227//227 229//229 228//228
f 228//228 229//229 230//230
f 229//229 231//231 230//230
f 230//230 231//231 232//232
f 231//231 233//233 232//232
f 232//232 233//233 234//234
f 233//233 235//235 234//234
f 234//234 235//235 236//236
f 235//235 237//237 236//236
f 236//236 237//237 238//238
f 237//237 239//239 238//238
f 238//238 239//239 240//240
f 239//239 241//241 240//240
f 240//240 241//241 242//242
f 241//241 243//243 242//242
f 242//242 243//243 244//244
f 243//243 245//245 244//244
f 244//244 245//245 246//246
f 245//245 247//247 246//246
f 246//246 247//247 248//248
f 247//247 249//249 248//248
f 248//248 249//249 250//250
f 249//249 251//251 250//250
f 250//250 251//251 252//252
f 251//251 253//253 252//252
f 252//252 253//253 254//254
f 253//253 255//255 254//254
f 254//254 255//255 256//256
f 255//255 257//257 256//256
f 256//256 257//257 258//258
f 257//257 259//259 258//258
f 258//258 259//259 260//260
f 259//259 261//261 260//260
f 260//260 261//261 262//262
f 261//261 263//263 262//262
f 262//262 263//263 264//264
f 263//263 265//265 264//264
f 264//264 265//265 266//266
f 265//265 267//267 266//266
f 266//266 267//267 268//268
f 267//267 269//269 268//268
f 268//268 269//269 270//270
f 269//269 271//271 270//270
f 270//270 271//271 272//272
f 271//271 273//273 272//272
f 272//272 273//273 274//274
f 273//273 275//275 274//274
f 274//274 275//275 276//276
f 275//275 277//277 276//276
f 276//276 277//277 278//278
f 277//277 279//279 278//278
f 278//278 279//279 280//280
f 279//279 281//281 280//280
f 280//280 281//281 282//282
f 281//281 283//283 282//282
f 282//282 283//283 284//284
f 283//283 285//285 284//284
f 284//284 285//285 286//286
f 285//285 287//287 286//286
f 286//286 287//287 288//288
f 287//287 289//289 288//288
f 288//288 289//289 290//290
f 289//289 291//291 290//290
f 290//290 291//291 292//292
f 291//291 293//293 292//292
f 292//292 293//293 294//294
f 293//293 295//295 294//294
f 294//294 295//295 296//296
f 295//295 297//297 296//296
f 296//296 297//297 298//298
f 297//297 299//299 298//298
f 298//298 299//299 300//300
f 299//299 301//301 300//300
f 300//300 301//301 302//302
f 301//301 303//303 302//302
f 302//302 303//303 304//304
f 303//303 305//305 304//304
f 304//304 305//305 306//306
f 305//305 307//307 306//306
f 306//306 307//307 308//308
f 307//307 309//309 308//308
f 308//308 309//309 310//310
f 309//309 311//311 310//310
f 310//310 311//311 312//312
f 311//311 313//313 312//312
f 312//312 313//313 314//314
f 313//313 315//315 314//314
f 314//314 315//315 316//316
f 315//315 317//317 316//316
f 316//316 317//317 318//318
f 317//317 319//319 318//318
f 318//318 319//319 320//320
f 319//319 321//321 320//320
f 320//320 321//321 322//322
f 321//321 323//323 322//322
f 322//322 323//323 324//324
f 323//323 325//325 324//324
f 324//324 325//325 326//326
f 325//325 327//327 326//326
f 326//326 327//327 328//328
f 327//327 329//329 328//328
f 328//328 329//329 330//330
f 329//329 331//331 330//330
f 330//330 331//331 332//332
f 331//331 333//333 332//332
f 332//332 333//333 334//334
f 333//333 335//335 334//334
f 334//334 335//335 336//336
f 335//335 337//337 336//336
f 336//336 337//337 338//338
f 337//337 339//339 338//338
f 338//338 339//339 340//340
f 339//339 341//341 340//340
f 340//340 341//341 342//342
f 341//341 343//343 342//342
f 342//342 343//343 344//344
f 343//343 345//345 344//344
f 344//344 345//345 346//346
f 345//345 347//347 346//346
f 346//346 347//347 348//348
f 347//347 349//349 348//348
f 348//348 349//349 350//350
f 349//349 351//351 350//350
f 350//350 351//351 352//352
f 351//351 353//353 352//352
f 352//352 353//353 354//354
f 353//353 355//355 354//354
f 354//354 355//355 356//356
f 355//355 357//357 356//356
f 356//356 357//357 358//358
f 357//357 359//359 358//358
f 358//358 359//359 360//360
f 359//359 361//361 360//360
f 360//360 361//361 362//362
f 361//361 363//363 362//362
f 362//362 363//363 364//364
f 363//363 365//365 364//364
f 364//364 365//365 366//366
f 365//365 367//367 366//366
f 366//366 367//367 368//368
f 367//367 369//369 368//368
f 368//368 369//369 370//370
f 369//369 371//371 370//370
f 370//370 371//371 372//372
f 371//371 373//373 372//372
f 372//372 373//373 374//374
f 373//373 375//375 374//374
f 374//374 375//375 376//376
f 375//375 377//377 376//376
f 376//376 377//377 378//378
f 377//377 379//379 378//378
f 378//378 379//379 380//380
f 379//379 381//381 380//380
f 380//380 381//381 382//382
f 381//381 383//383 382//382
f 382//382 383//383 384//384
f 383//383 385//385 384//384
f 384//384 385//385 386//386
f 385//385 387//387 386//386
f 386//386 387//387 388//388
f 387//387 389//389 388//388
f 388//388 389//389 390//390
f 389//389 391//391 390//390
f 390//390 391//391 392//392
f 391//391 393//393 392//392
f 392//392 393//393 394//394
f 393//393 395//395 394//394
f 394//394 395//395 396//396
f 395//395 397//397 396//396
f 396//396 397//397 398//398
f 397//397 399//399 398//398
f 398//398 399//399 400//400
f 399//399 401//401 400//400
f 400//400 401//401 402//402
f 401//401 403//403 402//402
f 402//402 403//403 404//404
f 403//403 405//405 404//404
f 404//404 405//405 406//406
f 405//405 407//407 406//406
f 406//406 407//407 408//408
f 407//407 409//409 408//408
f 408//408 409//409 410//410
f 409//409 411//411 410//410
f 410//410 411//411 412//412
f 411//411 413//413 412//412
f 412//412 413//413 414//414
f 413//413 415//415 414//414
f 414//414 415//415 416//416
f 415//415 417//417 416//416
f 416//416 417//417 418//418
f 417//417 419//419 418//418
f 418//418 419//419 420//420
f 419//419 421//421 420//420
f 420//420 421//421 422//422
f 421//421 423//423 422//422
f 422//422 423//423 424//424
f 423//423 425//425 424//424
f 424//424 425//425 426//426
f 425//425 427//427 426//426
f 426//426 427//427 428//428
f 427//427 429//429 428//428
f 428//428 429//429 430//430
f 429//429 431//431 430//430
f 430//430 431//431 432//432
f 431//431 433//433 432//432
f 432//432 433//433 146//146
f 433//433 147//147 146//146
f 434//434 435//435 436//436
f 435//435 437//437 436//436
f 436//436 437//437 438//438
f 437//437 439//439 438//438
f 438//438 439//439 440//440
f 439//439 441//441 440//440
f 440//440 441//441 442//442
f 441//441 443//443 442//442
f 442//442 443//443 444//444
f 443//443 445//445 444//444
f 444//444 445//445 446//446
f 445//445 447//447 446//446
f 446//446 447//447 448//448
f 447//447 449//449 448//448
f 448//448 449//449 450//450
f 449//449 451//451 450//450
f 450//450 451//451 452//452
f 451//451 453//453 452//452
f 452//452 453//453 454//454
f 453//453 455//455 454//454
f 454//454 455//455 456//456
f 455//455 457//457 456//456
f 456//456 457//457 458//458
f 457//457 459//459 458//458
f 458//458 459//459 460//460
f 459//459 461//461 460//460
f 460//460 461//461 462//462
f 461//461 463//463 462//462
f 462//462 463//463 464//464
f 463//463 465//465 464//464
f 464//464 465//465 466//466
f 465//465 467//467 466//466
f 466//466 467//467 468//468
f 467//467 469//469 468//468
f 468//468 469//469 470//470
f 469//469 471//471 470//470
f 470//470 471//471 472//472
f 471//471 473//473 472//472
f 472//472 473//473 474//474
f 473//473 475//475 474//474
f 474//474 475//475 476//476
f 475//475 477//477 476//476
f 476//476 477//477 478//478
f 477//477 479//479 478//478
f 478//478 479//479 480//480
f 479//479 481//481 480//480
f 480//480 481//481 482//482
f 481//481 483//483 482//482
f 482//482 483//483 484//484
f 483//483 485//485 484//484
f 484//484 485//485 486//486
f 485//485 487//487 486//486
f 486//486 487//487 488//488
f 487//487 489//489 488//488
f 488//488 489//489 490//490
f 489//489 491//491 490//490
f 490//490 491//491 492//492
f 491//491 493//493 492//492
f 492//492 493//493 494//494
f 493//493 495//495 494//494
f 494//494 495//495 496//496
f 495//495 497//497 496//496
f 496//496 497//497 498//498
f 497//497 499//499 498//498
f 498//498 499//499 500//500
f 499//499 501//501 500//500
f 500//500 501//501 502//502
f 501//501 503//503 502//502
f 502//502 503//503 504//504
f 503//503 505//505 504//504
f 504//504 505//505 506//506
f 505//505 507//507 506//506
f 506//506 507//507 508//508
f 507//507 509//509 508//508
f 508//508 509//509 510//510
f 509//509 511//511 510//510
f 510//510 511//511 512//512
f 511//511 513//513 512//512
f 512//512 513//513 514//514
f 513//513 515//515 514//514
f 514//514 515//515 516//516
f 515//515 517//517 516//516
f 516//516 517//517 518//518
f 517//517 519//519 518//518
f 518//518 519//519 520//520
f 519//519 521//521 520//520
f 520//520 521//521 522//522
f 521//521 523//523 522//522
f 522//522 523//523 524//524
f 523//523 525//525 524//524
f 524//524 525//525 526//526
f 525//525 527//527 526//526
f 526//526 527//527 528//528
f 527//527 529//529 528//528
f 528//528 529//529 530//530
f 529//529 531//531 530//530
f 530//530 531//531 532//532
f 531//531 533//533 532//532
f 532//532 533//533 534//534
f 533//533 535//535 534//534
f 534//534 535//535 536//536
f 535//535 537//537 536//536
f 536//536 537//537 538//538
f 537//537 539//539 538//538
f 538//538 539//539 540//540
f 539//539 541//541 540//540
f 540//540 541//541 542//542
f 541//541 543//543 542//542
f 542//542 543//543 544//544
f 543//543 545//545 544//544
f 544//544 545//545 546//546
f 545//545 547//547 546//546
f 546//546 547//547 548//548
f 547//547 549//549 548//548
f 548//548 549//549 550//550
f 549//549 551//551 550//550
f 550//550 551//551 552//552
f 551//551 553//553 552//552
f 552//552 553//553 554//554
f 553//553 555//555 554//554
f 554//554 555//555 556//556
f 555//555 557//557 556//556
f 556//556 557//557 558//558
f 557//557 559//559 558//558
f 558//558 559//559 560//560
f 559//559 561//561 560//560
f 560//560 561//561 562//562
f 561//561 563//563 562//562
f 562//562 563//563 564//564
f 563//563 565//565 564//564
f 564//564 565//565 566//566
f 565//565 567//567 566//566
f 566//566 567//567 568//568
f 567//567 569//569 568//568
f 568//568 569//569 570//570
f 569//569 571//571 570//570
f 570//570 571//571 572//572
f 571//571 573//573 572//572
f 572//572 573//573 574//574
f 573//573 575//575 574//574
f 574//574 575//575 576//576
f 575//575 577//577 576//576
f 576//576 577//577 578//578
f 577//577 579//579 578//578
f 578//578 579//579 580//580
f 579//579 581//581 580//580
f 580//580 581//581 582//582
f 581//581 583//583 582//582
f 582//582 583//583 584//584
f 583//583 585//585 584//584
f 584//584 585//585 586//586
f 585//585 587//587 586//586
f 586//586 587//587 588//588
f 587//587 589//589 588//588
f 588//588 589//589 590//590
f 589//589 591//591 590//590
f 590//590 591//591 592//592
f 591//591 593//593 592//592
f 592//592 593//593 594//594
f 593//593 595//595 594//594
f 594//594 595//595 596//596
f 595//595 597//597 596//596
f 596//596 597//597 598//598
f 597//597 599//599 598//598
f 598//598 599//599 600//600
f 599//599 601//601 600//600
f 600//600 601//601 602//602
f 601//601 603//603 602//602
f 602//602 603//603 604//604
f 603//603 605//605 604//604
f 604//604 605//605 606//606
f 605//605 607//607 606//606
f 606//606 607//607 608//608
f 607//607 609//609 608//608
f 608//608 609//609 610//610
f 609//609 611//611 610//610
f 610//610 611//611 612//612
f 611//611 613//613 612//612
f 612//612 613//613 614//614
f 613//613 615//615 614//614
f 614//614 615//615 616//616
f 615//615 617//617 616//616
f 616//616 617//617 618//618
f 617//617 619//619 618//618
f 618//618 619//619 620//620
f 619//619 621//621 620//620
f 620//620 621//621 622//622
f 621//621 623//623 622//622
f 622//622 623//623 624//624
f 623//623 625//625 624//624
f 624//624 625//625 626//626
f 625//625 627//627 626//626
f 626//626 627//627 628//628
f 627//627 629//629 628//628
f 628//628 629//629 630//630
f 629//629 631//631 630//630
f 630//630 631//631 632//632
f 631//631 633//633 632//632
f 632//632 633//633 634//634
f 633//633 635//635 634//634
f 634//634 635//635 636//636
f 635//635 637//637 636//636
f 636//636 637//637 638//638
f 637//637 639//639 638//638
f 638//638 639//639 640//640
f 639//639 641//641 640//640
f 640//640 641//641 642//642
f 641//641 643//643 642//642
f 642//642 643//643 644//644
f 643//643 645//645 644//644
f 644//644 645//645 646//646
f 645//645 647//647 646//646
f 646//646 647//647 648//648
f 647//647 649//649 648//648
f 648//648 649//649 650//650
f 649//649 651//651 650//650
f 650//650 651//651 652//652
f 651//651 653//653 652//652
f 652//652 653//653 654//654
f 653//653 655//655 654//654
f 654//654 655//655 656//656
f 655//655 657//657 656//656
f 656//656 657//657 658//658
f 657//657 659//659 658//658
f 658//658 659//659 660//660
f 659//659 661//661 660//660
f 660//660 661//661 662//662
f 661//661 663//663 662//662
f 662//662 663//663 664//664
f 663//663 665//665 664//664
f 664//664 665//665 666//666
f 665//665 667//667 666//666
f 666//666 667//667 668//668
f 667//667 669//669 668//668
f 668//668 669//669 670//670
f 669//669 671//671 670//670
f 670//670 671//671 672//672
f 671//671 673//673 672//672
f 672//672 673//673 674//674
f 673//673 675//675 674//674
f 674//674 675//675 676//676
f 675//675 677//677 676//676
f 676//676 677//677 678//678
f 677//677 679//679 678//678
f 678//678 679//679 680//680
f 679//679 681//681 680//680
f 680//680 681//681 682//682
f 681//681 683//683 682//682
f 682//682 683//683 684//684
f 683//683 685//685 684//684
f 684//684 685//685 686//686
f 685//685 687//687 686//686
f 686//686 687//687 688//688
f 687//687 689//689 688//688
f 688//688 689//689 690//690
f 689//689 691//691 690//690
f 690//690 691//691 692//692
f 691//691 693//693 692//692
f 692//692 693//693 694//694
f 693//693 695//695 694//694
f 694//694 695//695 696//696
f 695//695 697//697 696//696
f 696//696 697//697 698//698
f 697//697 699//699 698//698
f 698//698 699//699 700//700
f 699//699 701//701 700//700
f 700//700 701//701 702//702
f 701//701 703//703 702//702
f 702//702 703//703 704//704
f 703//703 705//705 704//704
f 704//704 705//705 706//706
f 705//705 707//707 706//706
f 706//706 707//707 708//708
f 707//707 709//709 708//708
f 708//708 709//709 710//710
f 709//709 711//711 710//710
f 710//710 711//711 712//712
f 711//711 713//713 712//712
f 712//712 713//713 714//714
f 713//713 715//715 714//714
f 714//714 715//715 716//716
f 715//715 717//717 716//716
f 716//716 717//717 718//718
f 717//717 719//719 718//718
f 718//718 719//719 720//720
f 719//719 721//721 720//720
f 720//720 721//721 434//434
f 721//721 435//435 434//434
f 722//722 723//723 724//724
f 723//723 725//725 724//724
f 724//724 725//725 726//726
f 725//725 727//727 726//726
f 726//726 727//727 728//728
f 727//727 729//729 728//728
f 728//728 729//729 730//730
f 729//729 731//731 730//730
f 730//730 731//731 732//732
f 731//731 733//733 732//732
f 732//732 733//733 734//734
f 733//733 735//735 734//734
f 734//734 735//735 736//736
f 735//735 737//737 736//736
f 736//736 737//737 738//738
f 737//737 739//739 738//738
f 738//738 739//739 740//740
f 739//739 741//741 740//740
f 740//740 741//741 742//742
f 741//741 743//743 742//742
f 742//742 743//743 744//744
f 743//743 745//745 744//744
f 744//744 745//745 746//746
f 745//745 747//747 746//746
f 746//746 747//747 748//748
f 747//747 749//749 748//748
f 748//748 749//749 750//750
f 749//749 751//751 750//750
f 750//750 751//751 752//752
f 751//751 753//753 752//752
f 752//752 753//753 754//754
f 753//753 755//755 754//754
f 754//754 755//755 756//756
f 755//755 757//757 756//756
f 756//756 757//757 758//758
f 757//757 759//759 758//758
f 758//758 759//759 760//760
f 759//759 761//761 760//760
f 760//760 761//761 762//762
f 761//761 763//763 762//762
f 762//762 763//763 764//764
f 763//763 765//765 764//764
f 764//764 765//765 766//766
f 765//765 767//767 766//766
f 766//766 767//767 768//768
f 767//767 769//769 768//768
f 768//768 769//769 770//770
f 769//769 771//771 770//770
f 770//770 771//771 772//772
f 771//771 773//773 772//772
f 772//772 773//773 774//774
f 773//773 775//775 774//774
f 774//774 775//775 776//776
f 775//775 777//777 776//776
f 776//776 777//777 778//778
f 777//777 779//779 778//778
f 778//778 779//779 780//780
f 779//779 781//781 780//780
f 780//780 781//781 782//782
f 781//781 783//783 782//782
f 782//782 783//783 784//784
f 783//783 785//785 784//784
f 784//784 785//785 786//786
f 785//785 787//787 786//786
f 786//786 787//787 788//788
f 787//787 789//789 788//788
f 788//788 789//789 790//790
f 789//789 791//791 790//790
f 790//790 791//791 792//792
f 791//791 793//793 792//792
f 792//792 793//793 794//794
f 793//793 795//795 794//794
f 794//794 795//795 796//796
f 795//795 797//797 796//796
f 796//796 797//797 798//798
f 797//797 799//799 798//798
f 798//798 799//799 800//800
f 799//799 801//801 800//800
f 800//800 801//801 802//802
f 801//801 803//803 802//802
f 802//802 803//803 804//804
f 803//803 805//805 804//804
f 804//804 805//805 806//806
f 805//805 807//807 806//806
f 806//806 807//807 808//808
f 807//807 809//809 808//808
f 808//808 809//809 810//810
f 809//809 811//811 810//810
f 810//810 811//811 812//812
f 811//811 813//813 812//812
f 812//812 813//813 814//814
f 813//813 815//815 814//814
f 814//814 815//815 816//816
f 815//815 817//817 816//816
f 816//816 817//817 818//818
f 817//817 819//819 818//818
f 818//818 819//819 820//820
f 819//819 821//821 820//820
f 820//820 821//821 822//822
f 821//821 823//823 822//822
f 822//822 823//823 824//824
f 823//823 825//825 824//824
f 824//824 825//825 826//826
f 825//825 827//827 826//826
f 826//826 827//827 828//828
f 827//827 829//829 828//828
f 828//828 829//829 830//830
f 829//829 831//831 830//830
f 830//830 831//831 832//832
f 831//831 833//833 832//832
f 832//832 833//833 834//834
f 833//833 835//835 834//834
f 834//834 835//835 836//836
f 835//835 837//837 836//836
f 836//836 837//837 838//838
f 837//837 839//839 838//838
f 838//838 839//839 840//840
f 839//839 841//841 840//840
f 840//840 841//841 842//842
f 841//841 843//843 842//842
f 842//842 843//843 844//844
f 843//843 845//845 844//844
f 844//844 845//845 846//846
f 845//845 847//847 846//846
f 846//846 847//847 848//848
f 847//847 849//849 848//848
f 848//848 849//849 850//850
f 849//849 851//851 850//850
f 850//850 851//851 852//852
f 851//851 853//853 852//852
f 852//852 853//853 854//854
f 853//853 855//855 854//854
f 854//854 855//855 856//856
f 855//855 857//857 856//856
f 856//856 857//857 858//858
f 857//857 859//859 858//858
f 858//858 859//859 860//860
f 859//859 861//861 860//860
f 860//860 861//861 862//862
f 861//861 863//863 862//862
f 862//862 863//863 864//864
f 863//863 865//865 864//864
f 864//864 865//865 866//866
f 865//865 867//867 866//866
f 866//866 867//867 868//868
f 867//867 869//869 868//868
f 868//868 869//869 870//870
f 869//869 871//871 870//870
f 870//870 871//871 872//872
f 871//871 873//873 872//872
f 872//872 873//873 874//874
f 873//873 875//875 874//874
f 874//874 875//875 876//876
f 875//875 877//877 876//876
f 876//876 877//877 878//878
f 877//877 879//879 878//878
f 878//878 879//879 880//880
f 879//879 881//881 880//880
f 880//880 881//881 882//882
f 881//881 883//883 882//882
f 882//882 883//883 884//884
f 883//883 885//885 884//884
f 884//884 885//885 886//886
f 885//885 887//887 886//886
f 886//886 887//887 888//888
f 887//887 889//889 888//888
f 888//888 889//889 890//890
f 889//889 891//891 890//890
f 890//890 891//891 892//892
f 891//891 893//893 892//892
f 892//892 893//893 894//894
f 893//893 895//895 894//894
f 894//894 895//895 896//896
f 895//895 897//897 896//896
f 896//896 897//897 898//898
f 897//897 899//899 898//898
f 898//898 899//899 900//900
f 899//899 901//901 900//900
f 900//900 901//901 902//902
f 901//901 903//903 902//902
f 902//902 903//903 904//904
f 903//903 905//905 904//904
f 904//904 905//905 906//906
f 905//905 907//907 906//906
f 906//906 907//907 908//908
f 907//907 909//909 908//908
f 908//908 909//909 910//910
f 909//909 911//911 910//910
f 910//910 911//911 912//912
f 911//911 913//913 912//912
f 912//912 913//913 914//914
f 913//913 915//915 914//914
f 914//914 915//915 916//916
f 915//915 917//917 916//916
f 916//916 917//917 918//918
f 917//917 919//919 918//918
f 918//918 919//919 920//920
f 919//919 921//921 920//920
f 920//920 921//921 922//922
f 921//921 923//923 922//922
f 922//922 923//923 924//924
f 923//923 925//925 924//924
f 924//924 925//925 926//926
f 925//925 927//927 926//926
f 926//926 927//927 928//928
f 927//927 929//929 928//928
f 928//928 929//929 930//930
f 929//929 931//931 930//930
f 930//930 931//931 932//932
f 931//931 933//933 932//932
f 932//932 933//933 934//934
f 933//933 935//935 934//934
f 934//934 935//935 936//936
f 935//935 937//937 936//936
f 936//936 937//937 938//938
f 937//937 939//939 938//938
f 938//938 939//939 940//940
f 939//939 941//941 940//940
f 940//940 941//941 942//942
f 941//941 943//943 942//942
f 942//942 943//943 944//944
f 943//943 945//945 944//944
f 944//944 945//945 946//946
f 945//945 947//947 946//946
f 946//946 947//947 948//948
f 947//947 949//949 948//948
f 948//948 949//949 950//950
f 949//949 951//951 950//950
f 950//950 951//951 952//952
f 951//951 953//953 952//952
f 952//952 953//953 954//954
f 953//953 955//955 954//954
f 954//954 955//955 956//956
f 955//955 957//957 956//956
f 956//956 957//957 958//958
f 957//957 959//959 958//958
f 958//958 959//959 960//960
f 959//959 961//961 960//960
f 960//960 961//961 962//962
f 961//961 963//963 962//962
f 962//962 963//963 964//964
f 963//963 965//965 964//964
f 964//964 965//965 966//966
f 965//965 967//967 966//966
f 966//966 967//967 968//968
f 967//967 969//969 968//968
f 968//968 969//969 970//970
f 969//969 971//971 970//970
f 970//970 971//971 972//972
f 971//971 973//973 972//972
f 972//972 973//973 974//974
f 973//973 975//975 974//974
f 974//974 975//975 976//976
f 975//975 977//977 976//976
f 976//976 977//977 978//978
f 977//977 979//979 978//978
f 978//978 979//979 980//980
f 979//979 981//981 980//980
f 980//980 981//981 982//982
f 981//981 983//983 982//982
f 982//982 983//983 984//984
f 983//983 985//985 984//984
f 984//984 985//985 986//986
f 985//985 987//987 986//986
f 986//986 987//987 988//988
f 987//987 989//989 988//988
f 988//988 989//989 990//990
f 989//989 991//991 990//990
f 990//990 991//991 992//992
f 991//991 993//993 992//992
f 992//992 993//993 994//994
f 993//993 995//995 994//994
f 994//994 995//995 996//996
f 995//995 997//997 996//996
f 996//996 997//997 998//998
f 997//997 999//999 998//998
f 998//998 999//999 1000//1000
f 999//999 1001//1001 1000//1000
f 1000//1000 1001//1001 1002//1002
f 1001//1001 1003//1003 1002//1002
f 1002//1002 1003//1003 1004//1004
f 1003//1003 1005//1005 1004//1004
f 1004//1004 1005//1005 1006//1006
f 1005//1005 1007//1007 1006//1006
f 1006//1006 1007//1007 1008//1008
f 1007//1007 1009//1009 1008//1008
f 1008//1008 1009//1009 722//722
f 1009//1009 723//723 722//722
f 580//580 582//582 1010//1010
f 294//294 867//867 292//292
f 867//867 865//865 292//292
f 292//292 865//865 290//290
f 590//590 592//592 1011//1011
f 694//694 696//696 999//999
f 284//284 286//286 863//863
f 306//306 871//871 304//304
f 871//871 869//869 304//304
f 304//304 869//869 302//302
f 294//294 296//296 867//867
f 296//296 298//298 867//867
f 867//867 298//298 869//869
f 298//298 300//300 869//869
f 869//869 300//300 302//302
f 582//582 584//584 1010//1010
f 584//584 586//586 1010//1010
f 1010//1010 586//586 1011//1011
f 586//586 588//588 1011//1011
f 1011//1011 588//588 590//590
f 402//402 404//404 1012//1012
f 404//404 406//406 1012//1012
f 1012//1012 406//406 408//408
f 408//408 410//410 1012//1012
f 410//410 412//412 1012//1012
f 1012//1012 412//412 414//414
f 863//863 286//286 865//865
f 286//286 288//288 865//865
f 865//865 288//288 290//290
f 306//306 308//308 871//871
f 308//308 310//310 871//871
f 871//871 310//310 873//873
f 999//999 696//696 1001//1001
f 592//592 594//594 1011//1011
f 594//594 596//596 1011//1011
f 1011//1011 596//596 1013//1013
f 596//596 598//598 1013//1013
f 1013//1013 598//598 600//600
f 696//696 698//698 1001//1001
f 698//698 700//700 1001//1001
f 1001//1001 700//700 1003//1003
f 700//700 702//702 1003//1003
f 714//714 1007//1007 712//712
f 1007//1007 1005//1005 712//712
f 712//712 1005//1005 710//710
f 378//378 380//380 1012//1012
f 380//380 382//382 1012//1012
f 1012//1012 382//382 384//384
f 390//390 392//392 1012//1012
f 392//392 394//394 1012//1012
f 1012//1012 394//394 396//396
f 396//396 398//398 1012//1012
f 398//398 400//400 1012//1012
f 1012//1012 400//400 402//402
f 414//414 416//416 1012//1012
f 416//416 418//418 1012//1012
f 1012//1012 418//418 420//420
f 1014//1014 1015//1015 426//426
f 430//430 432//432 1016//1016
f 432//432 146//146 1016//1016
f 146//146 148//148 1016//1016
f 1016//1016 148//148 150//150
f 1017//1017 1018//1018 578//578
f 1018//1018 1019//1019 578//578
f 702//702 704//704 1003//1003
f 704//704 706//706 1003//1003
f 1003//1003 706//706 1005//1005
f 706//706 708//708 1005//1005
f 1005//1005 708//708 710//710
f 372//372 374//374 1012//1012
f 374//374 376//376 1012//1012
f 1012//1012 376//376 378//378
f 384//384 386//386 1012//1012
f 386//386 388//388 1012//1012
f 1012//1012 388//388 390//390
f 1015//1015 1020//1020 426//426
f 1020//1020 1021//1021 426//426
f 426//426 1021//1021 1022//1022
f 1023//1023 1024//1024 426//426
f 1024//1024 1025//1025 426//426
f 426//426 1025//1025 424//424
f 1025//1025 1012//1012 424//424
f 424//424 1012//1012 422//422
f 1012//1012 420//420 422//422
f 158//158 160//160 1026//1026
f 578//578 1027//1027 1028//1028
f 1029//1029 426//426 1030//1030
f 426//426 1031//1031 1030//1030
f 1029//1029 1032//1032 426//426
f 1032//1032 1033//1033 426//426
f 426//426 1033//1033 1034//1034
f 1014//1014 426//426 1016//1016
f 426//426 428//428 1016//1016
f 1016//1016 428//428 430//430
f 438//438 723//723 436//436
f 723//723 1009//1009 436//436
f 436//436 1009//1009 434//434
f 450//450 727//727 448//448
f 727//727 725//725 448//448
f 448//448 725//725 446//446
f 580//580 1010//1010 578//578
f 1010//1010 1035//1035 578//578
f 578//578 1035//1035 1036//1036
f 1036//1036 1037//1037 578//578
f 1037//1037 1038//1038 578//578
f 578//578 1038//1038 1039//1039
f 1028//1028 1040//1040 578//578
f 1040//1040 1041//1041 578//578
f 578//578 1041//1041 1017//1017
f 1019//1019 1042//1042 578//578
f 1042//1042 1043//1043 578//578
f 578//578 1043//1043 1044//1044
f 310//310 312//312 873//873
f 312//312 314//314 873//873
f 873//873 314//314 875//875
f 314//314 316//316 875//875
f 889//889 887//887 342//342
f 997//997 690//690 999//999
f 690//690 692//692 999//999
f 999//999 692//692 694//694
f 1022//1022 1045//1045 426//426
f 1045//1045 1046//1046 426//426
f 426//426 1046//1046 1031//1031
f 1034//1034 1047//1047 426//426
f 1047//1047 1048//1048 426//426
f 426//426 1048//1048 1049//1049
f 1049//1049 1050//1050 426//426
f 1050//1050 1051//1051 426//426
f 426//426 1051//1051 1023//1023
f 438//438 440//440 723//723
f 440//440 442//442 723//723
f 723//723 442//442 725//725
f 442//442 444//444 725//725
f 725//725 444//444 446//446
f 150//150 152//152 1016//1016
f 152//152 154//154 1016//1016
f 1016//1016 154//154 1026//1026
f 154//154 156//156 1026//1026
f 1026//1026 156//156 158//158
f 1039//1039 1052//1052 578//578
f 1052//1052 1053//1053 578//578
f 578//578 1053//1053 1027//1027
f 1044//1044 1054//1054 578//578
f 1054//1054 1055//1055 578//578
f 578//578 1055//1055 1056//1056
f 632//632 949//949 630//630
f 949//949 947//947 630//630
f 630//630 947//947 628//628
f 714//714 716//716 1007//1007
f 716//716 718//718 1007//1007
f 1007//1007 718//718 1009//1009
f 718//718 720//720 1009//1009
f 1009//1009 720//720 434//434
f 562//562 564//564 1057//1057
f 564//564 566//566 1057//1057
f 276//276 861//861 274//274
f 861//861 859//859 274//274
f 274//274 859//859 272//272
f 316//316 318//318 875//875
f 318//318 320//320 875//875
f 875//875 320//320 877//877
f 883//883 881//881 332//332
f 993//993 991//991 678//678
f 168//168 170//170 1058//1058
f 276//276 278//278 861//861
f 278//278 280//280 861//861
f 861//861 280//280 863//863
f 280//280 282//282 863//863
f 863//863 282//282 284//284
f 1056//1056 1059//1059 578//578
f 1059//1059 1060//1060 578//578
f 578//578 1060//1060 576//576
f 1060//1060 1061//1061 576//576
f 576//576 1061//1061 574//574
f 1061//1061 1062//1062 574//574
f 574//574 1062//1062 572//572
f 1062//1062 1063//1063 572//572
f 572//572 1063//1063 570//570
f 1063//1063 1057//1057 570//570
f 570//570 1057//1057 568//568
f 1057//1057 566//566 568//568
f 985//985 666//666 668//668
f 678//678 680//680 993//993
f 680//680 682//682 993//993
f 993//993 682//682 995//995
f 682//682 684//684 995//995
f 684//684 686//686 995//995
f 995//995 686//686 997//997
f 686//686 688//688 997//997
f 997//997 688//688 690//690
f 857//857 268//268 859//859
f 268//268 270//270 859//859
f 859//859 270//270 272//272
f 320//320 322//322 877//877
f 322//322 324//324 877//877
f 877//877 324//324 879//879
f 324//324 326//326 879//879
f 326//326 328//328 879//879
f 879//879 328//328 881//881
f 328//328 330//330 881//881
f 881//881 330//330 332//332
f 332//332 334//334 883//883
f 334//334 336//336 883//883
f 883//883 336//336 885//885
f 336//336 338//338 885//885
f 885//885 338//338 887//887
f 338//338 340//340 887//887
f 887//887 340//340 342//342
f 1064//1064 911//911 1065//1065
f 911//911 1066//1066 1065//1065
f 612//612 919//919 610//610
f 919//919 917//917 610//610
f 610//610 917//917 608//608
f 616//616 925//925 614//614
f 925//925 923//923 614//614
f 614//614 923//923 612//612
f 923//923 921//921 612//612
f 612//612 921//921 919//919
f 618//618 929//929 616//616
f 929//929 927//927 616//616
f 616//616 927//927 925//925
f 985//985 668//668 987//987
f 668//668 670//670 987//987
f 670//670 672//672 987//987
f 987//987 672//672 989//989
f 672//672 674//674 989//989
f 989//989 674//674 991//991
f 674//674 676//676 991//991
f 991//991 676//676 678//678
f 160//160 162//162 1026//1026
f 162//162 164//164 1026//1026
f 1026//1026 164//164 1058//1058
f 164//164 166//166 1058//1058
f 1058//1058 166//166 168//168
f 342//342 344//344 889//889
f 344//344 346//346 889//889
f 889//889 346//346 891//891
f 346//346 348//348 891//891
f 891//891 348//348 893//893
f 348//348 350//350 893//893
f 893//893 350//350 895//895
f 350//350 352//352 895//895
f 895//895 352//352 897//897
f 352//352 354//354 897//897
f 897//897 354//354 899//899
f 1067//1067 911//911 1068//1068
f 911//911 1069//1069 1068//1068
f 1067//1067 1070//1070 911//911
f 1070//1070 1071//1071 911//911
f 911//911 1071//1071 1066//1066
f 1064//1064 1072//1072 911//911
f 1072//1072 1073//1073 911//911
f 911//911 1073//1073 1074//1074
f 622//622 935//935 620//620
f 935//935 933//933 620//620
f 620//620 933//933 618//618
f 933//933 931//931 618//618
f 618//618 931//931 929//929
f 947//947 945//945 628//628
f 945//945 943//943 628//628
f 628//628 943//943 626//626
f 943//943 941//941 626//626
f 626//626 941//941 624//624
f 941//941 939//939 624//624
f 624//624 939//939 622//622
f 939//939 937//937 622//622
f 622//622 937//937 935//935
f 642//642 961//961 640//640
f 961//961 959//959 640//640
f 640//640 959//959 638//638
f 959//959 957//957 638//638
f 638//638 957//957 636//636
f 957//957 955//955 636//636
f 636//636 955//955 634//634
f 955//955 953//953 634//634
f 634//634 953//953 632//632
f 953//953 951//951 632//632
f 632//632 951//951 949//949
f 666//666 985//985 664//664
f 985//985 983//983 664//664
f 664//664 983//983 662//662
f 983//983 981//981 662//662
f 662//662 981//981 660//660
f 981//981 979//979 660//660
f 660//660 979//979 658//658
f 1075//1075 1076//1076 554//554
f 1076//1076 1077//1077 554//554
f 368//368 909//909 366//366
f 909//909 907//907 366//366
f 366//366 907//907 364//364
f 907//907 905//905 364//364
f 364//364 905//905 362//362
f 905//905 903//903 362//362
f 362//362 903//903 360//360
f 903//903 901//901 360//360
f 360//360 901//901 358//358
f 901//901 899//899 358//358
f 358//358 899//899 356//356
f 899//899 354//354 356//356
f 1074//1074 1078//1078 911//911
f 1078//1078 1079//1079 911//911
f 911//911 1079//1079 1080//1080
f 1080//1080 1081//1081 911//911
f 1081//1081 1082//1082 911//911
f 911//911 1082//1082 1013//1013
f 450//450 452//452 727//727
f 452//452 454//454 727//727
f 727//727 454//454 729//729
f 1083//1083 554//554 1084//1084
f 554//554 1085//1085 1084//1084
f 1083//1083 1086//1086 554//554
f 1086//1086 1087//1087 554//554
f 554//554 1087//1087 1088//1088
f 1088//1088 1089//1089 554//554
f 1089//1089 1090//1090 554//554
f 554//554 1090//1090 1091//1091
f 554//554 1092//1092 1093//1093
f 917//917 915//915 608//608
f 915//915 913//913 608//608
f 608//608 913//913 606//606
f 913//913 911//911 606//606
f 606//606 911//911 604//604
f 911//911 1013//1013 604//604
f 604//604 1013//1013 602//602
f 1013//1013 600//600 602//602
f 658//658 979//979 656//656
f 979//979 977//977 656//656
f 656//656 977//977 654//654
f 977//977 975//975 654//654
f 654//654 975//975 652//652
f 975//975 973//973 652//652
f 652//652 973//973 650//650
f 973//973 971//971 650//650
f 650//650 971//971 648//648
f 971//971 969//969 648//648
f 648//648 969//969 646//646
f 969//969 967//967 646//646
f 646//646 967//967 644//644
f 967//967 965//965 644//644
f 644//644 965//965 642//642
f 965//965 963//963 642//642
f 642//642 963//963 961//961
f 554//554 556//556 1075//1075
f 556//556 558//558 1075//1075
f 1075//1075 558//558 1057//1057
f 558//558 560//560 1057//1057
f 1057//1057 560//560 562//562
f 1077//1077 1094//1094 554//554
f 1094//1094 1095//1095 554//554
f 554//554 1095//1095 1085//1085
f 1091//1091 1096//1096 554//554
f 1096//1096 1097//1097 554//554
f 554//554 1097//1097 1092//1092
f 1012//1012 1098//1098 372//372
f 1098//1098 1099//1099 372//372
f 372//372 1099//1099 370//370
f 1099//1099 1100//1100 370//370
f 370//370 1100//1100 368//368
f 1100//1100 1101//1101 368//368
f 368//368 1101//1101 1102//1102
f 1102//1102 1103//1103 368//368
f 1103//1103 1104//1104 368//368
f 368//368 1104//1104 1105//1105
f 1106//1106 1107//1107 911//911
f 1107//1107 1108//1108 911//911
f 454//454 456//456 729//729
f 456//456 458//458 729//729
f 729//729 458//458 731//731
f 458//458 460//460 731//731
f 170//170 172//172 1058//1058
f 172//172 174//174 1058//1058
f 1058//1058 174//174 176//176
f 234//234 236//236 841//841
f 260//260 855//855 258//258
f 855//855 853//853 258//258
f 260//260 262//262 855//855
f 262//262 264//264 855//855
f 855//855 264//264 857//857
f 264//264 266//266 857//857
f 857//857 266//266 268//268
f 1105//1105 1109//1109 368//368
f 1109//1109 1110//1110 368//368
f 368//368 1110//1110 909//909
f 1110//1110 1111//1111 909//909
f 1108//1108 1112//1112 911//911
f 1112//1112 1113//1113 911//911
f 911//911 1113//1113 1114//1114
f 851//851 254//254 853//853
f 254//254 256//256 853//853
f 853//853 256//256 258//258
f 1111//1111 1115//1115 909//909
f 1115//1115 1116//1116 909//909
f 909//909 1116//1116 1117//1117
f 1117//1117 1118//1118 909//909
f 1118//1118 1119//1119 909//909
f 909//909 1119//1119 1120//1120
f 1121//1121 1122//1122 909//909
f 1122//1122 1123//1123 909//909
f 909//909 1123//1123 911//911
f 1123//1123 1124//1124 911//911
f 911//911 1124//1124 1106//1106
f 1114//1114 1125//1125 911//911
f 1125//1125 1126//1126 911//911
f 911//911 1126//1126 1069//1069
f 735//735 733//733 468//468
f 809//809 807//807 542//542
f 807//807 805//805 542//542
f 542//542 805//805 540//540
f 805//805 803//803 540//540
f 540//540 803//803 538//538
f 841//841 236//236 843//843
f 1120//1120 1127//1127 909//909
f 1127//1127 1128//1128 909//909
f 909//909 1128//1128 1121//1121
f 460//460 462//462 731//731
f 462//462 464//464 731//731
f 731//731 464//464 733//733
f 464//464 466//466 733//733
f 733//733 466//466 468//468
f 528//528 785//785 526//526
f 785//785 783//783 526//526
f 526//526 783//783 524//524
f 849//849 847//847 246//246
f 803//803 801//801 538//538
f 801//801 799//799 538//538
f 538//538 799//799 536//536
f 799//799 797//797 536//536
f 536//536 797//797 534//534
f 182//182 1129//1129 180//180
f 1129//1129 1058//1058 180//180
f 180//180 1058//1058 178//178
f 1058//1058 176//176 178//178
f 1130//1130 1131//1131 809//809
f 246//246 248//248 849//849
f 248//248 250//250 849//849
f 849//849 250//250 851//851
f 250//250 252//252 851//851
f 851//851 252//252 254//254
f 468//468 470//470 735//735
f 470//470 472//472 735//735
f 735//735 472//472 737//737
f 472//472 474//474 737//737
f 474//474 476//476 737//737
f 737//737 476//476 739//739
f 797//797 795//795 534//534
f 795//795 793//793 534//534
f 534//534 793//793 532//532
f 793//793 791//791 532//532
f 532//532 791//791 530//530
f 791//791 789//789 530//530
f 530//530 789//789 528//528
f 789//789 787//787 528//528
f 528//528 787//787 785//785
f 1093//1093 1132//1132 554//554
f 1132//1132 1133//1133 554//554
f 554//554 1133//1133 552//552
f 1133//1133 550//550 552//552
f 236//236 238//238 843//843
f 238//238 240//240 843//843
f 843//843 240//240 845//845
f 240//240 242//242 845//845
f 845//845 242//242 847//847
f 242//242 244//244 847//847
f 847//847 244//244 246//246
f 783//783 781//781 524//524
f 781//781 779//779 524//524
f 524//524 779//779 522//522
f 779//779 777//777 522//522
f 522//522 777//777 520//520
f 777//777 775//775 520//520
f 520//520 775//775 518//518
f 775//775 773//773 518//518
f 518//518 773//773 516//516
f 773//773 771//771 516//516
f 516//516 771//771 514//514
f 476//476 478//478 739//739
f 478//478 480//480 739//739
f 739//739 480//480 741//741
f 480//480 482//482 741//741
f 741//741 482//482 743//743
f 745//745 490//490 747//747
f 490//490 492//492 747//747
f 747//747 492//492 749//749
f 492//492 494//494 749//749
f 749//749 494//494 751//751
f 494//494 496//496 751//751
f 751//751 496//496 753//753
f 1133//1133 1134//1134 809//809
f 1134//1134 1135//1135 809//809
f 1135//1135 1136//1136 809//809
f 809//809 1136//1136 1137//1137
f 234//234 841//841 232//232
f 841//841 839//839 232//232
f 232//232 839//839 230//230
f 839//839 837//837 230//230
f 230//230 837//837 228//228
f 837//837 835//835 228//228
f 228//228 835//835 226//226
f 482//482 484//484 743//743
f 484//484 486//486 743//743
f 743//743 486//486 745//745
f 486//486 488//488 745//745
f 745//745 488//488 490//490
f 771//771 769//769 514//514
f 769//769 767//767 514//514
f 514//514 767//767 512//512
f 767//767 765//765 512//512
f 512//512 765//765 510//510
f 765//765 763//763 510//510
f 510//510 763//763 508//508
f 763//763 761//761 508//508
f 508//508 761//761 506//506
f 761//761 759//759 506//506
f 506//506 759//759 504//504
f 759//759 757//757 504//504
f 504//504 757//757 502//502
f 757//757 755//755 502//502
f 502//502 755//755 500//500
f 755//755 753//753 500//500
f 500//500 753//753 498//498
f 753//753 496//496 498//498
f 1137//1137 1138//1138 809//809
f 1138//1138 1139//1139 809//809
f 809//809 1139//1139 1130//1130
f 542//542 544//544 809//809
f 544//544 546//546 809//809
f 809//809 546//546 1133//1133
f 546//546 548//548 1133//1133
f 1133//1133 548//548 550//550
f 1131//1131 1140//1140 809//809
f 1140//1140 1141//1141 809//809
f 809//809 1141//1141 1142//1142
f 1142//1142 1143//1143 809//809
f 1143//1143 1144//1144 809//809
f 809//809 1144//1144 1145//1145
f 809//809 190//190 192//192
f 1145//1145 1146//1146 809//809
f 1146//1146 1147//1147 809//809
f 809//809 1147//1147 1148//1148
f 192//192 194//194 809//809
f 194//194 196//196 809//809
f 809//809 196//196 198//198
f 198//198 200//200 809//809
f 200//200 202//202 809//809
f 809//809 202//202 811//811
f 202//202 204//204 811//811
f 811//811 204//204 813//813
f 204//204 206//206 813//813
f 813//813 206//206 815//815
f 206//206 208//208 815//815
f 815//815 208//208 817//817
f 208//208 210//210 817//817
f 1148//1148 1149//1149 809//809
f 1149//1149 1150//1150 809//809
f 809//809 1150//1150 1151//1151
f 1151//1151 1152//1152 809//809
f 1152//1152 1153//1153 809//809
f 809//809 1153//1153 1129//1129
f 226//226 835//835 224//224
f 835//835 833//833 224//224
f 224//224 833//833 222//222
f 833//833 831//831 222//222
f 222//222 831//831 220//220
f 831//831 829//829 220//220
f 220//220 829//829 218//218
f 829//829 827//827 218//218
f 218//218 827//827 216//216
f 827//827 825//825 216//216
f 216//216 825//825 214//214
f 825//825 823//823 214//214
f 214//214 823//823 212//212
f 823//823 821//821 212//212
f 212//212 821//821 210//210
f 821//821 819//819 210//210
f 210//210 819//819 817//817
f 182//182 184//184 1129//1129
f 184//184 186//186 1129//1129
f 1129//1129 186//186 809//809
f 186//186 188//188 809//809
f 809//809 188//188 190//190
f 1060//1060 76//76 1061//1061
f 76//76 75//75 1061//1061
f 1061//1061 75//75 1062//1062
f 75//75 80//80 1062//1062
f 1062//1062 80//80 1063//1063
f 80//80 79//79 1063//1063
f 1063//1063 79//79 1057//1057
f 79//79 78//78 1057//1057
f 1057//1057 78//78 1075//1075
f 78//78 83//83 1075//1075
f 1075//1075 83//83 1076//1076
f 83//83 82//82 1076//1076
f 1076//1076 82//82 1077//1077
f 82//82 81//81 1077//1077
f 1077//1077 81//81 1094//1094
f 81//81 86//86 1094//1094
f 1094//1094 86//86 1095//1095
f 86//86 85//85 1095//1095
f 1095//1095 85//85 1085//1085
f 85//85 84//84 1085//1085
f 1085//1085 84//84 1084//1084
f 84//84 89//89 1084//1084
f 1084//1084 89//89 1083//1083
f 89//89 88//88 1083//1083
f 1083//1083 88//88 1086//1086
f 88//88 87//87 1086//1086
f 1086//1086 87//87 1087//1087
f 87//87 92//92 1087//1087
f 1087//1087 92//92 1088//1088
f 92//92 91//91 1088//1088
f 1088//1088 91//91 1089//1089
f 91//91 90//90 1089//1089
f 1089//1089 90//90 1090//1090
f 90//90 95//95 1090//1090
f 1090//1090 95//95 1091//1091
f 95//95 94//94 1091//1091
f 1091//1091 94//94 1096//1096
f 94//94 93//93 1096//1096
f 1096//1096 93//93 1097//1097
f 93//93 98//98 1097//1097
f 1097//1097 98//98 1092//1092
f 98//98 97//97 1092//1092
f 1092//1092 97//97 1093//1093
f 97//97 96//96 1093//1093
f 1093//1093 96//96 1132//1132
f 96//96 101//101 1132//1132
f 1132//1132 101//101 1133//1133
f 101//101 100//100 1133//1133
f 1133//1133 100//100 1134//1134
f 100//100 99//99 1134//1134
f 1134//1134 99//99 1135//1135
f 99//99 104//104 1135//1135
f 1135//1135 104//104 1136//1136
f 104//104 103//103 1136//1136
f 1136//1136 103//103 1137//1137
f 103//103 102//102 1137//1137
f 1137//1137 102//102 1138//1138
f 102//102 107//107 1138//1138
f 1138//1138 107//107 1139//1139
f 107//107 106//106 1139//1139
f 1139//1139 106//106 1130//1130
f 106//106 105//105 1130//1130
f 1130//1130 105//105 1131//1131
f 105//105 110//110 1131//1131
f 1131//1131 110//110 1140//1140
f 110//110 109//109 1140//1140
f 1140//1140 109//109 1141//1141
f 109//109 108//108 1141//1141
f 1141//1141 108//108 1142//1142
f 108//108 113//113 1142//1142
f 1142//1142 113//113 1143//1143
f 113//113 112//112 1143//1143
f 1143//1143 112//112 1144//1144
f 112//112 111//111 1144//1144
f 1144//1144 111//111 1145//1145
f 111//111 116//116 1145//1145
f 1145//1145 116//116 1146//1146
f 116//116 115//115 1146//1146
f 1146//1146 115//115 1147//1147
f 115//115 114//114 1147//1147
f 1147//1147 114//114 1148//1148
f 114//114 119//119 1148//1148
f 1148//1148 119//119 1149//1149
f 119//119 118//118 1149//1149
f 1149//1149 118//118 1150//1150
f 118//118 117//117 1150//1150
f 1150//1150 117//117 1151//1151
f 117//117 122//122 1151//1151
f 1151//1151 122//122 1152//1152
f 122//122 121//121 1152//1152
f 1152//1152 121//121 1153//1153
f 121//121 120//120 1153//1153
f 1153//1153 120//120 1129//1129
f 120//120 125//125 1129//1129
f 1129//1129 125//125 1058//1058
f 125//125 124//124 1058//1058
f 1058//1058 124//124 1026//1026
f 124//124 123//123 1026//1026
f 1026//1026 123//123 1016//1016
f 123//123 128//128 1016//1016
f 1016//1016 128//128 1014//1014
f 128//128 127//127 1014//1014
f 1014//1014 127//127 1015//1015
f 127//127 126//126 1015//1015
f 1015//1015 126//126 1020//1020
f 126//126 131//131 1020//1020
f 1020//1020 131//131 1021//1021
f 131//131 130//130 1021//1021
f 1021//1021 130//130 1022//1022
f 130//130 129//129 1022//1022
f 1022//1022 129//129 1045//1045
f 129//129 134//134 1045//1045
f 1045//1045 134//134 1046//1046
f 134//134 133//133 1046//1046
f 1046//1046 133//133 1031//1031
f 133//133 132//132 1031//1031
f 1031//1031 132//132 1030//1030
f 132//132 137//137 1030//1030
f 1030//1030 137//137 1029//1029
f 137//137 136//136 1029//1029
f 1029//1029 136//136 1032//1032
f 136//136 135//135 1032//1032
f 1032//1032 135//135 1033//1033
f 135//135 140//140 1033//1033
f 1033//1033 140//140 1034//1034
f 140//140 139//139 1034//1034
f 1034//1034 139//139 1047//1047
f 139//139 138//138 1047//1047
f 1047//1047 138//138 1048//1048
f 138//138 143//143 1048//1048
f 1048//1048 143//143 1049//1049
f 143//143 142//142 1049//1049
f 1049//1049 142//142 1050//1050
f 142//142 141//141 1050//1050
f 1050//1050 141//141 1051//1051
f 141//141 145//145 1051//1051
f 1051//1051 145//145 1023//1023
f 145//145 144//144 1023//1023
f 1023//1023 144//144 1024//1024
f 144//144 5//5 1024//1024
f 1024//1024 5//5 1025//1025
f 5//5 4//4 1025//1025
f 1025//1025 4//4 1012//1012
f 4//4 3//3 1012//1012
f 1012//1012 3//3 1098//1098
f 3//3 2//2 1098//1098
f 1098//1098 2//2 1099//1099
f 2//2 8//8 1099//1099
f 1099//1099 8//8 1100//1100
f 8//8 7//7 1100//1100
f 1100//1100 7//7 1101//1101
f 7//7 6//6 1101//1101
f 1101//1101 6//6 1102//1102
f 6//6 11//11 1102//1102
f 1102//1102 11//11 1103//1103
f 11//11 10//10 1103//1103
f 1103//1103 10//10 1104//1104
f 10//10 9//9 1104//1104
f 1104//1104 9//9 1105//1105
f 9//9 14//14 1105//1105
f 1105//1105 14//14 1109//1109
f 14//14 13//13 1109//1109
f 1109//1109 13//13 1110//1110
f 13//13 12//12 1110//1110
f 1110//1110 12//12 1111//1111
f 12//12 17//17 1111//1111
f 1111//1111 17//17 1115//1115
f 17//17 16//16 1115//1115
f 1115//1115 16//16 1116//1116
f 16//16 15//15 1116//1116
f 1116//1116 15//15 1117//1117
f 15//15 20//20 1117//1117
f 1117//1117 20//20 1118//1118
f 20//20 19//19 1118//1118
f 1118//1118 19//19 1119//1119
f 19//19 18//18 1119//1119
f 1119//1119 18//18 1120//1120
f 18//18 23//23 1120//1120
f 1120//1120 23//23 1127//1127
f 23//23 22//22 1127//1127
f 1127//1127 22//22 1128//1128
f 22//22 21//21 1128//1128
f 1128//1128 21//21 1121//1121
f 21//21 26//26 1121//1121
f 1121//1121 26//26 1122//1122
f 26//26 25//25 1122//1122
f 1122//1122 25//25 1123//1123
f 25//25 24//24 1123//1123
f 1123//1123 24//24 1124//1124
f 24//24 29//29 1124//1124
f 1124//1124 29//29 1106//1106
f 29//29 28//28 1106//1106
f 1106//1106 28//28 1107//1107
f 28//28 27//27 1107//1107
f 1107//1107 27//27 1108//1108
f 27//27 32//32 1108//1108
f 1108//1108 32//32 1112//1112
f 32//32 31//31 1112//1112
f 1112//1112 31//31 1113//1113
f 31//31 30//30 1113//1113
f 1113//1113 30//30 1114//1114
f 30//30 35//35 1114//1114
f 1114//1114 35//35 1125//1125
f 35//35 34//34 1125//1125
f 1125//1125 34//34 1126//1126
f 34//34 33//33 1126//1126
f 1126//1126 33//33 1069//1069
f 33//33 38//38 1069//1069
f 1069//1069 38//38 1068//1068
f 38//38 37//37 1068//1068
f 1068//1068 37//37 1067//1067
f 37//37 36//36 1067//1067
f 1067//1067 36//36 1070//1070
f 36//36 41//41 1070//1070
f 1070//1070 41//41 1071//1071
f 41//41 40//40 1071//1071
f 1071//1071 40//40 1066//1066
f 40//40 39//39 1066//1066
f 1066//1066 39//39 1065//1065
f 39//39 44//44 1065//1065
f 1065//1065 44//44 1064//1064
f 44//44 43//43 1064//1064
f 1064//1064 43//43 1072//1072
f 43//43 42//42 1072//1072
f 1072//1072 42//42 1073//1073
f 42//42 47//47 1073//1073
f 1073//1073 47//47 1074//1074
f 47//47 46//46 1074//1074
f 1074//1074 46//46 1078//1078
f 46//46 45//45 1078//1078
f 1078//1078 45//45 1079//1079
f 45//45 50//50 1079//1079
f 1079//1079 50//50 1080//1080
f 50//50 49//49 1080//1080
f 1080//1080 49//49 1081//1081
f 49//49 48//48 1081//1081
f 1081//1081 48//48 1082//1082
f 48//48 53//53 1082//1082
f 1082//1082 53//53 1013//1013
f 53//53 52//52 1013//1013
f 1013//1013 52//52 1011//1011
f 52//52 51//51 1011//1011
f 1011//1011 51//51 1010//1010
f 51//51 56//56 1010//1010
f 1010//1010 56//56 1035//1035
f 56//56 55//55 1035//1035
f 1035//1035 55//55 1036//1036
f 55//55 54//54 1036//1036
f 1036//1036 54//54 1037//1037
f 54//54 59//59 1037//1037
f 1037//1037 59//59 1038//1038
f 59//59 58//58 1038//1038
f 1038//1038 58//58 1039//1039
f 58//58 57//57 1039//1039
f 1039//1039 57//57 1052//1052
f 57//57 62//62 1052//1052
f 1052//1052 62//62 1053//1053
f 62//62 61//61 1053//1053
f 1053//1053 61//61 1027//1027
f 61//61 60//60 1027//1027
f 1027//1027 60//60 1028//1028
f 60//60 65//65 1028//1028
f 1028//1028 65//65 1040//1040
f 65//65 64//64 1040//1040
f 1040//1040 64//64 1041//1041
f 64//64 63//63 1041//1041
f 1041//1041 63//63 1017//1017
f 63//63 68//68 1017//1017
f 1017//1017 68//68 1018//1018
f 68//68 67//67 1018//1018
f 1018//1018 67//67 1019//1019
f 67//67 66//66 1019//1019
f 1019//1019 66//66 1042//1042
f 66//66 71//71 1042//1042
f 1042//1042 71//71 1043//1043
f 71//71 70//70 1043//1043
f 1043//1043 70//70 1044//1044
f 70//70 69//69 1044//1044
f 1044//1044 69//69 1054//1054
f 69//69 74//74 1054//1054
f 1054//1054 74//74 1055//1055
f 74//74 73//73 1055//1055
f 1055//1055 73//73 1056//1056
f 73//73 72//72 1056//1056
f 1056//1056 72//72 1059//1059
f 72//72 77//77 1059//1059
f 1059//1059 77//77 1060//1060
f 77//77 76//76 1060//1060
f 589//589 587//587 880//880
f 441//441 439//439 724//724
f 585//585 583//583 147//147
f 583//583 581//581 147//147
f 161//161 159//159 571//571
f 719//719 1008//1008 721//721
f 1008//1008 722//722 721//721
f 721//721 722//722 435//435
f 585//585 147//147 587//587
f 147//147 433//433 587//587
f 587//587 433//433 431//431
f 874//874 315//315 313//313
f 305//305 870//870 307//307
f 870//870 872//872 307//307
f 307//307 872//872 309//309
f 293//293 866//866 295//295
f 866//866 868//868 295//295
f 295//295 868//868 297//297
f 287//287 864//864 289//289
f 864//864 866//866 289//289
f 289//289 866//866 291//291
f 866//866 293//293 291//291
f 161//161 571//571 163//163
f 575//575 573//573 155//155
f 573//573 571//571 155//155
f 155//155 571//571 157//157
f 571//571 159//159 157//157
f 581//581 579//579 147//147
f 579//579 577//577 147//147
f 147//147 577//577 149//149
f 577//577 151//151 149//149
f 724//724 439//439 722//722
f 439//439 437//437 722//722
f 722//722 437//437 435//435
f 597//597 595//595 894//894
f 591//591 888//888 593//593
f 888//888 890//890 593//593
f 593//593 890//890 595//595
f 890//890 892//892 595//595
f 595//595 892//892 894//894
f 431//431 429//429 587//587
f 429//429 427//427 587//587
f 587//587 427//427 425//425
f 587//587 413//413 411//411
f 305//305 303//303 870//870
f 303//303 301//301 870//870
f 870//870 301//301 868//868
f 301//301 299//299 868//868
f 868//868 299//299 297//297
f 575//575 155//155 577//577
f 155//155 153//153 577//577
f 577//577 153//153 151//151
f 449//449 726//726 451//451
f 726//726 728//728 451//451
f 451//451 728//728 453//453
f 719//719 717//717 1008//1008
f 717//717 715//715 1008//1008
f 1008//1008 715//715 1006//1006
f 715//715 713//713 1006//1006
f 697//697 1000//1000 699//699
f 1000//1000 1002//1002 699//699
f 601//601 904//904 603//603
f 904//904 906//906 603//603
f 603//603 906//906 605//605
f 880//880 882//882 589//589
f 882//882 884//884 589//589
f 589//589 884//884 591//591
f 884//884 886//886 591//591
f 591//591 886//886 888//888
f 425//425 423//423 587//587
f 423//423 421//421 587//587
f 587//587 421//421 419//419
f 874//874 313//313 872//872
f 313//313 311//311 872//872
f 872//872 311//311 309//309
f 275//275 860//860 277//277
f 860//860 862//862 277//277
f 277//277 862//862 279//279
f 844//844 567//567 565//565
f 561//561 838//838 563//563
f 838//838 840//840 563//563
f 563//563 840//840 565//565
f 840//840 842//842 565//565
f 565//565 842//842 844//844
f 730//730 459//459 457//457
f 449//449 447//447 726//726
f 447//447 445//445 726//726
f 726//726 445//445 724//724
f 445//445 443//443 724//724
f 724//724 443//443 441//441
f 713//713 711//711 1006//1006
f 711//711 709//709 1006//1006
f 1006//1006 709//709 1004//1004
f 709//709 707//707 1004//1004
f 707//707 705//705 1004//1004
f 705//705 703//703 1004//1004
f 1004//1004 703//703 1002//1002
f 703//703 701//701 1002//1002
f 1002//1002 701//701 699//699
f 697//697 695//695 1000//1000
f 695//695 693//693 1000//1000
f 1000//1000 693//693 998//998
f 894//894 896//896 597//597
f 896//896 898//898 597//597
f 597//597 898//898 599//599
f 898//898 900//900 599//599
f 599//599 900//900 601//601
f 900//900 902//902 601//601
f 601//601 902//902 904//904
f 419//419 417//417 587//587
f 417//417 415//415 587//587
f 587//587 415//415 413//413
f 343//343 880//880 345//345
f 880//880 347//347 345//345
f 315//315 874//874 317//317
f 874//874 876//876 317//317
f 317//317 876//876 319//319
f 287//287 285//285 864//864
f 285//285 283//283 864//864
f 864//864 283//283 862//862
f 283//283 281//281 862//862
f 862//862 281//281 279//279
f 275//275 273//273 860//860
f 273//273 271//271 860//860
f 860//860 271//271 858//858
f 263//263 261//261 856//856
f 169//169 167//167 571//571
f 167//167 165//165 571//571
f 571//571 165//165 163//163
f 559//559 834//834 561//561
f 834//834 836//836 561//561
f 561//561 836//836 838//838
f 555//555 828//828 557//557
f 828//828 830//830 557//557
f 557//557 830//830 559//559
f 830//830 832//832 559//559
f 559//559 832//832 834//834
f 906//906 908//908 605//605
f 908//908 910//910 605//605
f 605//605 910//910 607//607
f 411//411 409//409 587//587
f 409//409 407//407 587//587
f 587//587 407//407 405//405
f 856//856 261//261 854//854
f 541//541 539//539 802//802
f 730//730 457//457 728//728
f 457//457 455//455 728//728
f 728//728 455//455 453//453
f 992//992 994//994 681//681
f 629//629 946//946 631//631
f 946//946 948//948 631//631
f 631//631 948//948 633//633
f 271//271 269//269 858//858
f 269//269 267//267 858//858
f 858//858 267//267 856//856
f 267//267 265//265 856//856
f 856//856 265//265 263//263
f 175//175 173//173 571//571
f 173//173 171//171 571//571
f 571//571 171//171 169//169
f 545//545 812//812 547//547
f 812//812 814//814 547//547
f 547//547 814//814 549//549
f 693//693 691//691 998//998
f 691//691 689//689 998//998
f 998//998 689//689 996//996
f 910//910 912//912 607//607
f 912//912 914//914 607//607
f 607//607 914//914 609//609
f 914//914 916//916 609//609
f 609//609 916//916 611//611
f 405//405 403//403 587//587
f 403//403 401//401 587//587
f 587//587 401//401 399//399
f 399//399 397//397 587//587
f 397//397 395//395 587//587
f 587//587 395//395 393//393
f 379//379 377//377 880//880
f 343//343 341//341 880//880
f 341//341 339//339 880//880
f 880//880 339//339 337//337
f 337//337 335//335 880//880
f 335//335 333//333 880//880
f 880//880 333//333 331//331
f 878//878 323//323 876//876
f 323//323 321//321 876//876
f 876//876 321//321 319//319
f 261//261 259//259 854//854
f 259//259 257//257 854//854
f 854//854 257//257 852//852
f 257//257 255//255 852//852
f 852//852 255//255 253//253
f 551//551 822//822 553//553
f 822//822 824//824 553//553
f 553//553 824//824 555//555
f 824//824 826//826 555//555
f 555//555 826//826 828//828
f 814//814 816//816 549//549
f 816//816 818//818 549//549
f 549//549 818//818 551//551
f 818//818 820//820 551//551
f 551//551 820//820 822//822
f 459//459 730//730 461//461
f 730//730 732//732 461//461
f 461//461 732//732 463//463
f 689//689 687//687 996//996
f 687//687 685//685 996//996
f 996//996 685//685 994//994
f 685//685 683//683 994//994
f 994//994 683//683 681//681
f 986//986 988//988 671//671
f 615//615 926//926 617//617
f 926//926 928//928 617//617
f 617//617 928//928 619//619
f 393//393 391//391 587//587
f 391//391 389//389 587//587
f 587//587 389//389 387//387
f 377//377 375//375 880//880
f 375//375 373//373 880//880
f 880//880 373//373 371//371
f 353//353 351//351 880//880
f 351//351 349//349 880//880
f 880//880 349//349 347//347
f 331//331 329//329 880//880
f 329//329 327//327 880//880
f 880//880 327//327 878//878
f 327//327 325//325 878//878
f 878//878 325//325 323//323
f 237//237 852//852 239//239
f 852//852 241//241 239//239
f 802//802 804//804 541//541
f 804//804 806//806 541//541
f 541//541 806//806 543//543
f 806//806 808//808 543//543
f 543//543 808//808 545//545
f 808//808 810//810 545//545
f 545//545 810//810 812//812
f 734//734 736//736 471//471
f 681//681 679//679 992//992
f 679//679 677//677 992//992
f 992//992 677//677 990//990
f 677//677 675//675 990//990
f 990//990 675//675 988//988
f 675//675 673//673 988//988
f 988//988 673//673 671//671
f 623//623 938//938 625//625
f 938//938 940//940 625//625
f 625//625 940//940 627//627
f 940//940 942//942 627//627
f 627//627 942//942 629//629
f 942//942 944//944 629//629
f 629//629 944//944 946//946
f 928//928 930//930 619//619
f 930//930 932//932 619//619
f 619//619 932//932 621//621
f 932//932 934//934 621//621
f 621//621 934//934 623//623
f 934//934 936//936 623//623
f 623//623 936//936 938//938
f 916//916 918//918 611//611
f 918//918 920//920 611//611
f 611//611 920//920 613//613
f 920//920 922//922 613//613
f 613//613 922//922 615//615
f 922//922 924//924 615//615
f 615//615 924//924 926//926
f 387//387 385//385 587//587
f 385//385 383//383 587//587
f 587//587 383//383 880//880
f 383//383 381//381 880//880
f 880//880 381//381 379//379
f 371//371 369//369 880//880
f 369//369 367//367 880//880
f 880//880 367//367 365//365
f 253//253 251//251 852//852
f 251//251 249//249 852//852
f 852//852 249//249 247//247
f 181//181 179//179 571//571
f 179//179 177//177 571//571
f 571//571 177//177 175//175
f 529//529 527//527 784//784
f 671//671 669//669 986//986
f 669//669 667//667 986//986
f 986//986 667//667 984//984
f 667//667 665//665 984//984
f 984//984 665//665 982//982
f 665//665 663//663 982//982
f 982//982 663//663 980//980
f 663//663 661//661 980//980
f 980//980 661//661 978//978
f 948//948 950//950 633//633
f 950//950 952//952 633//633
f 633//633 952//952 635//635
f 952//952 954//954 635//635
f 635//635 954//954 637//637
f 954//954 956//956 637//637
f 637//637 956//956 639//639
f 956//956 958//958 639//639
f 639//639 958//958 641//641
f 958//958 960//960 641//641
f 641//641 960//960 643//643
f 365//365 363//363 880//880
f 363//363 361//361 880//880
f 880//880 361//361 359//359
f 247//247 245//245 852//852
f 245//245 243//243 852//852
f 852//852 243//243 241//241
f 189//189 187//187 571//571
f 471//471 469//469 734//734
f 469//469 467//467 734//734
f 734//734 467//467 732//732
f 467//467 465//465 732//732
f 732//732 465//465 463//463
f 359//359 357//357 880//880
f 357//357 355//355 880//880
f 880//880 355//355 353//353
f 187//187 185//185 571//571
f 185//185 183//183 571//571
f 571//571 183//183 181//181
f 535//535 796//796 537//537
f 796//796 798//798 537//537
f 537//537 798//798 539//539
f 798//798 800//800 539//539
f 539//539 800//800 802//802
f 784//784 527//527 782//782
f 527//527 525//525 782//782
f 782//782 525//525 780//780
f 738//738 740//740 479//479
f 237//237 235//235 852//852
f 235//235 233//233 852//852
f 852//852 233//233 231//231
f 231//231 229//229 852//852
f 229//229 227//227 852//852
f 852//852 227//227 225//225
f 225//225 223//223 852//852
f 223//223 221//221 852//852
f 852//852 221//221 219//219
f 195//195 193//193 571//571
f 193//193 191//191 571//571
f 571//571 191//191 189//189
f 784//784 786//786 529//529
f 786//786 788//788 529//529
f 529//529 788//788 531//531
f 788//788 790//790 531//531
f 531//531 790//790 533//533
f 790//790 792//792 533//533
f 533//533 792//792 535//535
f 792//792 794//794 535//535
f 535//535 794//794 796//796
f 479//479 477//477 738//738
f 477//477 475//475 738//738
f 738//738 475//475 736//736
f 475//475 473//473 736//736
f 736//736 473//473 471//471
f 661//661 659//659 978//978
f 659//659 657//657 978//978
f 978//978 657//657 976//976
f 657//657 655//655 976//976
f 976//976 655//655 974//974
f 655//655 653//653 974//974
f 974//974 653//653 972//972
f 653//653 651//651 972//972
f 972//972 651//651 970//970
f 651//651 649//649 970//970
f 970//970 649//649 968//968
f 649//649 647//647 968//968
f 968//968 647//647 966//966
f 647//647 645//645 966//966
f 966//966 645//645 964//964
f 645//645 643//643 964//964
f 964//964 643//643 962//962
f 643//643 960//960 962//962
f 205//205 203//203 571//571
f 203//203 201//201 571//571
f 780//780 525//525 778//778
f 525//525 523//523 778//778
f 778//778 523//523 776//776
f 523//523 521//521 776//776
f 776//776 521//521 774//774
f 521//521 519//519 774//774
f 774//774 519//519 772//772
f 519//519 517//517 772//772
f 772//772 517//517 770//770
f 517//517 515//515 770//770
f 770//770 515//515 768//768
f 219//219 217//217 852//852
f 217//217 215//215 852//852
f 852//852 215//215 213//213
f 213//213 211//211 852//852
f 211//211 209//209 852//852
f 852//852 209//209 207//207
f 844//844 846//846 567//567
f 846//846 848//848 567//567
f 567//567 848//848 569//569
f 848//848 850//850 569//569
f 569//569 850//850 571//571
f 850//850 852//852 571//571
f 571//571 852//852 205//205
f 852//852 207//207 205//205
f 201//201 199//199 571//571
f 199//199 197//197 571//571
f 571//571 197//197 195//195
f 752//752 497//497 750//750
f 497//497 495//495 750//750
f 750//750 495//495 748//748
f 495//495 493//493 748//748
f 748//748 493//493 746//746
f 493//493 491//491 746//746
f 491//491 489//489 746//746
f 746//746 489//489 744//744
f 489//489 487//487 744//744
f 487//487 485//485 744//744
f 744//744 485//485 742//742
f 485//485 483//483 742//742
f 742//742 483//483 740//740
f 483//483 481//481 740//740
f 740//740 481//481 479//479
f 768//768 515//515 766//766
f 515//515 513//513 766//766
f 766//766 513//513 764//764
f 513//513 511//511 764//764
f 764//764 511//511 762//762
f 511//511 509//509 762//762
f 762//762 509//509 760//760
f 509//509 507//507 760//760
f 760//760 507//507 758//758
f 507//507 505//505 758//758
f 758//758 505//505 756//756
f 505//505 503//503 756//756
f 756//756 503//503 754//754
f 503//503 501//501 754//754
f 754//754 501//501 752//752
f 501//501 499//499 752//752
f 752//752 499//499 497//497
f 1154//1154 1155//1155 1156//1156
f 1154//1154 1156//1156 1157//1157
f 1156//1156 1158//1158 1157//1157
f 1157//1157 1158//1158 1159//1159
f 1158//1158 1160//1160 1159//1159
f 1159//1159 1160//1160 1161//1161
f 1160//1160 1162//1162 1161//1161
f 1161//1161 1162//1162 1163//1163
f 1162//1162 1164//1164 1163//1163
f 1163//1163 1164//1164 1165//1165
f 1164//1164 1166//1166 1165//1165
f 1165//1165 1166//1166 1167//1167
f 1166//1166 1168//1168 1167//1167
f 1167//1167 1168//1168 1169//1169
f 1168//1168 1170//1170 1169//1169
f 1169//1169 1170//1170 1171//1171
f 1170//1170 1172//1172 1171//1171
f 1171//1171 1172//1172 1173//1173
f 1172//1172 1174//1174 1173//1173
f 1173//1173 1174//1174 1175//1175
f 1174//1174 1176//1176 1175//1175
f 1175//1175 1176//1176 1177//1177
f 1176//1176 1178//1178 1177//1177
f 1177//1177 1178//1178 1179//1179
f 1178//1178 1180//1180 1179//1179
f 1179//1179 1180//1180 1181//1181
f 1180//1180 1182//1182 1181//1181
f 1181//1181 1182//1182 1183//1183
f 1182//1182 1184//1184 1183//1183
f 1183//1183 1184//1184 1185//1185
f 1184//1184 1186//1186 1185//1185
f 1185//1185 1186//1186 1187//1187
f 1186//1186 1188//1188 1187//1187
f 1187//1187 1188//1188 1189//1189
f 1188//1188 1190//1190 1189//1189
f 1189//1189 1190//1190 1191//1191
f 1190//1190 1192//1192 1191//1191
f 1191//1191 1192//1192 1193//1193
f 1192//1192 1194//1194 1193//1193
f 1193//1193 1194//1194 1195//1195
f 1194//1194 1196//1196 1195//1195
f 1195//1195 1196//1196 1197//1197
f 1196//1196 1198//1198 1197//1197
f 1197//1197 1198//1198 1199//1199
f 1198//1198 1200//1200 1199//1199
f 1199//1199 1200//1200 1201//1201
f 1200//1200 1202//1202 1201//1201
f 1201//1201 1202//1202 1203//1203
f 1202//1202 1204//1204 1203//1203
f 1203//1203 1204//1204 1205//1205
f 1204//1204 1206//1206 1205//1205
f 1205//1205 1206//1206 1207//1207
f 1206//1206 1208//1208 1207//1207
f 1207//1207 1208//1208 1209//1209
f 1208//1208 1210//1210 1209//1209
f 1209//1209 1210//1210 1211//1211
f 1210//1210 1212//1212 1211//1211
f 1211//1211 1212//1212 1213//1213
f 1212//1212 1214//1214 1213//1213
f 1213//1213 1214//1214 1215//1215
f 1214//1214 1216//1216 1215//1215
f 1215//1215 1216//1216 1217//1217
f 1216//1216 1218//1218 1217//1217
f 1217//1217 1218//1218 1219//1219
f 1218//1218 1220//1220 1219//1219
f 1219//1219 1220//1220 1221//1221
f 1220//1220 1222//1222 1221//1221
f 1221//1221 1222//1222 1223//1223
f 1222//1222 1224//1224 1223//1223
f 1223//1223 1224//1224 1225//1225
f 1224//1224 1226//1226 1225//1225
f 1225//1225 1226//1226 1227//1227
f 1228//1228 1229//1229 1155//1155
f 1230//1230 1231//1231 1232//1232
f 1233//1233 1234//1234 1235//1235
f 1236//1236 1237//1237 1155//1155
f 1238//1238 1239//1239 1240//1240
f 1233//1233 1235//1235 1241//1241
f 1242//1242 1154//1154 1243//1243
f 1154//1154 1244//1244 1243//1243
f 1245//1245 1246//1246 1154//1154
f 1246//1246 1247//1247 1154//1154
f 1154//1154 1247//1247 1248//1248
f 1154//1154 1249//1249 1250//1250
f 1251//1251 1252//1252 1232//1232
f 1253//1253 1254//1254 1255//1255
f 1256//1256 1257//1257 1154//1154
f 1257//1257 1258//1258 1154//1154
f 1258//1258 1259//1259 1154//1154
f 1259//1259 1260//1260 1154//1154
f 1154//1154 1260//1260 1261//1261
f 1262//1262 1263//1263 1154//1154
f 1263//1263 1264//1264 1154//1154
f 1154//1154 1264//1264 1245//1245
f 1250//1250 1265//1265 1154//1154
f 1265//1265 1266//1266 1154//1154
f 1154//1154 1266//1266 1155//1155
f 1266//1266 1267//1267 1155//1155
f 1155//1155 1267//1267 1268//1268
f 1269//1269 1270//1270 1232//1232
f 1270//1270 1271//1271 1232//1232
f 1232//1232 1271//1271 1230//1230
f 1272//1272 1273//1273 1274//1274
f 1273//1273 1232//1232 1274//1274
f 1274//1274 1232//1232 1275//1275
f 1232//1232 1252//1252 1275//1275
f 1276//1276 1277//1277 1155//1155
f 1155//1155 1278//1278 1279//1279
f 1280//1280 1281//1281 1282//1282
f 1281//1281 1283//1283 1282//1282
f 1282//1282 1283//1283 1284//1284
f 1261//1261 1285//1285 1154//1154
f 1285//1285 1286//1286 1154//1154
f 1154//1154 1286//1286 1244//1244
f 1242//1242 1287//1287 1154//1154
f 1287//1287 1288//1288 1154//1154
f 1154//1154 1288//1288 1262//1262
f 1289//1289 1290//1290 1291//1291
f 1290//1290 1292//1292 1291//1291
f 1292//1292 1293//1293 1291//1291
f 1293//1293 1294//1294 1291//1291
f 1291//1291 1294//1294 1295//1295
f 1268//1268 1296//1296 1155//1155
f 1296//1296 1297//1297 1155//1155
f 1155//1155 1297//1297 1298//1298
f 1277//1277 1299//1299 1155//1155
f 1299//1299 1300//1300 1155//1155
f 1155//1155 1300//1300 1228//1228
f 1229//1229 1301//1301 1155//1155
f 1301//1301 1302//1302 1155//1155
f 1155//1155 1302//1302 1236//1236
f 1237//1237 1303//1303 1155//1155
f 1303//1303 1304//1304 1155//1155
f 1155//1155 1304//1304 1278//1278
f 1279//1279 1305//1305 1155//1155
f 1305//1305 1306//1306 1155//1155
f 1155//1155 1306//1306 1307//1307
f 1308//1308 1309//1309 1310//1310
f 1309//1309 1311//1311 1310//1310
f 1312//1312 1313//1313 1309//1309
f 1313//1313 1314//1314 1309//1309
f 1309//1309 1314//1314 1315//1315
f 1255//1255 1316//1316 1317//1317
f 1317//1317 1318//1318 1255//1255
f 1318//1318 1319//1319 1255//1255
f 1255//1255 1319//1319 1320//1320
f 1321//1321 1322//1322 1323//1323
f 1239//1239 1324//1324 1240//1240
f 1324//1324 1325//1325 1240//1240
f 1240//1240 1325//1325 1326//1326
f 1327//1327 1328//1328 1154//1154
f 1328//1328 1329//1329 1154//1154
f 1154//1154 1329//1329 1256//1256
f 1295//1295 1330//1330 1291//1291
f 1330//1330 1331//1331 1291//1291
f 1291//1291 1331//1331 1332//1332
f 1333//1333 1334//1334 1154//1154
f 1335//1335 1336//1336 1154//1154
f 1336//1336 1337//1337 1154//1154
f 1154//1154 1337//1337 1338//1338
f 1339//1339 1340//1340 1154//1154
f 1231//1231 1341//1341 1232//1232
f 1341//1341 1342//1342 1232//1232
f 1232//1232 1342//1342 1251//1251
f 1298//1298 1343//1343 1155//1155
f 1343//1343 1344//1344 1155//1155
f 1155//1155 1344//1344 1345//1345
f 1307//1307 1346//1346 1155//1155
f 1346//1346 1347//1347 1155//1155
f 1155//1155 1347//1347 1348//1348
f 1349//1349 1350//1350 1309//1309
f 1350//1350 1351//1351 1309//1309
f 1309//1309 1351//1351 1312//1312
f 1352//1352 1353//1353 1255//1255
f 1353//1353 1354//1354 1255//1255
f 1255//1255 1354//1354 1253//1253
f 1254//1254 1355//1355 1255//1255
f 1355//1355 1356//1356 1255//1255
f 1255//1255 1356//1356 1316//1316
f 1357//1357 1358//1358 1359//1359
f 1315//1315 1360//1360 1309//1309
f 1360//1360 1361//1361 1309//1309
f 1309//1309 1361//1361 1362//1362
f 1359//1359 1363//1363 1357//1357
f 1363//1363 1364//1364 1357//1357
f 1357//1357 1364//1364 1365//1365
f 1366//1366 1367//1367 1240//1240
f 1368//1368 1369//1369 1240//1240
f 1234//1234 1370//1370 1235//1235
f 1370//1370 1371//1371 1235//1235
f 1235//1235 1371//1371 1282//1282
f 1371//1371 1372//1372 1282//1282
f 1282//1282 1372//1372 1280//1280
f 1373//1373 1374//1374 1375//1375
f 1374//1374 1376//1376 1375//1375
f 1377//1377 1378//1378 1291//1291
f 1378//1378 1379//1379 1291//1291
f 1291//1291 1379//1379 1289//1289
f 1380//1380 1381//1381 1382//1382
f 1381//1381 1383//1383 1382//1382
f 1382//1382 1383//1383 1332//1332
f 1383//1383 1384//1384 1332//1332
f 1332//1332 1384//1384 1291//1291
f 1385//1385 1386//1386 1154//1154
f 1386//1386 1387//1387 1154//1154
f 1387//1387 1388//1388 1154//1154
f 1154//1154 1388//1388 1389//1389
f 1334//1334 1390//1390 1154//1154
f 1390//1390 1391//1391 1154//1154
f 1154//1154 1391//1391 1335//1335
f 1345//1345 1392//1392 1155//1155
f 1392//1392 1393//1393 1155//1155
f 1155//1155 1393//1393 1276//1276
f 1394//1394 1309//1309 1395//1395
f 1309//1309 1396//1396 1395//1395
f 1308//1308 1397//1397 1309//1309
f 1397//1397 1398//1398 1309//1309
f 1309//1309 1398//1398 1349//1349
f 1399//1399 1400//1400 1401//1401
f 1362//1362 1402//1402 1309//1309
f 1402//1402 1403//1403 1309//1309
f 1309//1309 1403//1403 1404//1404
f 1405//1405 1406//1406 1235//1235
f 1406//1406 1407//1407 1235//1235
f 1235//1235 1407//1407 1241//1241
f 1367//1367 1408//1408 1240//1240
f 1408//1408 1409//1409 1240//1240
f 1240//1240 1409//1409 1238//1238
f 1326//1326 1410//1410 1240//1240
f 1410//1410 1411//1411 1240//1240
f 1240//1240 1411//1411 1412//1412
f 1412//1412 1413//1413 1240//1240
f 1413//1413 1414//1414 1240//1240
f 1240//1240 1414//1414 1415//1415
f 1415//1415 1416//1416 1240//1240
f 1416//1416 1417//1417 1240//1240
f 1240//1240 1417//1417 1418//1418
f 1389//1389 1419//1419 1154//1154
f 1419//1419 1420//1420 1154//1154
f 1154//1154 1420//1420 1421//1421
f 1154//1154 1422//1422 1423//1423
f 1424//1424 1425//1425 1154//1154
f 1425//1425 1426//1426 1154//1154
f 1154//1154 1426//1426 1427//1427
f 1427//1427 1428//1428 1154//1154
f 1428//1428 1429//1429 1154//1154
f 1154//1154 1429//1429 1430//1430
f 1431//1431 1154//1154 1432//1432
f 1154//1154 1433//1433 1432//1432
f 1431//1431 1434//1434 1154//1154
f 1434//1434 1435//1435 1154//1154
f 1154//1154 1435//1435 1436//1436
f 1339//1339 1154//1154 1437//1437
f 1340//1340 1438//1438 1154//1154
f 1438//1438 1439//1439 1154//1154
f 1154//1154 1439//1439 1249//1249
f 1255//1255 1440//1440 1352//1352
f 1440//1440 1441//1441 1352//1352
f 1352//1352 1441//1441 1442//1442
f 1441//1441 1443//1443 1442//1442
f 1442//1442 1443//1443 1274//1274
f 1443//1443 1444//1444 1274//1274
f 1274//1274 1444//1444 1272//1272
f 1445//1445 1446//1446 1309//1309
f 1394//1394 1447//1447 1309//1309
f 1447//1447 1448//1448 1309//1309
f 1309//1309 1448//1448 1311//1311
f 1449//1449 1450//1450 1451//1451
f 1450//1450 1452//1452 1451//1451
f 1451//1451 1452//1452 1453//1453
f 1453//1453 1454//1454 1451//1451
f 1454//1454 1455//1455 1451//1451
f 1451//1451 1455//1455 1357//1357
f 1455//1455 1456//1456 1357//1357
f 1357//1357 1456//1456 1358//1358
f 1457//1457 1458//1458 1240//1240
f 1376//1376 1459//1459 1375//1375
f 1459//1459 1460//1460 1375//1375
f 1375//1375 1460//1460 1461//1461
f 1460//1460 1462//1462 1461//1461
f 1461//1461 1462//1462 1283//1283
f 1462//1462 1463//1463 1283//1283
f 1283//1283 1463//1463 1284//1284
f 1464//1464 1465//1465 1466//1466
f 1467//1467 1468//1468 1469//1469
f 1468//1468 1470//1470 1469//1469
f 1469//1469 1470//1470 1471//1471
f 1471//1471 1472//1472 1469//1469
f 1472//1472 1473//1473 1469//1469
f 1469//1469 1473//1473 1474//1474
f 1369//1369 1475//1475 1240//1240
f 1475//1475 1476//1476 1240//1240
f 1240//1240 1476//1476 1154//1154
f 1476//1476 1477//1477 1154//1154
f 1154//1154 1477//1477 1478//1478
f 1478//1478 1479//1479 1154//1154
f 1479//1479 1480//1480 1154//1154
f 1154//1154 1480//1480 1327//1327
f 1481//1481 1482//1482 1291//1291
f 1483//1483 1484//1484 1232//1232
f 1484//1484 1485//1485 1232//1232
f 1232//1232 1485//1485 1269//1269
f 1423//1423 1486//1486 1154//1154
f 1486//1486 1487//1487 1154//1154
f 1154//1154 1487//1487 1424//1424
f 1430//1430 1488//1488 1154//1154
f 1488//1488 1489//1489 1154//1154
f 1154//1154 1489//1489 1333//1333
f 1338//1338 1490//1490 1154//1154
f 1490//1490 1491//1491 1154//1154
f 1154//1154 1491//1491 1492//1492
f 1492//1492 1493//1493 1154//1154
f 1493//1493 1494//1494 1154//1154
f 1154//1154 1494//1494 1433//1433
f 1348//1348 1495//1495 1155//1155
f 1495//1495 1496//1496 1155//1155
f 1155//1155 1496//1496 1497//1497
f 1498//1498 1499//1499 1309//1309
f 1499//1499 1500//1500 1309//1309
f 1309//1309 1500//1500 1501//1501
f 1502//1502 1503//1503 1322//1322
f 1503//1503 1504//1504 1322//1322
f 1449//1449 1451//1451 1505//1505
f 1451//1451 1506//1506 1505//1505
f 1505//1505 1506//1506 1322//1322
f 1506//1506 1507//1507 1322//1322
f 1322//1322 1507//1507 1502//1502
f 1458//1458 1508//1508 1240//1240
f 1508//1508 1509//1509 1240//1240
f 1240//1240 1509//1509 1366//1366
f 1510//1510 1511//1511 1240//1240
f 1511//1511 1512//1512 1240//1240
f 1240//1240 1512//1512 1513//1513
f 1514//1514 1515//1515 1373//1373
f 1515//1515 1516//1516 1373//1373
f 1373//1373 1516//1516 1374//1374
f 1474//1474 1517//1517 1469//1469
f 1517//1517 1518//1518 1469//1469
f 1469//1469 1518//1518 1519//1519
f 1519//1519 1520//1520 1469//1469
f 1520//1520 1521//1521 1469//1469
f 1469//1469 1521//1521 1522//1522
f 1467//1467 1469//1469 1291//1291
f 1469//1469 1523//1523 1291//1291
f 1291//1291 1523//1523 1481//1481
f 1482//1482 1524//1524 1291//1291
f 1524//1524 1525//1525 1291//1291
f 1291//1291 1525//1525 1377//1377
f 1421//1421 1526//1526 1154//1154
f 1526//1526 1527//1527 1154//1154
f 1154//1154 1527//1527 1422//1422
f 1497//1497 1528//1528 1155//1155
f 1528//1528 1529//1529 1155//1155
f 1155//1155 1529//1529 1309//1309
f 1529//1529 1530//1530 1309//1309
f 1309//1309 1530//1530 1445//1445
f 1504//1504 1531//1531 1322//1322
f 1531//1531 1532//1532 1322//1322
f 1322//1322 1532//1532 1323//1323
f 1418//1418 1533//1533 1240//1240
f 1533//1533 1534//1534 1240//1240
f 1240//1240 1534//1534 1510//1510
f 1373//1373 1535//1535 1514//1514
f 1535//1535 1536//1536 1514//1514
f 1514//1514 1536//1536 1537//1537
f 1536//1536 1538//1538 1537//1537
f 1537//1537 1538//1538 1539//1539
f 1538//1538 1540//1540 1539//1539
f 1539//1539 1540//1540 1541//1541
f 1540//1540 1542//1542 1541//1541
f 1541//1541 1542//1542 1543//1543
f 1542//1542 1544//1544 1543//1543
f 1543//1543 1544//1544 1545//1545
f 1385//1385 1154//1154 1546//1546
f 1154//1154 1248//1248 1546//1546
f 1546//1546 1248//1248 1483//1483
f 1248//1248 1547//1547 1483//1483
f 1483//1483 1547//1547 1484//1484
f 1436//1436 1548//1548 1154//1154
f 1548//1548 1381//1381 1154//1154
f 1154//1154 1381//1381 1437//1437
f 1381//1381 1380//1380 1437//1437
f 1446//1446 1549//1549 1309//1309
f 1549//1549 1550//1550 1309//1309
f 1309//1309 1550//1550 1551//1551
f 1551//1551 1552//1552 1309//1309
f 1552//1552 1553//1553 1309//1309
f 1309//1309 1553//1553 1498//1498
f 1501//1501 1554//1554 1309//1309
f 1554//1554 1555//1555 1309//1309
f 1309//1309 1555//1555 1556//1556
f 1556//1556 1557//1557 1309//1309
f 1557//1557 1558//1558 1309//1309
f 1309//1309 1558//1558 1559//1559
f 1559//1559 1560//1560 1309//1309
f 1560//1560 1561//1561 1309//1309
f 1309//1309 1561//1561 1396//1396
f 1255//1255 1562//1562 1563//1563
f 1564//1564 1565//1565 1240//1240
f 1565//1565 1566//1566 1240//1240
f 1466//1466 1567//1567 1464//1464
f 1567//1567 1568//1568 1464//1464
f 1464//1464 1568//1568 1569//1569
f 1522//1522 1570//1570 1469//1469
f 1570//1570 1571//1571 1469//1469
f 1469//1469 1571//1571 1572//1572
f 1571//1571 1573//1573 1572//1572
f 1572//1572 1573//1573 1574//1574
f 1573//1573 1569//1569 1574//1574
f 1574//1574 1569//1569 1575//1575
f 1569//1569 1568//1568 1575//1575
f 1320//1320 1576//1576 1255//1255
f 1576//1576 1577//1577 1255//1255
f 1255//1255 1577//1577 1578//1578
f 1563//1563 1579//1579 1255//1255
f 1579//1579 1580//1580 1255//1255
f 1255//1255 1580//1580 1581//1581
f 1399//1399 1401//1401 1582//1582
f 1401//1401 1583//1583 1582//1582
f 1582//1582 1583//1583 1584//1584
f 1321//1321 1323//1323 1585//1585
f 1323//1323 1586//1586 1585//1585
f 1585//1585 1586//1586 1400//1400
f 1586//1586 1587//1587 1400//1400
f 1400//1400 1587//1587 1401//1401
f 1404//1404 1588//1588 1309//1309
f 1588//1588 1589//1589 1309//1309
f 1309//1309 1589//1589 1590//1590
f 1513//1513 1591//1591 1240//1240
f 1591//1591 1592//1592 1240//1240
f 1240//1240 1592//1592 1564//1564
f 1566//1566 1593//1593 1240//1240
f 1593//1593 1594//1594 1240//1240
f 1240//1240 1594//1594 1368//1368
f 1544//1544 1595//1595 1545//1545
f 1595//1595 1596//1596 1545//1545
f 1545//1545 1596//1596 1465//1465
f 1596//1596 1597//1597 1465//1465
f 1465//1465 1597//1597 1466//1466
f 1578//1578 1598//1598 1255//1255
f 1598//1598 1599//1599 1255//1255
f 1255//1255 1599//1599 1562//1562
f 1581//1581 1600//1600 1255//1255
f 1600//1600 1601//1601 1255//1255
f 1255//1255 1601//1601 1602//1602
f 1602//1602 1603//1603 1255//1255
f 1603//1603 1604//1604 1255//1255
f 1255//1255 1604//1604 1605//1605
f 1606//1606 1607//1607 1608//1608
f 1607//1607 1609//1609 1608//1608
f 1608//1608 1609//1609 1610//1610
f 1609//1609 1611//1611 1610//1610
f 1612//1612 1613//1613 1309//1309
f 1613//1613 1614//1614 1309//1309
f 1605//1605 1615//1615 1255//1255
f 1615//1615 1616//1616 1255//1255
f 1255//1255 1616//1616 1608//1608
f 1616//1616 1617//1617 1608//1608
f 1608//1608 1617//1617 1606//1606
f 1609//1609 1618//1618 1611//1611
f 1618//1618 1619//1619 1611//1611
f 1611//1611 1619//1619 1620//1620
f 1590//1590 1621//1621 1309//1309
f 1621//1621 1622//1622 1309//1309
f 1309//1309 1622//1622 1623//1623
f 1624//1624 1625//1625 1309//1309
f 1619//1619 1626//1626 1620//1620
f 1626//1626 1627//1627 1620//1620
f 1620//1620 1627//1627 1628//1628
f 1627//1627 1629//1629 1628//1628
f 1628//1628 1629//1629 1584//1584
f 1629//1629 1630//1630 1584//1584
f 1584//1584 1630//1630 1582//1582
f 1612//1612 1309//1309 1631//1631
f 1309//1309 1623//1623 1631//1631
f 1631//1631 1623//1623 1235//1235
f 1623//1623 1632//1632 1235//1235
f 1235//1235 1632//1632 1405//1405
f 1614//1614 1633//1633 1309//1309
f 1633//1633 1634//1634 1309//1309
f 1309//1309 1634//1634 1635//1635
f 1636//1636 1240//1240 1637//1637
f 1240//1240 1638//1638 1637//1637
f 1635//1635 1639//1639 1309//1309
f 1639//1639 1640//1640 1309//1309
f 1309//1309 1640//1640 1641//1641
f 1625//1625 1642//1642 1309//1309
f 1642//1642 1643//1643 1309//1309
f 1309//1309 1643//1643 1240//1240
f 1643//1643 1644//1644 1240//1240
f 1240//1240 1644//1644 1638//1638
f 1645//1645 1646//1646 1240//1240
f 1646//1646 1647//1647 1240//1240
f 1641//1641 1648//1648 1309//1309
f 1648//1648 1649//1649 1309//1309
f 1309//1309 1649//1649 1624//1624
f 1650//1650 1651//1651 1240//1240
f 1651//1651 1652//1652 1240//1240
f 1240//1240 1652//1652 1645//1645
f 1647//1647 1653//1653 1240//1240
f 1653//1653 1654//1654 1240//1240
f 1240//1240 1654//1654 1655//1655
f 1636//1636 1656//1656 1240//1240
f 1656//1656 1657//1657 1240//1240
f 1240//1240 1657//1657 1650//1650
f 1365//1365 1658//1658 1357//1357
f 1658//1658 1659//1659 1357//1357
f 1357//1357 1659//1659 1655//1655
f 1659//1659 1660//1660 1655//1655
f 1655//1655 1660//1660 1240//1240
f 1660//1660 1661//1661 1240//1240
f 1240//1240 1661//1661 1457//1457
f 1662//1662 1663//1663 1664//1664
f 1665//1665 1664//1664 1666//1666
f 1664//1664 1667//1667 1666//1666
f 1668//1668 1669//1669 1670//1670
f 1671//1671 1672//1672 1664//1664
f 1673//1673 1674//1674 1670//1670
f 1674//1674 1675//1675 1670//1670
f 1670//1670 1675//1675 1676//1676
f 1677//1677 1678//1678 1670//1670
f 1678//1678 1679//1679 1670//1670
f 1670//1670 1679//1679 1680//1680
f 1681//1681 1682//1682 1664//1664
f 1683//1683 1684//1684 1685//1685
f 1686//1686 1687//1687 1688//1688
f 1676//1676 1689//1689 1670//1670
f 1689//1689 1690//1690 1670//1670
f 1670//1670 1690//1690 1691//1691
f 1691//1691 1692//1692 1670//1670
f 1692//1692 1693//1693 1670//1670
f 1670//1670 1693//1693 1677//1677
f 1680//1680 1694//1694 1670//1670
f 1694//1694 1695//1695 1670//1670
f 1670//1670 1695//1695 1696//1696
f 1696//1696 1697//1697 1670//1670
f 1697//1697 1698//1698 1670//1670
f 1670//1670 1698//1698 1699//1699
f 1670//1670 1669//1669 1664//1664
f 1669//1669 1700//1700 1664//1664
f 1664//1664 1700//1700 1667//1667
f 1701//1701 1702//1702 1703//1703
f 1702//1702 1704//1704 1703//1703
f 1705//1705 1706//1706 1707//1707
f 1682//1682 1708//1708 1664//1664
f 1708//1708 1709//1709 1664//1664
f 1664//1664 1709//1709 1662//1662
f 1710//1710 1711//1711 1685//1685
f 1711//1711 1712//1712 1685//1685
f 1685//1685 1712//1712 1713//1713
f 1714//1714 1715//1715 1716//1716
f 1686//1686 1688//1688 1717//1717
f 1699//1699 1718//1718 1670//1670
f 1718//1718 1719//1719 1670//1670
f 1670//1670 1719//1719 1720//1720
f 1720//1720 1721//1721 1670//1670
f 1721//1721 1722//1722 1670//1670
f 1670//1670 1722//1722 1668//1668
f 1723//1723 1724//1724 1725//1725
f 1724//1724 1726//1726 1725//1725
f 1725//1725 1726//1726 1727//1727
f 1728//1728 1729//1729 1664//1664
f 1663//1663 1730//1730 1664//1664
f 1730//1730 1731//1731 1664//1664
f 1664//1664 1731//1731 1732//1732
f 1732//1732 1733//1733 1664//1664
f 1733//1733 1734//1734 1664//1664
f 1664//1664 1734//1734 1735//1735
f 1735//1735 1736//1736 1664//1664
f 1736//1736 1737//1737 1664//1664
f 1664//1664 1737//1737 1738//1738
f 1739//1739 1740//1740 1741//1741
f 1742//1742 1743//1743 1744//1744
f 1745//1745 1746//1746 1670//1670
f 1746//1746 1747//1747 1670//1670
f 1670//1670 1747//1747 1748//1748
f 1723//1723 1725//1725 1749//1749
f 1725//1725 1750//1750 1749//1749
f 1749//1749 1750//1750 1701//1701
f 1750//1750 1751//1751 1701//1701
f 1701//1701 1751//1751 1702//1702
f 1729//1729 1752//1752 1664//1664
f 1752//1752 1753//1753 1664//1664
f 1664//1664 1753//1753 1671//1671
f 1672//1672 1754//1754 1664//1664
f 1754//1754 1755//1755 1664//1664
f 1664//1664 1755//1755 1681//1681
f 1756//1756 1664//1664 1757//1757
f 1664//1664 1758//1758 1757//1757
f 1759//1759 1760//1760 1685//1685
f 1683//1683 1685//1685 1761//1761
f 1684//1684 1762//1762 1685//1685
f 1762//1762 1763//1763 1685//1685
f 1685//1685 1763//1763 1764//1764
f 1764//1764 1765//1765 1685//1685
f 1765//1765 1766//1766 1685//1685
f 1685//1685 1766//1766 1710//1710
f 1767//1767 1768//1768 1769//1769
f 1770//1770 1771//1771 1772//1772
f 1748//1748 1773//1773 1670//1670
f 1773//1773 1774//1774 1670//1670
f 1670//1670 1774//1774 1673//1673
f 1775//1775 1776//1776 1702//1702
f 1776//1776 1777//1777 1702//1702
f 1702//1702 1777//1777 1778//1778
f 1727//1727 1779//1779 1725//1725
f 1779//1779 1780//1780 1725//1725
f 1725//1725 1780//1780 1705//1705
f 1780//1780 1781//1781 1705//1705
f 1705//1705 1781//1781 1706//1706
f 1782//1782 1783//1783 1664//1664
f 1783//1783 1784//1784 1664//1664
f 1664//1664 1784//1784 1785//1785
f 1786//1786 1787//1787 1664//1664
f 1738//1738 1788//1788 1664//1664
f 1788//1788 1789//1789 1664//1664
f 1664//1664 1789//1789 1758//1758
f 1790//1790 1791//1791 1792//1792
f 1791//1791 1793//1793 1792//1792
f 1792//1792 1793//1793 1794//1794
f 1713//1713 1795//1795 1685//1685
f 1795//1795 1796//1796 1685//1685
f 1685//1685 1796//1796 1797//1797
f 1798//1798 1799//1799 1688//1688
f 1799//1799 1800//1800 1688//1688
f 1688//1688 1800//1800 1717//1717
f 1801//1801 1802//1802 1744//1744
f 1803//1803 1804//1804 1744//1744
f 1804//1804 1805//1805 1744//1744
f 1805//1805 1806//1806 1744//1744
f 1806//1806 1807//1807 1744//1744
f 1744//1744 1807//1807 1808//1808
f 1809//1809 1810//1810 1744//1744
f 1687//1687 1811//1811 1688//1688
f 1811//1811 1812//1812 1688//1688
f 1688//1688 1812//1812 1813//1813
f 1812//1812 1814//1814 1813//1813
f 1813//1813 1814//1814 1815//1815
f 1815//1815 1816//1816 1813//1813
f 1816//1816 1817//1817 1813//1813
f 1813//1813 1817//1817 1818//1818
f 1819//1819 1820//1820 1821//1821
f 1820//1820 1822//1822 1821//1821
f 1821//1821 1822//1822 1817//1817
f 1822//1822 1823//1823 1817//1817
f 1817//1817 1823//1823 1818//1818
f 1824//1824 1825//1825 1670//1670
f 1825//1825 1826//1826 1670//1670
f 1670//1670 1826//1826 1745//1745
f 1827//1827 1828//1828 1702//1702
f 1829//1829 1830//1830 1702//1702
f 1830//1830 1831//1831 1702//1702
f 1702//1702 1831//1831 1775//1775
f 1665//1665 1832//1832 1664//1664
f 1832//1832 1833//1833 1664//1664
f 1664//1664 1833//1833 1782//1782
f 1785//1785 1834//1834 1664//1664
f 1834//1834 1835//1835 1664//1664
f 1664//1664 1835//1835 1836//1836
f 1837//1837 1838//1838 1767//1767
f 1794//1794 1839//1839 1792//1792
f 1839//1839 1840//1840 1792//1792
f 1792//1792 1840//1840 1739//1739
f 1840//1840 1841//1841 1739//1739
f 1739//1739 1841//1841 1740//1740
f 1797//1797 1842//1842 1685//1685
f 1842//1842 1843//1843 1685//1685
f 1685//1685 1843//1843 1844//1844
f 1741//1741 1845//1845 1739//1739
f 1845//1845 1846//1846 1739//1739
f 1739//1739 1846//1846 1847//1847
f 1848//1848 1849//1849 1744//1744
f 1802//1802 1850//1850 1744//1744
f 1850//1850 1851//1851 1744//1744
f 1744//1744 1851//1851 1803//1803
f 1808//1808 1852//1852 1744//1744
f 1852//1852 1853//1853 1744//1744
f 1744//1744 1853//1853 1854//1854
f 1854//1854 1855//1855 1744//1744
f 1855//1855 1856//1856 1744//1744
f 1744//1744 1856//1856 1742//1742
f 1857//1857 1858//1858 1819//1819
f 1858//1858 1859//1859 1819//1819
f 1819//1819 1859//1859 1820//1820
f 1810//1810 1860//1860 1744//1744
f 1860//1860 1861//1861 1744//1744
f 1744//1744 1861//1861 1670//1670
f 1861//1861 1862//1862 1670//1670
f 1670//1670 1862//1862 1863//1863
f 1863//1863 1864//1864 1670//1670
f 1864//1864 1865//1865 1670//1670
f 1670//1670 1865//1865 1824//1824
f 1770//1770 1772//1772 1702//1702
f 1772//1772 1866//1866 1702//1702
f 1702//1702 1866//1866 1827//1827
f 1828//1828 1867//1867 1702//1702
f 1867//1867 1868//1868 1702//1702
f 1702//1702 1868//1868 1829//1829
f 1778//1778 1869//1869 1702//1702
f 1869//1869 1870//1870 1702//1702
f 1702//1702 1870//1870 1704//1704
f 1787//1787 1871//1871 1664//1664
f 1871//1871 1872//1872 1664//1664
f 1664//1664 1872//1872 1873//1873
f 1873//1873 1874//1874 1664//1664
f 1874//1874 1875//1875 1664//1664
f 1664//1664 1875//1875 1876//1876
f 1877//1877 1878//1878 1664//1664
f 1878//1878 1705//1705 1664//1664
f 1879//1879 1880//1880 1685//1685
f 1880//1880 1881//1881 1685//1685
f 1685//1685 1881//1881 1882//1882
f 1882//1882 1883//1883 1685//1685
f 1883//1883 1884//1884 1685//1685
f 1685//1685 1884//1884 1761//1761
f 1885//1885 1886//1886 1887//1887
f 1715//1715 1888//1888 1716//1716
f 1888//1888 1889//1889 1716//1716
f 1716//1716 1889//1889 1890//1890
f 1889//1889 1891//1891 1890//1890
f 1890//1890 1891//1891 1892//1892
f 1790//1790 1792//1792 1893//1893
f 1792//1792 1894//1894 1893//1893
f 1893//1893 1894//1894 1716//1716
f 1894//1894 1895//1895 1716//1716
f 1716//1716 1895//1895 1714//1714
f 1743//1743 1896//1896 1744//1744
f 1896//1896 1897//1897 1744//1744
f 1744//1744 1897//1897 1898//1898
f 1899//1899 1900//1900 1901//1901
f 1771//1771 1902//1902 1772//1772
f 1902//1902 1903//1903 1772//1772
f 1772//1772 1903//1903 1904//1904
f 1664//1664 1905//1905 1906//1906
f 1906//1906 1907//1907 1664//1664
f 1907//1907 1908//1908 1664//1664
f 1664//1664 1908//1908 1909//1909
f 1909//1909 1910//1910 1664//1664
f 1910//1910 1911//1911 1664//1664
f 1664//1664 1911//1911 1877//1877
f 1707//1707 1912//1912 1705//1705
f 1912//1912 1913//1913 1705//1705
f 1705//1705 1913//1913 1664//1664
f 1913//1913 1914//1914 1664//1664
f 1664//1664 1914//1914 1728//1728
f 1756//1756 1915//1915 1664//1664
f 1915//1915 1916//1916 1664//1664
f 1664//1664 1916//1916 1917//1917
f 1918//1918 1919//1919 1685//1685
f 1920//1920 1921//1921 1685//1685
f 1849//1849 1922//1922 1744//1744
f 1922//1922 1923//1923 1744//1744
f 1744//1744 1923//1923 1801//1801
f 1857//1857 1819//1819 1924//1924
f 1819//1819 1925//1925 1924//1924
f 1924//1924 1925//1925 1926//1926
f 1925//1925 1927//1927 1926//1926
f 1926//1926 1927//1927 1928//1928
f 1927//1927 1929//1929 1928//1928
f 1928//1928 1929//1929 1930//1930
f 1929//1929 1931//1931 1930//1930
f 1930//1930 1931//1931 1932//1932
f 1931//1931 1933//1933 1932//1932
f 1932//1932 1933//1933 1934//1934
f 1933//1933 1935//1935 1934//1934
f 1934//1934 1935//1935 1936//1936
f 1937//1937 1938//1938 1900//1900
f 1938//1938 1939//1939 1900//1900
f 1900//1900 1939//1939 1901//1901
f 1940//1940 1941//1941 1767//1767
f 1941//1941 1942//1942 1767//1767
f 1767//1767 1942//1942 1837//1837
f 1838//1838 1943//1943 1767//1767
f 1943//1943 1944//1944 1767//1767
f 1767//1767 1944//1944 1945//1945
f 1876//1876 1946//1946 1664//1664
f 1946//1946 1947//1947 1664//1664
f 1664//1664 1947//1947 1905//1905
f 1917//1917 1948//1948 1664//1664
f 1948//1948 1949//1949 1664//1664
f 1664//1664 1949//1949 1685//1685
f 1949//1949 1950//1950 1685//1685
f 1685//1685 1950//1950 1918//1918
f 1921//1921 1951//1951 1685//1685
f 1951//1951 1952//1952 1685//1685
f 1685//1685 1952//1952 1953//1953
f 1953//1953 1954//1954 1685//1685
f 1954//1954 1955//1955 1685//1685
f 1685//1685 1955//1955 1879//1879
f 1956//1956 1957//1957 1958//1958
f 1957//1957 1959//1959 1958//1958
f 1959//1959 1957//1957 1887//1887
f 1957//1957 1960//1960 1887//1887
f 1887//1887 1960//1960 1885//1885
f 1892//1892 1961//1961 1890//1890
f 1961//1961 1962//1962 1890//1890
f 1890//1890 1962//1962 1963//1963
f 1898//1898 1964//1964 1744//1744
f 1964//1964 1965//1965 1744//1744
f 1744//1744 1965//1965 1966//1966
f 1966//1966 1967//1967 1744//1744
f 1967//1967 1968//1968 1744//1744
f 1744//1744 1968//1968 1969//1969
f 1969//1969 1970//1970 1744//1744
f 1970//1970 1971//1971 1744//1744
f 1744//1744 1971//1971 1972//1972
f 1972//1972 1973//1973 1744//1744
f 1973//1973 1974//1974 1744//1744
f 1744//1744 1974//1974 1809//1809
f 1935//1935 1975//1975 1936//1936
f 1975//1975 1976//1976 1936//1936
f 1936//1936 1976//1976 1977//1977
f 1976//1976 1978//1978 1977//1977
f 1977//1977 1978//1978 1937//1937
f 1978//1978 1979//1979 1937//1937
f 1937//1937 1979//1979 1938//1938
f 1904//1904 1980//1980 1772//1772
f 1980//1980 1981//1981 1772//1772
f 1772//1772 1981//1981 1982//1982
f 1983//1983 1772//1772 1984//1984
f 1772//1772 1985//1985 1984//1984
f 1901//1901 1986//1986 1899//1899
f 1986//1986 1987//1987 1899//1899
f 1899//1899 1987//1987 1988//1988
f 1987//1987 1989//1989 1988//1988
f 1988//1988 1989//1989 1990//1990
f 1989//1989 1772//1772 1990//1990
f 1990//1990 1772//1772 1991//1991
f 1772//1772 1983//1983 1991//1991
f 1664//1664 1992//1992 1993//1993
f 1993//1993 1994//1994 1664//1664
f 1994//1994 1995//1995 1664//1664
f 1664//1664 1995//1995 1996//1996
f 1996//1996 1997//1997 1664//1664
f 1997//1997 1998//1998 1664//1664
f 1664//1664 1998//1998 1999//1999
f 1664//1664 2000//2000 2001//2001
f 1945//1945 2002//2002 1767//1767
f 2002//2002 2003//2003 1767//1767
f 1767//1767 2003//2003 2004//2004
f 1886//1886 1885//1885 2005//2005
f 1885//1885 2006//2006 2005//2005
f 2005//2005 2006//2006 1962//1962
f 2006//2006 2007//2007 1962//1962
f 1962//1962 2007//2007 1963//1963
f 1982//1982 2008//2008 1772//1772
f 2008//2008 2009//2009 1772//1772
f 1772//1772 2009//2009 1985//1985
f 1999//1999 2010//2010 1664//1664
f 2010//2010 2011//2011 1664//1664
f 1664//1664 2011//2011 2000//2000
f 2001//2001 2012//2012 1664//1664
f 2012//2012 2013//2013 1664//1664
f 1664//1664 2013//2013 1786//1786
f 1919//1919 2014//2014 1685//1685
f 2014//2014 2015//2015 1685//1685
f 1685//1685 2015//2015 2016//2016
f 2016//2016 2017//2017 1685//1685
f 2017//2017 2018//2018 1685//1685
f 1685//1685 2018//2018 1759//1759
f 1760//1760 2019//2019 1685//1685
f 2019//2019 2020//2020 1685//1685
f 1685//1685 2020//2020 1920//1920
f 2021//2021 2022//2022 2023//2023
f 2022//2022 2024//2024 2023//2023
f 2023//2023 2024//2024 2025//2025
f 2024//2024 2026//2026 2025//2025
f 1844//1844 2027//2027 1685//1685
f 2027//2027 2028//2028 1685//1685
f 1685//1685 2028//2028 2029//2029
f 1836//1836 2030//2030 2031//2031
f 2031//2031 2032//2032 1836//1836
f 2032//2032 2033//2033 1836//1836
f 1836//1836 2033//2033 1664//1664
f 2033//2033 2034//2034 1664//1664
f 1664//1664 2034//2034 1992//1992
f 1767//1767 1769//1769 2024//2024
f 1769//1769 2035//2035 2024//2024
f 2024//2024 2035//2035 2026//2026
f 2023//2023 2036//2036 2021//2021
f 2036//2036 2037//2037 2021//2021
f 2021//2021 2037//2037 1958//1958
f 2037//2037 2038//2038 1958//1958
f 1958//1958 2038//2038 1956//1956
f 2039//2039 2040//2040 1744//1744
f 2040//2040 2041//2041 1744//1744
f 2042//2042 1836//1836 2043//2043
f 1836//1836 2044//2044 2043//2043
f 2045//2045 1836//1836 2046//2046
f 1836//1836 2047//2047 2046//2046
f 2045//2045 2048//2048 1836//1836
f 2048//2048 2049//2049 1836//1836
f 1836//1836 2049//2049 2030//2030
f 2004//2004 2050//2050 1767//1767
f 2050//2050 2051//2051 1767//1767
f 1767//1767 2051//2051 2052//2052
f 2052//2052 2053//2053 1767//1767
f 2053//2053 2054//2054 1767//1767
f 1767//1767 2054//2054 1768//1768
f 2055//2055 2056//2056 1685//1685
f 2041//2041 2057//2057 1744//1744
f 2057//2057 2058//2058 1744//1744
f 1744//1744 2058//2058 2059//2059
f 2042//2042 2060//2060 1836//1836
f 2060//2060 2061//2061 1836//1836
f 1836//1836 2061//2061 2047//2047
f 2062//2062 1744//1744 2063//2063
f 1744//1744 2064//2064 2063//2063
f 1847//1847 2065//2065 1739//1739
f 2065//2065 2066//2066 1739//1739
f 1739//1739 2066//2066 2059//2059
f 2066//2066 2067//2067 2059//2059
f 2059//2059 2067//2067 1744//1744
f 2067//2067 2068//2068 1744//1744
f 1744//1744 2068//2068 1848//1848
f 2069//2069 2070//2070 1685//1685
f 2070//2070 2071//2071 1685//1685
f 2071//2071 2072//2072 1685//1685
f 2072//2072 2073//2073 1685//1685
f 1685//1685 2073//2073 2074//2074
f 2056//2056 2075//2075 1685//1685
f 2075//2075 2076//2076 1685//1685
f 1685//1685 2076//2076 1744//1744
f 2076//2076 2077//2077 1744//1744
f 1744//1744 2077//2077 2064//2064
f 2078//2078 2079//2079 1744//1744
f 2079//2079 2080//2080 1744//1744
f 1744//1744 2080//2080 2039//2039
f 1940//1940 1767//1767 2081//2081
f 1767//1767 2082//2082 2081//2081
f 2081//2081 2082//2082 2083//2083
f 2082//2082 2084//2084 2083//2083
f 2083//2083 2084//2084 1836//1836
f 2084//2084 2085//2085 1836//1836
f 1836//1836 2085//2085 2044//2044
f 2029//2029 2086//2086 1685//1685
f 2086//2086 2087//2087 1685//1685
f 1685//1685 2087//2087 2088//2088
f 2074//2074 2089//2089 1685//1685
f 2089//2089 2090//2090 1685//1685
f 1685//1685 2090//2090 2091//2091
f 2062//2062 2092//2092 1744//1744
f 2092//2092 2093//2093 1744//1744
f 1744//1744 2093//2093 2078//2078
f 2069//2069 1685//1685 2094//2094
f 1685//1685 2088//2088 2094//2094
f 2094//2094 2088//2088 1688//1688
f 2088//2088 2095//2095 1688//1688
f 1688//1688 2095//2095 1798//1798
f 2091//2091 2096//2096 1685//1685
f 2096//2096 2097//2097 1685//1685
f 1685//1685 2097//2097 2055//2055
f 2098//2098 2099//2099 2100//2100
f 2098//2098 2100//2100 2101//2101
f 2100//2100 2102//2102 2101//2101
f 2101//2101 2102//2102 2103//2103
f 2102//2102 2104//2104 2103//2103
f 2103//2103 2104//2104 2105//2105
f 2104//2104 2106//2106 2105//2105
f 2105//2105 2106//2106 2107//2107
f 2106//2106 2108//2108 2107//2107
f 2107//2107 2108//2108 2109//2109
f 2108//2108 2110//2110 2109//2109
f 2109//2109 2110//2110 2111//2111
f 2110//2110 2112//2112 2111//2111
f 2111//2111 2112//2112 2113//2113
f 2112//2112 2114//2114 2113//2113
f 2113//2113 2114//2114 2115//2115
f 2114//2114 2116//2116 2115//2115
f 2115//2115 2116//2116 2117//2117
f 2116//2116 2118//2118 2117//2117
f 2117//2117 2118//2118 2119//2119
f 2118//2118 2120//2120 2119//2119
f 2119//2119 2120//2120 2121//2121
f 2120//2120 2122//2122 2121//2121
f 2121//2121 2122//2122 2123//2123
f 2122//2122 2124//2124 2123//2123
f 2123//2123 2124//2124 2125//2125
f 2124//2124 2126//2126 2125//2125
f 2125//2125 2126//2126 2127//2127
f 2126//2126 2128//2128 2127//2127
f 2127//2127 2128//2128 2129//2129
f 2128//2128 2130//2130 2129//2129
f 2129//2129 2130//2130 2131//2131
f 2130//2130 2132//2132 2131//2131
f 2131//2131 2132//2132 2133//2133
f 2132//2132 2134//2134 2133//2133
f 2133//2133 2134//2134 2135//2135
f 2134//2134 2136//2136 2135//2135
f 2135//2135 2136//2136 2137//2137
f 2136//2136 2138//2138 2137//2137
f 2137//2137 2138//2138 2139//2139
f 2138//2138 2140//2140 2139//2139
f 2139//2139 2140//2140 2141//2141
f 2140//2140 2142//2142 2141//2141
f 2141//2141 2142//2142 2143//2143
f 2142//2142 2144//2144 2143//2143
f 2143//2143 2144//2144 2145//2145
f 2144//2144 2146//2146 2145//2145
f 2145//2145 2146//2146 2147//2147
f 2146//2146 2148//2148 2147//2147
f 2147//2147 2148//2148 2149//2149
f 1309//1309 1240//1240 1744//1744
f 1240//1240 1685//1685 1744//1744
f 2150//2150 2151//2151 2152//2152
f 2150//2150 2152//2152 2153//2153
f 2152//2152 2154//2154 2153//2153
f 2153//2153 2154//2154 2155//2155
f 2154//2154 2156//2156 2155//2155
f 2155//2155 2156//2156 2157//2157
f 2156//2156 2158//2158 2157//2157
f 2157//2157 2158//2158 2159//2159
f 2158//2158 2160//2160 2159//2159
f 2159//2159 2160//2160 2161//2161
f 2160//2160 2162//2162 2161//2161
f 2161//2161 2162//2162 2163//2163
f 2162//2162 2164//2164 2163//2163
f 2163//2163 2164//2164 2165//2165
f 2164//2164 2166//2166 2165//2165
f 2165//2165 2166//2166 2167//2167
f 2166//2166 2168//2168 2167//2167
f 2167//2167 2168//2168 2169//2169
f 2168//2168 2170//2170 2169//2169
f 2169//2169 2170//2170 2171//2171
f 2170//2170 2172//2172 2171//2171
f 2171//2171 2172//2172 2173//2173
f 2172//2172 2174//2174 2173//2173
f 2173//2173 2174//2174 2175//2175
f 2174//2174 2176//2176 2175//2175
f 2175//2175 2176//2176 2177//2177
f 2176//2176 2178//2178 2177//2177
f 2177//2177 2178//2178 2179//2179
f 2178//2178 2180//2180 2179//2179
f 2179//2179 2180//2180 2181//2181
f 2180//2180 2182//2182 2181//2181
f 2181//2181 2182//2182 2183//2183
f 2182//2182 2184//2184 2183//2183
f 2183//2183 2184//2184 2185//2185
f 2184//2184 2186//2186 2185//2185
f 2185//2185 2186//2186 2187//2187
f 2186//2186 2188//2188 2187//2187
f 2187//2187 2188//2188 2189//2189
f 2188//2188 2190//2190 2189//2189
f 2189//2189 2190//2190 2191//2191
f 2190//2190 2192//2192 2191//2191
f 2191//2191 2192//2192 2193//2193
f 2192//2192 2194//2194 2193//2193
f 2193//2193 2194//2194 2195//2195
f 2194//2194 2196//2196 2195//2195
f 2195//2195 2196//2196 2197//2197
f 2196//2196 2198//2198 2197//2197
f 2197//2197 2198//2198 2199//2199
f 2198//2198 2200//2200 2199//2199
f 2199//2199 2200//2200 2201//2201
f 2202//2202 2203//2203 2204//2204
f 2202//2202 2204//2204 2205//2205
f 2204//2204 2206//2206 2205//2205
f 2205//2205 2206//2206 2207//2207
f 2206//2206 2208//2208 2207//2207
f 2207//2207 2208//2208 2209//2209
f 2208//2208 2210//2210 2209//2209
f 2209//2209 2210//2210 2211//2211
f 2210//2210 2212//2212 2211//2211
f 2211//2211 2212//2212 2213//2213
f 2212//2212 2214//2214 2213//2213
f 2213//2213 2214//2214 2215//2215
f 2214//2214 2216//2216 2215//2215
f 2215//2215 2216//2216 2217//2217
f 2216//2216 2218//2218 2217//2217
f 2217//2217 2218//2218 2219//2219
f 2218//2218 2220//2220 2219//2219
f 2219//2219 2220//2220 2221//2221
f 2220//2220 2222//2222 2221//2221
f 2221//2221 2222//2222 2223//2223
f 2222//2222 2224//2224 2223//2223
f 2223//2223 2224//2224 2225//2225
f 2224//2224 2226//2226 2225//2225
f 2225//2225 2226//2226 2227//2227
f 2226//2226 2228//2228 2227//2227
f 2227//2227 2228//2228 2229//2229
f 2228//2228 2230//2230 2229//2229
f 2229//2229 2230//2230 2231//2231
f 2230//2230 2232//2232 2231//2231
f 2231//2231 2232//2232 2233//2233
f 2232//2232 2234//2234 2233//2233
f 2233//2233 2234//2234 2235//2235
f 2234//2234 2236//2236 2235//2235
f 2235//2235 2236//2236 2237//2237
f 2236//2236 2238//2238 2237//2237
f 2237//2237 2238//2238 2239//2239
f 2238//2238 2240//2240 2239//2239
f 2239//2239 2240//2240 2241//2241
f 2240//2240 2242//2242 2241//2241
f 2241//2241 2242//2242 2243//2243
f 2242//2242 2244//2244 2243//2243
f 2243//2243 2244//2244 2245//2245
f 2244//2244 2246//2246 2245//2245
f 2245//2245 2246//2246 2247//2247
f 2246//2246 2248//2248 2247//2247
f 2247//2247 2248//2248 2249//2249
f 2248//2248 2250//2250 2249//2249
f 2249//2249 2250//2250 2251//2251
f 2250//2250 2252//2252 2251//2251
f 2251//2251 2252//2252 2253//2253
f 1498//1498 1860//1860 1499//1499
f 1860//1860 1810//1810 1499//1499
f 1499//1499 1810//1810 1500//1500
f 1810//1810 1809//1809 1500//1500
f 1500//1500 1809//1809 1501//1501
f 1809//1809 1974//1974 1501//1501
f 1501//1501 1974//1974 1554//1554
f 1974//1974 1973//1973 1554//1554
f 1554//1554 1973//1973 1555//1555
f 1973//1973 1972//1972 1555//1555
f 1555//1555 1972//1972 1556//1556
f 1972//1972 1971//1971 1556//1556
f 1556//1556 1971//1971 1557//1557
f 1971//1971 1970//1970 1557//1557
f 1557//1557 1970//1970 1558//1558
f 1970//1970 1969//1969 1558//1558
f 1558//1558 1969//1969 1559//1559
f 1969//1969 1968//1968 1559//1559
f 1559//1559 1968//1968 1560//1560
f 1968//1968 1967//1967 1560//1560
f 1560//1560 1967//1967 1561//1561
f 1967//1967 1966//1966 1561//1561
f 1561//1561 1966//1966 1396//1396
f 1966//1966 1965//1965 1396//1396
f 1396//1396 1965//1965 1395//1395
f 1965//1965 1964//1964 1395//1395
f 1395//1395 1964//1964 1394//1394
f 1964//1964 1898//1898 1394//1394
f 1394//1394 1898//1898 1447//1447
f 1898//1898 1897//1897 1447//1447
f 1447//1447 1897//1897 1448//1448
f 1897//1897 1896//1896 1448//1448
f 1448//1448 1896//1896 1311//1311
f 1896//1896 1743//1743 1311//1311
f 1311//1311 1743//1743 1310//1310
f 1743//1743 1742//1742 1310//1310
f 1310//1310 1742//1742 1308//1308
f 1742//1742 1856//1856 1308//1308
f 1308//1308 1856//1856 1397//1397
f 1856//1856 1855//1855 1397//1397
f 1397//1397 1855//1855 1398//1398
f 1855//1855 1854//1854 1398//1398
f 1398//1398 1854//1854 1349//1349
f 1854//1854 1853//1853 1349//1349
f 1349//1349 1853//1853 1350//1350
f 1853//1853 1852//1852 1350//1350
f 1350//1350 1852//1852 1351//1351
f 1852//1852 1808//1808 1351//1351
f 1351//1351 1808//1808 1312//1312
f 1808//1808 1807//1807 1312//1312
f 1312//1312 1807//1807 1313//1313
f 1807//1807 1806//1806 1313//1313
f 1313//1313 1806//1806 1314//1314
f 1806//1806 1805//1805 1314//1314
f 1314//1314 1805//1805 1315//1315
f 1805//1805 1804//1804 1315//1315
f 1315//1315 1804//1804 1360//1360
f 1804//1804 1803//1803 1360//1360
f 1360//1360 1803//1803 1361//1361
f 1803//1803 1851//1851 1361//1361
f 1361//1361 1851//1851 1362//1362
f 1851//1851 1850//1850 1362//1362
f 1362//1362 1850//1850 1402//1402
f 1850//1850 1802//1802 1402//1402
f 1402//1402 1802//1802 1403//1403
f 1802//1802 1801//1801 1403//1403
f 1403//1403 1801//1801 1404//1404
f 1801//1801 1923//1923 1404//1404
f 1404//1404 1923//1923 1588//1588
f 1923//1923 1922//1922 1588//1588
f 1588//1588 1922//1922 1589//1589
f 1922//1922 1849//1849 1589//1589
f 1589//1589 1849//1849 1590//1590
f 1849//1849 1848//1848 1590//1590
f 1590//1590 1848//1848 1621//1621
f 1848//1848 2068//2068 1621//1621
f 1621//1621 2068//2068 1622//1622
f 2068//2068 2067//2067 1622//1622
f 1622//1622 2067//2067 1623//1623
f 2067//2067 2066//2066 1623//1623
f 1623//1623 2066//2066 1632//1632
f 2066//2066 2065//2065 1632//1632
f 1632//1632 2065//2065 1405//1405
f 2065//2065 1847//1847 1405//1405
f 1405//1405 1847//1847 1406//1406
f 1847//1847 1846//1846 1406//1406
f 1406//1406 1846//1846 1407//1407
f 1846//1846 1845//1845 1407//1407
f 1407//1407 1845//1845 1241//1241
f 1845//1845 1741//1741 1241//1241
f 1241//1241 1741//1741 1233//1233
f 1741//1741 1740//1740 1233//1233
f 1233//1233 1740//1740 1234//1234
f 1740//1740 1841//1841 1234//1234
f 1234//1234 1841//1841 1370//1370
f 1841//1841 1840//1840 1370//1370
f 1370//1370 1840//1840 1371//1371
f 1840//1840 1839//1839 1371//1371
f 1371//1371 1839//1839 1372//1372
f 1839//1839 1794//1794 1372//1372
f 1372//1372 1794//1794 1280//1280
f 1794//1794 1793//1793 1280//1280
f 1280//1280 1793//1793 1281//1281
f 1793//1793 1791//1791 1281//1281
f 1281//1281 1791//1791 1283//1283
f 1791//1791 1790//1790 1283//1283
f 1283//1283 1790//1790 1461//1461
f 1790//1790 1893//1893 1461//1461
f 1461//1461 1893//1893 1375//1375
f 1893//1893 1716//1716 1375//1375
f 1375//1375 1716//1716 1373//1373
f 1716//1716 1890//1890 1373//1373
f 1373//1373 1890//1890 1535//1535
f 1890//1890 1963//1963 1535//1535
f 1535//1535 1963//1963 1536//1536
f 1963//1963 2007//2007 1536//1536
f 1536//1536 2007//2007 1538//1538
f 2007//2007 2006//2006 1538//1538
f 1538//1538 2006//2006 1540//1540
f 2006//2006 1885//1885 1540//1540
f 1540//1540 1885//1885 1542//1542
f 1885//1885 1960//1960 1542//1542
f 1542//1542 1960//1960 1544//1544
f 1960//1960 1957//1957 1544//1544
f 1544//1544 1957//1957 1595//1595
f 1957//1957 1956//1956 1595//1595
f 1595//1595 1956//1956 1596//1596
f 1956//1956 2038//2038 1596//1596
f 1596//1596 2038//2038 1597//1597
f 2038//2038 2037//2037 1597//1597
f 1597//1597 2037//2037 1466//1466
f 2037//2037 2036//2036 1466//1466
f 1466//1466 2036//2036 1567//1567
f 2036//2036 2023//2023 1567//1567
f 1567//1567 2023//2023 1568//1568
f 2023//2023 2025//2025 1568//1568
f 1568//1568 2025//2025 1575//1575
f 2025//2025 2026//2026 1575//1575
f 1575//1575 2026//2026 1574//1574
f 2026//2026 2035//2035 1574//1574
f 1574//1574 2035//2035 1572//1572
f 2035//2035 1769//1769 1572//1572
f 1572//1572 1769//1769 1469//1469
f 1769//1769 1768//1768 1469//1469
f 1469//1469 1768//1768 1523//1523
f 1768//1768 2054//2054 1523//1523
f 1523//1523 2054//2054 1481//1481
f 2054//2054 2053//2053 1481//1481
f 1481//1481 2053//2053 1482//1482
f 2053//2053 2052//2052 1482//1482
f 1482//1482 2052//2052 1524//1524
f 2052//2052 2051//2051 1524//1524
f 1524//1524 2051//2051 1525//1525
f 2051//2051 2050//2050 1525//1525
f 1525//1525 2050//2050 1377//1377
f 2050//2050 2004//2004 1377//1377
f 1377//1377 2004//2004 1378//1378
f 2004//2004 2003//2003 1378//1378
f 1378//1378 2003//2003 1379//1379
f 2003//2003 2002//2002 1379//1379
f 1379//1379 2002//2002 1289//1289
f 2002//2002 1945//1945 1289//1289
f 1289//1289 1945//1945 1290//1290
f 1945//1945 1944//1944 1290//1290
f 1290//1290 1944//1944 1292//1292
f 1944//1944 1943//1943 1292//1292
f 1292//1292 1943//1943 1293//1293
f 1943//1943 1838//1838 1293//1293
f 1293//1293 1838//1838 1294//1294
f 1838//1838 1837//1837 1294//1294
f 1294//1294 1837//1837 1295//1295
f 1837//1837 1942//1942 1295//1295
f 1295//1295 1942//1942 1330//1330
f 1942//1942 1941//1941 1330//1330
f 1330//1330 1941//1941 1331//1331
f 1941//1941 1940//1940 1331//1331
f 1331//1331 1940//1940 1332//1332
f 1940//1940 2081//2081 1332//1332
f 1332//1332 2081//2081 1382//1382
f 2081//2081 2083//2083 1382//1382
f 1382//1382 2083//2083 1380//1380
f 2083//2083 1836//1836 1380//1380
f 1380//1380 1836//1836 1437//1437
f 1836//1836 1835//1835 1437//1437
f 1437//1437 1835//1835 1339//1339
f 1835//1835 1834//1834 1339//1339
f 1339//1339 1834//1834 1340//1340
f 1834//1834 1785//1785 1340//1340
f 1340//1340 1785//1785 1438//1438
f 1785//1785 1784//1784 1438//1438
f 1438//1438 1784//1784 1439//1439
f 1784//1784 1783//1783 1439//1439
f 1439//1439 1783//1783 1249//1249
f 1783//1783 1782//1782 1249//1249
f 1249//1249 1782//1782 1250//1250
f 1782//1782 1833//1833 1250//1250
f 1250//1250 1833//1833 1265//1265
f 1833//1833 1832//1832 1265//1265
f 1265//1265 1832//1832 1266//1266
f 1832//1832 1665//1665 1266//1266
f 1266//1266 1665//1665 1267//1267
f 1665//1665 1666//1666 1267//1267
f 1267//1267 1666//1666 1268//1268
f 1666//1666 1667//1667 1268//1268
f 1268//1268 1667//1667 1296//1296
f 1667//1667 1700//1700 1296//1296
f 1296//1296 1700//1700 1297//1297
f 1700//1700 1669//1669 1297//1297
f 1297//1297 1669//1669 1298//1298
f 1669//1669 1668//1668 1298//1298
f 1298//1298 1668//1668 1343//1343
f 1668//1668 1722//1722 1343//1343
f 1343//1343 1722//1722 1344//1344
f 1722//1722 1721//1721 1344//1344
f 1344//1344 1721//1721 1345//1345
f 1721//1721 1720//1720 1345//1345
f 1345//1345 1720//1720 1392//1392
f 1720//1720 1719//1719 1392//1392
f 1392//1392 1719//1719 1393//1393
f 1719//1719 1718//1718 1393//1393
f 1393//1393 1718//1718 1276//1276
f 1718//1718 1699//1699 1276//1276
f 1276//1276 1699//1699 1277//1277
f 1699//1699 1698//1698 1277//1277
f 1277//1277 1698//1698 1299//1299
f 1698//1698 1697//1697 1299//1299
f 1299//1299 1697//1697 1300//1300
f 1697//1697 1696//1696 1300//1300
f 1300//1300 1696//1696 1228//1228
f 1696//1696 1695//1695 1228//1228
f 1228//1228 1695//1695 1229//1229
f 1695//1695 1694//1694 1229//1229
f 1229//1229 1694//1694 1301//1301
f 1694//1694 1680//1680 1301//1301
f 1301//1301 1680//1680 1302//1302
f 1680//1680 1679//1679 1302//1302
f 1302//1302 1679//1679 1236//1236
f 1679//1679 1678//1678 1236//1236
f 1236//1236 1678//1678 1237//1237
f 1678//1678 1677//1677 1237//1237
f 1237//1237 1677//1677 1303//1303
f 1677//1677 1693//1693 1303//1303
f 1303//1303 1693//1693 1304//1304
f 1693//1693 1692//1692 1304//1304
f 1304//1304 1692//1692 1278//1278
f 1692//1692 1691//1691 1278//1278
f 1278//1278 1691//1691 1279//1279
f 1691//1691 1690//1690 1279//1279
f 1279//1279 1690//1690 1305//1305
f 1690//1690 1689//1689 1305//1305
f 1305//1305 1689//1689 1306//1306
f 1689//1689 1676//1676 1306//1306
f 1306//1306 1676//1676 1307//1307
f 1676//1676 1675//1675 1307//1307
f 1307//1307 1675//1675 1346//1346
f 1675//1675 1674//1674 1346//1346
f 1346//1346 1674//1674 1347//1347
f 1674//1674 1673//1673 1347//1347
f 1347//1347 1673//1673 1348//1348
f 1673//1673 1774//1774 1348//1348
f 1348//1348 1774//1774 1495//1495
f 1774//1774 1773//1773 1495//1495
f 1495//1495 1773//1773 1496//1496
f 1773//1773 1748//1748 1496//1496
f 1496//1496 1748//1748 1497//1497
f 1748//1748 1747//1747 1497//1497
f 1497//1497 1747//1747 1528//1528
f 1747//1747 1746//1746 1528//1528
f 1528//1528 1746//1746 1529//1529
f 1746//1746 1745//1745 1529//1529
f 1529//1529 1745//1745 1530//1530
f 1745//1745 1826//1826 1530//1530
f 1530//1530 1826//1826 1445//1445
f 1826//1826 1825//1825 1445//1445
f 1445//1445 1825//1825 1446//1446
f 1825//1825 1824//1824 1446//1446
f 1446//1446 1824//1824 1549//1549
f 1824//1824 1865//1865 1549//1549
f 1549//1549 1865//1865 1550//1550
f 1865//1865 1864//1864 1550//1550
f 1550//1550 1864//1864 1551//1551
f 1864//1864 1863//1863 1551//1551
f 1551//1551 1863//1863 1552//1552
f 1863//1863 1862//1862 1552//1552
f 1552//1552 1862//1862 1553//1553
f 1862//1862 1861//1861 1553//1553
f 1553//1553 1861//1861 1498//1498
f 1861//1861 1860//1860 1498//1498
f 2254//2254 2255//2255 2148//2148
f 2256//2256 2257//2257 2149//2149
f 2255//2255 2258//2258 2148//2148
f 2258//2258 2259//2259 2148//2148
f 2148//2148 2259//2259 2260//2260
f 2261//2261 2262//2262 2263//2263
f 2148//2148 2264//2264 2265//2265
f 2148//2148 2266//2266 2267//2267
f 2268//2268 2148//2148 2269//2269
f 2148//2148 2270//2270 2269//2269
f 2268//2268 2271//2271 2148//2148
f 2271//2271 2272//2272 2148//2148
f 2148//2148 2272//2272 2273//2273
f 2274//2274 2275//2275 2263//2263
f 2276//2276 2263//2263 2277//2277
f 2263//2263 2278//2278 2277//2277
f 2279//2279 2263//2263 2280//2280
f 2263//2263 2281//2281 2280//2280
f 2265//2265 2282//2282 2148//2148
f 2282//2282 2283//2283 2148//2148
f 2148//2148 2283//2283 2284//2284
f 2267//2267 2285//2285 2148//2148
f 2285//2285 2286//2286 2148//2148
f 2148//2148 2286//2286 2287//2287
f 2288//2288 2148//2148 2289//2289
f 2148//2148 2290//2290 2289//2289
f 2288//2288 2291//2291 2148//2148
f 2291//2291 2292//2292 2148//2148
f 2148//2148 2292//2292 2254//2254
f 2260//2260 2293//2293 2148//2148
f 2293//2293 2294//2294 2148//2148
f 2148//2148 2294//2294 2270//2270
f 2273//2273 2295//2295 2148//2148
f 2295//2295 2296//2296 2148//2148
f 2148//2148 2296//2296 2149//2149
f 2296//2296 2297//2297 2149//2149
f 2149//2149 2297//2297 2256//2256
f 2298//2298 2299//2299 2300//2300
f 2276//2276 2301//2301 2263//2263
f 2301//2301 2302//2302 2263//2263
f 2263//2263 2302//2302 2281//2281
f 2284//2284 2303//2303 2148//2148
f 2303//2303 2304//2304 2148//2148
f 2148//2148 2304//2304 2266//2266
f 2287//2287 2305//2305 2148//2148
f 2305//2305 2306//2306 2148//2148
f 2148//2148 2306//2306 2290//2290
f 2257//2257 2307//2307 2149//2149
f 2307//2307 2308//2308 2149//2149
f 2149//2149 2308//2308 2309//2309
f 2310//2310 2149//2149 2311//2311
f 2149//2149 2312//2312 2311//2311
f 2313//2313 2149//2149 2314//2314
f 2149//2149 2315//2315 2314//2314
f 2313//2313 2316//2316 2149//2149
f 2316//2316 2317//2317 2149//2149
f 2149//2149 2317//2317 2318//2318
f 2319//2319 2320//2320 2300//2300
f 2321//2321 2300//2300 2322//2322
f 2300//2300 2323//2323 2322//2322
f 2324//2324 2325//2325 2300//2300
f 2325//2325 2326//2326 2300//2300
f 2300//2300 2326//2326 2263//2263
f 2326//2326 2327//2327 2263//2263
f 2263//2263 2327//2327 2261//2261
f 2275//2275 2328//2328 2263//2263
f 2328//2328 2329//2329 2263//2263
f 2263//2263 2329//2329 2278//2278
f 2309//2309 2330//2330 2149//2149
f 2330//2330 2331//2331 2149//2149
f 2149//2149 2331//2331 2332//2332
f 2332//2332 2333//2333 2149//2149
f 2333//2333 2334//2334 2149//2149
f 2149//2149 2334//2334 2312//2312
f 2310//2310 2335//2335 2149//2149
f 2335//2335 2336//2336 2149//2149
f 2149//2149 2336//2336 2315//2315
f 2337//2337 2300//2300 2338//2338
f 2300//2300 2339//2339 2338//2338
f 2321//2321 2340//2340 2300//2300
f 2340//2340 2341//2341 2300//2300
f 2300//2300 2341//2341 2324//2324
f 2262//2262 2342//2342 2263//2263
f 2342//2342 2343//2343 2263//2263
f 2263//2263 2343//2343 2274//2274
f 2279//2279 2344//2344 2263//2263
f 2344//2344 2345//2345 2263//2263
f 2263//2263 2345//2345 2346//2346
f 2319//2319 2300//2300 2347//2347
f 2299//2299 2348//2348 2300//2300
f 2348//2348 2349//2349 2300//2300
f 2300//2300 2349//2349 2339//2339
f 2337//2337 2350//2350 2300//2300
f 2350//2350 2351//2351 2300//2300
f 2300//2300 2351//2351 2352//2352
f 2352//2352 2353//2353 2300//2300
f 2353//2353 2354//2354 2300//2300
f 2300//2300 2354//2354 2323//2323
f 2346//2346 2355//2355 2263//2263
f 2355//2355 2356//2356 2263//2263
f 2263//2263 2356//2356 2357//2357
f 2358//2358 2359//2359 2263//2263
f 2359//2359 2360//2360 2263//2263
f 2263//2263 2360//2360 2361//2361
f 2300//2300 2362//2362 2363//2363
f 2361//2361 2364//2364 2263//2263
f 2364//2364 2365//2365 2263//2263
f 2263//2263 2365//2365 2366//2366
f 2366//2366 2367//2367 2263//2263
f 2367//2367 2368//2368 2263//2263
f 2263//2263 2368//2368 2148//2148
f 2368//2368 2369//2369 2148//2148
f 2148//2148 2369//2369 2264//2264
f 2318//2318 2370//2370 2149//2149
f 2370//2370 2371//2371 2149//2149
f 2149//2149 2371//2371 2372//2372
f 2320//2320 2373//2373 2300//2300
f 2373//2373 2374//2374 2300//2300
f 2300//2300 2374//2374 2362//2362
f 2363//2363 2375//2375 2300//2300
f 2375//2375 2376//2376 2300//2300
f 2300//2300 2376//2376 2298//2298
f 2357//2357 2377//2377 2263//2263
f 2377//2377 2378//2378 2263//2263
f 2263//2263 2378//2378 2379//2379
f 2379//2379 2380//2380 2263//2263
f 2380//2380 2381//2381 2263//2263
f 2263//2263 2381//2381 2358//2358
f 2382//2382 2383//2383 2300//2300
f 2383//2383 2384//2384 2300//2300
f 2300//2300 2384//2384 2385//2385
f 2372//2372 2386//2386 2149//2149
f 2386//2386 2387//2387 2149//2149
f 2149//2149 2387//2387 2388//2388
f 2388//2388 2389//2389 2149//2149
f 2389//2389 2390//2390 2149//2149
f 2149//2149 2390//2390 2391//2391
f 2385//2385 2392//2392 2300//2300
f 2392//2392 2393//2393 2300//2300
f 2300//2300 2393//2393 2347//2347
f 2391//2391 2394//2394 2149//2149
f 2394//2394 2395//2395 2149//2149
f 2149//2149 2395//2395 2396//2396
f 2396//2396 2397//2397 2149//2149
f 2397//2397 2398//2398 2149//2149
f 2149//2149 2398//2398 2300//2300
f 2398//2398 2399//2399 2300//2300
f 2300//2300 2399//2399 2382//2382
f 1226//1226 2300//2300 1227//1227
f 2300//2300 2263//2263 1227//1227
f 2400//2400 2401//2401 2402//2402
f 2401//2401 2403//2403 2402//2402
f 1615//1615 1772//1772 1616//1616
f 1772//1772 1989//1989 1616//1616
f 1616//1616 1989//1989 1617//1617
f 1989//1989 1987//1987 1617//1617
f 1617//1617 1987//1987 1606//1606
f 1987//1987 1986//1986 1606//1606
f 1606//1606 1986//1986 1607//1607
f 1986//1986 1901//1901 1607//1607
f 1607//1607 1901//1901 1609//1609
f 1901//1901 1939//1939 1609//1609
f 1609//1609 1939//1939 1618//1618
f 1939//1939 1938//1938 1618//1618
f 1618//1618 1938//1938 1619//1619
f 1938//1938 1979//1979 1619//1619
f 1619//1619 1979//1979 1626//1626
f 1979//1979 1978//1978 1626//1626
f 1626//1626 1978//1978 1627//1627
f 1978//1978 1976//1976 1627//1627
f 1627//1627 1976//1976 1629//1629
f 1976//1976 1975//1975 1629//1629
f 1629//1629 1975//1975 1630//1630
f 1975//1975 1935//1935 1630//1630
f 1630//1630 1935//1935 1582//1582
f 1935//1935 1933//1933 1582//1582
f 1582//1582 1933//1933 1399//1399
f 1933//1933 1931//1931 1399//1399
f 1399//1399 1931//1931 1400//1400
f 1931//1931 1929//1929 1400//1400
f 1400//1400 1929//1929 1585//1585
f 1929//1929 1927//1927 1585//1585
f 1585//1585 1927//1927 1321//1321
f 1927//1927 1925//1925 1321//1321
f 1321//1321 1925//1925 1322//1322
f 1925//1925 1819//1819 1322//1322
f 1322//1322 1819//1819 1505//1505
f 1819//1819 1821//1821 1505//1505
f 1505//1505 1821//1821 1449//1449
f 1821//1821 1817//1817 1449//1449
f 1449//1449 1817//1817 1450//1450
f 1817//1817 1816//1816 1450//1450
f 1450//1450 1816//1816 1452//1452
f 1816//1816 1815//1815 1452//1452
f 1452//1452 1815//1815 1453//1453
f 1815//1815 1814//1814 1453//1453
f 1453//1453 1814//1814 1454//1454
f 1814//1814 1812//1812 1454//1454
f 1454//1454 1812//1812 1455//1455
f 1812//1812 1811//1811 1455//1455
f 1455//1455 1811//1811 1456//1456
f 1811//1811 1687//1687 1456//1456
f 1456//1456 1687//1687 1358//1358
f 1687//1687 1686//1686 1358//1358
f 1358//1358 1686//1686 1359//1359
f 1686//1686 1717//1717 1359//1359
f 1359//1359 1717//1717 1363//1363
f 1717//1717 1800//1800 1363//1363
f 1363//1363 1800//1800 1364//1364
f 1800//1800 1799//1799 1364//1364
f 1364//1364 1799//1799 1365//1365
f 1799//1799 1798//1798 1365//1365
f 1365//1365 1798//1798 1658//1658
f 1798//1798 2095//2095 1658//1658
f 1658//1658 2095//2095 1659//1659
f 2095//2095 2088//2088 1659//1659
f 1659//1659 2088//2088 1660//1660
f 2088//2088 2087//2087 1660//1660
f 1660//1660 2087//2087 1661//1661
f 2087//2087 2086//2086 1661//1661
f 1661//1661 2086//2086 1457//1457
f 2086//2086 2029//2029 1457//1457
f 1457//1457 2029//2029 1458//1458
f 2029//2029 2028//2028 1458//1458
f 1458//1458 2028//2028 1508//1508
f 2028//2028 2027//2027 1508//1508
f 1508//1508 2027//2027 1509//1509
f 2027//2027 1844//1844 1509//1509
f 1509//1509 1844//1844 1366//1366
f 1844//1844 1843//1843 1366//1366
f 1366//1366 1843//1843 1367//1367
f 1843//1843 1842//1842 1367//1367
f 1367//1367 1842//1842 1408//1408
f 1842//1842 1797//1797 1408//1408
f 1408//1408 1797//1797 1409//1409
f 1797//1797 1796//1796 1409//1409
f 1409//1409 1796//1796 1238//1238
f 1796//1796 1795//1795 1238//1238
f 1238//1238 1795//1795 1239//1239
f 1795//1795 1713//1713 1239//1239
f 1239//1239 1713//1713 1324//1324
f 1713//1713 1712//1712 1324//1324
f 1324//1324 1712//1712 1325//1325
f 1712//1712 1711//1711 1325//1325
f 1325//1325 1711//1711 1326//1326
f 1711//1711 1710//1710 1326//1326
f 1326//1326 1710//1710 1410//1410
f 1710//1710 1766//1766 1410//1410
f 1410//1410 1766//1766 1411//1411
f 1766//1766 1765//1765 1411//1411
f 1411//1411 1765//1765 1412//1412
f 1765//1765 1764//1764 1412//1412
f 1412//1412 1764//1764 1413//1413
f 1764//1764 1763//1763 1413//1413
f 1413//1413 1763//1763 1414//1414
f 1763//1763 1762//1762 1414//1414
f 1414//1414 1762//1762 1415//1415
f 1762//1762 1684//1684 1415//1415
f 1415//1415 1684//1684 1416//1416
f 1684//1684 1683//1683 1416//1416
f 1416//1416 1683//1683 1417//1417
f 1683//1683 1761//1761 1417//1417
f 1417//1417 1761//1761 1418//1418
f 1761//1761 1884//1884 1418//1418
f 1418//1418 1884//1884 1533//1533
f 1884//1884 1883//1883 1533//1533
f 1533//1533 1883//1883 1534//1534
f 1883//1883 1882//1882 1534//1534
f 1534//1534 1882//1882 1510//1510
f 1882//1882 1881//1881 1510//1510
f 1510//1510 1881//1881 1511//1511
f 1881//1881 1880//1880 1511//1511
f 1511//1511 1880//1880 1512//1512
f 1880//1880 1879//1879 1512//1512
f 1512//1512 1879//1879 1513//1513
f 1879//1879 1955//1955 1513//1513
f 1513//1513 1955//1955 1591//1591
f 1955//1955 1954//1954 1591//1591
f 1591//1591 1954//1954 1592//1592
f 1954//1954 1953//1953 1592//1592
f 1592//1592 1953//1953 1564//1564
f 1953//1953 1952//1952 1564//1564
f 1564//1564 1952//1952 1565//1565
f 1952//1952 1951//1951 1565//1565
f 1565//1565 1951//1951 1566//1566
f 1951//1951 1921//1921 1566//1566
f 1566//1566 1921//1921 1593//1593
f 1921//1921 1920//1920 1593//1593
f 1593//1593 1920//1920 1594//1594
f 1920//1920 2020//2020 1594//1594
f 1594//1594 2020//2020 1368//1368
f 2020//2020 2019//2019 1368//1368
f 1368//1368 2019//2019 1369//1369
f 2019//2019 1760//1760 1369//1369
f 1369//1369 1760//1760 1475//1475
f 1760//1760 1759//1759 1475//1475
f 1475//1475 1759//1759 1476//1476
f 1759//1759 2018//2018 1476//1476
f 1476//1476 2018//2018 1477//1477
f 2018//2018 2017//2017 1477//1477
f 1477//1477 2017//2017 1478//1478
f 2017//2017 2016//2016 1478//1478
f 1478//1478 2016//2016 1479//1479
f 2016//2016 2015//2015 1479//1479
f 1479//1479 2015//2015 1480//1480
f 2015//2015 2014//2014 1480//1480
f 1480//1480 2014//2014 1327//1327
f 2014//2014 1919//1919 1327//1327
f 1327//1327 1919//1919 1328//1328
f 1919//1919 1918//1918 1328//1328
f 1328//1328 1918//1918 1329//1329
f 1918//1918 1950//1950 1329//1329
f 1329//1329 1950//1950 1256//1256
f 1950//1950 1949//1949 1256//1256
f 1256//1256 1949//1949 1257//1257
f 1949//1949 1948//1948 1257//1257
f 1257//1257 1948//1948 1258//1258
f 1948//1948 1917//1917 1258//1258
f 1258//1258 1917//1917 1259//1259
f 1917//1917 1916//1916 1259//1259
f 1259//1259 1916//1916 1260//1260
f 1916//1916 1915//1915 1260//1260
f 1260//1260 1915//1915 1261//1261
f 1915//1915 1756//1756 1261//1261
f 1261//1261 1756//1756 1285//1285
f 1756//1756 1757//1757 1285//1285
f 1285//1285 1757//1757 1286//1286
f 1757//1757 1758//1758 1286//1286
f 1286//1286 1758//1758 1244//1244
f 1758//1758 1789//1789 1244//1244
f 1244//1244 1789//1789 1243//1243
f 1789//1789 1788//1788 1243//1243
f 1243//1243 1788//1788 1242//1242
f 1788//1788 1738//1738 1242//1242
f 1242//1242 1738//1738 1287//1287
f 1738//1738 1737//1737 1287//1287
f 1287//1287 1737//1737 1288//1288
f 1737//1737 1736//1736 1288//1288
f 1288//1288 1736//1736 1262//1262
f 1736//1736 1735//1735 1262//1262
f 1262//1262 1735//1735 1263//1263
f 1735//1735 1734//1734 1263//1263
f 1263//1263 1734//1734 1264//1264
f 1734//1734 1733//1733 1264//1264
f 1264//1264 1733//1733 1245//1245
f 1733//1733 1732//1732 1245//1245
f 1245//1245 1732//1732 1246//1246
f 1732//1732 1731//1731 1246//1246
f 1246//1246 1731//1731 1247//1247
f 1731//1731 1730//1730 1247//1247
f 1247//1247 1730//1730 1248//1248
f 1730//1730 1663//1663 1248//1248
f 1248//1248 1663//1663 1547//1547
f 1663//1663 1662//1662 1547//1547
f 1547//1547 1662//1662 1484//1484
f 1662//1662 1709//1709 1484//1484
f 1484//1484 1709//1709 1485//1485
f 1709//1709 1708//1708 1485//1485
f 1485//1485 1708//1708 1269//1269
f 1708//1708 1682//1682 1269//1269
f 1269//1269 1682//1682 1270//1270
f 1682//1682 1681//1681 1270//1270
f 1270//1270 1681//1681 1271//1271
f 1681//1681 1755//1755 1271//1271
f 1271//1271 1755//1755 1230//1230
f 1755//1755 1754//1754 1230//1230
f 1230//1230 1754//1754 1231//1231
f 1754//1754 1672//1672 1231//1231
f 1231//1231 1672//1672 1341//1341
f 1672//1672 1671//1671 1341//1341
f 1341//1341 1671//1671 1342//1342
f 1671//1671 1753//1753 1342//1342
f 1342//1342 1753//1753 1251//1251
f 1753//1753 1752//1752 1251//1251
f 1251//1251 1752//1752 1252//1252
f 1752//1752 1729//1729 1252//1252
f 1252//1252 1729//1729 1275//1275
f 1729//1729 1728//1728 1275//1275
f 1275//1275 1728//1728 1274//1274
f 1728//1728 1914//1914 1274//1274
f 1274//1274 1914//1914 1442//1442
f 1914//1914 1913//1913 1442//1442
f 1442//1442 1913//1913 1352//1352
f 1913//1913 1912//1912 1352//1352
f 1352//1352 1912//1912 1353//1353
f 1912//1912 1707//1707 1353//1353
f 1353//1353 1707//1707 1354//1354
f 1707//1707 1706//1706 1354//1354
f 1354//1354 1706//1706 1253//1253
f 1706//1706 1781//1781 1253//1253
f 1253//1253 1781//1781 1254//1254
f 1781//1781 1780//1780 1254//1254
f 1254//1254 1780//1780 1355//1355
f 1780//1780 1779//1779 1355//1355
f 1355//1355 1779//1779 1356//1356
f 1779//1779 1727//1727 1356//1356
f 1356//1356 1727//1727 1316//1316
f 1727//1727 1726//1726 1316//1316
f 1316//1316 1726//1726 1317//1317
f 1726//1726 1724//1724 1317//1317
f 1317//1317 1724//1724 1318//1318
f 1724//1724 1723//1723 1318//1318
f 1318//1318 1723//1723 1319//1319
f 1723//1723 1749//1749 1319//1319
f 1319//1319 1749//1749 1320//1320
f 1749//1749 1701//1701 1320//1320
f 1320//1320 1701//1701 1576//1576
f 1701//1701 1703//1703 1576//1576
f 1576//1576 1703//1703 1577//1577
f 1703//1703 1704//1704 1577//1577
f 1577//1577 1704//1704 1578//1578
f 1704//1704 1870//1870 1578//1578
f 1578//1578 1870//1870 1598//1598
f 1870//1870 1869//1869 1598//1598
f 1598//1598 1869//1869 1599//1599
f 1869//1869 1778//1778 1599//1599
f 1599//1599 1778//1778 1562//1562
f 1778//1778 1777//1777 1562//1562
f 1562//1562 1777//1777 1563//1563
f 1777//1777 1776//1776 1563//1563
f 1563//1563 1776//1776 1579//1579
f 1776//1776 1775//1775 1579//1579
f 1579//1579 1775//1775 1580//1580
f 1775//1775 1831//1831 1580//1580
f 1580//1580 1831//1831 1581//1581
f 1831//1831 1830//1830 1581//1581
f 1581//1581 1830//1830 1600//1600
f 1830//1830 1829//1829 1600//1600
f 1600//1600 1829//1829 1601//1601
f 1829//1829 1868//1868 1601//1601
f 1601//1601 1868//1868 1602//1602
f 1868//1868 1867//1867 1602//1602
f 1602//1602 1867//1867 1603//1603
f 1867//1867 1828//1828 1603//1603
f 1603//1603 1828//1828 1604//1604
f 1828//1828 1827//1827 1604//1604
f 1604//1604 1827//1827 1605//1605
f 1827//1827 1866//1866 1605//1605
f 1605//1605 1866//1866 1615//1615
f 1866//1866 1772//1772 1615//1615
f 2253//2253 2404//2404 2405//2405
f 2405//2405 2406//2406 2403//2403
f 2406//2406 2402//2402 2403//2403
f 2253//2253 2405//2405 2251//2251
f 2235//2235 2237//2237 2405//2405
f 2235//2235 2405//2405 2233//2233
f 2243//2243 2245//2245 2405//2405
f 2223//2223 2225//2225 2405//2405
f 2225//2225 2227//2227 2405//2405
f 2245//2245 2247//2247 2405//2405
f 2247//2247 2249//2249 2405//2405
f 2405//2405 2249//2249 2251//2251
f 2227//2227 2229//2229 2405//2405
f 2229//2229 2231//2231 2405//2405
f 2405//2405 2231//2231 2233//2233
f 2237//2237 2239//2239 2405//2405
f 2239//2239 2241//2241 2405//2405
f 2405//2405 2241//2241 2243//2243
f 2403//2403 2407//2407 2405//2405
f 2407//2407 2202//2202 2405//2405
f 2405//2405 2202//2202 2205//2205
f 2211//2211 2213//2213 2405//2405
f 2213//2213 2215//2215 2405//2405
f 2405//2405 2215//2215 2217//2217
f 2217//2217 2219//2219 2405//2405
f 2219//2219 2221//2221 2405//2405
f 2405//2405 2221//2221 2223//2223
f 2205//2205 2207//2207 2405//2405
f 2207//2207 2209//2209 2405//2405
f 2405//2405 2209//2209 2211//2211
f 2403//2403 2401//2401 2407//2407
f 2401//2401 2408//2408 2407//2407
f 2406//2406 2409//2409 2402//2402
f 2409//2409 2400//2400 2402//2402
f 2410//2410 2411//2411 2404//2404
f 2411//2411 2405//2405 2404//2404
f 2412//2412 2413//2413 2414//2414
f 2413//2413 2415//2415 2414//2414
f 2151//2151 2150//2150 2408//2408
f 2150//2150 2099//2099 2408//2408
f 2408//2408 2099//2099 2407//2407
f 2099//2099 2098//2098 2407//2407
f 2407//2407 2098//2098 2202//2202
f 2098//2098 2203//2203 2202//2202
f 2416//2416 2368//2368 2417//2417
f 2368//2368 2367//2367 2417//2417
f 2417//2417 2367//2367 2418//2418
f 2367//2367 2366//2366 2418//2418
f 2418//2418 2366//2366 2419//2419
f 2366//2366 2365//2365 2419//2419
f 2419//2419 2365//2365 2420//2420
f 2365//2365 2364//2364 2420//2420
f 2420//2420 2364//2364 2421//2421
f 2364//2364 2361//2361 2421//2421
f 2421//2421 2361//2361 2422//2422
f 2361//2361 2360//2360 2422//2422
f 2422//2422 2360//2360 2423//2423
f 2360//2360 2359//2359 2423//2423
f 2423//2423 2359//2359 2424//2424
f 2359//2359 2358//2358 2424//2424
f 2424//2424 2358//2358 2425//2425
f 2358//2358 2381//2381 2425//2425
f 2425//2425 2381//2381 2426//2426
f 2381//2381 2380//2380 2426//2426
f 2426//2426 2380//2380 2427//2427
f 2380//2380 2379//2379 2427//2427
f 2427//2427 2379//2379 2428//2428
f 2379//2379 2378//2378 2428//2428
f 2428//2428 2378//2378 2429//2429
f 2378//2378 2377//2377 2429//2429
f 2429//2429 2377//2377 2430//2430
f 2377//2377 2357//2357 2430//2430
f 2430//2430 2357//2357 2431//2431
f 2357//2357 2356//2356 2431//2431
f 2431//2431 2356//2356 2432//2432
f 2356//2356 2355//2355 2432//2432
f 2432//2432 2355//2355 2433//2433
f 2355//2355 2346//2346 2433//2433
f 2433//2433 2346//2346 2434//2434
f 2346//2346 2345//2345 2434//2434
f 2434//2434 2345//2345 2435//2435
f 2345//2345 2344//2344 2435//2435
f 2435//2435 2344//2344 2436//2436
f 2344//2344 2279//2279 2436//2436
f 2436//2436 2279//2279 2437//2437
f 2279//2279 2280//2280 2437//2437
f 2437//2437 2280//2280 2438//2438
f 2280//2280 2281//2281 2438//2438
f 2438//2438 2281//2281 2439//2439
f 2281//2281 2302//2302 2439//2439
f 2439//2439 2302//2302 2440//2440
f 2302//2302 2301//2301 2440//2440
f 2440//2440 2301//2301 2441//2441
f 2301//2301 2276//2276 2441//2441
f 2441//2441 2276//2276 2442//2442
f 2276//2276 2277//2277 2442//2442
f 2442//2442 2277//2277 2443//2443
f 2277//2277 2278//2278 2443//2443
f 2443//2443 2278//2278 2444//2444
f 2278//2278 2329//2329 2444//2444
f 2444//2444 2329//2329 2445//2445
f 2329//2329 2328//2328 2445//2445
f 2445//2445 2328//2328 2446//2446
f 2328//2328 2275//2275 2446//2446
f 2446//2446 2275//2275 2447//2447
f 2275//2275 2274//2274 2447//2447
f 2447//2447 2274//2274 2448//2448
f 2274//2274 2343//2343 2448//2448
f 2448//2448 2343//2343 2449//2449
f 2343//2343 2342//2342 2449//2449
f 2449//2449 2342//2342 2450//2450
f 2342//2342 2262//2262 2450//2450
f 2450//2450 2262//2262 2451//2451
f 2262//2262 2261//2261 2451//2451
f 2451//2451 2261//2261 2452//2452
f 2261//2261 2327//2327 2452//2452
f 2452//2452 2327//2327 2453//2453
f 2327//2327 2326//2326 2453//2453
f 2453//2453 2326//2326 2454//2454
f 2326//2326 2325//2325 2454//2454
f 2454//2454 2325//2325 2455//2455
f 2325//2325 2324//2324 2455//2455
f 2455//2455 2324//2324 2456//2456
f 2324//2324 2341//2341 2456//2456
f 2456//2456 2341//2341 2457//2457
f 2341//2341 2340//2340 2457//2457
f 2457//2457 2340//2340 2458//2458
f 2340//2340 2321//2321 2458//2458
f 2458//2458 2321//2321 2459//2459
f 2321//2321 2322//2322 2459//2459
f 2459//2459 2322//2322 2460//2460
f 2322//2322 2323//2323 2460//2460
f 2460//2460 2323//2323 2461//2461
f 2323//2323 2354//2354 2461//2461
f 2461//2461 2354//2354 2462//2462
f 2354//2354 2353//2353 2462//2462
f 2462//2462 2353//2353 2463//2463
f 2353//2353 2352//2352 2463//2463
f 2463//2463 2352//2352 2464//2464
f 2352//2352 2351//2351 2464//2464
f 2464//2464 2351//2351 2465//2465
f 2351//2351 2350//2350 2465//2465
f 2465//2465 2350//2350 2466//2466
f 2350//2350 2337//2337 2466//2466
f 2466//2466 2337//2337 2467//2467
f 2337//2337 2338//2338 2467//2467
f 2467//2467 2338//2338 2468//2468
f 2338//2338 2339//2339 2468//2468
f 2468//2468 2339//2339 2469//2469
f 2339//2339 2349//2349 2469//2469
f 2469//2469 2349//2349 2470//2470
f 2349//2349 2348//2348 2470//2470
f 2470//2470 2348//2348 2471//2471
f 2348//2348 2299//2299 2471//2471
f 2471//2471 2299//2299 2472//2472
f 2299//2299 2298//2298 2472//2472
f 2472//2472 2298//2298 2473//2473
f 2298//2298 2376//2376 2473//2473
f 2473//2473 2376//2376 2474//2474
f 2376//2376 2375//2375 2474//2474
f 2474//2474 2375//2375 2475//2475
f 2375//2375 2363//2363 2475//2475
f 2475//2475 2363//2363 2476//2476
f 2363//2363 2362//2362 2476//2476
f 2476//2476 2362//2362 2477//2477
f 2362//2362 2374//2374 2477//2477
f 2477//2477 2374//2374 2478//2478
f 2374//2374 2373//2373 2478//2478
f 2478//2478 2373//2373 2479//2479
f 2373//2373 2320//2320 2479//2479
f 2479//2479 2320//2320 2480//2480
f 2320//2320 2319//2319 2480//2480
f 2480//2480 2319//2319 2481//2481
f 2319//2319 2347//2347 2481//2481
f 2481//2481 2347//2347 2482//2482
f 2347//2347 2393//2393 2482//2482
f 2482//2482 2393//2393 2483//2483
f 2393//2393 2392//2392 2483//2483
f 2483//2483 2392//2392 2484//2484
f 2392//2392 2385//2385 2484//2484
f 2484//2484 2385//2385 2485//2485
f 2385//2385 2384//2384 2485//2485
f 2485//2485 2384//2384 2486//2486
f 2384//2384 2383//2383 2486//2486
f 2486//2486 2383//2383 2487//2487
f 2383//2383 2382//2382 2487//2487
f 2487//2487 2382//2382 2488//2488
f 2382//2382 2399//2399 2488//2488
f 2488//2488 2399//2399 2489//2489
f 2399//2399 2398//2398 2489//2489
f 2489//2489 2398//2398 2490//2490
f 2398//2398 2397//2397 2490//2490
f 2490//2490 2397//2397 2491//2491
f 2397//2397 2396//2396 2491//2491
f 2491//2491 2396//2396 2492//2492
f 2396//2396 2395//2395 2492//2492
f 2492//2492 2395//2395 2493//2493
f 2395//2395 2394//2394 2493//2493
f 2493//2493 2394//2394 2494//2494
f 2394//2394 2391//2391 2494//2494
f 2494//2494 2391//2391 2495//2495
f 2391//2391 2390//2390 2495//2495
f 2495//2495 2390//2390 2496//2496
f 2390//2390 2389//2389 2496//2496
f 2496//2496 2389//2389 2497//2497
f 2389//2389 2388//2388 2497//2497
f 2497//2497 2388//2388 2498//2498
f 2388//2388 2387//2387 2498//2498
f 2498//2498 2387//2387 2499//2499
f 2387//2387 2386//2386 2499//2499
f 2499//2499 2386//2386 2500//2500
f 2386//2386 2372//2372 2500//2500
f 2500//2500 2372//2372 2501//2501
f 2372//2372 2371//2371 2501//2501
f 2501//2501 2371//2371 2502//2502
f 2371//2371 2370//2370 2502//2502
f 2502//2502 2370//2370 2503//2503
f 2370//2370 2318//2318 2503//2503
f 2503//2503 2318//2318 2504//2504
f 2318//2318 2317//2317 2504//2504
f 2504//2504 2317//2317 2505//2505
f 2317//2317 2316//2316 2505//2505
f 2505//2505 2316//2316 2506//2506
f 2316//2316 2313//2313 2506//2506
f 2506//2506 2313//2313 2507//2507
f 2313//2313 2314//2314 2507//2507
f 2507//2507 2314//2314 2508//2508
f 2314//2314 2315//2315 2508//2508
f 2508//2508 2315//2315 2509//2509
f 2315//2315 2336//2336 2509//2509
f 2509//2509 2336//2336 2510//2510
f 2336//2336 2335//2335 2510//2510
f 2510//2510 2335//2335 2511//2511
f 2335//2335 2310//2310 2511//2511
f 2511//2511 2310//2310 2512//2512
f 2310//2310 2311//2311 2512//2512
f 2512//2512 2311//2311 2513//2513
f 2311//2311 2312//2312 2513//2513
f 2513//2513 2312//2312 2514//2514
f 2312//2312 2334//2334 2514//2514
f 2514//2514 2334//2334 2515//2515
f 2334//2334 2333//2333 2515//2515
f 2515//2515 2333//2333 2516//2516
f 2333//2333 2332//2332 2516//2516
f 2516//2516 2332//2332 2517//2517
f 2332//2332 2331//2331 2517//2517
f 2517//2517 2331//2331 2518//2518
f 2331//2331 2330//2330 2518//2518
f 2518//2518 2330//2330 2519//2519
f 2330//2330 2309//2309 2519//2519
f 2519//2519 2309//2309 2520//2520
f 2309//2309 2308//2308 2520//2520
f 2520//2520 2308//2308 2521//2521
f 2308//2308 2307//2307 2521//2521
f 2521//2521 2307//2307 2522//2522
f 2307//2307 2257//2257 2522//2522
f 2522//2522 2257//2257 2523//2523
f 2257//2257 2256//2256 2523//2523
f 2523//2523 2256//2256 2524//2524
f 2256//2256 2297//2297 2524//2524
f 2524//2524 2297//2297 2525//2525
f 2297//2297 2296//2296 2525//2525
f 2525//2525 2296//2296 2526//2526
f 2296//2296 2295//2295 2526//2526
f 2526//2526 2295//2295 2527//2527
f 2295//2295 2273//2273 2527//2527
f 2527//2527 2273//2273 2528//2528
f 2273//2273 2272//2272 2528//2528
f 2528//2528 2272//2272 2529//2529
f 2272//2272 2271//2271 2529//2529
f 2529//2529 2271//2271 2530//2530
f 2271//2271 2268//2268 2530//2530
f 2530//2530 2268//2268 2531//2531
f 2268//2268 2269//2269 2531//2531
f 2531//2531 2269//2269 2532//2532
f 2269//2269 2270//2270 2532//2532
f 2532//2532 2270//2270 2533//2533
f 2270//2270 2294//2294 2533//2533
f 2533//2533 2294//2294 2534//2534
f 2294//2294 2293//2293 2534//2534
f 2534//2534 2293//2293 2535//2535
f 2293//2293 2260//2260 2535//2535
f 2535//2535 2260//2260 2536//2536
f 2260//2260 2259//2259 2536//2536
f 2536//2536 2259//2259 2537//2537
f 2259//2259 2258//2258 2537//2537
f 2537//2537 2258//2258 2538//2538
f 2258//2258 2255//2255 2538//2538
f 2538//2538 2255//2255 2539//2539
f 2255//2255 2254//2254 2539//2539
f 2539//2539 2254//2254 2540//2540
f 2254//2254 2292//2292 2540//2540
f 2540//2540 2292//2292 2541//2541
f 2292//2292 2291//2291 2541//2541
f 2541//2541 2291//2291 2542//2542
f 2291//2291 2288//2288 2542//2542
f 2542//2542 2288//2288 2543//2543
f 2288//2288 2289//2289 2543//2543
f 2543//2543 2289//2289 2544//2544
f 2289//2289 2290//2290 2544//2544
f 2544//2544 2290//2290 2545//2545
f 2290//2290 2306//2306 2545//2545
f 2545//2545 2306//2306 2546//2546
f 2306//2306 2305//2305 2546//2546
f 2546//2546 2305//2305 2547//2547
f 2305//2305 2287//2287 2547//2547
f 2547//2547 2287//2287 2548//2548
f 2287//2287 2286//2286 2548//2548
f 2548//2548 2286//2286 2549//2549
f 2286//2286 2285//2285 2549//2549
f 2549//2549 2285//2285 2550//2550
f 2285//2285 2267//2267 2550//2550
f 2550//2550 2267//2267 2551//2551
f 2267//2267 2266//2266 2551//2551
f 2551//2551 2266//2266 2552//2552
f 2266//2266 2304//2304 2552//2552
f 2552//2552 2304//2304 2553//2553
f 2304//2304 2303//2303 2553//2553
f 2553//2553 2303//2303 2554//2554
f 2303//2303 2284//2284 2554//2554
f 2554//2554 2284//2284 2555//2555
f 2284//2284 2283//2283 2555//2555
f 2555//2555 2283//2283 2556//2556
f 2283//2283 2282//2282 2556//2556
f 2556//2556 2282//2282 2557//2557
f 2282//2282 2265//2265 2557//2557
f 2557//2557 2265//2265 2558//2558
f 2265//2265 2264//2264 2558//2558
f 2558//2558 2264//2264 2559//2559
f 2264//2264 2369//2369 2559//2559
f 2559//2559 2369//2369 2416//2416
f 2369//2369 2368//2368 2416//2416
f 1573//1573 1767//1767 1569//1569
f 1767//1767 2024//2024 1569//1569
f 1569//1569 2024//2024 1464//1464
f 2024//2024 2022//2022 1464//1464
f 1464//1464 2022//2022 1465//1465
f 2022//2022 2021//2021 1465//1465
f 1465//1465 2021//2021 1545//1545
f 2021//2021 1958//1958 1545//1545
f 1545//1545 1958//1958 1543//1543
f 1958//1958 1959//1959 1543//1543
f 1543//1543 1959//1959 1541//1541
f 1959//1959 1887//1887 1541//1541
f 1541//1541 1887//1887 1539//1539
f 1887//1887 1886//1886 1539//1539
f 1539//1539 1886//1886 1537//1537
f 1886//1886 2005//2005 1537//1537
f 1537//1537 2005//2005 1514//1514
f 2005//2005 1962//1962 1514//1514
f 1514//1514 1962//1962 1515//1515
f 1962//1962 1961//1961 1515//1515
f 1515//1515 1961//1961 1516//1516
f 1961//1961 1892//1892 1516//1516
f 1516//1516 1892//1892 1374//1374
f 1892//1892 1891//1891 1374//1374
f 1374//1374 1891//1891 1376//1376
f 1891//1891 1889//1889 1376//1376
f 1376//1376 1889//1889 1459//1459
f 1889//1889 1888//1888 1459//1459
f 1459//1459 1888//1888 1460//1460
f 1888//1888 1715//1715 1460//1460
f 1460//1460 1715//1715 1462//1462
f 1715//1715 1714//1714 1462//1462
f 1462//1462 1714//1714 1463//1463
f 1714//1714 1895//1895 1463//1463
f 1463//1463 1895//1895 1284//1284
f 1895//1895 1894//1894 1284//1284
f 1284//1284 1894//1894 1282//1282
f 1894//1894 1792//1792 1282//1282
f 1282//1282 1792//1792 1235//1235
f 1792//1792 1739//1739 1235//1235
f 1235//1235 1739//1739 1631//1631
f 1739//1739 2059//2059 1631//1631
f 1631//1631 2059//2059 1612//1612
f 2059//2059 2058//2058 1612//1612
f 1612//1612 2058//2058 1613//1613
f 2058//2058 2057//2057 1613//1613
f 1613//1613 2057//2057 1614//1614
f 2057//2057 2041//2041 1614//1614
f 1614//1614 2041//2041 1633//1633
f 2041//2041 2040//2040 1633//1633
f 1633//1633 2040//2040 1634//1634
f 2040//2040 2039//2039 1634//1634
f 1634//1634 2039//2039 1635//1635
f 2039//2039 2080//2080 1635//1635
f 1635//1635 2080//2080 1639//1639
f 2080//2080 2079//2079 1639//1639
f 1639//1639 2079//2079 1640//1640
f 2079//2079 2078//2078 1640//1640
f 1640//1640 2078//2078 1641//1641
f 2078//2078 2093//2093 1641//1641
f 1641//1641 2093//2093 1648//1648
f 2093//2093 2092//2092 1648//1648
f 1648//1648 2092//2092 1649//1649
f 2092//2092 2062//2062 1649//1649
f 1649//1649 2062//2062 1624//1624
f 2062//2062 2063//2063 1624//1624
f 1624//1624 2063//2063 1625//1625
f 2063//2063 2064//2064 1625//1625
f 1625//1625 2064//2064 1642//1642
f 2064//2064 2077//2077 1642//1642
f 1642//1642 2077//2077 1643//1643
f 2077//2077 2076//2076 1643//1643
f 1643//1643 2076//2076 1644//1644
f 2076//2076 2075//2075 1644//1644
f 1644//1644 2075//2075 1638//1638
f 2075//2075 2056//2056 1638//1638
f 1638//1638 2056//2056 1637//1637
f 2056//2056 2055//2055 1637//1637
f 1637//1637 2055//2055 1636//1636
f 2055//2055 2097//2097 1636//1636
f 1636//1636 2097//2097 1656//1656
f 2097//2097 2096//2096 1656//1656
f 1656//1656 2096//2096 1657//1657
f 2096//2096 2091//2091 1657//1657
f 1657//1657 2091//2091 1650//1650
f 2091//2091 2090//2090 1650//1650
f 1650//1650 2090//2090 1651//1651
f 2090//2090 2089//2089 1651//1651
f 1651//1651 2089//2089 1652//1652
f 2089//2089 2074//2074 1652//1652
f 1652//1652 2074//2074 1645//1645
f 2074//2074 2073//2073 1645//1645
f 1645//1645 2073//2073 1646//1646
f 2073//2073 2072//2072 1646//1646
f 1646//1646 2072//2072 1647//1647
f 2072//2072 2071//2071 1647//1647
f 1647//1647 2071//2071 1653//1653
f 2071//2071 2070//2070 1653//1653
f 1653//1653 2070//2070 1654//1654
f 2070//2070 2069//2069 1654//1654
f 1654//1654 2069//2069 1655//1655
f 2069//2069 2094//2094 1655//1655
f 1655//1655 2094//2094 1357//1357
f 2094//2094 1688//1688 1357//1357
f 1357//1357 1688//1688 1451//1451
f 1688//1688 1813//1813 1451//1451
f 1451//1451 1813//1813 1506//1506
f 1813//1813 1818//1818 1506//1506
f 1506//1506 1818//1818 1507//1507
f 1818//1818 1823//1823 1507//1507
f 1507//1507 1823//1823 1502//1502
f 1823//1823 1822//1822 1502//1502
f 1502//1502 1822//1822 1503//1503
f 1822//1822 1820//1820 1503//1503
f 1503//1503 1820//1820 1504//1504
f 1820//1820 1859//1859 1504//1504
f 1504//1504 1859//1859 1531//1531
f 1859//1859 1858//1858 1531//1531
f 1531//1531 1858//1858 1532//1532
f 1858//1858 1857//1857 1532//1532
f 1532//1532 1857//1857 1323//1323
f 1857//1857 1924//1924 1323//1323
f 1323//1323 1924//1924 1586//1586
f 1924//1924 1926//1926 1586//1586
f 1586//1586 1926//1926 1587//1587
f 1926//1926 1928//1928 1587//1587
f 1587//1587 1928//1928 1401//1401
f 1928//1928 1930//1930 1401//1401
f 1401//1401 1930//1930 1583//1583
f 1930//1930 1932//1932 1583//1583
f 1583//1583 1932//1932 1584//1584
f 1932//1932 1934//1934 1584//1584
f 1584//1584 1934//1934 1628//1628
f 1934//1934 1936//1936 1628//1628
f 1628//1628 1936//1936 1620//1620
f 1936//1936 1977//1977 1620//1620
f 1620//1620 1977//1977 1611//1611
f 1977//1977 1937//1937 1611//1611
f 1611//1611 1937//1937 1610//1610
f 1937//1937 1900//1900 1610//1610
f 1610//1610 1900//1900 1608//1608
f 1900//1900 1899//1899 1608//1608
f 1608//1608 1899//1899 1255//1255
f 1899//1899 1988//1988 1255//1255
f 1255//1255 1988//1988 1440//1440
f 1988//1988 1990//1990 1440//1440
f 1440//1440 1990//1990 1441//1441
f 1990//1990 1991//1991 1441//1441
f 1441//1441 1991//1991 1443//1443
f 1991//1991 1983//1983 1443//1443
f 1443//1443 1983//1983 1444//1444
f 1983//1983 1984//1984 1444//1444
f 1444//1444 1984//1984 1272//1272
f 1984//1984 1985//1985 1272//1272
f 1272//1272 1985//1985 1273//1273
f 1985//1985 2009//2009 1273//1273
f 1273//1273 2009//2009 1232//1232
f 2009//2009 2008//2008 1232//1232
f 1232//1232 2008//2008 1483//1483
f 2008//2008 1982//1982 1483//1483
f 1483//1483 1982//1982 1546//1546
f 1982//1982 1981//1981 1546//1546
f 1546//1546 1981//1981 1385//1385
f 1981//1981 1980//1980 1385//1385
f 1385//1385 1980//1980 1386//1386
f 1980//1980 1904//1904 1386//1386
f 1386//1386 1904//1904 1387//1387
f 1904//1904 1903//1903 1387//1387
f 1387//1387 1903//1903 1388//1388
f 1903//1903 1902//1902 1388//1388
f 1388//1388 1902//1902 1389//1389
f 1902//1902 1771//1771 1389//1389
f 1389//1389 1771//1771 1419//1419
f 1771//1771 1770//1770 1419//1419
f 1419//1419 1770//1770 1420//1420
f 1770//1770 1702//1702 1420//1420
f 1420//1420 1702//1702 1421//1421
f 1702//1702 1751//1751 1421//1421
f 1421//1421 1751//1751 1526//1526
f 1751//1751 1750//1750 1526//1526
f 1526//1526 1750//1750 1527//1527
f 1750//1750 1725//1725 1527//1527
f 1527//1527 1725//1725 1422//1422
f 1725//1725 1705//1705 1422//1422
f 1422//1422 1705//1705 1423//1423
f 1705//1705 1878//1878 1423//1423
f 1423//1423 1878//1878 1486//1486
f 1878//1878 1877//1877 1486//1486
f 1486//1486 1877//1877 1487//1487
f 1877//1877 1911//1911 1487//1487
f 1487//1487 1911//1911 1424//1424
f 1911//1911 1910//1910 1424//1424
f 1424//1424 1910//1910 1425//1425
f 1910//1910 1909//1909 1425//1425
f 1425//1425 1909//1909 1426//1426
f 1909//1909 1908//1908 1426//1426
f 1426//1426 1908//1908 1427//1427
f 1908//1908 1907//1907 1427//1427
f 1427//1427 1907//1907 1428//1428
f 1907//1907 1906//1906 1428//1428
f 1428//1428 1906//1906 1429//1429
f 1906//1906 1905//1905 1429//1429
f 1429//1429 1905//1905 1430//1430
f 1905//1905 1947//1947 1430//1430
f 1430//1430 1947//1947 1488//1488
f 1947//1947 1946//1946 1488//1488
f 1488//1488 1946//1946 1489//1489
f 1946//1946 1876//1876 1489//1489
f 1489//1489 1876//1876 1333//1333
f 1876//1876 1875//1875 1333//1333
f 1333//1333 1875//1875 1334//1334
f 1875//1875 1874//1874 1334//1334
f 1334//1334 1874//1874 1390//1390
f 1874//1874 1873//1873 1390//1390
f 1390//1390 1873//1873 1391//1391
f 1873//1873 1872//1872 1391//1391
f 1391//1391 1872//1872 1335//1335
f 1872//1872 1871//1871 1335//1335
f 1335//1335 1871//1871 1336//1336
f 1871//1871 1787//1787 1336//1336
f 1336//1336 1787//1787 1337//1337
f 1787//1787 1786//1786 1337//1337
f 1337//1337 1786//1786 1338//1338
f 1786//1786 2013//2013 1338//1338
f 1338//1338 2013//2013 1490//1490
f 2013//2013 2012//2012 1490//1490
f 1490//1490 2012//2012 1491//1491
f 2012//2012 2001//2001 1491//1491
f 1491//1491 2001//2001 1492//1492
f 2001//2001 2000//2000 1492//1492
f 1492//1492 2000//2000 1493//1493
f 2000//2000 2011//2011 1493//1493
f 1493//1493 2011//2011 1494//1494
f 2011//2011 2010//2010 1494//1494
f 1494//1494 2010//2010 1433//1433
f 2010//2010 1999//1999 1433//1433
f 1433//1433 1999//1999 1432//1432
f 1999//1999 1998//1998 1432//1432
f 1432//1432 1998//1998 1431//1431
f 1998//1998 1997//1997 1431//1431
f 1431//1431 1997//1997 1434//1434
f 1997//1997 1996//1996 1434//1434
f 1434//1434 1996//1996 1435//1435
f 1996//1996 1995//1995 1435//1435
f 1435//1435 1995//1995 1436//1436
f 1995//1995 1994//1994 1436//1436
f 1436//1436 1994//1994 1548//1548
f 1994//1994 1993//1993 1548//1548
f 1548//1548 1993//1993 1381//1381
f 1993//1993 1992//1992 1381//1381
f 1381//1381 1992//1992 1383//1383
f 1992//1992 2034//2034 1383//1383
f 1383//1383 2034//2034 1384//1384
f 2034//2034 2033//2033 1384//1384
f 1384//1384 2033//2033 1291//1291
f 2033//2033 2032//2032 1291//1291
f 1291//1291 2032//2032 1467//1467
f 2032//2032 2031//2031 1467//1467
f 1467//1467 2031//2031 1468//1468
f 2031//2031 2030//2030 1468//1468
f 1468//1468 2030//2030 1470//1470
f 2030//2030 2049//2049 1470//1470
f 1470//1470 2049//2049 1471//1471
f 2049//2049 2048//2048 1471//1471
f 1471//1471 2048//2048 1472//1472
f 2048//2048 2045//2045 1472//1472
f 1472//1472 2045//2045 1473//1473
f 2045//2045 2046//2046 1473//1473
f 1473//1473 2046//2046 1474//1474
f 2046//2046 2047//2047 1474//1474
f 1474//1474 2047//2047 1517//1517
f 2047//2047 2061//2061 1517//1517
f 1517//1517 2061//2061 1518//1518
f 2061//2061 2060//2060 1518//1518
f 1518//1518 2060//2060 1519//1519
f 2060//2060 2042//2042 1519//1519
f 1519//1519 2042//2042 1520//1520
f 2042//2042 2043//2043 1520//1520
f 1520//1520 2043//2043 1521//1521
f 2043//2043 2044//2044 1521//1521
f 1521//1521 2044//2044 1522//1522
f 2044//2044 2085//2085 1522//1522
f 1522//1522 2085//2085 1570//1570
f 2085//2085 2084//2084 1570//1570
f 1570//1570 2084//2084 1571//1571
f 2084//2084 2082//2082 1571//1571
f 1571//1571 2082//2082 1573//1573
f 2082//2082 1767//1767 1573//1573
f 2151//2151 2408//2408 2401//2401
f 2411//2411 2410//2410 2200//2200
f 2400//2400 2409//2409 2401//2401
f 2409//2409 2411//2411 2401//2401
f 2401//2401 2411//2411 2151//2151
f 2411//2411 2200//2200 2151//2151
f 2151//2151 2200//2200 2198//2198
f 2158//2158 2156//2156 2198//2198
f 2180//2180 2178//2178 2198//2198
f 2178//2178 2176//2176 2198//2198
f 2176//2176 2174//2174 2198//2198
f 2174//2174 2172//2172 2198//2198
f 2198//2198 2172//2172 2170//2170
f 2192//2192 2184//2184 2194//2194
f 2184//2184 2196//2196 2194//2194
f 2192//2192 2190//2190 2184//2184
f 2190//2190 2188//2188 2184//2184
f 2184//2184 2188//2188 2186//2186
f 2196//2196 2184//2184 2198//2198
f 2184//2184 2182//2182 2198//2198
f 2198//2198 2182//2182 2180//2180
f 2170//2170 2168//2168 2198//2198
f 2168//2168 2166//2166 2198//2198
f 2198//2198 2166//2166 2164//2164
f 2156//2156 2154//2154 2198//2198
f 2154//2154 2152//2152 2198//2198
f 2198//2198 2152//2152 2151//2151
f 2164//2164 2162//2162 2198//2198
f 2162//2162 2160//2160 2198//2198
f 2198//2198 2160//2160 2158//2158
f 2560//2560 1670//1670 2561//2561
f 1670//1670 1664//1664 2561//2561
f 2560//2560 2561//2561 2562//2562
f 2560//2560 2562//2562 2563//2563
f 2562//2562 2564//2564 2563//2563
f 2563//2563 2564//2564 2565//2565
f 2564//2564 2566//2566 2565//2565
f 2565//2565 2566//2566 2567//2567
f 2566//2566 2568//2568 2567//2567
f 2567//2567 2568//2568 2569//2569
f 2568//2568 2570//2570 2569//2569
f 2569//2569 2570//2570 2571//2571
f 2570//2570 2572//2572 2571//2571
f 2571//2571 2572//2572 2573//2573
f 2572//2572 2574//2574 2573//2573
f 2573//2573 2574//2574 2575//2575
f 2574//2574 2576//2576 2575//2575
f 2575//2575 2576//2576 2577//2577
f 2576//2576 2578//2578 2577//2577
f 2577//2577 2578//2578 2579//2579
f 2578//2578 2580//2580 2579//2579
f 2579//2579 2580//2580 2581//2581
f 2580//2580 2582//2582 2581//2581
f 2581//2581 2582//2582 2583//2583
f 2582//2582 2584//2584 2583//2583
f 2583//2583 2584//2584 2585//2585
f 2584//2584 2586//2586 2585//2585
f 2585//2585 2586//2586 2587//2587
f 2586//2586 2588//2588 2587//2587
f 2587//2587 2588//2588 2589//2589
f 2588//2588 2590//2590 2589//2589
f 2589//2589 2590//2590 2591//2591
f 2590//2590 2592//2592 2591//2591
f 2591//2591 2592//2592 2593//2593
f 2592//2592 2594//2594 2593//2593
f 2593//2593 2594//2594 2595//2595
f 2594//2594 2596//2596 2595//2595
f 2595//2595 2596//2596 2597//2597
f 2596//2596 2598//2598 2597//2597
f 2597//2597 2598//2598 2599//2599
f 2598//2598 2600//2600 2599//2599
f 2599//2599 2600//2600 2601//2601
f 2600//2600 2602//2602 2601//2601
f 2601//2601 2602//2602 2603//2603
f 2602//2602 2604//2604 2603//2603
f 2603//2603 2604//2604 2605//2605
f 2604//2604 2606//2606 2605//2605
f 2605//2605 2606//2606 2607//2607
f 2606//2606 2608//2608 2607//2607
f 2607//2607 2608//2608 2609//2609
f 2608//2608 2610//2610 2609//2609
f 2609//2609 2610//2610 2611//2611
f 2610//2610 2612//2612 2611//2611
f 2611//2611 2612//2612 2613//2613
f 2612//2612 2614//2614 2613//2613
f 2613//2613 2614//2614 2615//2615
f 2614//2614 2616//2616 2615//2615
f 2615//2615 2616//2616 2617//2617
f 2616//2616 2618//2618 2617//2617
f 2617//2617 2618//2618 2619//2619
f 2618//2618 2620//2620 2619//2619
f 2619//2619 2620//2620 2621//2621
f 2620//2620 2622//2622 2621//2621
f 2621//2621 2622//2622 2623//2623
f 2622//2622 2624//2624 2623//2623
f 2623//2623 2624//2624 2625//2625
f 2624//2624 2626//2626 2625//2625
f 2625//2625 2626//2626 2627//2627
f 2626//2626 2628//2628 2627//2627
f 2627//2627 2628//2628 2629//2629
f 2628//2628 2630//2630 2629//2629
f 2629//2629 2630//2630 2631//2631
f 2630//2630 2632//2632 2631//2631
f 2631//2631 2632//2632 2633//2633
f 2632//2632 2634//2634 2633//2633
f 2633//2633 2634//2634 2635//2635
f 2634//2634 2636//2636 2635//2635
f 2635//2635 2636//2636 2637//2637
f 2636//2636 2638//2638 2637//2637
f 2637//2637 2638//2638 2639//2639
f 2638//2638 2640//2640 2639//2639
f 2639//2639 2640//2640 2641//2641
f 2640//2640 2642//2642 2641//2641
f 2641//2641 2642//2642 2643//2643
f 2642//2642 2644//2644 2643//2643
f 2643//2643 2644//2644 2645//2645
f 2644//2644 2646//2646 2645//2645
f 2645//2645 2646//2646 2647//2647
f 2646//2646 2648//2648 2647//2647
f 2647//2647 2648//2648 2649//2649
f 2648//2648 2650//2650 2649//2649
f 2649//2649 2650//2650 2651//2651
f 2650//2650 2652//2652 2651//2651
f 2651//2651 2652//2652 2653//2653
f 2652//2652 2654//2654 2653//2653
f 2653//2653 2654//2654 2655//2655
f 2654//2654 2656//2656 2655//2655
f 2655//2655 2656//2656 2657//2657
f 2656//2656 2658//2658 2657//2657
f 2657//2657 2658//2658 2659//2659
f 2658//2658 2660//2660 2659//2659
f 2659//2659 2660//2660 2661//2661
f 2660//2660 2662//2662 2661//2661
f 2661//2661 2662//2662 2663//2663
f 2662//2662 2664//2664 2663//2663
f 2663//2663 2664//2664 2665//2665
f 2664//2664 2666//2666 2665//2665
f 2665//2665 2666//2666 2667//2667
f 2201//2201 2414//2414 2415//2415
f 1167//1167 1169//1169 1664//1664
f 1685//1685 1240//1240 1664//1664
f 1240//1240 1154//1154 1664//1664
f 2568//2568 2566//2566 2263//2263
f 2566//2566 2564//2564 2263//2263
f 2201//2201 2415//2415 2148//2148
f 2415//2415 2666//2666 2148//2148
f 2148//2148 2666//2666 2263//2263
f 2666//2666 2664//2664 2263//2263
f 2263//2263 2664//2664 2662//2662
f 1664//1664 1227//1227 2561//2561
f 1227//1227 2263//2263 2561//2561
f 2561//2561 2263//2263 2562//2562
f 2263//2263 2564//2564 2562//2562
f 2598//2598 2596//2596 2263//2263
f 2596//2596 2594//2594 2263//2263
f 2263//2263 2594//2594 2592//2592
f 1221//1221 1223//1223 1664//1664
f 1223//1223 1225//1225 1664//1664
f 1664//1664 1225//1225 1227//1227
f 1154//1154 1157//1157 1664//1664
f 1157//1157 1159//1159 1664//1664
f 1664//1664 1159//1159 1161//1161
f 2592//2592 2590//2590 2263//2263
f 2590//2590 2588//2588 2263//2263
f 2263//2263 2588//2588 2586//2586
f 1215//1215 1217//1217 1664//1664
f 1217//1217 1219//1219 1664//1664
f 1664//1664 1219//1219 1221//1221
f 1161//1161 1163//1163 1664//1664
f 1163//1163 1165//1165 1664//1664
f 1664//1664 1165//1165 1167//1167
f 2263//2263 2632//2632 2630//2630
f 2148//2148 2146//2146 2099//2099
f 2146//2146 2144//2144 2099//2099
f 2099//2099 2144//2144 2142//2142
f 2099//2099 2130//2130 2128//2128
f 2638//2638 2636//2636 2263//2263
f 2636//2636 2634//2634 2263//2263
f 2263//2263 2634//2634 2632//2632
f 2142//2142 2140//2140 2099//2099
f 2140//2140 2138//2138 2099//2099
f 2099//2099 2138//2138 2136//2136
f 2128//2128 2126//2126 2099//2099
f 2126//2126 2124//2124 2099//2099
f 2099//2099 2124//2124 2122//2122
f 2122//2122 2120//2120 2099//2099
f 2120//2120 2118//2118 2099//2099
f 2099//2099 2118//2118 2116//2116
f 1203//1203 1664//1664 1201//1201
f 1664//1664 1199//1199 1201//1201
f 1203//1203 1205//1205 1664//1664
f 1205//1205 1207//1207 1664//1664
f 1664//1664 1207//1207 1209//1209
f 2136//2136 2134//2134 2099//2099
f 2134//2134 2132//2132 2099//2099
f 2099//2099 2132//2132 2130//2130
f 2155//2155 2157//2157 2199//2199
f 2157//2157 2159//2159 2199//2199
f 2199//2199 2159//2159 2161//2161
f 2173//2173 2175//2175 2199//2199
f 2175//2175 2177//2177 2199//2199
f 2199//2199 2177//2177 2179//2179
f 1169//1169 1171//1171 1664//1664
f 1171//1171 1173//1173 1664//1664
f 1664//1664 1173//1173 1175//1175
f 1187//1187 1189//1189 1664//1664
f 1189//1189 1191//1191 1664//1664
f 1664//1664 1191//1191 1193//1193
f 1209//1209 1211//1211 1664//1664
f 1211//1211 1213//1213 1664//1664
f 1664//1664 1213//1213 1215//1215
f 2630//2630 2628//2628 2263//2263
f 2628//2628 2626//2626 2263//2263
f 2263//2263 2626//2626 2624//2624
f 2116//2116 2114//2114 2099//2099
f 2114//2114 2112//2112 2099//2099
f 2099//2099 2112//2112 2110//2110
f 2148//2148 2099//2099 2201//2201
f 2099//2099 2150//2150 2201//2201
f 2201//2201 2150//2150 2199//2199
f 2150//2150 2153//2153 2199//2199
f 2199//2199 2153//2153 2155//2155
f 2167//2167 2169//2169 2199//2199
f 2169//2169 2171//2171 2199//2199
f 2199//2199 2171//2171 2173//2173
f 2179//2179 2181//2181 2199//2199
f 2181//2181 2183//2183 2199//2199
f 2199//2199 2183//2183 2185//2185
f 2187//2187 2189//2189 2185//2185
f 2189//2189 2191//2191 2185//2185
f 2185//2185 2191//2191 2193//2193
f 2193//2193 2195//2195 2185//2185
f 2195//2195 2197//2197 2185//2185
f 2185//2185 2197//2197 2199//2199
f 1175//1175 1177//1177 1664//1664
f 1177//1177 1179//1179 1664//1664
f 1664//1664 1179//1179 1181//1181
f 1181//1181 1183//1183 1664//1664
f 1183//1183 1185//1185 1664//1664
f 1664//1664 1185//1185 1187//1187
f 1193//1193 1195//1195 1664//1664
f 1195//1195 1197//1197 1664//1664
f 1664//1664 1197//1197 1199//1199
f 2110//2110 2108//2108 2099//2099
f 2108//2108 2106//2106 2099//2099
f 2099//2099 2106//2106 2100//2100
f 2106//2106 2104//2104 2100//2100
f 2100//2100 2104//2104 2102//2102
f 2161//2161 2163//2163 2199//2199
f 2163//2163 2165//2165 2199//2199
f 2199//2199 2165//2165 2167//2167
f 2586//2586 2584//2584 2263//2263
f 2584//2584 2582//2582 2263//2263
f 2263//2263 2582//2582 2580//2580
f 2644//2644 2642//2642 2263//2263
f 2642//2642 2640//2640 2263//2263
f 2263//2263 2640//2640 2638//2638
f 2574//2574 2572//2572 2263//2263
f 2572//2572 2570//2570 2263//2263
f 2263//2263 2570//2570 2568//2568
f 2612//2612 2610//2610 2263//2263
f 2650//2650 2648//2648 2263//2263
f 2648//2648 2646//2646 2263//2263
f 2263//2263 2646//2646 2644//2644
f 2624//2624 2622//2622 2263//2263
f 2622//2622 2620//2620 2263//2263
f 2263//2263 2620//2620 2618//2618
f 2610//2610 2608//2608 2263//2263
f 2608//2608 2606//2606 2263//2263
f 2263//2263 2606//2606 2604//2604
f 2580//2580 2578//2578 2263//2263
f 2578//2578 2576//2576 2263//2263
f 2263//2263 2576//2576 2574//2574
f 2604//2604 2602//2602 2263//2263
f 2602//2602 2600//2600 2263//2263
f 2263//2263 2600//2600 2598//2598
f 2662//2662 2660//2660 2263//2263
f 2660//2660 2658//2658 2263//2263
f 2263//2263 2658//2658 2656//2656
f 2618//2618 2616//2616 2263//2263
f 2616//2616 2614//2614 2263//2263
f 2263//2263 2614//2614 2612//2612
f 2656//2656 2654//2654 2263//2263
f 2654//2654 2652//2652 2263//2263
f 2263//2263 2652//2652 2650//2650
f 2668//2668 2669//2669 2670//2670
f 2669//2669 2671//2671 2670//2670
f 2670//2670 2671//2671 2672//2672
f 2671//2671 2673//2673 2672//2672
f 2672//2672 2673//2673 2674//2674
f 2673//2673 2675//2675 2674//2674
f 2674//2674 2675//2675 2676//2676
f 2675//2675 2677//2677 2676//2676
f 2676//2676 2677//2677 2678//2678
f 2677//2677 2679//2679 2678//2678
f 2678//2678 2679//2679 2680//2680
f 2679//2679 2681//2681 2680//2680
f 2680//2680 2681//2681 2682//2682
f 2681//2681 2683//2683 2682//2682
f 2682//2682 2683//2683 2684//2684
f 2683//2683 2685//2685 2684//2684
f 2684//2684 2685//2685 2686//2686
f 2685//2685 2687//2687 2686//2686
f 2686//2686 2687//2687 2688//2688
f 2687//2687 2689//2689 2688//2688
f 2688//2688 2689//2689 2690//2690
f 2689//2689 2691//2691 2690//2690
f 2690//2690 2691//2691 2692//2692
f 2691//2691 2693//2693 2692//2692
f 2692//2692 2693//2693 2694//2694
f 2693//2693 2695//2695 2694//2694
f 2694//2694 2695//2695 2696//2696
f 2695//2695 2697//2697 2696//2696
f 2696//2696 2697//2697 2698//2698
f 2697//2697 2699//2699 2698//2698
f 2698//2698 2699//2699 2700//2700
f 2699//2699 2701//2701 2700//2700
f 2700//2700 2701//2701 2702//2702
f 2701//2701 2703//2703 2702//2702
f 2702//2702 2703//2703 2704//2704
f 2703//2703 2705//2705 2704//2704
f 2704//2704 2705//2705 2706//2706
f 2705//2705 2707//2707 2706//2706
f 2706//2706 2707//2707 2708//2708
f 2707//2707 2709//2709 2708//2708
f 2708//2708 2709//2709 2710//2710
f 2709//2709 2711//2711 2710//2710
f 2710//2710 2711//2711 2712//2712
f 2711//2711 2713//2713 2712//2712
f 2712//2712 2713//2713 2714//2714
f 2713//2713 2715//2715 2714//2714
f 2714//2714 2715//2715 2716//2716
f 2715//2715 2717//2717 2716//2716
f 2716//2716 2717//2717 2718//2718
f 2717//2717 2719//2719 2718//2718
f 2718//2718 2719//2719 2720//2720
f 2719//2719 2721//2721 2720//2720
f 2720//2720 2721//2721 2722//2722
f 2721//2721 2723//2723 2722//2722
f 2722//2722 2723//2723 2724//2724
f 2723//2723 2725//2725 2724//2724
f 2724//2724 2725//2725 2726//2726
f 2725//2725 2727//2727 2726//2726
f 2726//2726 2727//2727 2728//2728
f 2727//2727 2729//2729 2728//2728
f 2728//2728 2729//2729 2730//2730
f 2729//2729 2731//2731 2730//2730
f 2730//2730 2731//2731 2732//2732
f 2731//2731 2733//2733 2732//2732
f 2732//2732 2733//2733 2734//2734
f 2733//2733 2735//2735 2734//2734
f 2734//2734 2735//2735 2736//2736
f 2735//2735 2737//2737 2736//2736
f 2736//2736 2737//2737 2738//2738
f 2737//2737 2739//2739 2738//2738
f 2738//2738 2739//2739 2740//2740
f 2739//2739 2741//2741 2740//2740
f 2740//2740 2741//2741 2742//2742
f 2741//2741 2743//2743 2742//2742
f 2742//2742 2743//2743 2744//2744
f 2743//2743 2745//2745 2744//2744
f 2744//2744 2745//2745 2746//2746
f 2745//2745 2747//2747 2746//2746
f 2746//2746 2747//2747 2748//2748
f 2747//2747 2749//2749 2748//2748
f 2748//2748 2749//2749 2750//2750
f 2749//2749 2751//2751 2750//2750
f 2750//2750 2751//2751 2752//2752
f 2751//2751 2753//2753 2752//2752
f 2752//2752 2753//2753 2754//2754
f 2753//2753 2755//2755 2754//2754
f 2754//2754 2755//2755 2756//2756
f 2755//2755 2757//2757 2756//2756
f 2756//2756 2757//2757 2758//2758
f 2757//2757 2759//2759 2758//2758
f 2758//2758 2759//2759 2760//2760
f 2759//2759 2761//2761 2760//2760
f 2760//2760 2761//2761 2762//2762
f 2761//2761 2763//2763 2762//2762
f 2762//2762 2763//2763 2764//2764
f 2763//2763 2765//2765 2764//2764
f 2764//2764 2765//2765 2766//2766
f 2765//2765 2767//2767 2766//2766
f 2766//2766 2767//2767 2768//2768
f 2767//2767 2769//2769 2768//2768
f 2768//2768 2769//2769 2770//2770
f 2769//2769 2771//2771 2770//2770
f 2770//2770 2771//2771 2772//2772
f 2771//2771 2773//2773 2772//2772
f 2772//2772 2773//2773 2774//2774
f 2773//2773 2775//2775 2774//2774
f 2774//2774 2775//2775 2776//2776
f 2775//2775 2777//2777 2776//2776
f 2776//2776 2777//2777 2778//2778
f 2777//2777 2779//2779 2778//2778
f 2778//2778 2779//2779 2780//2780
f 2779//2779 2781//2781 2780//2780
f 2780//2780 2781//2781 2782//2782
f 2781//2781 2783//2783 2782//2782
f 2782//2782 2783//2783 2784//2784
f 2783//2783 2785//2785 2784//2784
f 2784//2784 2785//2785 2786//2786
f 2785//2785 2787//2787 2786//2786
f 2786//2786 2787//2787 2788//2788
f 2787//2787 2789//2789 2788//2788
f 2788//2788 2789//2789 2790//2790
f 2789//2789 2791//2791 2790//2790
f 2790//2790 2791//2791 2792//2792
f 2791//2791 2793//2793 2792//2792
f 2792//2792 2793//2793 2794//2794
f 2793//2793 2795//2795 2794//2794
f 2794//2794 2795//2795 2796//2796
f 2795//2795 2797//2797 2796//2796
f 2796//2796 2797//2797 2798//2798
f 2797//2797 2799//2799 2798//2798
f 2798//2798 2799//2799 2800//2800
f 2799//2799 2801//2801 2800//2800
f 2800//2800 2801//2801 2802//2802
f 2801//2801 2803//2803 2802//2802
f 2802//2802 2803//2803 2804//2804
f 2803//2803 2805//2805 2804//2804
f 2804//2804 2805//2805 2806//2806
f 2805//2805 2807//2807 2806//2806
f 2806//2806 2807//2807 2808//2808
f 2807//2807 2809//2809 2808//2808
f 2808//2808 2809//2809 2810//2810
f 2809//2809 2811//2811 2810//2810
f 2810//2810 2811//2811 2812//2812
f 2811//2811 2813//2813 2812//2812
f 2812//2812 2813//2813 2814//2814
f 2813//2813 2815//2815 2814//2814
f 2814//2814 2815//2815 2816//2816
f 2815//2815 2817//2817 2816//2816
f 2816//2816 2817//2817 2818//2818
f 2817//2817 2819//2819 2818//2818
f 2818//2818 2819//2819 2820//2820
f 2819//2819 2821//2821 2820//2820
f 2820//2820 2821//2821 2822//2822
f 2821//2821 2823//2823 2822//2822
f 2822//2822 2823//2823 2824//2824
f 2823//2823 2825//2825 2824//2824
f 2824//2824 2825//2825 2826//2826
f 2825//2825 2827//2827 2826//2826
f 2826//2826 2827//2827 2828//2828
f 2827//2827 2829//2829 2828//2828
f 2828//2828 2829//2829 2830//2830
f 2829//2829 2831//2831 2830//2830
f 2830//2830 2831//2831 2832//2832
f 2831//2831 2833//2833 2832//2832
f 2832//2832 2833//2833 2834//2834
f 2833//2833 2835//2835 2834//2834
f 2834//2834 2835//2835 2836//2836
f 2835//2835 2837//2837 2836//2836
f 2836//2836 2837//2837 2838//2838
f 2837//2837 2839//2839 2838//2838
f 2838//2838 2839//2839 2840//2840
f 2839//2839 2841//2841 2840//2840
f 2840//2840 2841//2841 2842//2842
f 2841//2841 2843//2843 2842//2842
f 2842//2842 2843//2843 2844//2844
f 2843//2843 2845//2845 2844//2844
f 2844//2844 2845//2845 2846//2846
f 2845//2845 2847//2847 2846//2846
f 2846//2846 2847//2847 2848//2848
f 2847//2847 2849//2849 2848//2848
f 2848//2848 2849//2849 2850//2850
f 2849//2849 2851//2851 2850//2850
f 2850//2850 2851//2851 2852//2852
f 2851//2851 2853//2853 2852//2852
f 2852//2852 2853//2853 2854//2854
f 2853//2853 2855//2855 2854//2854
f 2854//2854 2855//2855 2856//2856
f 2855//2855 2857//2857 2856//2856
f 2856//2856 2857//2857 2858//2858
f 2857//2857 2859//2859 2858//2858
f 2858//2858 2859//2859 2860//2860
f 2859//2859 2861//2861 2860//2860
f 2860//2860 2861//2861 2862//2862
f 2861//2861 2863//2863 2862//2862
f 2862//2862 2863//2863 2864//2864
f 2863//2863 2865//2865 2864//2864
f 2864//2864 2865//2865 2866//2866
f 2865//2865 2867//2867 2866//2866
f 2866//2866 2867//2867 2868//2868
f 2867//2867 2869//2869 2868//2868
f 2868//2868 2869//2869 2870//2870
f 2869//2869 2871//2871 2870//2870
f 2870//2870 2871//2871 2872//2872
f 2871//2871 2873//2873 2872//2872
f 2872//2872 2873//2873 2874//2874
f 2873//2873 2875//2875 2874//2874
f 2874//2874 2875//2875 2876//2876
f 2875//2875 2877//2877 2876//2876
f 2876//2876 2877//2877 2878//2878
f 2877//2877 2879//2879 2878//2878
f 2878//2878 2879//2879 2880//2880
f 2879//2879 2881//2881 2880//2880
f 2880//2880 2881//2881 2882//2882
f 2881//2881 2883//2883 2882//2882
f 2882//2882 2883//2883 2884//2884
f 2883//2883 2885//2885 2884//2884
f 2884//2884 2885//2885 2886//2886
f 2885//2885 2887//2887 2886//2886
f 2886//2886 2887//2887 2888//2888
f 2887//2887 2889//2889 2888//2888
f 2888//2888 2889//2889 2890//2890
f 2889//2889 2891//2891 2890//2890
f 2890//2890 2891//2891 2892//2892
f 2891//2891 2893//2893 2892//2892
f 2892//2892 2893//2893 2894//2894
f 2893//2893 2895//2895 2894//2894
f 2894//2894 2895//2895 2896//2896
f 2895//2895 2897//2897 2896//2896
f 2896//2896 2897//2897 2898//2898
f 2897//2897 2899//2899 2898//2898
f 2898//2898 2899//2899 2900//2900
f 2899//2899 2901//2901 2900//2900
f 2900//2900 2901//2901 2902//2902
f 2901//2901 2903//2903 2902//2902
f 2902//2902 2903//2903 2904//2904
f 2903//2903 2905//2905 2904//2904
f 2904//2904 2905//2905 2906//2906
f 2905//2905 2907//2907 2906//2906
f 2906//2906 2907//2907 2908//2908
f 2907//2907 2909//2909 2908//2908
f 2908//2908 2909//2909 2910//2910
f 2909//2909 2911//2911 2910//2910
f 2910//2910 2911//2911 2912//2912
f 2911//2911 2913//2913 2912//2912
f 2912//2912 2913//2913 2914//2914
f 2913//2913 2915//2915 2914//2914
f 2914//2914 2915//2915 2916//2916
f 2915//2915 2917//2917 2916//2916
f 2916//2916 2917//2917 2918//2918
f 2917//2917 2919//2919 2918//2918
f 2918//2918 2919//2919 2920//2920
f 2919//2919 2921//2921 2920//2920
f 2920//2920 2921//2921 2922//2922
f 2921//2921 2923//2923 2922//2922
f 2922//2922 2923//2923 2924//2924
f 2923//2923 2925//2925 2924//2924
f 2924//2924 2925//2925 2926//2926
f 2925//2925 2927//2927 2926//2926
f 2926//2926 2927//2927 2928//2928
f 2927//2927 2929//2929 2928//2928
f 2928//2928 2929//2929 2930//2930
f 2929//2929 2931//2931 2930//2930
f 2930//2930 2931//2931 2932//2932
f 2931//2931 2933//2933 2932//2932
f 2932//2932 2933//2933 2934//2934
f 2933//2933 2935//2935 2934//2934
f 2934//2934 2935//2935 2936//2936
f 2935//2935 2937//2937 2936//2936
f 2936//2936 2937//2937 2938//2938
f 2937//2937 2939//2939 2938//2938
f 2938//2938 2939//2939 2940//2940
f 2939//2939 2941//2941 2940//2940
f 2940//2940 2941//2941 2942//2942
f 2941//2941 2943//2943 2942//2942
f 2942//2942 2943//2943 2944//2944
f 2943//2943 2945//2945 2944//2944
f 2944//2944 2945//2945 2946//2946
f 2945//2945 2947//2947 2946//2946
f 2946//2946 2947//2947 2948//2948
f 2947//2947 2949//2949 2948//2948
f 2948//2948 2949//2949 2950//2950
f 2949//2949 2951//2951 2950//2950
f 2950//2950 2951//2951 2952//2952
f 2951//2951 2953//2953 2952//2952
f 2952//2952 2953//2953 2954//2954
f 2953//2953 2955//2955 2954//2954
f 2954//2954 2955//2955 2668//2668
f 2955//2955 2669//2669 2668//2668
f 1170//1170 1168//1168 1670//1670
f 1168//1168 1166//1166 1670//1670
f 1670//1670 1166//1166 1164//1164
f 1309//1309 1744//1744 1155//1155
f 1744//1744 1670//1670 1155//1155
f 1155//1155 1670//1670 1156//1156
f 1670//1670 1158//1158 1156//1156
f 1164//1164 1162//1162 1670//1670
f 1162//1162 1160//1160 1670//1670
f 1670//1670 1160//1160 1158//1158
f 1212//1212 1210//1210 1670//1670
f 2565//2565 2300//2300 2563//2563
f 2300//2300 2560//2560 2563//2563
f 2589//2589 2591//2591 2300//2300
f 2591//2591 2593//2593 2300//2300
f 2300//2300 2593//2593 2595//2595
f 2300//2300 2665//2665 2149//2149
f 2665//2665 2667//2667 2149//2149
f 2149//2149 2667//2667 2252//2252
f 2667//2667 2413//2413 2252//2252
f 2252//2252 2413//2413 2412//2412
f 2560//2560 2300//2300 1670//1670
f 2300//2300 1226//1226 1670//1670
f 1670//1670 1226//1226 1224//1224
f 2659//2659 2661//2661 2300//2300
f 2661//2661 2663//2663 2300//2300
f 2300//2300 2663//2663 2665//2665
f 1224//1224 1222//1222 1670//1670
f 1222//1222 1220//1220 1670//1670
f 1670//1670 1220//1220 1218//1218
f 1218//1218 1216//1216 1670//1670
f 1216//1216 1214//1214 1670//1670
f 1670//1670 1214//1214 1212//1212
f 2595//2595 2597//2597 2300//2300
f 2597//2597 2599//2599 2300//2300
f 2300//2300 2599//2599 2601//2601
f 2252//2252 2250//2250 2203//2203
f 2250//2250 2248//2248 2203//2203
f 2203//2203 2248//2248 2246//2246
f 2203//2203 2234//2234 2232//2232
f 1204//1204 1202//1202 1670//1670
f 2583//2583 2585//2585 2300//2300
f 2585//2585 2587//2587 2300//2300
f 2300//2300 2587//2587 2589//2589
f 2246//2246 2244//2244 2203//2203
f 2244//2244 2242//2242 2203//2203
f 2203//2203 2242//2242 2240//2240
f 2232//2232 2230//2230 2203//2203
f 2230//2230 2228//2228 2203//2203
f 2203//2203 2228//2228 2226//2226
f 2226//2226 2224//2224 2203//2203
f 2224//2224 2222//2222 2203//2203
f 2203//2203 2222//2222 2220//2220
f 2300//2300 2633//2633 2635//2635
f 1670//1670 1196//1196 1194//1194
f 1194//1194 1192//1192 1670//1670
f 1192//1192 1190//1190 1670//1670
f 1670//1670 1190//1190 1188//1188
f 1188//1188 1186//1186 1670//1670
f 1186//1186 1184//1184 1670//1670
f 1670//1670 1184//1184 1182//1182
f 2240//2240 2238//2238 2203//2203
f 2238//2238 2236//2236 2203//2203
f 2203//2203 2236//2236 2234//2234
f 2103//2103 2105//2105 2147//2147
f 2105//2105 2107//2107 2147//2147
f 2147//2147 2107//2107 2109//2109
f 2121//2121 2123//2123 2147//2147
f 2123//2123 2125//2125 2147//2147
f 2147//2147 2125//2125 2127//2127
f 2627//2627 2629//2629 2300//2300
f 2629//2629 2631//2631 2300//2300
f 2300//2300 2631//2631 2633//2633
f 1202//1202 1200//1200 1670//1670
f 1200//1200 1198//1198 1670//1670
f 1670//1670 1198//1198 1196//1196
f 1182//1182 1180//1180 1670//1670
f 1180//1180 1178//1178 1670//1670
f 1670//1670 1178//1178 1176//1176
f 1176//1176 1174//1174 1670//1670
f 1174//1174 1172//1172 1670//1670
f 1670//1670 1172//1172 1170//1170
f 2220//2220 2218//2218 2203//2203
f 2218//2218 2216//2216 2203//2203
f 2203//2203 2216//2216 2214//2214
f 2252//2252 2203//2203 2149//2149
f 2203//2203 2098//2098 2149//2149
f 2149//2149 2098//2098 2147//2147
f 2098//2098 2101//2101 2147//2147
f 2147//2147 2101//2101 2103//2103
f 2115//2115 2117//2117 2147//2147
f 2117//2117 2119//2119 2147//2147
f 2147//2147 2119//2119 2121//2121
f 2127//2127 2129//2129 2147//2147
f 2129//2129 2131//2131 2147//2147
f 2147//2147 2131//2131 2133//2133
f 2135//2135 2137//2137 2133//2133
f 2137//2137 2139//2139 2133//2133
f 2133//2133 2139//2139 2141//2141
f 2141//2141 2143//2143 2133//2133
f 2143//2143 2145//2145 2133//2133
f 2133//2133 2145//2145 2147//2147
f 1210//1210 1208//1208 1670//1670
f 1208//1208 1206//1206 1670//1670
f 1670//1670 1206//1206 1204//1204
f 2565//2565 2567//2567 2300//2300
f 2567//2567 2569//2569 2300//2300
f 2300//2300 2569//2569 2571//2571
f 2214//2214 2212//2212 2203//2203
f 2212//2212 2210//2210 2203//2203
f 2203//2203 2210//2210 2204//2204
f 2210//2210 2208//2208 2204//2204
f 2204//2204 2208//2208 2206//2206
f 2109//2109 2111//2111 2147//2147
f 2111//2111 2113//2113 2147//2147
f 2147//2147 2113//2113 2115//2115
f 2635//2635 2637//2637 2300//2300
f 2637//2637 2639//2639 2300//2300
f 2300//2300 2639//2639 2641//2641
f 2621//2621 2623//2623 2300//2300
f 2623//2623 2625//2625 2300//2300
f 2300//2300 2625//2625 2627//2627
f 2607//2607 2609//2609 2300//2300
f 2571//2571 2573//2573 2300//2300
f 2573//2573 2575//2575 2300//2300
f 2300//2300 2575//2575 2577//2577
f 2641//2641 2643//2643 2300//2300
f 2643//2643 2645//2645 2300//2300
f 2300//2300 2645//2645 2647//2647
f 2577//2577 2579//2579 2300//2300
f 2579//2579 2581//2581 2300//2300
f 2300//2300 2581//2581 2583//2583
f 2601//2601 2603//2603 2300//2300
f 2603//2603 2605//2605 2300//2300
f 2300//2300 2605//2605 2607//2607
f 2609//2609 2611//2611 2300//2300
f 2611//2611 2613//2613 2300//2300
f 2300//2300 2613//2613 2615//2615
f 2615//2615 2617//2617 2300//2300
f 2617//2617 2619//2619 2300//2300
f 2300//2300 2619//2619 2621//2621
f 2647//2647 2649//2649 2300//2300
f 2649//2649 2651//2651 2300//2300
f 2300//2300 2651//2651 2653//2653
f 2653//2653 2655//2655 2300//2300
f 2655//2655 2657//2657 2300//2300
f 2300//2300 2657//2657 2659//2659
f 2409//2409 2666//2666 2411//2411
f 2666//2666 2415//2415 2411//2411
f 2774//2774 2776//2776 2405//2405
f 2525//2525 2526//2526 2409//2409
f 2437//2437 2438//2438 2666//2666
f 2453//2453 2454//2454 2667//2667
f 2734//2734 2736//2736 2405//2405
f 2405//2405 2742//2742 2744//2744
f 2750//2750 2752//2752 2405//2405
f 2752//2752 2754//2754 2405//2405
f 2405//2405 2754//2754 2756//2756
f 2756//2756 2758//2758 2405//2405
f 2758//2758 2760//2760 2405//2405
f 2405//2405 2760//2760 2762//2762
f 2776//2776 2778//2778 2405//2405
f 2778//2778 2780//2780 2405//2405
f 2405//2405 2780//2780 2782//2782
f 2802//2802 2804//2804 2405//2405
f 2415//2415 2914//2914 2916//2916
f 2708//2708 2411//2411 2706//2706
f 2411//2411 2704//2704 2706//2706
f 2720//2720 2722//2722 2411//2411
f 2722//2722 2724//2724 2411//2411
f 2411//2411 2724//2724 2726//2726
f 2495//2495 2496//2496 2406//2406
f 2736//2736 2738//2738 2405//2405
f 2738//2738 2740//2740 2405//2405
f 2405//2405 2740//2740 2742//2742
f 2744//2744 2746//2746 2405//2405
f 2746//2746 2748//2748 2405//2405
f 2405//2405 2748//2748 2750//2750
f 2762//2762 2764//2764 2405//2405
f 2764//2764 2766//2766 2405//2405
f 2405//2405 2766//2766 2768//2768
f 2768//2768 2770//2770 2405//2405
f 2770//2770 2772//2772 2405//2405
f 2405//2405 2772//2772 2774//2774
f 2405//2405 2788//2788 2790//2790
f 2790//2790 2792//2792 2405//2405
f 2792//2792 2794//2794 2405//2405
f 2405//2405 2794//2794 2796//2796
f 2804//2804 2806//2806 2405//2405
f 2806//2806 2808//2808 2405//2405
f 2405//2405 2808//2808 2810//2810
f 2908//2908 2910//2910 2415//2415
f 2910//2910 2912//2912 2415//2415
f 2415//2415 2912//2912 2914//2914
f 2916//2916 2918//2918 2415//2415
f 2918//2918 2920//2920 2415//2415
f 2415//2415 2920//2920 2922//2922
f 2690//2690 2692//2692 2411//2411
f 2698//2698 2700//2700 2411//2411
f 2700//2700 2702//2702 2411//2411
f 2411//2411 2702//2702 2704//2704
f 2708//2708 2710//2710 2411//2411
f 2710//2710 2712//2712 2411//2411
f 2411//2411 2712//2712 2714//2714
f 2714//2714 2716//2716 2411//2411
f 2716//2716 2718//2718 2411//2411
f 2411//2411 2718//2718 2720//2720
f 2443//2443 2666//2666 2442//2442
f 2666//2666 2441//2441 2442//2442
f 2726//2726 2728//2728 2411//2411
f 2728//2728 2730//2730 2411//2411
f 2411//2411 2730//2730 2405//2405
f 2730//2730 2732//2732 2405//2405
f 2405//2405 2732//2732 2734//2734
f 2782//2782 2784//2784 2405//2405
f 2784//2784 2786//2786 2405//2405
f 2405//2405 2786//2786 2788//2788
f 2796//2796 2798//2798 2405//2405
f 2798//2798 2800//2800 2405//2405
f 2405//2405 2800//2800 2802//2802
f 2842//2842 2844//2844 2413//2413
f 2844//2844 2846//2846 2413//2413
f 2900//2900 2902//2902 2415//2415
f 2406//2406 2488//2488 2489//2489
f 2499//2499 2500//2500 2406//2406
f 2500//2500 2501//2501 2406//2406
f 2406//2406 2501//2501 2502//2502
f 2526//2526 2527//2527 2409//2409
f 2527//2527 2528//2528 2409//2409
f 2409//2409 2528//2528 2529//2529
f 2529//2529 2530//2530 2409//2409
f 2530//2530 2531//2531 2409//2409
f 2409//2409 2531//2531 2532//2532
f 2438//2438 2439//2439 2666//2666
f 2439//2439 2440//2440 2666//2666
f 2666//2666 2440//2440 2441//2441
f 2443//2443 2444//2444 2666//2666
f 2444//2444 2445//2445 2666//2666
f 2666//2666 2445//2445 2446//2446
f 2667//2667 2466//2466 2467//2467
f 2810//2810 2812//2812 2413//2413
f 2812//2812 2814//2814 2413//2413
f 2413//2413 2814//2814 2816//2816
f 2834//2834 2836//2836 2413//2413
f 2902//2902 2904//2904 2415//2415
f 2904//2904 2906//2906 2415//2415
f 2415//2415 2906//2906 2908//2908
f 2922//2922 2924//2924 2415//2415
f 2924//2924 2926//2926 2415//2415
f 2415//2415 2926//2926 2928//2928
f 2692//2692 2694//2694 2411//2411
f 2694//2694 2696//2696 2411//2411
f 2411//2411 2696//2696 2698//2698
f 2489//2489 2490//2490 2406//2406
f 2490//2490 2491//2491 2406//2406
f 2406//2406 2491//2491 2492//2492
f 2519//2519 2520//2520 2406//2406
f 2520//2520 2521//2521 2406//2406
f 2521//2521 2522//2522 2406//2406
f 2522//2522 2523//2523 2406//2406
f 2406//2406 2523//2523 2409//2409
f 2523//2523 2524//2524 2409//2409
f 2409//2409 2524//2524 2525//2525
f 2532//2532 2533//2533 2409//2409
f 2533//2533 2534//2534 2409//2409
f 2409//2409 2534//2534 2535//2535
f 2409//2409 2538//2538 2539//2539
f 2555//2555 2556//2556 2409//2409
f 2457//2457 2458//2458 2667//2667
f 2458//2458 2459//2459 2667//2667
f 2667//2667 2459//2459 2460//2460
f 2816//2816 2818//2818 2413//2413
f 2818//2818 2820//2820 2413//2413
f 2413//2413 2820//2820 2822//2822
f 2822//2822 2824//2824 2413//2413
f 2824//2824 2826//2826 2413//2413
f 2413//2413 2826//2826 2828//2828
f 2836//2836 2838//2838 2413//2413
f 2838//2838 2840//2840 2413//2413
f 2413//2413 2840//2840 2842//2842
f 2846//2846 2848//2848 2413//2413
f 2848//2848 2850//2850 2413//2413
f 2413//2413 2850//2850 2852//2852
f 2880//2880 2413//2413 2878//2878
f 2413//2413 2876//2876 2878//2878
f 2928//2928 2930//2930 2415//2415
f 2930//2930 2932//2932 2415//2415
f 2415//2415 2932//2932 2934//2934
f 2492//2492 2493//2493 2406//2406
f 2493//2493 2494//2494 2406//2406
f 2406//2406 2494//2494 2495//2495
f 2496//2496 2497//2497 2406//2406
f 2497//2497 2498//2498 2406//2406
f 2406//2406 2498//2498 2499//2499
f 2502//2502 2503//2503 2406//2406
f 2503//2503 2504//2504 2406//2406
f 2406//2406 2504//2504 2505//2505
f 2505//2505 2506//2506 2406//2406
f 2506//2506 2507//2507 2406//2406
f 2406//2406 2507//2507 2508//2508
f 2513//2513 2406//2406 2512//2512
f 2406//2406 2511//2511 2512//2512
f 2535//2535 2536//2536 2409//2409
f 2536//2536 2537//2537 2409//2409
f 2409//2409 2537//2537 2538//2538
f 2446//2446 2447//2447 2666//2666
f 2447//2447 2448//2448 2666//2666
f 2666//2666 2448//2448 2449//2449
f 2449//2449 2450//2450 2666//2666
f 2450//2450 2451//2451 2666//2666
f 2666//2666 2451//2451 2667//2667
f 2451//2451 2452//2452 2667//2667
f 2667//2667 2452//2452 2453//2453
f 2454//2454 2455//2455 2667//2667
f 2455//2455 2456//2456 2667//2667
f 2667//2667 2456//2456 2457//2457
f 2467//2467 2468//2468 2667//2667
f 2468//2468 2469//2469 2667//2667
f 2667//2667 2469//2469 2470//2470
f 2864//2864 2866//2866 2413//2413
f 2866//2866 2868//2868 2413//2413
f 2413//2413 2868//2868 2870//2870
f 2870//2870 2872//2872 2413//2413
f 2872//2872 2874//2874 2413//2413
f 2413//2413 2874//2874 2876//2876
f 2880//2880 2882//2882 2413//2413
f 2882//2882 2884//2884 2413//2413
f 2413//2413 2884//2884 2415//2415
f 2884//2884 2886//2886 2415//2415
f 2415//2415 2886//2886 2888//2888
f 2888//2888 2890//2890 2415//2415
f 2890//2890 2892//2892 2415//2415
f 2415//2415 2892//2892 2894//2894
f 2934//2934 2936//2936 2415//2415
f 2936//2936 2938//2938 2415//2415
f 2415//2415 2938//2938 2940//2940
f 2508//2508 2509//2509 2406//2406
f 2509//2509 2510//2510 2406//2406
f 2406//2406 2510//2510 2511//2511
f 2434//2434 2435//2435 2666//2666
f 2435//2435 2436//2436 2666//2666
f 2666//2666 2436//2436 2437//2437
f 2460//2460 2461//2461 2667//2667
f 2461//2461 2462//2462 2667//2667
f 2667//2667 2462//2462 2463//2463
f 2463//2463 2464//2464 2667//2667
f 2464//2464 2465//2465 2667//2667
f 2667//2667 2465//2465 2466//2466
f 2470//2470 2471//2471 2667//2667
f 2471//2471 2472//2472 2667//2667
f 2667//2667 2472//2472 2473//2473
f 2828//2828 2830//2830 2413//2413
f 2830//2830 2832//2832 2413//2413
f 2413//2413 2832//2832 2834//2834
f 2858//2858 2860//2860 2413//2413
f 2860//2860 2862//2862 2413//2413
f 2413//2413 2862//2862 2864//2864
f 2894//2894 2896//2896 2415//2415
f 2896//2896 2898//2898 2415//2415
f 2415//2415 2898//2898 2900//2900
f 2940//2940 2942//2942 2415//2415
f 2942//2942 2944//2944 2415//2415
f 2415//2415 2944//2944 2946//2946
f 2411//2411 2682//2682 2684//2684
f 2513//2513 2514//2514 2406//2406
f 2514//2514 2515//2515 2406//2406
f 2406//2406 2515//2515 2516//2516
f 2516//2516 2517//2517 2406//2406
f 2517//2517 2518//2518 2406//2406
f 2406//2406 2518//2518 2519//2519
f 2539//2539 2540//2540 2409//2409
f 2540//2540 2541//2541 2409//2409
f 2409//2409 2541//2541 2542//2542
f 2542//2542 2543//2543 2409//2409
f 2543//2543 2544//2544 2409//2409
f 2409//2409 2544//2544 2545//2545
f 2409//2409 2548//2548 2549//2549
f 2549//2549 2550//2550 2409//2409
f 2550//2550 2551//2551 2409//2409
f 2409//2409 2551//2551 2552//2552
f 2430//2430 2431//2431 2666//2666
f 2667//2667 2476//2476 2477//2477
f 2482//2482 2667//2667 2481//2481
f 2667//2667 2480//2480 2481//2481
f 2485//2485 2486//2486 2667//2667
f 2486//2486 2487//2487 2667//2667
f 2852//2852 2854//2854 2413//2413
f 2854//2854 2856//2856 2413//2413
f 2413//2413 2856//2856 2858//2858
f 2684//2684 2686//2686 2411//2411
f 2686//2686 2688//2688 2411//2411
f 2411//2411 2688//2688 2690//2690
f 2545//2545 2546//2546 2409//2409
f 2546//2546 2547//2547 2409//2409
f 2409//2409 2547//2547 2548//2548
f 2552//2552 2553//2553 2409//2409
f 2553//2553 2554//2554 2409//2409
f 2409//2409 2554//2554 2555//2555
f 2473//2473 2474//2474 2667//2667
f 2474//2474 2475//2475 2667//2667
f 2667//2667 2475//2475 2476//2476
f 2477//2477 2478//2478 2667//2667
f 2478//2478 2479//2479 2667//2667
f 2667//2667 2479//2479 2480//2480
f 2810//2810 2413//2413 2405//2405
f 2413//2413 2667//2667 2405//2405
f 2405//2405 2667//2667 2406//2406
f 2667//2667 2487//2487 2406//2406
f 2406//2406 2487//2487 2488//2488
f 2946//2946 2948//2948 2415//2415
f 2948//2948 2950//2950 2415//2415
f 2415//2415 2950//2950 2952//2952
f 2431//2431 2432//2432 2666//2666
f 2432//2432 2433//2433 2666//2666
f 2666//2666 2433//2433 2434//2434
f 2482//2482 2483//2483 2667//2667
f 2483//2483 2484//2484 2667//2667
f 2667//2667 2484//2484 2485//2485
f 2676//2676 2411//2411 2674//2674
f 2411//2411 2672//2672 2674//2674
f 2676//2676 2678//2678 2411//2411
f 2678//2678 2680//2680 2411//2411
f 2411//2411 2680//2680 2682//2682
f 2421//2421 2422//2422 2666//2666
f 2422//2422 2423//2423 2666//2666
f 2666//2666 2423//2423 2424//2424
f 2952//2952 2954//2954 2415//2415
f 2954//2954 2668//2668 2415//2415
f 2415//2415 2668//2668 2411//2411
f 2668//2668 2670//2670 2411//2411
f 2411//2411 2670//2670 2672//2672
f 2556//2556 2557//2557 2409//2409
f 2557//2557 2558//2558 2409//2409
f 2409//2409 2558//2558 2666//2666
f 2558//2558 2559//2559 2666//2666
f 2559//2559 2416//2416 2666//2666
f 2416//2416 2417//2417 2666//2666
f 2666//2666 2417//2417 2418//2418
f 2418//2418 2419//2419 2666//2666
f 2419//2419 2420//2420 2666//2666
f 2666//2666 2420//2420 2421//2421
f 2424//2424 2425//2425 2666//2666
f 2425//2425 2426//2426 2666//2666
f 2666//2666 2426//2426 2427//2427
f 2427//2427 2428//2428 2666//2666
f 2428//2428 2429//2429 2666//2666
f 2666//2666 2429//2429 2430//2430
f 2414//2414 2201//2201 2410//2410
f 2201//2201 2200//2200 2410//2410
f 2253//2253 2252//2252 2404//2404
f 2252//2252 2412//2412 2404//2404
f 2921//2921 2919//2919 2414//2414
f 2691//2691 2689//2689 2410//2410
f 2707//2707 2705//2705 2410//2410
f 2705//2705 2703//2703 2410//2410
f 2683//2683 2681//2681 2410//2410
f 2921//2921 2414//2414 2923//2923
f 2747//2747 2745//2745 2410//2410
f 2410//2410 2739//2739 2737//2737
f 2731//2731 2729//2729 2410//2410
f 2729//2729 2727//2727 2410//2410
f 2410//2410 2727//2727 2725//2725
f 2725//2725 2723//2723 2410//2410
f 2723//2723 2721//2721 2410//2410
f 2410//2410 2721//2721 2719//2719
f 2703//2703 2701//2701 2410//2410
f 2701//2701 2699//2699 2410//2410
f 2410//2410 2699//2699 2697//2697
f 2933//2933 2931//2931 2414//2414
f 2931//2931 2929//2929 2414//2414
f 2761//2761 2759//2759 2404//2404
f 2759//2759 2757//2757 2404//2404
f 2404//2404 2757//2757 2755//2755
f 2745//2745 2743//2743 2410//2410
f 2743//2743 2741//2741 2410//2410
f 2410//2410 2741//2741 2739//2739
f 2737//2737 2735//2735 2410//2410
f 2735//2735 2733//2733 2410//2410
f 2410//2410 2733//2733 2731//2731
f 2719//2719 2717//2717 2410//2410
f 2717//2717 2715//2715 2410//2410
f 2410//2410 2715//2715 2713//2713
f 2713//2713 2711//2711 2410//2410
f 2711//2711 2709//2709 2410//2410
f 2410//2410 2709//2709 2707//2707
f 2697//2697 2695//2695 2410//2410
f 2695//2695 2693//2693 2410//2410
f 2410//2410 2693//2693 2691//2691
f 2929//2929 2927//2927 2414//2414
f 2927//2927 2925//2925 2414//2414
f 2414//2414 2925//2925 2923//2923
f 2919//2919 2917//2917 2414//2414
f 2917//2917 2915//2915 2414//2414
f 2414//2414 2915//2915 2913//2913
f 2913//2913 2911//2911 2414//2414
f 2911//2911 2909//2909 2414//2414
f 2414//2414 2909//2909 2907//2907
f 2781//2781 2779//2779 2404//2404
f 2779//2779 2777//2777 2404//2404
f 2777//2777 2775//2775 2404//2404
f 2404//2404 2775//2775 2773//2773
f 2773//2773 2771//2771 2404//2404
f 2771//2771 2769//2769 2404//2404
f 2404//2404 2769//2769 2767//2767
f 2767//2767 2765//2765 2404//2404
f 2765//2765 2763//2763 2404//2404
f 2404//2404 2763//2763 2761//2761
f 2755//2755 2753//2753 2404//2404
f 2753//2753 2751//2751 2404//2404
f 2404//2404 2751//2751 2410//2410
f 2751//2751 2749//2749 2410//2410
f 2410//2410 2749//2749 2747//2747
f 2689//2689 2687//2687 2410//2410
f 2687//2687 2685//2685 2410//2410
f 2410//2410 2685//2685 2683//2683
f 2681//2681 2679//2679 2410//2410
f 2679//2679 2677//2677 2410//2410
f 2410//2410 2677//2677 2675//2675
f 2669//2669 2414//2414 2671//2671
f 2414//2414 2410//2410 2671//2671
f 2671//2671 2410//2410 2673//2673
f 2410//2410 2675//2675 2673//2673
f 2945//2945 2943//2943 2414//2414
f 2943//2943 2941//2941 2414//2414
f 2414//2414 2941//2941 2939//2939
f 2939//2939 2937//2937 2414//2414
f 2937//2937 2935//2935 2414//2414
f 2414//2414 2935//2935 2933//2933
f 2907//2907 2905//2905 2414//2414
f 2905//2905 2903//2903 2414//2414
f 2414//2414 2903//2903 2901//2901
f 2669//2669 2955//2955 2414//2414
f 2955//2955 2953//2953 2414//2414
f 2414//2414 2953//2953 2951//2951
f 2901//2901 2899//2899 2414//2414
f 2899//2899 2897//2897 2414//2414
f 2414//2414 2897//2897 2895//2895
f 2869//2869 2867//2867 2412//2412
f 2867//2867 2865//2865 2412//2412
f 2853//2853 2851//2851 2412//2412
f 2805//2805 2404//2404 2807//2807
f 2404//2404 2809//2809 2807//2807
f 2805//2805 2803//2803 2404//2404
f 2803//2803 2801//2801 2404//2404
f 2404//2404 2801//2801 2799//2799
f 2793//2793 2791//2791 2404//2404
f 2791//2791 2789//2789 2404//2404
f 2404//2404 2789//2789 2787//2787
f 2951//2951 2949//2949 2414//2414
f 2949//2949 2947//2947 2414//2414
f 2414//2414 2947//2947 2945//2945
f 2895//2895 2893//2893 2414//2414
f 2893//2893 2891//2891 2414//2414
f 2414//2414 2891//2891 2889//2889
f 2889//2889 2887//2887 2414//2414
f 2887//2887 2885//2885 2414//2414
f 2414//2414 2885//2885 2412//2412
f 2885//2885 2883//2883 2412//2412
f 2412//2412 2883//2883 2881//2881
f 2881//2881 2879//2879 2412//2412
f 2879//2879 2877//2877 2412//2412
f 2412//2412 2877//2877 2875//2875
f 2851//2851 2849//2849 2412//2412
f 2849//2849 2847//2847 2412//2412
f 2412//2412 2847//2847 2845//2845
f 2799//2799 2797//2797 2404//2404
f 2797//2797 2795//2795 2404//2404
f 2404//2404 2795//2795 2793//2793
f 2787//2787 2785//2785 2404//2404
f 2785//2785 2783//2783 2404//2404
f 2404//2404 2783//2783 2781//2781
f 2875//2875 2873//2873 2412//2412
f 2873//2873 2871//2871 2412//2412
f 2412//2412 2871//2871 2869//2869
f 2845//2845 2843//2843 2412//2412
f 2843//2843 2841//2841 2412//2412
f 2412//2412 2841//2841 2839//2839
f 2827//2827 2825//2825 2412//2412
f 2825//2825 2823//2823 2412//2412
f 2823//2823 2821//2821 2412//2412
f 2821//2821 2819//2819 2412//2412
f 2412//2412 2819//2819 2817//2817
f 2865//2865 2863//2863 2412//2412
f 2863//2863 2861//2861 2412//2412
f 2412//2412 2861//2861 2859//2859
f 2839//2839 2837//2837 2412//2412
f 2837//2837 2835//2835 2412//2412
f 2412//2412 2835//2835 2833//2833
f 2817//2817 2815//2815 2412//2412
f 2815//2815 2813//2813 2412//2412
f 2412//2412 2813//2813 2404//2404
f 2813//2813 2811//2811 2404//2404
f 2404//2404 2811//2811 2809//2809
f 2859//2859 2857//2857 2412//2412
f 2857//2857 2855//2855 2412//2412
f 2412//2412 2855//2855 2853//2853
f 2833//2833 2831//2831 2412//2412
f 2831//2831 2829//2829 2412//2412
f 2412//2412 2829//2829 2827//2827
f 2956//2956 2957//2957 2958//2958
f 2959//2959 2960//2960 2961//2961
f 2962//2962 2963//2963 2964//2964
f 2965//2965 2966//2966 2967//2967
f 2968//2968 2969//2969 2970//2970
f 2971//2971 2972//2972 2973//2973
f 2974//2974 2975//2975 2976//2976
f 2977//2977 2978//2978 2979//2979
f 2980//2980 2981//2981 2982//2982
f 2981//2981 2983//2983 2982//2982
f 2982//2982 2983//2983 2984//2984
f 2983//2983 2985//2985 2984//2984
f 2984//2984 2985//2985 2961//2961
f 2985//2985 2986//2986 2961//2961
f 2961//2961 2986//2986 2959//2959
f 2986//2986 2987//2987 2959//2959
f 2959//2959 2987//2987 2988//2988
f 2987//2987 2989//2989 2988//2988
f 2988//2988 2989//2989 2958//2958
f 2989//2989 2990//2990 2958//2958
f 2958//2958 2990//2990 2956//2956
f 2991//2991 2992//2992 2993//2993
f 2992//2992 2994//2994 2993//2993
f 2976//2976 2995//2995 2996//2996
f 2997//2997 2998//2998 2999//2999
f 2998//2998 3000//3000 2999//2999
f 2999//2999 3000//3000 3001//3001
f 3000//3000 3002//3002 3001//3001
f 3001//3001 3002//3002 3003//3003
f 3002//3002 3004//3004 3003//3003
f 3003//3003 3004//3004 3005//3005
f 3006//3006 3007//3007 3008//3008
f 3008//3008 3007//3007 3009//3009
f 3008//3008 3010//3010 3006//3006
f 3010//3010 3011//3011 3006//3006
f 3006//3006 3011//3011 2962//2962
f 3012//3012 3013//3013 3014//3014
f 3015//3015 3016//3016 3017//3017
f 3018//3018 3019//3019 3020//3020
f 3021//3021 3022//3022 3023//3023
f 3024//3024 3025//3025 3026//3026
f 2994//2994 2992//2992 3027//3027
f 2992//2992 3028//3028 3027//3027
f 3027//3027 3028//3028 3029//3029
f 3028//3028 2971//2971 3029//3029
f 3029//3029 2971//2971 3030//3030
f 2971//2971 2973//2973 3030//3030
f 3030//3030 2973//2973 3031//3031
f 2973//2973 3032//3032 3031//3031
f 3031//3031 3032//3032 3033//3033
f 3032//3032 2974//2974 3033//3033
f 2974//2974 2976//2976 3033//3033
f 3033//3033 2976//2976 3034//3034
f 2976//2976 2996//2996 3034//3034
f 3035//3035 3036//3036 3037//3037
f 3036//3036 3038//3038 3037//3037
f 3037//3037 3038//3038 3039//3039
f 3038//3038 3040//3040 3039//3039
f 3039//3039 3040//3040 2996//2996
f 3040//3040 3041//3041 2996//2996
f 2996//2996 3041//3041 3034//3034
f 3042//3042 3003//3003 3043//3043
f 3003//3003 3005//3005 3043//3043
f 3043//3043 3005//3005 3044//3044
f 3005//3005 3045//3045 3044//3044
f 3044//3044 3045//3045 3036//3036
f 3045//3045 3046//3046 3036//3036
f 3036//3036 3046//3046 3038//3038
f 3047//3047 3048//3048 3049//3049
f 3048//3048 3050//3050 3049//3049
f 3049//3049 3050//3050 3051//3051
f 3050//3050 3052//3052 3051//3051
f 3051//3051 3052//3052 2970//2970
f 3052//3052 3053//3053 2970//2970
f 2970//2970 3053//3053 2968//2968
f 3053//3053 3054//3054 2968//2968
f 2968//2968 3054//3054 3055//3055
f 3054//3054 3056//3056 3055//3055
f 3055//3055 3056//3056 2964//2964
f 3056//3056 3057//3057 2964//2964
f 2964//2964 3057//3057 2962//2962
f 3057//3057 3058//3058 2962//2962
f 2962//2962 3058//3058 3006//3006
f 3059//3059 3060//3060 3061//3061
f 3014//3014 3062//3062 3063//3063
f 3064//3064 3065//3065 3066//3066
f 3020//3020 3067//3067 3068//3068
f 3069//3069 2965//2965 3070//3070
f 2965//2965 2967//2967 3070//3070
f 3070//3070 2967//2967 3071//3071
f 2967//2967 3072//3072 3071//3071
f 3071//3071 3072//3072 3068//3068
f 2966//2966 2965//2965 3073//3073
f 2965//2965 3074//3074 3073//3073
f 3073//3073 3074//3074 3075//3075
f 3074//3074 3076//3076 3075//3075
f 3076//3076 3077//3077 3075//3075
f 3075//3075 3077//3077 3078//3078
f 3079//3079 3080//3080 3081//3081
f 3080//3080 3082//3082 3081//3081
f 3081//3081 3082//3082 3078//3078
f 3082//3082 3083//3083 3078//3078
f 3078//3078 3083//3083 3075//3075
f 3079//3079 3084//3084 3080//3080
f 3084//3084 2956//2956 3080//3080
f 3080//3080 2956//2956 3085//3085
f 2956//2956 2990//2990 3085//3085
f 3086//3086 3087//3087 3088//3088
f 3087//3087 3089//3089 3088//3088
f 3088//3088 3089//3089 3090//3090
f 3089//3089 3091//3091 3090//3090
f 3090//3090 3091//3091 2981//2981
f 3091//3091 3092//3092 2981//2981
f 2981//2981 3092//3092 2983//2983
f 3093//3093 3094//3094 3095//3095
f 3023//3023 3096//3096 3097//3097
f 3098//3098 3099//3099 3026//3026
f 3100//3100 3101//3101 3102//3102
f 3101//3101 3103//3103 3102//3102
f 3102//3102 3103//3103 3104//3104
f 3105//3105 3106//3106 3107//3107
f 3106//3106 3108//3108 3107//3107
f 3107//3107 3108//3108 3109//3109
f 3108//3108 3110//3110 3109//3109
f 3109//3109 3110//3110 3111//3111
f 3105//3105 3112//3112 3106//3106
f 3112//3112 3009//3009 3106//3106
f 3106//3106 3009//3009 3113//3113
f 3009//3009 3007//3007 3113//3113
f 3114//3114 3059//3059 3115//3115
f 3059//3059 3061//3061 3115//3115
f 3115//3115 3061//3061 3116//3116
f 3061//3061 3117//3117 3116//3116
f 3116//3116 3117//3117 3048//3048
f 3117//3117 3118//3118 3048//3048
f 3048//3048 3118//3118 3050//3050
f 3060//3060 3059//3059 3119//3119
f 3059//3059 3120//3120 3119//3119
f 3119//3119 3120//3120 3121//3121
f 3120//3120 3012//3012 3121//3121
f 3012//3012 3014//3014 3121//3121
f 3121//3121 3014//3014 3122//3122
f 3014//3014 3063//3063 3122//3122
f 3123//3123 3124//3124 3125//3125
f 3124//3124 3126//3126 3125//3125
f 3125//3125 3126//3126 3127//3127
f 3126//3126 3128//3128 3127//3127
f 3127//3127 3128//3128 3063//3063
f 3128//3128 3129//3129 3063//3063
f 3063//3063 3129//3129 3122//3122
f 3130//3130 3131//3131 3132//3132
f 3132//3132 3131//3131 3133//3133
f 3132//3132 3134//3134 3130//3130
f 3134//3134 3135//3135 3130//3130
f 3130//3130 3135//3135 3015//3015
f 3136//3136 3137//3137 3138//3138
f 3137//3137 3139//3139 3138//3138
f 3138//3138 3139//3139 3140//3140
f 3139//3139 3141//3141 3140//3140
f 3140//3140 3141//3141 2979//2979
f 3141//3141 3142//3142 2979//2979
f 2979//2979 3142//3142 2977//2977
f 3142//3142 3143//3143 2977//2977
f 2977//2977 3143//3143 3144//3144
f 3143//3143 3145//3145 3144//3144
f 3144//3144 3145//3145 3017//3017
f 3145//3145 3146//3146 3017//3017
f 3017//3017 3146//3146 3015//3015
f 3146//3146 3147//3147 3015//3015
f 3015//3015 3147//3147 3130//3130
f 3148//3148 3064//3064 3149//3149
f 3064//3064 3066//3066 3149//3149
f 3149//3149 3066//3066 3150//3150
f 3066//3066 3151//3151 3150//3150
f 3150//3150 3151//3151 3137//3137
f 3151//3151 3152//3152 3137//3137
f 3137//3137 3152//3152 3139//3139
f 3065//3065 3064//3064 3153//3153
f 3064//3064 3154//3154 3153//3153
f 3153//3153 3154//3154 3155//3155
f 3154//3154 3018//3018 3155//3155
f 3018//3018 3020//3020 3155//3155
f 3155//3155 3020//3020 3156//3156
f 3020//3020 3068//3068 3156//3156
f 3156//3156 3068//3068 3157//3157
f 3068//3068 3072//3072 3157//3157
f 3158//3158 3093//3093 3159//3159
f 3093//3093 3095//3095 3159//3159
f 3159//3159 3095//3095 3160//3160
f 3095//3095 3161//3161 3160//3160
f 3160//3160 3161//3161 3087//3087
f 3161//3161 3162//3162 3087//3087
f 3087//3087 3162//3162 3089//3089
f 3094//3094 3093//3093 3163//3163
f 3093//3093 3164//3164 3163//3163
f 3163//3163 3164//3164 3165//3165
f 3164//3164 3021//3021 3165//3165
f 3021//3021 3023//3023 3165//3165
f 3165//3165 3023//3023 3166//3166
f 3023//3023 3097//3097 3166//3166
f 3167//3167 3168//3168 3169//3169
f 3170//3170 3171//3171 3172//3172
f 3173//3173 3174//3174 3175//3175
f 3174//3174 3176//3176 3175//3175
f 3175//3175 3176//3176 3177//3177
f 3173//3173 3178//3178 3174//3174
f 3178//3178 2993//2993 3174//3174
f 3174//3174 2993//2993 3179//3179
f 2993//2993 2994//2994 3179//3179
f 3180//3180 3181//3181 3182//3182
f 3183//3183 3184//3184 3185//3185
f 3186//3186 3187//3187 3188//3188
f 3187//3187 3189//3189 3188//3188
f 3188//3188 3189//3189 3190//3190
f 3189//3189 3191//3191 3190//3190
f 3190//3190 3191//3191 3101//3101
f 3191//3191 3192//3192 3101//3101
f 3101//3101 3192//3192 3103//3103
f 3193//3193 3109//3109 3194//3194
f 3109//3109 3111//3111 3194//3194
f 3194//3194 3111//3111 3195//3195
f 3111//3111 3196//3196 3195//3195
f 3195//3195 3196//3196 3187//3187
f 3196//3196 3197//3197 3187//3187
f 3187//3187 3197//3197 3189//3189
f 3198//3198 3199//3199 3200//3200
f 3199//3199 3201//3201 3200//3200
f 3200//3200 3201//3201 3202//3202
f 3201//3201 3203//3203 3202//3202
f 3202//3202 3203//3203 3124//3124
f 3203//3203 3204//3204 3124//3124
f 3124//3124 3204//3204 3126//3126
f 3205//3205 3206//3206 3207//3207
f 3206//3206 3208//3208 3207//3207
f 3207//3207 3208//3208 3199//3199
f 3208//3208 3209//3209 3199//3199
f 3199//3199 3209//3209 3201//3201
f 3205//3205 3210//3210 3206//3206
f 3210//3210 3133//3133 3206//3206
f 3206//3206 3133//3133 3211//3211
f 3133//3133 3131//3131 3211//3211
f 3212//3212 3213//3213 3214//3214
f 3213//3213 3215//3215 3214//3214
f 3214//3214 3215//3215 3097//3097
f 3215//3215 3216//3216 3097//3097
f 3097//3097 3216//3216 3166//3166
f 3212//3212 3217//3217 3213//3213
f 3217//3217 3218//3218 3213//3213
f 3213//3213 3218//3218 3219//3219
f 3026//3026 3220//3220 3167//3167
f 3024//3024 3026//3026 3221//3221
f 3171//3171 3222//3222 3172//3172
f 3222//3222 3177//3177 3172//3172
f 3172//3172 3177//3177 3223//3223
f 3177//3177 3176//3176 3223//3223
f 3224//3224 3225//3225 3226//3226
f 3225//3225 3227//3227 3226//3226
f 3226//3226 3227//3227 2998//2998
f 3227//3227 3228//3228 2998//2998
f 2998//2998 3228//3228 3000//3000
f 3224//3224 3229//3229 3225//3225
f 3229//3229 3230//3230 3225//3225
f 3225//3225 3230//3230 3231//3231
f 3231//3231 3230//3230 3232//3232
f 3230//3230 3233//3233 3232//3232
f 3232//3232 3233//3233 3234//3234
f 3233//3233 3235//3235 3234//3234
f 3235//3235 3236//3236 3234//3234
f 3234//3234 3236//3236 3180//3180
f 3237//3237 3102//3102 3238//3238
f 3102//3102 3104//3104 3238//3238
f 3238//3238 3104//3104 3239//3239
f 3104//3104 3240//3240 3239//3239
f 3239//3239 3240//3240 3241//3241
f 3240//3240 3242//3242 3241//3241
f 3241//3241 3242//3242 3243//3243
f 3219//3219 3218//3218 3244//3244
f 3218//3218 3245//3245 3244//3244
f 3244//3244 3245//3245 3246//3246
f 3245//3245 3247//3247 3246//3246
f 3247//3247 3248//3248 3246//3246
f 3246//3246 3248//3248 3249//3249
f 3249//3249 3250//3250 3251//3251
f 3252//3252 3253//3253 3254//3254
f 3255//3255 3256//3256 3257//3257
f 3167//3167 3258//3258 3259//3259
f 3260//3260 3261//3261 3262//3262
f 3263//3263 3264//3264 3265//3265
f 3264//3264 3266//3266 3265//3265
f 3267//3267 3241//3241 3268//3268
f 3241//3241 3243//3243 3268//3268
f 3268//3268 3243//3243 3269//3269
f 3243//3243 3270//3270 3269//3269
f 3269//3269 3270//3270 3185//3185
f 3270//3270 3271//3271 3185//3185
f 3185//3185 3271//3271 3183//3183
f 3271//3271 3272//3272 3183//3183
f 3183//3183 3272//3272 3273//3273
f 3272//3272 3274//3274 3273//3273
f 3273//3273 3274//3274 3182//3182
f 3274//3274 3275//3275 3182//3182
f 3182//3182 3275//3275 3180//3180
f 3275//3275 3276//3276 3180//3180
f 3180//3180 3276//3276 3234//3234
f 3277//3277 3278//3278 3279//3279
f 3025//3025 3280//3280 3026//3026
f 3280//3280 3281//3281 3026//3026
f 3026//3026 3281//3281 3282//3282
f 3167//3167 3169//3169 3026//3026
f 3169//3169 3283//3283 3026//3026
f 3026//3026 3283//3283 3221//3221
f 3284//3284 3285//3285 3167//3167
f 3285//3285 3286//3286 3167//3167
f 3167//3167 3286//3286 3168//3168
f 3259//3259 3287//3287 3260//3260
f 3259//3259 3288//3288 3289//3289
f 3290//3290 3260//3260 3291//3291
f 3260//3260 3292//3292 3291//3291
f 3262//3262 3293//3293 3264//3264
f 3294//3294 3295//3295 3262//3262
f 3295//3295 3296//3296 3262//3262
f 3297//3297 3298//3298 3264//3264
f 3299//3299 3300//3300 3098//3098
f 3300//3300 3301//3301 3098//3098
f 3289//3289 3302//3302 3259//3259
f 3302//3302 3303//3303 3259//3259
f 3259//3259 3303//3303 3167//3167
f 3303//3303 3304//3304 3167//3167
f 3167//3167 3304//3304 3284//3284
f 3290//3290 3305//3305 3260//3260
f 3305//3305 3306//3306 3260//3260
f 3260//3260 3306//3306 3259//3259
f 3306//3306 3307//3307 3259//3259
f 3259//3259 3307//3307 3288//3288
f 3296//3296 3308//3308 3262//3262
f 3308//3308 3309//3309 3262//3262
f 3262//3262 3309//3309 3260//3260
f 3309//3309 3310//3310 3260//3260
f 3260//3260 3310//3310 3292//3292
f 3263//3263 3311//3311 3264//3264
f 3311//3311 3312//3312 3264//3264
f 3264//3264 3312//3312 3262//3262
f 3312//3312 3313//3313 3262//3262
f 3262//3262 3313//3313 3294//3294
f 3170//3170 3172//3172 3264//3264
f 3172//3172 3314//3314 3264//3264
f 3264//3264 3314//3314 3297//3297
f 3264//3264 3315//3315 3316//3316
f 3317//3317 3252//3252 3279//3279
f 3252//3252 3318//3318 3279//3279
f 3279//3279 3318//3318 3277//3277
f 3318//3318 3319//3319 3277//3277
f 3277//3277 3319//3319 3320//3320
f 3319//3319 3321//3321 3320//3320
f 3320//3320 3321//3321 3251//3251
f 3321//3321 3322//3322 3251//3251
f 3251//3251 3322//3322 3249//3249
f 3322//3322 3323//3323 3249//3249
f 3249//3249 3323//3323 3246//3246
f 3324//3324 3255//3255 3325//3325
f 3255//3255 3326//3326 3325//3325
f 3254//3254 3327//3327 3255//3255
f 3257//3257 3328//3328 3329//3329
f 3282//3282 3330//3330 3026//3026
f 3330//3330 3331//3331 3026//3026
f 3026//3026 3331//3331 3098//3098
f 3331//3331 3332//3332 3098//3098
f 3098//3098 3332//3332 3299//3299
f 3298//3298 3333//3333 3264//3264
f 3333//3333 3334//3334 3264//3264
f 3264//3264 3334//3334 3315//3315
f 3316//3316 3335//3335 3264//3264
f 3335//3335 3336//3336 3264//3264
f 3264//3264 3336//3336 3266//3266
f 3337//3337 3338//3338 3254//3254
f 3338//3338 3339//3339 3254//3254
f 3324//3324 3340//3340 3255//3255
f 3340//3340 3341//3341 3255//3255
f 3255//3255 3341//3341 3254//3254
f 3341//3341 3342//3342 3254//3254
f 3254//3254 3342//3342 3337//3337
f 3329//3329 3343//3343 3257//3257
f 3343//3343 3344//3344 3257//3257
f 3257//3257 3344//3344 3255//3255
f 3344//3344 3345//3345 3255//3255
f 3255//3255 3345//3345 3326//3326
f 3257//3257 3346//3346 3098//3098
f 3339//3339 3347//3347 3254//3254
f 3347//3347 3348//3348 3254//3254
f 3254//3254 3348//3348 3252//3252
f 3348//3348 3349//3349 3252//3252
f 3252//3252 3349//3349 3350//3350
f 3351//3351 3252//3252 3352//3352
f 3252//3252 3353//3353 3352//3352
f 3351//3351 3354//3354 3252//3252
f 3354//3354 3355//3355 3252//3252
f 3252//3252 3355//3355 3356//3356
f 3356//3356 3357//3357 3252//3252
f 3357//3357 3358//3358 3252//3252
f 3252//3252 3358//3358 3318//3318
f 3301//3301 3359//3359 3098//3098
f 3359//3359 3360//3360 3098//3098
f 3098//3098 3360//3360 3257//3257
f 3360//3360 3361//3361 3257//3257
f 3257//3257 3361//3361 3328//3328
f 3350//3350 3362//3362 3252//3252
f 3362//3362 3363//3363 3252//3252
f 3252//3252 3363//3363 3353//3353
f 3364//3364 3365//3365 3366//3366
f 3367//3367 3368//3368 3369//3369
f 3370//3370 3371//3371 3372//3372
f 3373//3373 3374//3374 3375//3375
f 3376//3376 3377//3377 3378//3378
f 3379//3379 3380//3380 3381//3381
f 3382//3382 3383//3383 3384//3384
f 3385//3385 3386//3386 3387//3387
f 3388//3388 3389//3389 3390//3390
f 3391//3391 3392//3392 3393//3393
f 3394//3394 3395//3395 3396//3396
f 3397//3397 3398//3398 3399//3399
f 3400//3400 3401//3401 3402//3402
f 3403//3403 3404//3404 3405//3405
f 3406//3406 3407//3407 3408//3408
f 3409//3409 3410//3410 3411//3411
f 3412//3412 3413//3413 3414//3414
f 3415//3415 3416//3416 3417//3417
f 3417//3417 3418//3418 3415//3415
f 3418//3418 3419//3419 3415//3415
f 3415//3415 3419//3419 3420//3420
f 3241//3241 3267//3267 3421//3421
f 3420//3420 3419//3419 3421//3421
f 3419//3419 3422//3422 3421//3421
f 3421//3421 3422//3422 3241//3241
f 3239//3239 3241//3241 3423//3423
f 3241//3241 3422//3422 3423//3423
f 3423//3423 3422//3422 3414//3414
f 3422//3422 3424//3424 3414//3414
f 3414//3414 3424//3424 3412//3412
f 3102//3102 3237//3237 3425//3425
f 3413//3413 3412//3412 3425//3425
f 3412//3412 3426//3426 3425//3425
f 3425//3425 3426//3426 3102//3102
f 3100//3100 3102//3102 3427//3427
f 3102//3102 3426//3426 3427//3427
f 3427//3427 3426//3426 3428//3428
f 3426//3426 3429//3429 3428//3428
f 3428//3428 3429//3429 3430//3430
f 3188//3188 3190//3190 3431//3431
f 3190//3190 3432//3432 3431//3431
f 3431//3431 3432//3432 3430//3430
f 3432//3432 3433//3433 3430//3430
f 3430//3430 3433//3433 3428//3428
f 3186//3186 3188//3188 3434//3434
f 3188//3188 3431//3431 3434//3434
f 3434//3434 3431//3431 3435//3435
f 3431//3431 3436//3436 3435//3435
f 3435//3435 3436//3436 3437//3437
f 3194//3194 3195//3195 3438//3438
f 3195//3195 3439//3439 3438//3438
f 3438//3438 3439//3439 3437//3437
f 3439//3439 3440//3440 3437//3437
f 3437//3437 3440//3440 3435//3435
f 3193//3193 3194//3194 3441//3441
f 3194//3194 3438//3438 3441//3441
f 3441//3441 3438//3438 3442//3442
f 3438//3438 3443//3443 3442//3442
f 3442//3442 3443//3443 3444//3444
f 3105//3105 3107//3107 3445//3445
f 3107//3107 3446//3446 3445//3445
f 3445//3445 3446//3446 3444//3444
f 3446//3446 3447//3447 3444//3444
f 3444//3444 3447//3447 3442//3442
f 3112//3112 3105//3105 3448//3448
f 3105//3105 3445//3445 3448//3448
f 3448//3448 3445//3445 3449//3449
f 3445//3445 3450//3450 3449//3449
f 3449//3449 3450//3450 3451//3451
f 3010//3010 3008//3008 3452//3452
f 3008//3008 3453//3453 3452//3452
f 3452//3452 3453//3453 3451//3451
f 3453//3453 3454//3454 3451//3451
f 3451//3451 3454//3454 3449//3449
f 2964//2964 2963//2963 3455//3455
f 3011//3011 3010//3010 3456//3456
f 3010//3010 3452//3452 3456//3456
f 3456//3456 3452//3452 3457//3457
f 3452//3452 3458//3458 3457//3457
f 3457//3457 3458//3458 3455//3455
f 3458//3458 3459//3459 3455//3455
f 3455//3455 3459//3459 2964//2964
f 3055//3055 2964//2964 3460//3460
f 2964//2964 3459//3459 3460//3460
f 3460//3460 3459//3459 3411//3411
f 3459//3459 3461//3461 3411//3411
f 3411//3411 3461//3461 3409//3409
f 2970//2970 2969//2969 3462//3462
f 3410//3410 3409//3409 3462//3462
f 3409//3409 3463//3463 3462//3462
f 3462//3462 3463//3463 2970//2970
f 3051//3051 2970//2970 3464//3464
f 2970//2970 3463//3463 3464//3464
f 3464//3464 3463//3463 3408//3408
f 3463//3463 3465//3465 3408//3408
f 3408//3408 3465//3465 3406//3406
f 3048//3048 3047//3047 3466//3466
f 3407//3407 3406//3406 3466//3466
f 3406//3406 3467//3467 3466//3466
f 3466//3466 3467//3467 3048//3048
f 3116//3116 3048//3048 3468//3468
f 3048//3048 3467//3467 3468//3468
f 3468//3468 3467//3467 3405//3405
f 3467//3467 3469//3469 3405//3405
f 3405//3405 3469//3469 3403//3403
f 3059//3059 3114//3114 3470//3470
f 3404//3404 3403//3403 3470//3470
f 3403//3403 3471//3471 3470//3470
f 3470//3470 3471//3471 3059//3059
f 3120//3120 3059//3059 3472//3472
f 3059//3059 3471//3471 3472//3472
f 3472//3472 3471//3471 3473//3473
f 3471//3471 3474//3474 3473//3473
f 3473//3473 3474//3474 3475//3475
f 3014//3014 3013//3013 3476//3476
f 3013//3013 3477//3477 3476//3476
f 3476//3476 3477//3477 3475//3475
f 3477//3477 3478//3478 3475//3475
f 3475//3475 3478//3478 3473//3473
f 3062//3062 3014//3014 3479//3479
f 3014//3014 3476//3476 3479//3479
f 3479//3479 3476//3476 3480//3480
f 3476//3476 3481//3481 3480//3480
f 3480//3480 3481//3481 3482//3482
f 3125//3125 3127//3127 3483//3483
f 3127//3127 3484//3484 3483//3483
f 3483//3483 3484//3484 3482//3482
f 3484//3484 3485//3485 3482//3482
f 3482//3482 3485//3485 3480//3480
f 3123//3123 3125//3125 3486//3486
f 3125//3125 3483//3483 3486//3486
f 3486//3486 3483//3483 3487//3487
f 3483//3483 3488//3488 3487//3487
f 3487//3487 3488//3488 3489//3489
f 3200//3200 3202//3202 3490//3490
f 3202//3202 3491//3491 3490//3490
f 3490//3490 3491//3491 3489//3489
f 3491//3491 3492//3492 3489//3489
f 3489//3489 3492//3492 3487//3487
f 3198//3198 3200//3200 3493//3493
f 3200//3200 3490//3490 3493//3493
f 3493//3493 3490//3490 3494//3494
f 3490//3490 3495//3495 3494//3494
f 3494//3494 3495//3495 3496//3496
f 3205//3205 3207//3207 3497//3497
f 3207//3207 3498//3498 3497//3497
f 3497//3497 3498//3498 3496//3496
f 3498//3498 3499//3499 3496//3496
f 3496//3496 3499//3499 3494//3494
f 3210//3210 3205//3205 3500//3500
f 3205//3205 3497//3497 3500//3500
f 3500//3500 3497//3497 3501//3501
f 3497//3497 3502//3502 3501//3501
f 3501//3501 3502//3502 3503//3503
f 3134//3134 3132//3132 3504//3504
f 3132//3132 3505//3505 3504//3504
f 3504//3504 3505//3505 3503//3503
f 3505//3505 3506//3506 3503//3503
f 3503//3503 3506//3506 3501//3501
f 3017//3017 3016//3016 3507//3507
f 3135//3135 3134//3134 3508//3508
f 3134//3134 3504//3504 3508//3508
f 3508//3508 3504//3504 3509//3509
f 3504//3504 3510//3510 3509//3509
f 3509//3509 3510//3510 3507//3507
f 3510//3510 3511//3511 3507//3507
f 3507//3507 3511//3511 3017//3017
f 3144//3144 3017//3017 3512//3512
f 3017//3017 3511//3511 3512//3512
f 3512//3512 3511//3511 3402//3402
f 3511//3511 3513//3513 3402//3402
f 3402//3402 3513//3513 3400//3400
f 2979//2979 2978//2978 3514//3514
f 3401//3401 3400//3400 3514//3514
f 3400//3400 3515//3515 3514//3514
f 3514//3514 3515//3515 2979//2979
f 3140//3140 2979//2979 3516//3516
f 2979//2979 3515//3515 3516//3516
f 3516//3516 3515//3515 3399//3399
f 3515//3515 3517//3517 3399//3399
f 3399//3399 3517//3517 3397//3397
f 3137//3137 3136//3136 3518//3518
f 3398//3398 3397//3397 3518//3518
f 3397//3397 3519//3519 3518//3518
f 3518//3518 3519//3519 3137//3137
f 3150//3150 3137//3137 3520//3520
f 3137//3137 3519//3519 3520//3520
f 3520//3520 3519//3519 3396//3396
f 3519//3519 3521//3521 3396//3396
f 3396//3396 3521//3521 3394//3394
f 3064//3064 3148//3148 3522//3522
f 3395//3395 3394//3394 3522//3522
f 3394//3394 3523//3523 3522//3522
f 3522//3522 3523//3523 3064//3064
f 3154//3154 3064//3064 3524//3524
f 3064//3064 3523//3523 3524//3524
f 3524//3524 3523//3523 3525//3525
f 3523//3523 3526//3526 3525//3525
f 3525//3525 3526//3526 3527//3527
f 3020//3020 3019//3019 3528//3528
f 3019//3019 3529//3529 3528//3528
f 3528//3528 3529//3529 3527//3527
f 3529//3529 3530//3530 3527//3527
f 3527//3527 3530//3530 3525//3525
f 3067//3067 3020//3020 3531//3531
f 3020//3020 3528//3528 3531//3531
f 3531//3531 3528//3528 3532//3532
f 3528//3528 3533//3533 3532//3532
f 3532//3532 3533//3533 3534//3534
f 3070//3070 3071//3071 3535//3535
f 3071//3071 3536//3536 3535//3535
f 3535//3535 3536//3536 3534//3534
f 3536//3536 3537//3537 3534//3534
f 3534//3534 3537//3537 3532//3532
f 3069//3069 3070//3070 3538//3538
f 3070//3070 3535//3535 3538//3538
f 3538//3538 3535//3535 3539//3539
f 3535//3535 3540//3540 3539//3539
f 3539//3539 3540//3540 3541//3541
f 3076//3076 3074//3074 3542//3542
f 3074//3074 3543//3543 3542//3542
f 3542//3542 3543//3543 3541//3541
f 3543//3543 3544//3544 3541//3541
f 3541//3541 3544//3544 3539//3539
f 3077//3077 3076//3076 3545//3545
f 3076//3076 3542//3542 3545//3545
f 3545//3545 3542//3542 3546//3546
f 3542//3542 3547//3547 3546//3546
f 3546//3546 3547//3547 3548//3548
f 3079//3079 3081//3081 3549//3549
f 3081//3081 3550//3550 3549//3549
f 3549//3549 3550//3550 3548//3548
f 3550//3550 3551//3551 3548//3548
f 3548//3548 3551//3551 3546//3546
f 2958//2958 2957//2957 3552//3552
f 3084//3084 3079//3079 3553//3553
f 3079//3079 3549//3549 3553//3553
f 3553//3553 3549//3549 3554//3554
f 3549//3549 3555//3555 3554//3554
f 3554//3554 3555//3555 3552//3552
f 3555//3555 3556//3556 3552//3552
f 3552//3552 3556//3556 2958//2958
f 2988//2988 2958//2958 3557//3557
f 2958//2958 3556//3556 3557//3557
f 3557//3557 3556//3556 3393//3393
f 3556//3556 3558//3558 3393//3393
f 3393//3393 3558//3558 3391//3391
f 2961//2961 2960//2960 3559//3559
f 3392//3392 3391//3391 3559//3559
f 3391//3391 3560//3560 3559//3559
f 3559//3559 3560//3560 2961//2961
f 2984//2984 2961//2961 3561//3561
f 2961//2961 3560//3560 3561//3561
f 3561//3561 3560//3560 3390//3390
f 3560//3560 3562//3562 3390//3390
f 3390//3390 3562//3562 3388//3388
f 2981//2981 2980//2980 3563//3563
f 3389//3389 3388//3388 3563//3563
f 3388//3388 3564//3564 3563//3563
f 3563//3563 3564//3564 2981//2981
f 3090//3090 2981//2981 3565//3565
f 2981//2981 3564//3564 3565//3565
f 3565//3565 3564//3564 3387//3387
f 3564//3564 3566//3566 3387//3387
f 3387//3387 3566//3566 3385//3385
f 3087//3087 3086//3086 3567//3567
f 3386//3386 3385//3385 3567//3567
f 3385//3385 3568//3568 3567//3567
f 3567//3567 3568//3568 3087//3087
f 3160//3160 3087//3087 3569//3569
f 3087//3087 3568//3568 3569//3569
f 3569//3569 3568//3568 3570//3570
f 3568//3568 3571//3571 3570//3570
f 3570//3570 3571//3571 3572//3572
f 3093//3093 3158//3158 3573//3573
f 3158//3158 3574//3574 3573//3573
f 3573//3573 3574//3574 3572//3572
f 3574//3574 3575//3575 3572//3572
f 3572//3572 3575//3575 3570//3570
f 3164//3164 3093//3093 3576//3576
f 3093//3093 3573//3573 3576//3576
f 3576//3576 3573//3573 3577//3577
f 3573//3573 3578//3578 3577//3577
f 3577//3577 3578//3578 3579//3579
f 3023//3023 3022//3022 3580//3580
f 3022//3022 3581//3581 3580//3580
f 3580//3580 3581//3581 3579//3579
f 3581//3581 3582//3582 3579//3579
f 3579//3579 3582//3582 3577//3577
f 3096//3096 3023//3023 3583//3583
f 3023//3023 3580//3580 3583//3583
f 3583//3583 3580//3580 3584//3584
f 3580//3580 3585//3585 3584//3584
f 3584//3584 3585//3585 3586//3586
f 3212//3212 3214//3214 3587//3587
f 3214//3214 3588//3588 3587//3587
f 3587//3587 3588//3588 3586//3586
f 3588//3588 3589//3589 3586//3586
f 3586//3586 3589//3589 3584//3584
f 3217//3217 3212//3212 3590//3590
f 3212//3212 3587//3587 3590//3590
f 3590//3590 3587//3587 3591//3591
f 3587//3587 3592//3592 3591//3591
f 3591//3591 3592//3592 3593//3593
f 3247//3247 3245//3245 3594//3594
f 3245//3245 3595//3595 3594//3594
f 3594//3594 3595//3595 3593//3593
f 3595//3595 3596//3596 3593//3593
f 3593//3593 3596//3596 3591//3591
f 3251//3251 3250//3250 3597//3597
f 3248//3248 3247//3247 3598//3598
f 3247//3247 3594//3594 3598//3598
f 3598//3598 3594//3594 3599//3599
f 3594//3594 3600//3600 3599//3599
f 3599//3599 3600//3600 3597//3597
f 3600//3600 3601//3601 3597//3597
f 3597//3597 3601//3601 3251//3251
f 3320//3320 3251//3251 3602//3602
f 3251//3251 3601//3601 3602//3602
f 3602//3602 3601//3601 3384//3384
f 3601//3601 3603//3603 3384//3384
f 3384//3384 3603//3603 3382//3382
f 3279//3279 3278//3278 3604//3604
f 3383//3383 3382//3382 3604//3604
f 3382//3382 3605//3605 3604//3604
f 3604//3604 3605//3605 3279//3279
f 3317//3317 3279//3279 3606//3606
f 3279//3279 3605//3605 3606//3606
f 3606//3606 3605//3605 3381//3381
f 3605//3605 3607//3607 3381//3381
f 3381//3381 3607//3607 3379//3379
f 3254//3254 3253//3253 3608//3608
f 3380//3380 3379//3379 3608//3608
f 3379//3379 3609//3609 3608//3608
f 3608//3608 3609//3609 3254//3254
f 3327//3327 3254//3254 3610//3610
f 3254//3254 3609//3609 3610//3610
f 3610//3610 3609//3609 3378//3378
f 3609//3609 3611//3611 3378//3378
f 3378//3378 3611//3611 3376//3376
f 3257//3257 3256//3256 3612//3612
f 3377//3377 3376//3376 3612//3612
f 3376//3376 3613//3613 3612//3612
f 3612//3612 3613//3613 3257//3257
f 3346//3346 3257//3257 3614//3614
f 3257//3257 3613//3613 3614//3614
f 3614//3614 3613//3613 3615//3615
f 3613//3613 3616//3616 3615//3615
f 3615//3615 3616//3616 3617//3617
f 3026//3026 3099//3099 3618//3618
f 3099//3099 3619//3619 3618//3618
f 3618//3618 3619//3619 3617//3617
f 3619//3619 3620//3620 3617//3617
f 3617//3617 3620//3620 3615//3615
f 3220//3220 3026//3026 3621//3621
f 3026//3026 3618//3618 3621//3621
f 3621//3621 3618//3618 3622//3622
f 3618//3618 3623//3623 3622//3622
f 3622//3622 3623//3623 3624//3624
f 3259//3259 3258//3258 3625//3625
f 3258//3258 3626//3626 3625//3625
f 3625//3625 3626//3626 3624//3624
f 3626//3626 3627//3627 3624//3624
f 3624//3624 3627//3627 3622//3622
f 3287//3287 3259//3259 3628//3628
f 3259//3259 3625//3625 3628//3628
f 3628//3628 3625//3625 3629//3629
f 3625//3625 3630//3630 3629//3629
f 3629//3629 3630//3630 3631//3631
f 3262//3262 3261//3261 3632//3632
f 3261//3261 3633//3633 3632//3632
f 3632//3632 3633//3633 3631//3631
f 3633//3633 3634//3634 3631//3631
f 3631//3631 3634//3634 3629//3629
f 3293//3293 3262//3262 3635//3635
f 3262//3262 3632//3632 3635//3635
f 3635//3635 3632//3632 3636//3636
f 3632//3632 3637//3637 3636//3636
f 3636//3636 3637//3637 3638//3638
f 3171//3171 3170//3170 3639//3639
f 3170//3170 3640//3640 3639//3639
f 3639//3639 3640//3640 3638//3638
f 3640//3640 3641//3641 3638//3638
f 3638//3638 3641//3641 3636//3636
f 3222//3222 3171//3171 3642//3642
f 3171//3171 3639//3639 3642//3642
f 3642//3642 3639//3639 3643//3643
f 3639//3639 3644//3644 3643//3643
f 3643//3643 3644//3644 3645//3645
f 3173//3173 3175//3175 3646//3646
f 3175//3175 3647//3647 3646//3646
f 3646//3646 3647//3647 3645//3645
f 3647//3647 3648//3648 3645//3645
f 3645//3645 3648//3648 3643//3643
f 2992//2992 2991//2991 3649//3649
f 3178//3178 3173//3173 3650//3650
f 3173//3173 3646//3646 3650//3650
f 3650//3650 3646//3646 3651//3651
f 3646//3646 3652//3652 3651//3651
f 3651//3651 3652//3652 3649//3649
f 3652//3652 3653//3653 3649//3649
f 3649//3649 3653//3653 2992//2992
f 3028//3028 2992//2992 3654//3654
f 2992//2992 3653//3653 3654//3654
f 3654//3654 3653//3653 3375//3375
f 3653//3653 3655//3655 3375//3375
f 3375//3375 3655//3655 3373//3373
f 2973//2973 2972//2972 3656//3656
f 3374//3374 3373//3373 3656//3656
f 3373//3373 3657//3657 3656//3656
f 3656//3656 3657//3657 2973//2973
f 3032//3032 2973//2973 3658//3658
f 2973//2973 3657//3657 3658//3658
f 3658//3658 3657//3657 3372//3372
f 3657//3657 3659//3659 3372//3372
f 3372//3372 3659//3659 3370//3370
f 2976//2976 2975//2975 3660//3660
f 3371//3371 3370//3370 3660//3660
f 3370//3370 3661//3661 3660//3660
f 3660//3660 3661//3661 2976//2976
f 2995//2995 2976//2976 3662//3662
f 2976//2976 3661//3661 3662//3662
f 3662//3662 3661//3661 3369//3369
f 3661//3661 3663//3663 3369//3369
f 3369//3369 3663//3663 3367//3367
f 3037//3037 3039//3039 3664//3664
f 3368//3368 3367//3367 3664//3664
f 3367//3367 3665//3665 3664//3664
f 3664//3664 3665//3665 3037//3037
f 3035//3035 3037//3037 3666//3666
f 3037//3037 3665//3665 3666//3666
f 3666//3666 3665//3665 3667//3667
f 3665//3665 3668//3668 3667//3667
f 3667//3667 3668//3668 3669//3669
f 3043//3043 3044//3044 3670//3670
f 3044//3044 3671//3671 3670//3670
f 3670//3670 3671//3671 3669//3669
f 3671//3671 3672//3672 3669//3669
f 3669//3669 3672//3672 3667//3667
f 3042//3042 3043//3043 3673//3673
f 3043//3043 3670//3670 3673//3673
f 3673//3673 3670//3670 3674//3674
f 3670//3670 3675//3675 3674//3674
f 3674//3674 3675//3675 3676//3676
f 2999//2999 3001//3001 3677//3677
f 3001//3001 3678//3678 3677//3677
f 3677//3677 3678//3678 3676//3676
f 3678//3678 3679//3679 3676//3676
f 3676//3676 3679//3679 3674//3674
f 2997//2997 2999//2999 3680//3680
f 2999//2999 3677//3677 3680//3680
f 3680//3680 3677//3677 3681//3681
f 3677//3677 3682//3682 3681//3681
f 3681//3681 3682//3682 3683//3683
f 3224//3224 3226//3226 3684//3684
f 3226//3226 3685//3685 3684//3684
f 3684//3684 3685//3685 3683//3683
f 3685//3685 3686//3686 3683//3683
f 3683//3683 3686//3686 3681//3681
f 3229//3229 3224//3224 3687//3687
f 3224//3224 3684//3684 3687//3687
f 3687//3687 3684//3684 3688//3688
f 3684//3684 3689//3689 3688//3688
f 3688//3688 3689//3689 3690//3690
f 3235//3235 3233//3233 3691//3691
f 3233//3233 3692//3692 3691//3691
f 3691//3691 3692//3692 3690//3690
f 3692//3692 3693//3693 3690//3690
f 3690//3690 3693//3693 3688//3688
f 3182//3182 3181//3181 3694//3694
f 3236//3236 3235//3235 3695//3695
f 3235//3235 3691//3691 3695//3695
f 3695//3695 3691//3691 3696//3696
f 3691//3691 3697//3697 3696//3696
f 3696//3696 3697//3697 3694//3694
f 3697//3697 3698//3698 3694//3694
f 3694//3694 3698//3698 3182//3182
f 3273//3273 3182//3182 3699//3699
f 3182//3182 3698//3698 3699//3699
f 3699//3699 3698//3698 3366//3366
f 3698//3698 3700//3700 3366//3366
f 3366//3366 3700//3700 3364//3364
f 3185//3185 3184//3184 3701//3701
f 3365//3365 3364//3364 3701//3701
f 3364//3364 3417//3417 3701//3701
f 3701//3701 3417//3417 3185//3185
f 3417//3417 3416//3416 3185//3185
f 3185//3185 3416//3416 3269//3269
f 3318//3318 3702//3702 3703//3703
f 3318//3318 3703//3703 3319//3319
f 3703//3703 3704//3704 3319//3319
f 3319//3319 3704//3704 3321//3321
f 3704//3704 3705//3705 3321//3321
f 3321//3321 3705//3705 3322//3322
f 3705//3705 3706//3706 3322//3322
f 3322//3322 3706//3706 3323//3323
f 3706//3706 3707//3707 3323//3323
f 3323//3323 3707//3707 3246//3246
f 3707//3707 3708//3708 3246//3246
f 3246//3246 3708//3708 3244//3244
f 3708//3708 3709//3709 3244//3244
f 3244//3244 3709//3709 3219//3219
f 3709//3709 3710//3710 3219//3219
f 3219//3219 3710//3710 3213//3213
f 3710//3710 3711//3711 3213//3213
f 3213//3213 3711//3711 3215//3215
f 3711//3711 3712//3712 3215//3215
f 3215//3215 3712//3712 3216//3216
f 3712//3712 3713//3713 3216//3216
f 3216//3216 3713//3713 3166//3166
f 3713//3713 3714//3714 3166//3166
f 3166//3166 3714//3714 3165//3165
f 3714//3714 3715//3715 3165//3165
f 3165//3165 3715//3715 3163//3163
f 3715//3715 3716//3716 3163//3163
f 3163//3163 3716//3716 3094//3094
f 3716//3716 3717//3717 3094//3094
f 3094//3094 3717//3717 3095//3095
f 3717//3717 3718//3718 3095//3095
f 3095//3095 3718//3718 3161//3161
f 3718//3718 3719//3719 3161//3161
f 3161//3161 3719//3719 3162//3162
f 3719//3719 3720//3720 3162//3162
f 3162//3162 3720//3720 3089//3089
f 3720//3720 3721//3721 3089//3089
f 3089//3089 3721//3721 3091//3091
f 3721//3721 3722//3722 3091//3091
f 3091//3091 3722//3722 3092//3092
f 3722//3722 3723//3723 3092//3092
f 3092//3092 3723//3723 2983//2983
f 3723//3723 3724//3724 2983//2983
f 2983//2983 3724//3724 2985//2985
f 3724//3724 3725//3725 2985//2985
f 2985//2985 3725//3725 2986//2986
f 3725//3725 3726//3726 2986//2986
f 2986//2986 3726//3726 2987//2987
f 3726//3726 3727//3727 2987//2987
f 2987//2987 3727//3727 2989//2989
f 3727//3727 3728//3728 2989//2989
f 2989//2989 3728//3728 2990//2990
f 3728//3728 3729//3729 2990//2990
f 2990//2990 3729//3729 3085//3085
f 3729//3729 3730//3730 3085//3085
f 3730//3730 3731//3731 3085//3085
f 3085//3085 3731//3731 3080//3080
f 3731//3731 3732//3732 3080//3080
f 3080//3080 3732//3732 3082//3082
f 3732//3732 3733//3733 3082//3082
f 3082//3082 3733//3733 3083//3083
f 3733//3733 3734//3734 3083//3083
f 3083//3083 3734//3734 3075//3075
f 3734//3734 3735//3735 3075//3075
f 3075//3075 3735//3735 3073//3073
f 3735//3735 3736//3736 3073//3073
f 3073//3073 3736//3736 2966//2966
f 3736//3736 3737//3737 2966//2966
f 2966//2966 3737//3737 2967//2967
f 3737//3737 3738//3738 2967//2967
f 2967//2967 3738//3738 3072//3072
f 3738//3738 3739//3739 3072//3072
f 3072//3072 3739//3739 3157//3157
f 3739//3739 3740//3740 3157//3157
f 3157//3157 3740//3740 3156//3156
f 3740//3740 3741//3741 3156//3156
f 3156//3156 3741//3741 3155//3155
f 3741//3741 3742//3742 3155//3155
f 3155//3155 3742//3742 3153//3153
f 3742//3742 3743//3743 3153//3153
f 3153//3153 3743//3743 3065//3065
f 3743//3743 3744//3744 3065//3065
f 3065//3065 3744//3744 3066//3066
f 3744//3744 3745//3745 3066//3066
f 3066//3066 3745//3745 3151//3151
f 3745//3745 3746//3746 3151//3151
f 3151//3151 3746//3746 3152//3152
f 3746//3746 3747//3747 3152//3152
f 3152//3152 3747//3747 3139//3139
f 3747//3747 3748//3748 3139//3139
f 3139//3139 3748//3748 3141//3141
f 3748//3748 3749//3749 3141//3141
f 3141//3141 3749//3749 3142//3142
f 3749//3749 3750//3750 3142//3142
f 3142//3142 3750//3750 3143//3143
f 3750//3750 3751//3751 3143//3143
f 3143//3143 3751//3751 3145//3145
f 3751//3751 3752//3752 3145//3145
f 3145//3145 3752//3752 3146//3146
f 3752//3752 3753//3753 3146//3146
f 3146//3146 3753//3753 3147//3147
f 3753//3753 3754//3754 3147//3147
f 3147//3147 3754//3754 3130//3130
f 3754//3754 3755//3755 3130//3130
f 3130//3130 3755//3755 3131//3131
f 3755//3755 3756//3756 3131//3131
f 3131//3131 3756//3756 3211//3211
f 3756//3756 3757//3757 3211//3211
f 3211//3211 3757//3757 3206//3206
f 3757//3757 3758//3758 3206//3206
f 3206//3206 3758//3758 3208//3208
f 3758//3758 3759//3759 3208//3208
f 3208//3208 3759//3759 3209//3209
f 3759//3759 3760//3760 3209//3209
f 3209//3209 3760//3760 3201//3201
f 3760//3760 3761//3761 3201//3201
f 3201//3201 3761//3761 3203//3203
f 3761//3761 3762//3762 3203//3203
f 3203//3203 3762//3762 3204//3204
f 3762//3762 3763//3763 3204//3204
f 3204//3204 3763//3763 3126//3126
f 3763//3763 3764//3764 3126//3126
f 3126//3126 3764//3764 3128//3128
f 3764//3764 3765//3765 3128//3128
f 3128//3128 3765//3765 3129//3129
f 3765//3765 3766//3766 3129//3129
f 3129//3129 3766//3766 3122//3122
f 3766//3766 3767//3767 3122//3122
f 3122//3122 3767//3767 3121//3121
f 3767//3767 3768//3768 3121//3121
f 3121//3121 3768//3768 3119//3119
f 3768//3768 3769//3769 3119//3119
f 3119//3119 3769//3769 3060//3060
f 3769//3769 3770//3770 3060//3060
f 3060//3060 3770//3770 3061//3061
f 3770//3770 3771//3771 3061//3061
f 3061//3061 3771//3771 3117//3117
f 3771//3771 3772//3772 3117//3117
f 3117//3117 3772//3772 3118//3118
f 3772//3772 3773//3773 3118//3118
f 3118//3118 3773//3773 3050//3050
f 3773//3773 3774//3774 3050//3050
f 3050//3050 3774//3774 3052//3052
f 3774//3774 3775//3775 3052//3052
f 3052//3052 3775//3775 3053//3053
f 3775//3775 3776//3776 3053//3053
f 3053//3053 3776//3776 3054//3054
f 3776//3776 3777//3777 3054//3054
f 3054//3054 3777//3777 3056//3056
f 3777//3777 3778//3778 3056//3056
f 3056//3056 3778//3778 3057//3057
f 3778//3778 3779//3779 3057//3057
f 3057//3057 3779//3779 3058//3058
f 3779//3779 3780//3780 3058//3058
f 3058//3058 3780//3780 3006//3006
f 3780//3780 3781//3781 3006//3006
f 3006//3006 3781//3781 3007//3007
f 3781//3781 3782//3782 3007//3007
f 3007//3007 3782//3782 3113//3113
f 3782//3782 3783//3783 3113//3113
f 3113//3113 3783//3783 3106//3106
f 3783//3783 3784//3784 3106//3106
f 3106//3106 3784//3784 3108//3108
f 3784//3784 3785//3785 3108//3108
f 3108//3108 3785//3785 3110//3110
f 3785//3785 3786//3786 3110//3110
f 3110//3110 3786//3786 3111//3111
f 3786//3786 3787//3787 3111//3111
f 3111//3111 3787//3787 3196//3196
f 3787//3787 3788//3788 3196//3196
f 3196//3196 3788//3788 3197//3197
f 3788//3788 3789//3789 3197//3197
f 3197//3197 3789//3789 3189//3189
f 3789//3789 3790//3790 3189//3189
f 3189//3189 3790//3790 3191//3191
f 3790//3790 3791//3791 3191//3191
f 3191//3191 3791//3791 3192//3192
f 3791//3791 3792//3792 3192//3192
f 3192//3192 3792//3792 3103//3103
f 3792//3792 3793//3793 3103//3103
f 3103//3103 3793//3793 3104//3104
f 3793//3793 3794//3794 3104//3104
f 3104//3104 3794//3794 3240//3240
f 3794//3794 3795//3795 3240//3240
f 3240//3240 3795//3795 3242//3242
f 3795//3795 3796//3796 3242//3242
f 3242//3242 3796//3796 3243//3243
f 3796//3796 3797//3797 3243//3243
f 3243//3243 3797//3797 3270//3270
f 3797//3797 3798//3798 3270//3270
f 3270//3270 3798//3798 3271//3271
f 3798//3798 3799//3799 3271//3271
f 3271//3271 3799//3799 3272//3272
f 3799//3799 3800//3800 3272//3272
f 3272//3272 3800//3800 3274//3274
f 3800//3800 3801//3801 3274//3274
f 3274//3274 3801//3801 3275//3275
f 3801//3801 3802//3802 3275//3275
f 3275//3275 3802//3802 3276//3276
f 3802//3802 3803//3803 3276//3276
f 3276//3276 3803//3803 3234//3234
f 3803//3803 3804//3804 3234//3234
f 3804//3804 3805//3805 3234//3234
f 3234//3234 3805//3805 3232//3232
f 3805//3805 3806//3806 3232//3232
f 3232//3232 3806//3806 3231//3231
f 3806//3806 3807//3807 3231//3231
f 3231//3231 3807//3807 3225//3225
f 3807//3807 3808//3808 3225//3225
f 3225//3225 3808//3808 3227//3227
f 3808//3808 3809//3809 3227//3227
f 3227//3227 3809//3809 3228//3228
f 3809//3809 3810//3810 3228//3228
f 3228//3228 3810//3810 3000//3000
f 3810//3810 3811//3811 3000//3000
f 3000//3000 3811//3811 3002//3002
f 3811//3811 3812//3812 3002//3002
f 3002//3002 3812//3812 3004//3004
f 3812//3812 3813//3813 3004//3004
f 3004//3004 3813//3813 3005//3005
f 3813//3813 3814//3814 3005//3005
f 3005//3005 3814//3814 3045//3045
f 3814//3814 3815//3815 3045//3045
f 3045//3045 3815//3815 3046//3046
f 3815//3815 3816//3816 3046//3046
f 3046//3046 3816//3816 3038//3038
f 3816//3816 3817//3817 3038//3038
f 3038//3038 3817//3817 3040//3040
f 3817//3817 3818//3818 3040//3040
f 3040//3040 3818//3818 3041//3041
f 3818//3818 3819//3819 3041//3041
f 3041//3041 3819//3819 3034//3034
f 3819//3819 3820//3820 3034//3034
f 3034//3034 3820//3820 3033//3033
f 3820//3820 3821//3821 3033//3033
f 3033//3033 3821//3821 3031//3031
f 3821//3821 3822//3822 3031//3031
f 3031//3031 3822//3822 3030//3030
f 3822//3822 3823//3823 3030//3030
f 3030//3030 3823//3823 3029//3029
f 3823//3823 3824//3824 3029//3029
f 3029//3029 3824//3824 3027//3027
f 3824//3824 3825//3825 3027//3027
f 3027//3027 3825//3825 2994//2994
f 3825//3825 3826//3826 2994//2994
f 2994//2994 3826//3826 3179//3179
f 3826//3826 3827//3827 3179//3179
f 3179//3179 3827//3827 3174//3174
f 3827//3827 3828//3828 3174//3174
f 3174//3174 3828//3828 3176//3176
f 3828//3828 3829//3829 3176//3176
f 3176//3176 3829//3829 3223//3223
f 3829//3829 3830//3830 3223//3223
f 3223//3223 3830//3830 3172//3172
f 3831//3831 3766//3766 3765//3765
f 3765//3765 3764//3764 3831//3831
f 3764//3764 3763//3763 3831//3831
f 3831//3831 3763//3763 3762//3762
f 3744//3744 3743//3743 3831//3831
f 3743//3743 3742//3742 3831//3831
f 3831//3831 3742//3742 3741//3741
f 3741//3741 3740//3740 3831//3831
f 3740//3740 3739//3739 3831//3831
f 3831//3831 3739//3739 3738//3738
f 3738//3738 3737//3737 3831//3831
f 3737//3737 3736//3736 3831//3831
f 3831//3831 3736//3736 3735//3735
f 3762//3762 3761//3761 3831//3831
f 3761//3761 3760//3760 3831//3831
f 3831//3831 3760//3760 3759//3759
f 3759//3759 3758//3758 3831//3831
f 3758//3758 3757//3757 3831//3831
f 3831//3831 3757//3757 3756//3756
f 3756//3756 3755//3755 3831//3831
f 3755//3755 3754//3754 3831//3831
f 3831//3831 3754//3754 3753//3753
f 3753//3753 3752//3752 3831//3831
f 3752//3752 3751//3751 3831//3831
f 3831//3831 3751//3751 3750//3750
f 3750//3750 3749//3749 3831//3831
f 3749//3749 3748//3748 3831//3831
f 3831//3831 3748//3748 3747//3747
f 3735//3735 3734//3734 3831//3831
f 3734//3734 3733//3733 3831//3831
f 3831//3831 3733//3733 3732//3732
f 3732//3732 3731//3731 3831//3831
f 3731//3731 3730//3730 3831//3831
f 3831//3831 3730//3730 3729//3729
f 3747//3747 3746//3746 3831//3831
f 3746//3746 3745//3745 3831//3831
f 3831//3831 3745//3745 3744//3744
f 3767//3767 3766//3766 3832//3832
f 3771//3771 3770//3770 3832//3832
f 3770//3770 3769//3769 3832//3832
f 3769//3769 3768//3768 3832//3832
f 3832//3832 3768//3768 3767//3767
f 3800//3800 3799//3799 3832//3832
f 3799//3799 3798//3798 3832//3832
f 3798//3798 3797//3797 3832//3832
f 3797//3797 3796//3796 3832//3832
f 3832//3832 3796//3796 3795//3795
f 3795//3795 3794//3794 3832//3832
f 3794//3794 3793//3793 3832//3832
f 3832//3832 3793//3793 3792//3792
f 3792//3792 3791//3791 3832//3832
f 3791//3791 3790//3790 3832//3832
f 3832//3832 3790//3790 3789//3789
f 3789//3789 3788//3788 3832//3832
f 3788//3788 3787//3787 3832//3832
f 3832//3832 3787//3787 3786//3786
f 3786//3786 3785//3785 3832//3832
f 3785//3785 3784//3784 3832//3832
f 3832//3832 3784//3784 3783//3783
f 3783//3783 3782//3782 3832//3832
f 3782//3782 3781//3781 3832//3832
f 3832//3832 3781//3781 3780//3780
f 3803//3803 3802//3802 3832//3832
f 3802//3802 3801//3801 3832//3832
f 3832//3832 3801//3801 3800//3800
f 3780//3780 3779//3779 3832//3832
f 3779//3779 3778//3778 3832//3832
f 3832//3832 3778//3778 3777//3777
f 3777//3777 3776//3776 3832//3832
f 3776//3776 3775//3775 3832//3832
f 3832//3832 3775//3775 3774//3774
f 3774//3774 3773//3773 3832//3832
f 3773//3773 3772//3772 3832//3832
f 3832//3832 3772//3772 3771//3771
f 3833//3833 3834//3834 3835//3835
f 3836//3836 3837//3837 3838//3838
f 3837//3837 3839//3839 3838//3838
f 3836//3836 3840//3840 3837//3837
f 3840//3840 3841//3841 3837//3837
f 3837//3837 3841//3841 3842//3842
f 3834//3834 3843//3843 3835//3835
f 3843//3843 3844//3844 3835//3835
f 3835//3835 3844//3844 3845//3845
f 3845//3845 3846//3846 3835//3835
f 3846//3846 3847//3847 3835//3835
f 3835//3835 3847//3847 3848//3848
f 3849//3849 3850//3850 3851//3851
f 3852//3852 3853//3853 3835//3835
f 3847//3847 3854//3854 3848//3848
f 3854//3854 3855//3855 3848//3848
f 3848//3848 3855//3855 3856//3856
f 3857//3857 3858//3858 3859//3859
f 3858//3858 3860//3860 3859//3859
f 3856//3856 3861//3861 3848//3848
f 3861//3861 3862//3862 3848//3848
f 3848//3848 3862//3862 3863//3863
f 3842//3842 3864//3864 3837//3837
f 3864//3864 3865//3865 3837//3837
f 3837//3837 3865//3865 3858//3858
f 3865//3865 3866//3866 3858//3858
f 3858//3858 3866//3866 3860//3860
f 3867//3867 3868//3868 3835//3835
f 3835//3835 3869//3869 3870//3870
f 3871//3871 3872//3872 3873//3873
f 3872//3872 3874//3874 3873//3873
f 3873//3873 3874//3874 3875//3875
f 3875//3875 3876//3876 3873//3873
f 3876//3876 3877//3877 3873//3873
f 3873//3873 3877//3877 3878//3878
f 3879//3879 3880//3880 3835//3835
f 3881//3881 3882//3882 3835//3835
f 3882//3882 3883//3883 3835//3835
f 3870//3870 3884//3884 3835//3835
f 3884//3884 3885//3885 3835//3835
f 3835//3835 3885//3885 3833//3833
f 3886//3886 3887//3887 3848//3848
f 3888//3888 3889//3889 3851//3851
f 3851//3851 3850//3850 3873//3873
f 3850//3850 3890//3890 3873//3873
f 3873//3873 3890//3890 3871//3871
f 3879//3879 3835//3835 3891//3891
f 3880//3880 3892//3892 3835//3835
f 3892//3892 3893//3893 3835//3835
f 3835//3835 3893//3893 3852//3852
f 3863//3863 3894//3894 3848//3848
f 3894//3894 3895//3895 3848//3848
f 3848//3848 3895//3895 3896//3896
f 3897//3897 3898//3898 3848//3848
f 3889//3889 3899//3899 3851//3851
f 3899//3899 3900//3900 3851//3851
f 3851//3851 3900//3900 3849//3849
f 3853//3853 3901//3901 3835//3835
f 3901//3901 3902//3902 3835//3835
f 3835//3835 3902//3902 3881//3881
f 3883//3883 3903//3903 3835//3835
f 3903//3903 3904//3904 3835//3835
f 3835//3835 3904//3904 3869//3869
f 3887//3887 3905//3905 3848//3848
f 3905//3905 3906//3906 3848//3848
f 3848//3848 3906//3906 3907//3907
f 3908//3908 3909//3909 3858//3858
f 3910//3910 3911//3911 3858//3858
f 3911//3911 3912//3912 3858//3858
f 3913//3913 3914//3914 3848//3848
f 3914//3914 3915//3915 3848//3848
f 3907//3907 3916//3916 3848//3848
f 3916//3916 3917//3917 3848//3848
f 3848//3848 3917//3917 3897//3897
f 3857//3857 3918//3918 3858//3858
f 3918//3918 3919//3919 3858//3858
f 3858//3858 3919//3919 3920//3920
f 3909//3909 3921//3921 3858//3858
f 3921//3921 3922//3922 3858//3858
f 3858//3858 3922//3922 3910//3910
f 3912//3912 3923//3923 3858//3858
f 3923//3923 3924//3924 3858//3858
f 3858//3858 3924//3924 3925//3925
f 3926//3926 3927//3927 3835//3835
f 3927//3927 3928//3928 3835//3835
f 3835//3835 3928//3928 3867//3867
f 3868//3868 3929//3929 3835//3835
f 3929//3929 3930//3930 3835//3835
f 3835//3835 3930//3930 3891//3891
f 3915//3915 3931//3931 3848//3848
f 3931//3931 3932//3932 3848//3848
f 3848//3848 3932//3932 3886//3886
f 3898//3898 3933//3933 3848//3848
f 3933//3933 3934//3934 3848//3848
f 3848//3848 3934//3934 3935//3935
f 3851//3851 3936//3936 3937//3937
f 3851//3851 3938//3938 3939//3939
f 3935//3935 3940//3940 3848//3848
f 3940//3940 3941//3941 3848//3848
f 3848//3848 3941//3941 3942//3942
f 3937//3937 3943//3943 3851//3851
f 3943//3943 3944//3944 3851//3851
f 3851//3851 3944//3944 3945//3945
f 3945//3945 3946//3946 3851//3851
f 3946//3946 3947//3947 3851//3851
f 3851//3851 3947//3947 3948//3948
f 3939//3939 3949//3949 3851//3851
f 3949//3949 3950//3950 3851//3851
f 3851//3851 3950//3950 3951//3951
f 3925//3925 3952//3952 3858//3858
f 3952//3952 3953//3953 3858//3858
f 3858//3858 3953//3953 3954//3954
f 3955//3955 3956//3956 3835//3835
f 3956//3956 3957//3957 3835//3835
f 3835//3835 3957//3957 3926//3926
f 3896//3896 3958//3958 3848//3848
f 3958//3958 3959//3959 3848//3848
f 3848//3848 3959//3959 3960//3960
f 3942//3942 3961//3961 3848//3848
f 3961//3961 3962//3962 3848//3848
f 3848//3848 3962//3962 3851//3851
f 3962//3962 3963//3963 3851//3851
f 3851//3851 3963//3963 3936//3936
f 3948//3948 3964//3964 3851//3851
f 3964//3964 3965//3965 3851//3851
f 3851//3851 3965//3965 3938//3938
f 3951//3951 3966//3966 3851//3851
f 3966//3966 3967//3967 3851//3851
f 3851//3851 3967//3967 3888//3888
f 3920//3920 3968//3968 3858//3858
f 3968//3968 3969//3969 3858//3858
f 3858//3858 3969//3969 3908//3908
f 3960//3960 3970//3970 3848//3848
f 3970//3970 3971//3971 3848//3848
f 3848//3848 3971//3971 3913//3913
f 3954//3954 3972//3972 3858//3858
f 3972//3972 3973//3973 3858//3858
f 3858//3858 3973//3973 3835//3835
f 3973//3973 3974//3974 3835//3835
f 3835//3835 3974//3974 3955//3955
f 3975//3975 3851//3851 3976//3976
f 3851//3851 3873//3873 3976//3976
f 3858//3858 3977//3977 3837//3837
f 3977//3977 3978//3978 3837//3837
f 3979//3979 3980//3980 3981//3981
f 3980//3980 3982//3982 3981//3981
f 3981//3981 3982//3982 3983//3983
f 3983//3983 3984//3984 3981//3981
f 3984//3984 3985//3985 3981//3981
f 3981//3981 3985//3985 3986//3986
f 3987//3987 3988//3988 3978//3978
f 3989//3989 3976//3976 3990//3990
f 3976//3976 3991//3991 3990//3990
f 3989//3989 3992//3992 3976//3976
f 3992//3992 3993//3993 3976//3976
f 3976//3976 3993//3993 3994//3994
f 3985//3985 3995//3995 3986//3986
f 3995//3995 3996//3996 3986//3986
f 3986//3986 3996//3996 3997//3997
f 3997//3997 3998//3998 3986//3986
f 3998//3998 3999//3999 3986//3986
f 3986//3986 3999//3999 4000//4000
f 4001//4001 3978//3978 4002//4002
f 3978//3978 4003//4003 4002//4002
f 4004//4004 3975//3975 4005//4005
f 3975//3975 3976//3976 4005//4005
f 4005//4005 3976//3976 4006//4006
f 3976//3976 3994//3994 4006//4006
f 3988//3988 4007//4007 3978//3978
f 4007//4007 4008//4008 3978//3978
f 3978//3978 4008//4008 4003//4003
f 4004//4004 4009//4009 3975//3975
f 4009//4009 4010//4010 3975//3975
f 3975//3975 4010//4010 4011//4011
f 4011//4011 4012//4012 3975//3975
f 4012//4012 4013//4013 3975//3975
f 3975//3975 4013//4013 4014//4014
f 4015//4015 4016//4016 3975//3975
f 3981//3981 4017//4017 4018//4018
f 4018//4018 4019//4019 3981//3981
f 4019//4019 4020//4020 3981//3981
f 3981//3981 4020//4020 4021//4021
f 4022//4022 4023//4023 3981//3981
f 4023//4023 4024//4024 3981//3981
f 3981//3981 4024//4024 4025//4025
f 4025//4025 4026//4026 3981//3981
f 4026//4026 4027//4027 3981//3981
f 3981//3981 4027//4027 4028//4028
f 4029//4029 4030//4030 3981//3981
f 4030//4030 4031//4031 3981//3981
f 4032//4032 4033//4033 3977//3977
f 4033//4033 4034//4034 3977//3977
f 3977//3977 4034//4034 3978//3978
f 4034//4034 4035//4035 3978//3978
f 3978//3978 4035//4035 3987//3987
f 4021//4021 4036//4036 3981//3981
f 4036//4036 4037//4037 3981//3981
f 3981//3981 4037//4037 4022//4022
f 4028//4028 4038//4038 3981//3981
f 4038//4038 4039//4039 3981//3981
f 3981//3981 4039//4039 4040//4040
f 4031//4031 4041//4041 3981//3981
f 4041//4041 4042//4042 3981//3981
f 3981//3981 4042//4042 3979//3979
f 4000//4000 4043//4043 3986//3986
f 4043//4043 4044//4044 3986//3986
f 3986//3986 4044//4044 4045//4045
f 4046//4046 4047//4047 3981//3981
f 4047//4047 4048//4048 3981//3981
f 4045//4045 4049//4049 3986//3986
f 4049//4049 4050//4050 3986//3986
f 3986//3986 4050//4050 4051//4051
f 4052//4052 4053//4053 3986//3986
f 4053//4053 4054//4054 3986//3986
f 4055//4055 4056//4056 3986//3986
f 4056//4056 4057//4057 3986//3986
f 4014//4014 4058//4058 3975//3975
f 4058//4058 4059//4059 3975//3975
f 3975//3975 4059//4059 4015//4015
f 4016//4016 4060//4060 3975//3975
f 4060//4060 4061//4061 3975//3975
f 3975//3975 4061//4061 4062//4062
f 4063//4063 3975//3975 4064//4064
f 3975//3975 4065//4065 4064//4064
f 4063//4063 4066//4066 3975//3975
f 4066//4066 4067//4067 3975//3975
f 3975//3975 4067//4067 4068//4068
f 4051//4051 4069//4069 3986//3986
f 4069//4069 4070//4070 3986//3986
f 3986//3986 4070//4070 4052//4052
f 4054//4054 4071//4071 3986//3986
f 4071//4071 4072//4072 3986//3986
f 3986//3986 4072//4072 4055//4055
f 4057//4057 4073//4073 3986//3986
f 4073//4073 4074//4074 3986//3986
f 3986//3986 4074//4074 4075//4075
f 4076//4076 4077//4077 3977//3977
f 4077//4077 4078//4078 3977//3977
f 3977//3977 4078//4078 4032//4032
f 4062//4062 4079//4079 3975//3975
f 4079//4079 4080//4080 3975//3975
f 3975//3975 4080//4080 4065//4065
f 4048//4048 4081//4081 3981//3981
f 4081//4081 4082//4082 3981//3981
f 3981//3981 4082//4082 4017//4017
f 4040//4040 4083//4083 3981//3981
f 4083//4083 4084//4084 3981//3981
f 3981//3981 4084//4084 4029//4029
f 4085//4085 4086//4086 3977//3977
f 4086//4086 4087//4087 3977//3977
f 3977//3977 4087//4087 4088//4088
f 4068//4068 4089//4089 3975//3975
f 4089//4089 4090//4090 3975//3975
f 3975//3975 4090//4090 3981//3981
f 4090//4090 4091//4091 3981//3981
f 3981//3981 4091//4091 4046//4046
f 4075//4075 4092//4092 3986//3986
f 4092//4092 4093//4093 3986//3986
f 3986//3986 4093//4093 4094//4094
f 4094//4094 4095//4095 3986//3986
f 4095//4095 4096//4096 3986//3986
f 3986//3986 4096//4096 4097//4097
f 4088//4088 4098//4098 3977//3977
f 4098//4098 4099//4099 3977//3977
f 3977//3977 4099//4099 4100//4100
f 4101//4101 4102//4102 3977//3977
f 4102//4102 4103//4103 3977//3977
f 4097//4097 4104//4104 3986//3986
f 4104//4104 4105//4105 3986//3986
f 3986//3986 4105//4105 4106//4106
f 4103//4103 4107//4107 3977//3977
f 4107//4107 4108//4108 3977//3977
f 3977//3977 4108//4108 4085//4085
f 4100//4100 4109//4109 3977//3977
f 4109//4109 4110//4110 3977//3977
f 3977//3977 4110//4110 4111//4111
f 4111//4111 4112//4112 3977//3977
f 4112//4112 4113//4113 3977//3977
f 3977//3977 4113//4113 4076//4076
f 4106//4106 4114//4114 3986//3986
f 4114//4114 4115//4115 3986//3986
f 3986//3986 4115//4115 3977//3977
f 4115//4115 4116//4116 3977//3977
f 3977//3977 4116//4116 4101//4101
f 3839//3839 4001//4001 3838//3838
f 4001//4001 4002//4002 3838//3838
f 3838//3838 4002//4002 3836//3836
f 4002//4002 4003//4003 3836//3836
f 3836//3836 4003//4003 3840//3840
f 4003//4003 4008//4008 3840//3840
f 3840//3840 4008//4008 3841//3841
f 4008//4008 4007//4007 3841//3841
f 3841//3841 4007//4007 3842//3842
f 4007//4007 3988//3988 3842//3842
f 3842//3842 3988//3988 3864//3864
f 3988//3988 3987//3987 3864//3864
f 3864//3864 3987//3987 3865//3865
f 3987//3987 4035//4035 3865//3865
f 3865//3865 4035//4035 3866//3866
f 4035//4035 4034//4034 3866//3866
f 3866//3866 4034//4034 3860//3860
f 4034//4034 4033//4033 3860//3860
f 3860//3860 4033//4033 3859//3859
f 4033//4033 4032//4032 3859//3859
f 3859//3859 4032//4032 3857//3857
f 4032//4032 4078//4078 3857//3857
f 3857//3857 4078//4078 3918//3918
f 4078//4078 4077//4077 3918//3918
f 3918//3918 4077//4077 3919//3919
f 4077//4077 4076//4076 3919//3919
f 3919//3919 4076//4076 3920//3920
f 4076//4076 4113//4113 3920//3920
f 3920//3920 4113//4113 3968//3968
f 4113//4113 4112//4112 3968//3968
f 3968//3968 4112//4112 3969//3969
f 4112//4112 4111//4111 3969//3969
f 3969//3969 4111//4111 3908//3908
f 4111//4111 4110//4110 3908//3908
f 3908//3908 4110//4110 3909//3909
f 4110//4110 4109//4109 3909//3909
f 3909//3909 4109//4109 3921//3921
f 4109//4109 4100//4100 3921//3921
f 3921//3921 4100//4100 3922//3922
f 4100//4100 4099//4099 3922//3922
f 3922//3922 4099//4099 3910//3910
f 4099//4099 4098//4098 3910//3910
f 3910//3910 4098//4098 3911//3911
f 4098//4098 4088//4088 3911//3911
f 3911//3911 4088//4088 3912//3912
f 4088//4088 4087//4087 3912//3912
f 3912//3912 4087//4087 3923//3923
f 4087//4087 4086//4086 3923//3923
f 3923//3923 4086//4086 3924//3924
f 4086//4086 4085//4085 3924//3924
f 3924//3924 4085//4085 3925//3925
f 4085//4085 4108//4108 3925//3925
f 3925//3925 4108//4108 3952//3952
f 4108//4108 4107//4107 3952//3952
f 3952//3952 4107//4107 3953//3953
f 4107//4107 4103//4103 3953//3953
f 3953//3953 4103//4103 3954//3954
f 4103//4103 4102//4102 3954//3954
f 3954//3954 4102//4102 3972//3972
f 4102//4102 4101//4101 3972//3972
f 3972//3972 4101//4101 3973//3973
f 4101//4101 4116//4116 3973//3973
f 3973//3973 4116//4116 3974//3974
f 4116//4116 4115//4115 3974//3974
f 3974//3974 4115//4115 3955//3955
f 4115//4115 4114//4114 3955//3955
f 3955//3955 4114//4114 3956//3956
f 4114//4114 4106//4106 3956//3956
f 3956//3956 4106//4106 3957//3957
f 4106//4106 4105//4105 3957//3957
f 3957//3957 4105//4105 3926//3926
f 4105//4105 4104//4104 3926//3926
f 3926//3926 4104//4104 3927//3927
f 4104//4104 4097//4097 3927//3927
f 3927//3927 4097//4097 3928//3928
f 4097//4097 4096//4096 3928//3928
f 3928//3928 4096//4096 3867//3867
f 4096//4096 4095//4095 3867//3867
f 3867//3867 4095//4095 3868//3868
f 4095//4095 4094//4094 3868//3868
f 3868//3868 4094//4094 3929//3929
f 4094//4094 4093//4093 3929//3929
f 3929//3929 4093//4093 3930//3930
f 4093//4093 4092//4092 3930//3930
f 3930//3930 4092//4092 3891//3891
f 4092//4092 4075//4075 3891//3891
f 3891//3891 4075//4075 3879//3879
f 4075//4075 4074//4074 3879//3879
f 3879//3879 4074//4074 3880//3880
f 4074//4074 4073//4073 3880//3880
f 3880//3880 4073//4073 3892//3892
f 4073//4073 4057//4057 3892//3892
f 3892//3892 4057//4057 3893//3893
f 4057//4057 4056//4056 3893//3893
f 3893//3893 4056//4056 3852//3852
f 4056//4056 4055//4055 3852//3852
f 3852//3852 4055//4055 3853//3853
f 4055//4055 4072//4072 3853//3853
f 3853//3853 4072//4072 3901//3901
f 4072//4072 4071//4071 3901//3901
f 3901//3901 4071//4071 3902//3902
f 4071//4071 4054//4054 3902//3902
f 3902//3902 4054//4054 3881//3881
f 4054//4054 4053//4053 3881//3881
f 3881//3881 4053//4053 3882//3882
f 4053//4053 4052//4052 3882//3882
f 3882//3882 4052//4052 3883//3883
f 4052//4052 4070//4070 3883//3883
f 3883//3883 4070//4070 3903//3903
f 4070//4070 4069//4069 3903//3903
f 3903//3903 4069//4069 3904//3904
f 4069//4069 4051//4051 3904//3904
f 3904//3904 4051//4051 3869//3869
f 4051//4051 4050//4050 3869//3869
f 3869//3869 4050//4050 3870//3870
f 4050//4050 4049//4049 3870//3870
f 3870//3870 4049//4049 3884//3884
f 4049//4049 4045//4045 3884//3884
f 3884//3884 4045//4045 3885//3885
f 4045//4045 4044//4044 3885//3885
f 3885//3885 4044//4044 3833//3833
f 4044//4044 4043//4043 3833//3833
f 3833//3833 4043//4043 3834//3834
f 4043//4043 4000//4000 3834//3834
f 3834//3834 4000//4000 3843//3843
f 4000//4000 3999//3999 3843//3843
f 3843//3843 3999//3999 3844//3844
f 3999//3999 3998//3998 3844//3844
f 3844//3844 3998//3998 3845//3845
f 3998//3998 3997//3997 3845//3845
f 3845//3845 3997//3997 3846//3846
f 3997//3997 3996//3996 3846//3846
f 3846//3846 3996//3996 3847//3847
f 3996//3996 3995//3995 3847//3847
f 3847//3847 3995//3995 3854//3854
f 3995//3995 3985//3985 3854//3854
f 3854//3854 3985//3985 3855//3855
f 3985//3985 3984//3984 3855//3855
f 3855//3855 3984//3984 3856//3856
f 3984//3984 3983//3983 3856//3856
f 3856//3856 3983//3983 3861//3861
f 3983//3983 3982//3982 3861//3861
f 3861//3861 3982//3982 3862//3862
f 3982//3982 3980//3980 3862//3862
f 3862//3862 3980//3980 3863//3863
f 3980//3980 3979//3979 3863//3863
f 3863//3863 3979//3979 3894//3894
f 3979//3979 4042//4042 3894//3894
f 3894//3894 4042//4042 3895//3895
f 4042//4042 4041//4041 3895//3895
f 3895//3895 4041//4041 3896//3896
f 4041//4041 4031//4031 3896//3896
f 3896//3896 4031//4031 3958//3958
f 4031//4031 4030//4030 3958//3958
f 3958//3958 4030//4030 3959//3959
f 4030//4030 4029//4029 3959//3959
f 3959//3959 4029//4029 3960//3960
f 4029//4029 4084//4084 3960//3960
f 3960//3960 4084//4084 3970//3970
f 4084//4084 4083//4083 3970//3970
f 3970//3970 4083//4083 3971//3971
f 4083//4083 4040//4040 3971//3971
f 3971//3971 4040//4040 3913//3913
f 4040//4040 4039//4039 3913//3913
f 3913//3913 4039//4039 3914//3914
f 4039//4039 4038//4038 3914//3914
f 3914//3914 4038//4038 3915//3915
f 4038//4038 4028//4028 3915//3915
f 3915//3915 4028//4028 3931//3931
f 4028//4028 4027//4027 3931//3931
f 3931//3931 4027//4027 3932//3932
f 4027//4027 4026//4026 3932//3932
f 3932//3932 4026//4026 3886//3886
f 4026//4026 4025//4025 3886//3886
f 3886//3886 4025//4025 3887//3887
f 4025//4025 4024//4024 3887//3887
f 3887//3887 4024//4024 3905//3905
f 4024//4024 4023//4023 3905//3905
f 3905//3905 4023//4023 3906//3906
f 4023//4023 4022//4022 3906//3906
f 3906//3906 4022//4022 3907//3907
f 4022//4022 4037//4037 3907//3907
f 3907//3907 4037//4037 3916//3916
f 4037//4037 4036//4036 3916//3916
f 3916//3916 4036//4036 3917//3917
f 4036//4036 4021//4021 3917//3917
f 3917//3917 4021//4021 3897//3897
f 4021//4021 4020//4020 3897//3897
f 3897//3897 4020//4020 3898//3898
f 4020//4020 4019//4019 3898//3898
f 3898//3898 4019//4019 3933//3933
f 4019//4019 4018//4018 3933//3933
f 3933//3933 4018//4018 3934//3934
f 4018//4018 4017//4017 3934//3934
f 3934//3934 4017//4017 3935//3935
f 4017//4017 4082//4082 3935//3935
f 3935//3935 4082//4082 3940//3940
f 4082//4082 4081//4081 3940//3940
f 3940//3940 4081//4081 3941//3941
f 4081//4081 4048//4048 3941//3941
f 3941//3941 4048//4048 3942//3942
f 4048//4048 4047//4047 3942//3942
f 3942//3942 4047//4047 3961//3961
f 4047//4047 4046//4046 3961//3961
f 3961//3961 4046//4046 3962//3962
f 4046//4046 4091//4091 3962//3962
f 3962//3962 4091//4091 3963//3963
f 4091//4091 4090//4090 3963//3963
f 3963//3963 4090//4090 3936//3936
f 4090//4090 4089//4089 3936//3936
f 3936//3936 4089//4089 3937//3937
f 4089//4089 4068//4068 3937//3937
f 3937//3937 4068//4068 3943//3943
f 4068//4068 4067//4067 3943//3943
f 3943//3943 4067//4067 3944//3944
f 4067//4067 4066//4066 3944//3944
f 3944//3944 4066//4066 3945//3945
f 4066//4066 4063//4063 3945//3945
f 3945//3945 4063//4063 3946//3946
f 4063//4063 4064//4064 3946//3946
f 3946//3946 4064//4064 3947//3947
f 4064//4064 4065//4065 3947//3947
f 3947//3947 4065//4065 3948//3948
f 4065//4065 4080//4080 3948//3948
f 3948//3948 4080//4080 3964//3964
f 4080//4080 4079//4079 3964//3964
f 3964//3964 4079//4079 3965//3965
f 4079//4079 4062//4062 3965//3965
f 3965//3965 4062//4062 3938//3938
f 4062//4062 4061//4061 3938//3938
f 3938//3938 4061//4061 3939//3939
f 4061//4061 4060//4060 3939//3939
f 3939//3939 4060//4060 3949//3949
f 4060//4060 4016//4016 3949//3949
f 3949//3949 4016//4016 3950//3950
f 4016//4016 4015//4015 3950//3950
f 3950//3950 4015//4015 3951//3951
f 4015//4015 4059//4059 3951//3951
f 3951//3951 4059//4059 3966//3966
f 4059//4059 4058//4058 3966//3966
f 3966//3966 4058//4058 3967//3967
f 4058//4058 4014//4014 3967//3967
f 3967//3967 4014//4014 3888//3888
f 4014//4014 4013//4013 3888//3888
f 3888//3888 4013//4013 3889//3889
f 4013//4013 4012//4012 3889//3889
f 3889//3889 4012//4012 3899//3899
f 4012//4012 4011//4011 3899//3899
f 3899//3899 4011//4011 3900//3900
f 4011//4011 4010//4010 3900//3900
f 3900//3900 4010//4010 3849//3849
f 4010//4010 4009//4009 3849//3849
f 3849//3849 4009//4009 3850//3850
f 4009//4009 4004//4004 3850//3850
f 3850//3850 4004//4004 3890//3890
f 4004//4004 4005//4005 3890//3890
f 3890//3890 4005//4005 3871//3871
f 4005//4005 4006//4006 3871//3871
f 3871//3871 4006//4006 3872//3872
f 4006//4006 3994//3994 3872//3872
f 3872//3872 3994//3994 3874//3874
f 3994//3994 3993//3993 3874//3874
f 3874//3874 3993//3993 3875//3875
f 3993//3993 3992//3992 3875//3875
f 3875//3875 3992//3992 3876//3876
f 3992//3992 3989//3989 3876//3876
f 3876//3876 3989//3989 3877//3877
f 3989//3989 3990//3990 3877//3877
f 3877//3877 3990//3990 3878//3878
f 3990//3990 3991//3991 3878//3878
f 4117//4117 4118//4118 4119//4119
f 4118//4118 4120//4120 4119//4119
f 4121//4121 4122//4122 4123//4123
f 4122//4122 4124//4124 4123//4123
f 4125//4125 4126//4126 4123//4123
f 4127//4127 4128//4128 4121//4121
f 4128//4128 4129//4129 4121//4121
f 4121//4121 4129//4129 4130//4130
f 4130//4130 4131//4131 4121//4121
f 4131//4131 4132//4132 4121//4121
f 4121//4121 4132//4132 4133//4133
f 4133//4133 4134//4134 4121//4121
f 4134//4134 4135//4135 4121//4121
f 4121//4121 4135//4135 4122//4122
f 4136//4136 4137//4137 4138//4138
f 4139//4139 4117//4117 4140//4140
f 4117//4117 4141//4141 4140//4140
f 4142//4142 4123//4123 4143//4143
f 4123//4123 4144//4144 4143//4143
f 4145//4145 4146//4146 4121//4121
f 4146//4146 4147//4147 4121//4121
f 4124//4124 4148//4148 4123//4123
f 4148//4148 4149//4149 4123//4123
f 4123//4123 4149//4149 4150//4150
f 4150//4150 4151//4151 4123//4123
f 4151//4151 4152//4152 4123//4123
f 4123//4123 4152//4152 4125//4125
f 4126//4126 4153//4153 4123//4123
f 4153//4153 4154//4154 4123//4123
f 4123//4123 4154//4154 4144//4144
f 4155//4155 4156//4156 4157//4157
f 4156//4156 4158//4158 4157//4157
f 4157//4157 4158//4158 4159//4159
f 4160//4160 4138//4138 4161//4161
f 4138//4138 4162//4162 4161//4161
f 4147//4147 4163//4163 4121//4121
f 4163//4163 4164//4164 4121//4121
f 4121//4121 4164//4164 4127//4127
f 4159//4159 4165//4165 4157//4157
f 4165//4165 4166//4166 4157//4157
f 4157//4157 4166//4166 4138//4138
f 4166//4166 4167//4167 4138//4138
f 4138//4138 4167//4167 4136//4136
f 4137//4137 4168//4168 4138//4138
f 4168//4168 4169//4169 4138//4138
f 4138//4138 4169//4169 4162//4162
f 4121//4121 4170//4170 4171//4171
f 4172//4172 4173//4173 4121//4121
f 4173//4173 4174//4174 4121//4121
f 4121//4121 4174//4174 4175//4175
f 4175//4175 4176//4176 4121//4121
f 4176//4176 4177//4177 4121//4121
f 4121//4121 4177//4177 4145//4145
f 4178//4178 4118//4118 4179//4179
f 4118//4118 4180//4180 4179//4179
f 4171//4171 4181//4181 4121//4121
f 4181//4181 4182//4182 4121//4121
f 4121//4121 4182//4182 4172//4172
f 4142//4142 4183//4183 4123//4123
f 4183//4183 4184//4184 4123//4123
f 4123//4123 4184//4184 4185//4185
f 4139//4139 4186//4186 4117//4117
f 4186//4186 4187//4187 4117//4117
f 4117//4117 4187//4187 4188//4188
f 4188//4188 4189//4189 4117//4117
f 4189//4189 4190//4190 4117//4117
f 4117//4117 4190//4190 4118//4118
f 4190//4190 4191//4191 4118//4118
f 4118//4118 4191//4191 4192//4192
f 4192//4192 4193//4193 4118//4118
f 4193//4193 4194//4194 4118//4118
f 4118//4118 4194//4194 4180//4180
f 4195//4195 4196//4196 4121//4121
f 4197//4197 4198//4198 4121//4121
f 4198//4198 4199//4199 4121//4121
f 4121//4121 4199//4199 4170//4170
f 4185//4185 4200//4200 4123//4123
f 4200//4200 4201//4201 4123//4123
f 4123//4123 4201//4201 4202//4202
f 4202//4202 4203//4203 4123//4123
f 4203//4203 4204//4204 4123//4123
f 4123//4123 4204//4204 4205//4205
f 4178//4178 4206//4206 4118//4118
f 4206//4206 4207//4207 4118//4118
f 4118//4118 4207//4207 4208//4208
f 4208//4208 4209//4209 4118//4118
f 4209//4209 4210//4210 4118//4118
f 4118//4118 4210//4210 4211//4211
f 4211//4211 4212//4212 4118//4118
f 4212//4212 4213//4213 4118//4118
f 4118//4118 4213//4213 4214//4214
f 4214//4214 4215//4215 4118//4118
f 4215//4215 4216//4216 4118//4118
f 4118//4118 4216//4216 4217//4217
f 4217//4217 4218//4218 4118//4118
f 4218//4218 4219//4219 4118//4118
f 4118//4118 4219//4219 4220//4220
f 4205//4205 4221//4221 4123//4123
f 4221//4221 4222//4222 4123//4123
f 4123//4123 4222//4222 4223//4223
f 4224//4224 4225//4225 4157//4157
f 4225//4225 4226//4226 4157//4157
f 4226//4226 4227//4227 4157//4157
f 4227//4227 4228//4228 4157//4157
f 4157//4157 4228//4228 4229//4229
f 4230//4230 4231//4231 4121//4121
f 4231//4231 4232//4232 4121//4121
f 4121//4121 4232//4232 4195//4195
f 4196//4196 4233//4233 4121//4121
f 4233//4233 4234//4234 4121//4121
f 4121//4121 4234//4234 4197//4197
f 4229//4229 4235//4235 4157//4157
f 4235//4235 4236//4236 4157//4157
f 4157//4157 4236//4236 4155//4155
f 4220//4220 4237//4237 4118//4118
f 4237//4237 4238//4238 4118//4118
f 4118//4118 4238//4238 4121//4121
f 4238//4238 4239//4239 4121//4121
f 4121//4121 4239//4239 4230//4230
f 4240//4240 4241//4241 4157//4157
f 4241//4241 4242//4242 4157//4157
f 4157//4157 4242//4242 4243//4243
f 4243//4243 4244//4244 4157//4157
f 4244//4244 4245//4245 4157//4157
f 4157//4157 4245//4245 4224//4224
f 4223//4223 4246//4246 4123//4123
f 4246//4246 4247//4247 4123//4123
f 4123//4123 4247//4247 4248//4248
f 4248//4248 4249//4249 4123//4123
f 4249//4249 4250//4250 4123//4123
f 4123//4123 4250//4250 4251//4251
f 4251//4251 4252//4252 4123//4123
f 4252//4252 4253//4253 4123//4123
f 4123//4123 4253//4253 4254//4254
f 4255//4255 4256//4256 4157//4157
f 4256//4256 4257//4257 4157//4157
f 4157//4157 4257//4257 4240//4240
f 4254//4254 4258//4258 4123//4123
f 4258//4258 4259//4259 4123//4123
f 4123//4123 4259//4259 4157//4157
f 4259//4259 4260//4260 4157//4157
f 4157//4157 4260//4260 4255//4255
f 3835//3835 3848//3848 4261//4261
f 3848//3848 4262//4262 4261//4261
f 4263//4263 3559//3559 2959//2959
f 3559//3559 2960//2960 2959//2959
f 3557//3557 4263//4263 2988//2988
f 4263//4263 2959//2959 2988//2988
f 3557//3557 3393//3393 4263//4263
f 3393//3393 3392//3392 4263//4263
f 4263//4263 3392//3392 3559//3559
f 4264//4264 3552//3552 2956//2956
f 3552//3552 2957//2957 2956//2956
f 3553//3553 4264//4264 3084//3084
f 4264//4264 2956//2956 3084//3084
f 3552//3552 4264//4264 3554//3554
f 4264//4264 3553//3553 3554//3554
f 4265//4265 3550//3550 3078//3078
f 3550//3550 3081//3081 3078//3078
f 3545//3545 4265//4265 3077//3077
f 4265//4265 3078//3078 3077//3077
f 3545//3545 3546//3546 4265//4265
f 3546//3546 3551//3551 4265//4265
f 4265//4265 3551//3551 3550//3550
f 4266//4266 3543//3543 2965//2965
f 3543//3543 3074//3074 2965//2965
f 3538//3538 4266//4266 3069//3069
f 4266//4266 2965//2965 3069//3069
f 3538//3538 3539//3539 4266//4266
f 3539//3539 3544//3544 4266//4266
f 4266//4266 3544//3544 3543//3543
f 4267//4267 3536//3536 3068//3068
f 3536//3536 3071//3071 3068//3068
f 3531//3531 4267//4267 3067//3067
f 4267//4267 3068//3068 3067//3067
f 3531//3531 3532//3532 4267//4267
f 3532//3532 3537//3537 4267//4267
f 4267//4267 3537//3537 3536//3536
f 4268//4268 3529//3529 3018//3018
f 3529//3529 3019//3019 3018//3018
f 3524//3524 4268//4268 3154//3154
f 4268//4268 3018//3018 3154//3154
f 3524//3524 3525//3525 4268//4268
f 3525//3525 3530//3530 4268//4268
f 4268//4268 3530//3530 3529//3529
f 4269//4269 3522//3522 3149//3149
f 3522//3522 3148//3148 3149//3149
f 3520//3520 4269//4269 3150//3150
f 4269//4269 3149//3149 3150//3150
f 3520//3520 3396//3396 4269//4269
f 3396//3396 3395//3395 4269//4269
f 4269//4269 3395//3395 3522//3522
f 4270//4270 3518//3518 3138//3138
f 3518//3518 3136//3136 3138//3138
f 3516//3516 4270//4270 3140//3140
f 4270//4270 3138//3138 3140//3140
f 3516//3516 3399//3399 4270//4270
f 3399//3399 3398//3398 4270//4270
f 4270//4270 3398//3398 3518//3518
f 4271//4271 3514//3514 2977//2977
f 3514//3514 2978//2978 2977//2977
f 3512//3512 4271//4271 3144//3144
f 4271//4271 2977//2977 3144//3144
f 3512//3512 3402//3402 4271//4271
f 3402//3402 3401//3401 4271//4271
f 4271//4271 3401//3401 3514//3514
f 4272//4272 3507//3507 3015//3015
f 3507//3507 3016//3016 3015//3015
f 3508//3508 4272//4272 3135//3135
f 4272//4272 3015//3015 3135//3135
f 3507//3507 4272//4272 3509//3509
f 4272//4272 3508//3508 3509//3509
f 4273//4273 3505//3505 3133//3133
f 3505//3505 3132//3132 3133//3133
f 3500//3500 4273//4273 3210//3210
f 4273//4273 3133//3133 3210//3210
f 3500//3500 3501//3501 4273//4273
f 3501//3501 3506//3506 4273//4273
f 4273//4273 3506//3506 3505//3505
f 4274//4274 3498//3498 3199//3199
f 3498//3498 3207//3207 3199//3199
f 3493//3493 4274//4274 3198//3198
f 4274//4274 3199//3199 3198//3198
f 3493//3493 3494//3494 4274//4274
f 3494//3494 3499//3499 4274//4274
f 4274//4274 3499//3499 3498//3498
f 4275//4275 3491//3491 3124//3124
f 3491//3491 3202//3202 3124//3124
f 3486//3486 4275//4275 3123//3123
f 4275//4275 3124//3124 3123//3123
f 3486//3486 3487//3487 4275//4275
f 3487//3487 3492//3492 4275//4275
f 4275//4275 3492//3492 3491//3491
f 4276//4276 3484//3484 3063//3063
f 3484//3484 3127//3127 3063//3063
f 3479//3479 4276//4276 3062//3062
f 4276//4276 3063//3063 3062//3062
f 3479//3479 3480//3480 4276//4276
f 3480//3480 3485//3485 4276//4276
f 4276//4276 3485//3485 3484//3484
f 3441//3441 3442//3442 4277//4277
f 3442//3442 3447//3447 4277//4277
f 4277//4277 3447//3447 3446//3446
f 4278//4278 3439//3439 3187//3187
f 3439//3439 3195//3195 3187//3187
f 3434//3434 4278//4278 3186//3186
f 4278//4278 3187//3187 3186//3186
f 3434//3434 3435//3435 4278//4278
f 3435//3435 3440//3440 4278//4278
f 4278//4278 3440//3440 3439//3439
f 4279//4279 3432//3432 3101//3101
f 3432//3432 3190//3190 3101//3101
f 3427//3427 4279//4279 3100//3100
f 4279//4279 3101//3101 3100//3100
f 3427//3427 3428//3428 4279//4279
f 3428//3428 3433//3433 4279//4279
f 4279//4279 3433//3433 3432//3432
f 4280//4280 3425//3425 3238//3238
f 3425//3425 3237//3237 3238//3238
f 3423//3423 4280//4280 3239//3239
f 4280//4280 3238//3238 3239//3239
f 3423//3423 3414//3414 4280//4280
f 3414//3414 3413//3413 4280//4280
f 4280//4280 3413//3413 3425//3425
f 3699//3699 4281//4281 3273//3273
f 4281//4281 3183//3183 3273//3273
f 3699//3699 3366//3366 4281//4281
f 3366//3366 3365//3365 4281//4281
f 4281//4281 3365//3365 3701//3701
f 4281//4281 3701//3701 3183//3183
f 3701//3701 3184//3184 3183//3183
f 3416//3416 3415//3415 4282//4282
f 3415//3415 3420//3420 4282//4282
f 4282//4282 3420//3420 3421//3421
f 3416//3416 4282//4282 3269//3269
f 4282//4282 3268//3268 3269//3269
f 4282//4282 3421//3421 3268//3268
f 3421//3421 3267//3267 3268//3268
f 3441//3441 4277//4277 3193//3193
f 4277//4277 3109//3109 3193//3193
f 4277//4277 3446//3446 3109//3109
f 3446//3446 3107//3107 3109//3109
f 3448//3448 3449//3449 4283//4283
f 3449//3449 3454//3454 4283//4283
f 4283//4283 3454//3454 3453//3453
f 3448//3448 4283//4283 3112//3112
f 4283//4283 3009//3009 3112//3112
f 4283//4283 3453//3453 3009//3009
f 3453//3453 3008//3008 3009//3009
f 3455//3455 4284//4284 3457//3457
f 4284//4284 3456//3456 3457//3457
f 3456//3456 4284//4284 3011//3011
f 4284//4284 2962//2962 3011//3011
f 4284//4284 3455//3455 2962//2962
f 3455//3455 2963//2963 2962//2962
f 3460//3460 3411//3411 4285//4285
f 3411//3411 3410//3410 4285//4285
f 4285//4285 3410//3410 3462//3462
f 3460//3460 4285//4285 3055//3055
f 4285//4285 2968//2968 3055//3055
f 4285//4285 3462//3462 2968//2968
f 3462//3462 2969//2969 2968//2968
f 3464//3464 3408//3408 4286//4286
f 3408//3408 3407//3407 4286//4286
f 4286//4286 3407//3407 3466//3466
f 3464//3464 4286//4286 3051//3051
f 4286//4286 3049//3049 3051//3051
f 4286//4286 3466//3466 3049//3049
f 3466//3466 3047//3047 3049//3049
f 3468//3468 3405//3405 4287//4287
f 3405//3405 3404//3404 4287//4287
f 4287//4287 3404//3404 3470//3470
f 3468//3468 4287//4287 3116//3116
f 4287//4287 3115//3115 3116//3116
f 4287//4287 3470//3470 3115//3115
f 3470//3470 3114//3114 3115//3115
f 3472//3472 3473//3473 4288//4288
f 3473//3473 3478//3478 4288//4288
f 4288//4288 3478//3478 3477//3477
f 3472//3472 4288//4288 3120//3120
f 4288//4288 3012//3012 3120//3120
f 4288//4288 3477//3477 3012//3012
f 3477//3477 3013//3013 3012//3012
f 3561//3561 3390//3390 4289//4289
f 3390//3390 3389//3389 4289//4289
f 4289//4289 3389//3389 3563//3563
f 3561//3561 4289//4289 2984//2984
f 4289//4289 2982//2982 2984//2984
f 4289//4289 3563//3563 2982//2982
f 3563//3563 2980//2980 2982//2982
f 3565//3565 3387//3387 4290//4290
f 3387//3387 3386//3386 4290//4290
f 4290//4290 3386//3386 3567//3567
f 3565//3565 4290//4290 3090//3090
f 4290//4290 3088//3088 3090//3090
f 4290//4290 3567//3567 3088//3088
f 3567//3567 3086//3086 3088//3088
f 3569//3569 3570//3570 4291//4291
f 3570//3570 3575//3575 4291//4291
f 4291//4291 3575//3575 3574//3574
f 3569//3569 4291//4291 3160//3160
f 4291//4291 3159//3159 3160//3160
f 4291//4291 3574//3574 3159//3159
f 3574//3574 3158//3158 3159//3159
f 3576//3576 3577//3577 4292//4292
f 3577//3577 3582//3582 4292//4292
f 4292//4292 3582//3582 3581//3581
f 3576//3576 4292//4292 3164//3164
f 4292//4292 3021//3021 3164//3164
f 4292//4292 3581//3581 3021//3021
f 3581//3581 3022//3022 3021//3021
f 3583//3583 3584//3584 4293//4293
f 3584//3584 3589//3589 4293//4293
f 4293//4293 3589//3589 3588//3588
f 3583//3583 4293//4293 3096//3096
f 4293//4293 3097//3097 3096//3096
f 4293//4293 3588//3588 3097//3097
f 3588//3588 3214//3214 3097//3097
f 3590//3590 3591//3591 4294//4294
f 3591//3591 3596//3596 4294//4294
f 4294//4294 3596//3596 3595//3595
f 3590//3590 4294//4294 3217//3217
f 4294//4294 3218//3218 3217//3217
f 4294//4294 3595//3595 3218//3218
f 3595//3595 3245//3245 3218//3218
f 3597//3597 4295//4295 3599//3599
f 4295//4295 3598//3598 3599//3599
f 3598//3598 4295//4295 3248//3248
f 4295//4295 3249//3249 3248//3248
f 4295//4295 3597//3597 3249//3249
f 3597//3597 3250//3250 3249//3249
f 3602//3602 3384//3384 4296//4296
f 3384//3384 3383//3383 4296//4296
f 4296//4296 3383//3383 3604//3604
f 3602//3602 4296//4296 3320//3320
f 4296//4296 3277//3277 3320//3320
f 4296//4296 3604//3604 3277//3277
f 3604//3604 3278//3278 3277//3277
f 3606//3606 3381//3381 4297//4297
f 3381//3381 3380//3380 4297//4297
f 4297//4297 3380//3380 3608//3608
f 3606//3606 4297//4297 3317//3317
f 4297//4297 3252//3252 3317//3317
f 4297//4297 3608//3608 3252//3252
f 3608//3608 3253//3253 3252//3252
f 3610//3610 3378//3378 4298//4298
f 3378//3378 3377//3377 4298//4298
f 4298//4298 3377//3377 3612//3612
f 3610//3610 4298//4298 3327//3327
f 4298//4298 3255//3255 3327//3327
f 4298//4298 3612//3612 3255//3255
f 3612//3612 3256//3256 3255//3255
f 3614//3614 3615//3615 4299//4299
f 3615//3615 3620//3620 4299//4299
f 4299//4299 3620//3620 3619//3619
f 3614//3614 4299//4299 3346//3346
f 4299//4299 3098//3098 3346//3346
f 4299//4299 3619//3619 3098//3098
f 3619//3619 3099//3099 3098//3098
f 3621//3621 3622//3622 4300//4300
f 3622//3622 3627//3627 4300//4300
f 4300//4300 3627//3627 3626//3626
f 3621//3621 4300//4300 3220//3220
f 4300//4300 3167//3167 3220//3220
f 4300//4300 3626//3626 3167//3167
f 3626//3626 3258//3258 3167//3167
f 3628//3628 3629//3629 4301//4301
f 3629//3629 3634//3634 4301//4301
f 4301//4301 3634//3634 3633//3633
f 3628//3628 4301//4301 3287//3287
f 4301//4301 3260//3260 3287//3287
f 4301//4301 3633//3633 3260//3260
f 3633//3633 3261//3261 3260//3260
f 3635//3635 3636//3636 4302//4302
f 3636//3636 3641//3641 4302//4302
f 4302//4302 3641//3641 3640//3640
f 3635//3635 4302//4302 3293//3293
f 4302//4302 3264//3264 3293//3293
f 4302//4302 3640//3640 3264//3264
f 3640//3640 3170//3170 3264//3264
f 3642//3642 3643//3643 4303//4303
f 3643//3643 3648//3648 4303//4303
f 4303//4303 3648//3648 3647//3647
f 3642//3642 4303//4303 3222//3222
f 4303//4303 3177//3177 3222//3222
f 4303//4303 3647//3647 3177//3177
f 3647//3647 3175//3175 3177//3177
f 3649//3649 4304//4304 3651//3651
f 4304//4304 3650//3650 3651//3651
f 3650//3650 4304//4304 3178//3178
f 4304//4304 2993//2993 3178//3178
f 4304//4304 3649//3649 2993//2993
f 3649//3649 2991//2991 2993//2993
f 3654//3654 3375//3375 4305//4305
f 3375//3375 3374//3374 4305//4305
f 4305//4305 3374//3374 3656//3656
f 3654//3654 4305//4305 3028//3028
f 4305//4305 2971//2971 3028//3028
f 4305//4305 3656//3656 2971//2971
f 3656//3656 2972//2972 2971//2971
f 3658//3658 3372//3372 4306//4306
f 3372//3372 3371//3371 4306//4306
f 4306//4306 3371//3371 3660//3660
f 3658//3658 4306//4306 3032//3032
f 4306//4306 2974//2974 3032//3032
f 4306//4306 3660//3660 2974//2974
f 3660//3660 2975//2975 2974//2974
f 3662//3662 3369//3369 4307//4307
f 3369//3369 3368//3368 4307//4307
f 4307//4307 3368//3368 3664//3664
f 3662//3662 4307//4307 2995//2995
f 4307//4307 2996//2996 2995//2995
f 4307//4307 3664//3664 2996//2996
f 3664//3664 3039//3039 2996//2996
f 3666//3666 3667//3667 4308//4308
f 3667//3667 3672//3672 4308//4308
f 4308//4308 3672//3672 3671//3671
f 3666//3666 4308//4308 3035//3035
f 4308//4308 3036//3036 3035//3035
f 4308//4308 3671//3671 3036//3036
f 3671//3671 3044//3044 3036//3036
f 3673//3673 3674//3674 4309//4309
f 3674//3674 3679//3679 4309//4309
f 4309//4309 3679//3679 3678//3678
f 3673//3673 4309//4309 3042//3042
f 4309//4309 3003//3003 3042//3042
f 4309//4309 3678//3678 3003//3003
f 3678//3678 3001//3001 3003//3003
f 3680//3680 3681//3681 4310//4310
f 3681//3681 3686//3686 4310//4310
f 4310//4310 3686//3686 3685//3685
f 3680//3680 4310//4310 2997//2997
f 4310//4310 2998//2998 2997//2997
f 4310//4310 3685//3685 2998//2998
f 3685//3685 3226//3226 2998//2998
f 3687//3687 3688//3688 4311//4311
f 3688//3688 3693//3693 4311//4311
f 4311//4311 3693//3693 3692//3692
f 3687//3687 4311//4311 3229//3229
f 4311//4311 3230//3230 3229//3229
f 4311//4311 3692//3692 3230//3230
f 3692//3692 3233//3233 3230//3230
f 3694//3694 4312//4312 3696//3696
f 4312//4312 3695//3695 3696//3696
f 3695//3695 4312//4312 3236//3236
f 4312//4312 3180//3180 3236//3236
f 4312//4312 3694//3694 3180//3180
f 3694//3694 3181//3181 3180//3180
f 3558//3558 3556//3556 4313//4313
f 3556//3556 3555//3555 4313//4313
f 4313//4313 3555//3555 3549//3549
f 3562//3562 3560//3560 4313//4313
f 3560//3560 3391//3391 4313//4313
f 4313//4313 3391//3391 3558//3558
f 3566//3566 3564//3564 4313//4313
f 3564//3564 3388//3388 4313//4313
f 4313//4313 3388//3388 3562//3562
f 3571//3571 3568//3568 4313//4313
f 3568//3568 3385//3385 4313//4313
f 4313//4313 3385//3385 3566//3566
f 3578//3578 3573//3573 4313//4313
f 3573//3573 3572//3572 4313//4313
f 4313//4313 3572//3572 3571//3571
f 3585//3585 3580//3580 4313//4313
f 3580//3580 3579//3579 4313//4313
f 4313//4313 3579//3579 3578//3578
f 3592//3592 3587//3587 4313//4313
f 3587//3587 3586//3586 4313//4313
f 4313//4313 3586//3586 3585//3585
f 3600//3600 3594//3594 4313//4313
f 3594//3594 3593//3593 4313//4313
f 4313//4313 3593//3593 3592//3592
f 3382//3382 3603//3603 4313//4313
f 3603//3603 3601//3601 4313//4313
f 4313//4313 3601//3601 3600//3600
f 3379//3379 3607//3607 4313//4313
f 3607//3607 3605//3605 4313//4313
f 4313//4313 3605//3605 3382//3382
f 3376//3376 3611//3611 4313//4313
f 3611//3611 3609//3609 4313//4313
f 4313//4313 3609//3609 3379//3379
f 3617//3617 3616//3616 4313//4313
f 3616//3616 3613//3613 4313//4313
f 4313//4313 3613//3613 3376//3376
f 3624//3624 3623//3623 4313//4313
f 3623//3623 3618//3618 4313//4313
f 4313//4313 3618//3618 3617//3617
f 3631//3631 3630//3630 4313//4313
f 3630//3630 3625//3625 4313//4313
f 4313//4313 3625//3625 3624//3624
f 3638//3638 3637//3637 4313//4313
f 3637//3637 3632//3632 4313//4313
f 4313//4313 3632//3632 3631//3631
f 3645//3645 3644//3644 4313//4313
f 3644//3644 3639//3639 4313//4313
f 4313//4313 3639//3639 3638//3638
f 3653//3653 3652//3652 4313//4313
f 3652//3652 3646//3646 4313//4313
f 4313//4313 3646//3646 3645//3645
f 3657//3657 3373//3373 4313//4313
f 3373//3373 3655//3655 4313//4313
f 4313//4313 3655//3655 3653//3653
f 3661//3661 3370//3370 4313//4313
f 3370//3370 3659//3659 4313//4313
f 4313//4313 3659//3659 3657//3657
f 3665//3665 3367//3367 4313//4313
f 3367//3367 3663//3663 4313//4313
f 4313//4313 3663//3663 3661//3661
f 3670//3670 3669//3669 4313//4313
f 3669//3669 3668//3668 4313//4313
f 4313//4313 3668//3668 3665//3665
f 3677//3677 3676//3676 4313//4313
f 3676//3676 3675//3675 4313//4313
f 4313//4313 3675//3675 3670//3670
f 3684//3684 3683//3683 4313//4313
f 3683//3683 3682//3682 4313//4313
f 4313//4313 3682//3682 3677//3677
f 3691//3691 3690//3690 4313//4313
f 3690//3690 3689//3689 4313//4313
f 4313//4313 3689//3689 3684//3684
f 3700//3700 3698//3698 4313//4313
f 3698//3698 3697//3697 4313//4313
f 4313//4313 3697//3697 3691//3691
f 3418//3418 3417//3417 4313//4313
f 3417//3417 3364//3364 4313//4313
f 4313//4313 3364//3364 3700//3700
f 3424//3424 3422//3422 4313//4313
f 3422//3422 3419//3419 4313//4313
f 4313//4313 3419//3419 3418//3418
f 3429//3429 3426//3426 4313//4313
f 3426//3426 3412//3412 4313//4313
f 4313//4313 3412//3412 3424//3424
f 3436//3436 3431//3431 4313//4313
f 3431//3431 3430//3430 4313//4313
f 4313//4313 3430//3430 3429//3429
f 3443//3443 3438//3438 4313//4313
f 3438//3438 3437//3437 4313//4313
f 4313//4313 3437//3437 3436//3436
f 3450//3450 3445//3445 4313//4313
f 3445//3445 3444//3444 4313//4313
f 4313//4313 3444//3444 3443//3443
f 3458//3458 3452//3452 4313//4313
f 3452//3452 3451//3451 4313//4313
f 4313//4313 3451//3451 3450//3450
f 3409//3409 3461//3461 4313//4313
f 3461//3461 3459//3459 4313//4313
f 4313//4313 3459//3459 3458//3458
f 3406//3406 3465//3465 4313//4313
f 3465//3465 3463//3463 4313//4313
f 4313//4313 3463//3463 3409//3409
f 3403//3403 3469//3469 4313//4313
f 3469//3469 3467//3467 4313//4313
f 4313//4313 3467//3467 3406//3406
f 3475//3475 3474//3474 4313//4313
f 3474//3474 3471//3471 4313//4313
f 4313//4313 3471//3471 3403//3403
f 3482//3482 3481//3481 4313//4313
f 3481//3481 3476//3476 4313//4313
f 4313//4313 3476//3476 3475//3475
f 3489//3489 3488//3488 4313//4313
f 3488//3488 3483//3483 4313//4313
f 4313//4313 3483//3483 3482//3482
f 3496//3496 3495//3495 4313//4313
f 3495//3495 3490//3490 4313//4313
f 4313//4313 3490//3490 3489//3489
f 3503//3503 3502//3502 4313//4313
f 3502//3502 3497//3497 4313//4313
f 4313//4313 3497//3497 3496//3496
f 3511//3511 3510//3510 4313//4313
f 3510//3510 3504//3504 4313//4313
f 4313//4313 3504//3504 3503//3503
f 3515//3515 3400//3400 4313//4313
f 3400//3400 3513//3513 4313//4313
f 4313//4313 3513//3513 3511//3511
f 3519//3519 3397//3397 4313//4313
f 3397//3397 3517//3517 4313//4313
f 4313//4313 3517//3517 3515//3515
f 3523//3523 3394//3394 4313//4313
f 3394//3394 3521//3521 4313//4313
f 4313//4313 3521//3521 3519//3519
f 3528//3528 3527//3527 4313//4313
f 3527//3527 3526//3526 4313//4313
f 4313//4313 3526//3526 3523//3523
f 3535//3535 3534//3534 4313//4313
f 3534//3534 3533//3533 4313//4313
f 4313//4313 3533//3533 3528//3528
f 3542//3542 3541//3541 4313//4313
f 3541//3541 3540//3540 4313//4313
f 4313//4313 3540//3540 3535//3535
f 3549//3549 3548//3548 4313//4313
f 3548//3548 3547//3547 4313//4313
f 4313//4313 3547//3547 3542//3542
f 3172//3172 3830//3830 4314//4314
f 3172//3172 4314//4314 3314//3314
f 4314//4314 4315//4315 3314//3314
f 3314//3314 4315//4315 3297//3297
f 4315//4315 4316//4316 3297//3297
f 3297//3297 4316//4316 3298//3298
f 4316//4316 4317//4317 3298//3298
f 3298//3298 4317//4317 3333//3333
f 4317//4317 4318//4318 3333//3333
f 3333//3333 4318//4318 3334//3334
f 4318//4318 4319//4319 3334//3334
f 3334//3334 4319//4319 3315//3315
f 4319//4319 4320//4320 3315//3315
f 3315//3315 4320//4320 3316//3316
f 4320//4320 4321//4321 3316//3316
f 3316//3316 4321//4321 3335//3335
f 4321//4321 4322//4322 3335//3335
f 3335//3335 4322//4322 3336//3336
f 4322//4322 4323//4323 3336//3336
f 3336//3336 4323//4323 3266//3266
f 4323//4323 4324//4324 3266//3266
f 3266//3266 4324//4324 3265//3265
f 4324//4324 4325//4325 3265//3265
f 3265//3265 4325//4325 3263//3263
f 4325//4325 4326//4326 3263//3263
f 3263//3263 4326//4326 3311//3311
f 4326//4326 4327//4327 3311//3311
f 3311//3311 4327//4327 3312//3312
f 4327//4327 4328//4328 3312//3312
f 3312//3312 4328//4328 3313//3313
f 4328//4328 4329//4329 3313//3313
f 3313//3313 4329//4329 3294//3294
f 4329//4329 4330//4330 3294//3294
f 3294//3294 4330//4330 3295//3295
f 4330//4330 4331//4331 3295//3295
f 3295//3295 4331//4331 3296//3296
f 4331//4331 4332//4332 3296//3296
f 3296//3296 4332//4332 3308//3308
f 4332//4332 4333//4333 3308//3308
f 3308//3308 4333//4333 3309//3309
f 4333//4333 4334//4334 3309//3309
f 3309//3309 4334//4334 3310//3310
f 4334//4334 4335//4335 3310//3310
f 3310//3310 4335//4335 3292//3292
f 4335//4335 4336//4336 3292//3292
f 3292//3292 4336//4336 3291//3291
f 4336//4336 4337//4337 3291//3291
f 3291//3291 4337//4337 3290//3290
f 4337//4337 4338//4338 3290//3290
f 3290//3290 4338//4338 3305//3305
f 4338//4338 4339//4339 3305//3305
f 3305//3305 4339//4339 3306//3306
f 4339//4339 4340//4340 3306//3306
f 3306//3306 4340//4340 3307//3307
f 4340//4340 4341//4341 3307//3307
f 3307//3307 4341//4341 3288//3288
f 4341//4341 4342//4342 3288//3288
f 3288//3288 4342//4342 3289//3289
f 4342//4342 4343//4343 3289//3289
f 3289//3289 4343//4343 3302//3302
f 4343//4343 4344//4344 3302//3302
f 3302//3302 4344//4344 3303//3303
f 4344//4344 4345//4345 3303//3303
f 3303//3303 4345//4345 3304//3304
f 4345//4345 4346//4346 3304//3304
f 3304//3304 4346//4346 3284//3284
f 4346//4346 4347//4347 3284//3284
f 3284//3284 4347//4347 3285//3285
f 4347//4347 4348//4348 3285//3285
f 3285//3285 4348//4348 3286//3286
f 4348//4348 4349//4349 3286//3286
f 3286//3286 4349//4349 3168//3168
f 4349//4349 4350//4350 3168//3168
f 3168//3168 4350//4350 3169//3169
f 4350//4350 4351//4351 3169//3169
f 3169//3169 4351//4351 3283//3283
f 4351//4351 4352//4352 3283//3283
f 3283//3283 4352//4352 3221//3221
f 4352//4352 4353//4353 3221//3221
f 3221//3221 4353//4353 3024//3024
f 4353//4353 4354//4354 3024//3024
f 3024//3024 4354//4354 3025//3025
f 4354//4354 4355//4355 3025//3025
f 3025//3025 4355//4355 3280//3280
f 4355//4355 4356//4356 3280//3280
f 3280//3280 4356//4356 3281//3281
f 4356//4356 4357//4357 3281//3281
f 3281//3281 4357//4357 3282//3282
f 4357//4357 4358//4358 3282//3282
f 3282//3282 4358//4358 3330//3330
f 4358//4358 4359//4359 3330//3330
f 3330//3330 4359//4359 3331//3331
f 4359//4359 4360//4360 3331//3331
f 3331//3331 4360//4360 3332//3332
f 4360//4360 4361//4361 3332//3332
f 3332//3332 4361//4361 3299//3299
f 4361//4361 4362//4362 3299//3299
f 3299//3299 4362//4362 3300//3300
f 4362//4362 4363//4363 3300//3300
f 3300//3300 4363//4363 3301//3301
f 4363//4363 4364//4364 3301//3301
f 3301//3301 4364//4364 3359//3359
f 4364//4364 4365//4365 3359//3359
f 3359//3359 4365//4365 3360//3360
f 4365//4365 4366//4366 3360//3360
f 3360//3360 4366//4366 3361//3361
f 4366//4366 4367//4367 3361//3361
f 3361//3361 4367//4367 3328//3328
f 4367//4367 4368//4368 3328//3328
f 3328//3328 4368//4368 3329//3329
f 4368//4368 4369//4369 3329//3329
f 3329//3329 4369//4369 3343//3343
f 4369//4369 4370//4370 3343//3343
f 3343//3343 4370//4370 3344//3344
f 4370//4370 4371//4371 3344//3344
f 3344//3344 4371//4371 3345//3345
f 4371//4371 4372//4372 3345//3345
f 3345//3345 4372//4372 3326//3326
f 4372//4372 4373//4373 3326//3326
f 3326//3326 4373//4373 3325//3325
f 4373//4373 4374//4374 3325//3325
f 3325//3325 4374//4374 3324//3324
f 4374//4374 4375//4375 3324//3324
f 3324//3324 4375//4375 3340//3340
f 4375//4375 4376//4376 3340//3340
f 3340//3340 4376//4376 3341//3341
f 4376//4376 4377//4377 3341//3341
f 3341//3341 4377//4377 3342//3342
f 4377//4377 4378//4378 3342//3342
f 3342//3342 4378//4378 3337//3337
f 4378//4378 4379//4379 3337//3337
f 3337//3337 4379//4379 3338//3338
f 4379//4379 4380//4380 3338//3338
f 3338//3338 4380//4380 3339//3339
f 4380//4380 4381//4381 3339//3339
f 3339//3339 4381//4381 3347//3347
f 4381//4381 4382//4382 3347//3347
f 3347//3347 4382//4382 3348//3348
f 4382//4382 4383//4383 3348//3348
f 3348//3348 4383//4383 3349//3349
f 4383//4383 4384//4384 3349//3349
f 3349//3349 4384//4384 3350//3350
f 4384//4384 4385//4385 3350//3350
f 3350//3350 4385//4385 3362//3362
f 4385//4385 4386//4386 3362//3362
f 3362//3362 4386//4386 3363//3363
f 4386//4386 4387//4387 3363//3363
f 3363//3363 4387//4387 3353//3353
f 4387//4387 4388//4388 3353//3353
f 3353//3353 4388//4388 3352//3352
f 4388//4388 4389//4389 3352//3352
f 3352//3352 4389//4389 3351//3351
f 4389//4389 4390//4390 3351//3351
f 3351//3351 4390//4390 3354//3354
f 4390//4390 4391//4391 3354//3354
f 3354//3354 4391//4391 3355//3355
f 4391//4391 4392//4392 3355//3355
f 3355//3355 4392//4392 3356//3356
f 4392//4392 4393//4393 3356//3356
f 3356//3356 4393//4393 3357//3357
f 4393//4393 4394//4394 3357//3357
f 3357//3357 4394//4394 3358//3358
f 4394//4394 3702//3702 3358//3358
f 3358//3358 3702//3702 3318//3318
f 3878//3878 3991//3991 3873//3873
f 3991//3991 3976//3976 3873//3873
f 4001//4001 3839//3839 3978//3978
f 3839//3839 3837//3837 3978//3978
f 4141//4141 4117//4117 4395//4395
f 4117//4117 4119//4119 4395//4395
f 4396//4396 4397//4397 4160//4160
f 4397//4397 4138//4138 4160//4160
f 4396//4396 4160//4160 4398//4398
f 4160//4160 4161//4161 4398//4398
f 4398//4398 4161//4161 4399//4399
f 4161//4161 4162//4162 4399//4399
f 4399//4399 4162//4162 4400//4400
f 4162//4162 4169//4169 4400//4400
f 4400//4400 4169//4169 4401//4401
f 4169//4169 4168//4168 4401//4401
f 4401//4401 4168//4168 4402//4402
f 4168//4168 4137//4137 4402//4402
f 4402//4402 4137//4137 4403//4403
f 4137//4137 4136//4136 4403//4403
f 4403//4403 4136//4136 4404//4404
f 4136//4136 4167//4167 4404//4404
f 4404//4404 4167//4167 4405//4405
f 4167//4167 4166//4166 4405//4405
f 4405//4405 4166//4166 4406//4406
f 4166//4166 4165//4165 4406//4406
f 4406//4406 4165//4165 4407//4407
f 4165//4165 4159//4159 4407//4407
f 4407//4407 4159//4159 4408//4408
f 4159//4159 4158//4158 4408//4408
f 4408//4408 4158//4158 4409//4409
f 4158//4158 4156//4156 4409//4409
f 4409//4409 4156//4156 4410//4410
f 4156//4156 4155//4155 4410//4410
f 4410//4410 4155//4155 4411//4411
f 4155//4155 4236//4236 4411//4411
f 4411//4411 4236//4236 4412//4412
f 4236//4236 4235//4235 4412//4412
f 4412//4412 4235//4235 4413//4413
f 4235//4235 4229//4229 4413//4413
f 4413//4413 4229//4229 4414//4414
f 4229//4229 4228//4228 4414//4414
f 4414//4414 4228//4228 4415//4415
f 4228//4228 4227//4227 4415//4415
f 4415//4415 4227//4227 4416//4416
f 4227//4227 4226//4226 4416//4416
f 4416//4416 4226//4226 4417//4417
f 4226//4226 4225//4225 4417//4417
f 4417//4417 4225//4225 4418//4418
f 4225//4225 4224//4224 4418//4418
f 4418//4418 4224//4224 4419//4419
f 4224//4224 4245//4245 4419//4419
f 4419//4419 4245//4245 4420//4420
f 4245//4245 4244//4244 4420//4420
f 4420//4420 4244//4244 4421//4421
f 4244//4244 4243//4243 4421//4421
f 4421//4421 4243//4243 4422//4422
f 4243//4243 4242//4242 4422//4422
f 4422//4422 4242//4242 4423//4423
f 4242//4242 4241//4241 4423//4423
f 4423//4423 4241//4241 4424//4424
f 4241//4241 4240//4240 4424//4424
f 4424//4424 4240//4240 4425//4425
f 4240//4240 4257//4257 4425//4425
f 4425//4425 4257//4257 4426//4426
f 4257//4257 4256//4256 4426//4426
f 4426//4426 4256//4256 4427//4427
f 4256//4256 4255//4255 4427//4427
f 4427//4427 4255//4255 4428//4428
f 4255//4255 4260//4260 4428//4428
f 4428//4428 4260//4260 4429//4429
f 4260//4260 4259//4259 4429//4429
f 4429//4429 4259//4259 4430//4430
f 4259//4259 4258//4258 4430//4430
f 4430//4430 4258//4258 4431//4431
f 4258//4258 4254//4254 4431//4431
f 4431//4431 4254//4254 4432//4432
f 4254//4254 4253//4253 4432//4432
f 4432//4432 4253//4253 4433//4433
f 4253//4253 4252//4252 4433//4433
f 4433//4433 4252//4252 4434//4434
f 4252//4252 4251//4251 4434//4434
f 4434//4434 4251//4251 4435//4435
f 4251//4251 4250//4250 4435//4435
f 4435//4435 4250//4250 4436//4436
f 4250//4250 4249//4249 4436//4436
f 4436//4436 4249//4249 4437//4437
f 4249//4249 4248//4248 4437//4437
f 4437//4437 4248//4248 4438//4438
f 4248//4248 4247//4247 4438//4438
f 4438//4438 4247//4247 4439//4439
f 4247//4247 4246//4246 4439//4439
f 4439//4439 4246//4246 4440//4440
f 4246//4246 4223//4223 4440//4440
f 4440//4440 4223//4223 4441//4441
f 4223//4223 4222//4222 4441//4441
f 4441//4441 4222//4222 4442//4442
f 4222//4222 4221//4221 4442//4442
f 4442//4442 4221//4221 4443//4443
f 4221//4221 4205//4205 4443//4443
f 4443//4443 4205//4205 4444//4444
f 4205//4205 4204//4204 4444//4444
f 4444//4444 4204//4204 4445//4445
f 4204//4204 4203//4203 4445//4445
f 4445//4445 4203//4203 4446//4446
f 4203//4203 4202//4202 4446//4446
f 4446//4446 4202//4202 4447//4447
f 4202//4202 4201//4201 4447//4447
f 4447//4447 4201//4201 4448//4448
f 4201//4201 4200//4200 4448//4448
f 4448//4448 4200//4200 4449//4449
f 4200//4200 4185//4185 4449//4449
f 4449//4449 4185//4185 4450//4450
f 4185//4185 4184//4184 4450//4450
f 4450//4450 4184//4184 4451//4451
f 4184//4184 4183//4183 4451//4451
f 4451//4451 4183//4183 4452//4452
f 4183//4183 4142//4142 4452//4452
f 4452//4452 4142//4142 4453//4453
f 4142//4142 4143//4143 4453//4453
f 4453//4453 4143//4143 4454//4454
f 4143//4143 4144//4144 4454//4454
f 4454//4454 4144//4144 4455//4455
f 4144//4144 4154//4154 4455//4455
f 4455//4455 4154//4154 4456//4456
f 4154//4154 4153//4153 4456//4456
f 4456//4456 4153//4153 4457//4457
f 4153//4153 4126//4126 4457//4457
f 4457//4457 4126//4126 4458//4458
f 4126//4126 4125//4125 4458//4458
f 4458//4458 4125//4125 4459//4459
f 4125//4125 4152//4152 4459//4459
f 4459//4459 4152//4152 4460//4460
f 4152//4152 4151//4151 4460//4460
f 4460//4460 4151//4151 4461//4461
f 4151//4151 4150//4150 4461//4461
f 4461//4461 4150//4150 4462//4462
f 4150//4150 4149//4149 4462//4462
f 4462//4462 4149//4149 4463//4463
f 4149//4149 4148//4148 4463//4463
f 4463//4463 4148//4148 4464//4464
f 4148//4148 4124//4124 4464//4464
f 4464//4464 4124//4124 4465//4465
f 4124//4124 4122//4122 4465//4465
f 4465//4465 4122//4122 4466//4466
f 4122//4122 4135//4135 4466//4466
f 4466//4466 4135//4135 4467//4467
f 4135//4135 4134//4134 4467//4467
f 4467//4467 4134//4134 4468//4468
f 4134//4134 4133//4133 4468//4468
f 4468//4468 4133//4133 4469//4469
f 4133//4133 4132//4132 4469//4469
f 4469//4469 4132//4132 4470//4470
f 4132//4132 4131//4131 4470//4470
f 4470//4470 4131//4131 4471//4471
f 4131//4131 4130//4130 4471//4471
f 4471//4471 4130//4130 4472//4472
f 4130//4130 4129//4129 4472//4472
f 4472//4472 4129//4129 4473//4473
f 4129//4129 4128//4128 4473//4473
f 4473//4473 4128//4128 4474//4474
f 4128//4128 4127//4127 4474//4474
f 4474//4474 4127//4127 4475//4475
f 4127//4127 4164//4164 4475//4475
f 4475//4475 4164//4164 4476//4476
f 4164//4164 4163//4163 4476//4476
f 4476//4476 4163//4163 4477//4477
f 4163//4163 4147//4147 4477//4477
f 4477//4477 4147//4147 4478//4478
f 4147//4147 4146//4146 4478//4478
f 4478//4478 4146//4146 4479//4479
f 4146//4146 4145//4145 4479//4479
f 4479//4479 4145//4145 4480//4480
f 4145//4145 4177//4177 4480//4480
f 4480//4480 4177//4177 4481//4481
f 4177//4177 4176//4176 4481//4481
f 4481//4481 4176//4176 4482//4482
f 4176//4176 4175//4175 4482//4482
f 4482//4482 4175//4175 4483//4483
f 4175//4175 4174//4174 4483//4483
f 4483//4483 4174//4174 4484//4484
f 4174//4174 4173//4173 4484//4484
f 4484//4484 4173//4173 4485//4485
f 4173//4173 4172//4172 4485//4485
f 4485//4485 4172//4172 4486//4486
f 4172//4172 4182//4182 4486//4486
f 4486//4486 4182//4182 4487//4487
f 4182//4182 4181//4181 4487//4487
f 4487//4487 4181//4181 4488//4488
f 4181//4181 4171//4171 4488//4488
f 4488//4488 4171//4171 4489//4489
f 4171//4171 4170//4170 4489//4489
f 4489//4489 4170//4170 4490//4490
f 4170//4170 4199//4199 4490//4490
f 4490//4490 4199//4199 4491//4491
f 4199//4199 4198//4198 4491//4491
f 4491//4491 4198//4198 4492//4492
f 4198//4198 4197//4197 4492//4492
f 4492//4492 4197//4197 4493//4493
f 4197//4197 4234//4234 4493//4493
f 4493//4493 4234//4234 4494//4494
f 4234//4234 4233//4233 4494//4494
f 4494//4494 4233//4233 4495//4495
f 4233//4233 4196//4196 4495//4495
f 4495//4495 4196//4196 4496//4496
f 4196//4196 4195//4195 4496//4496
f 4496//4496 4195//4195 4497//4497
f 4195//4195 4232//4232 4497//4497
f 4497//4497 4232//4232 4498//4498
f 4232//4232 4231//4231 4498//4498
f 4498//4498 4231//4231 4499//4499
f 4231//4231 4230//4230 4499//4499
f 4499//4499 4230//4230 4500//4500
f 4230//4230 4239//4239 4500//4500
f 4500//4500 4239//4239 4501//4501
f 4239//4239 4238//4238 4501//4501
f 4501//4501 4238//4238 4502//4502
f 4238//4238 4237//4237 4502//4502
f 4502//4502 4237//4237 4503//4503
f 4237//4237 4220//4220 4503//4503
f 4503//4503 4220//4220 4504//4504
f 4220//4220 4219//4219 4504//4504
f 4504//4504 4219//4219 4505//4505
f 4219//4219 4218//4218 4505//4505
f 4505//4505 4218//4218 4506//4506
f 4218//4218 4217//4217 4506//4506
f 4506//4506 4217//4217 4507//4507
f 4217//4217 4216//4216 4507//4507
f 4507//4507 4216//4216 4508//4508
f 4216//4216 4215//4215 4508//4508
f 4508//4508 4215//4215 4509//4509
f 4215//4215 4214//4214 4509//4509
f 4509//4509 4214//4214 4510//4510
f 4214//4214 4213//4213 4510//4510
f 4510//4510 4213//4213 4511//4511
f 4213//4213 4212//4212 4511//4511
f 4511//4511 4212//4212 4512//4512
f 4212//4212 4211//4211 4512//4512
f 4512//4512 4211//4211 4513//4513
f 4211//4211 4210//4210 4513//4513
f 4513//4513 4210//4210 4514//4514
f 4210//4210 4209//4209 4514//4514
f 4514//4514 4209//4209 4515//4515
f 4209//4209 4208//4208 4515//4515
f 4515//4515 4208//4208 4516//4516
f 4208//4208 4207//4207 4516//4516
f 4516//4516 4207//4207 4517//4517
f 4207//4207 4206//4206 4517//4517
f 4517//4517 4206//4206 4518//4518
f 4206//4206 4178//4178 4518//4518
f 4518//4518 4178//4178 4519//4519
f 4178//4178 4179//4179 4519//4519
f 4519//4519 4179//4179 4520//4520
f 4179//4179 4180//4180 4520//4520
f 4520//4520 4180//4180 4521//4521
f 4180//4180 4194//4194 4521//4521
f 4521//4521 4194//4194 4522//4522
f 4194//4194 4193//4193 4522//4522
f 4522//4522 4193//4193 4523//4523
f 4193//4193 4192//4192 4523//4523
f 4523//4523 4192//4192 4524//4524
f 4192//4192 4191//4191 4524//4524
f 4524//4524 4191//4191 4525//4525
f 4191//4191 4190//4190 4525//4525
f 4525//4525 4190//4190 4526//4526
f 4190//4190 4189//4189 4526//4526
f 4526//4526 4189//4189 4527//4527
f 4189//4189 4188//4188 4527//4527
f 4527//4527 4188//4188 4528//4528
f 4188//4188 4187//4187 4528//4528
f 4528//4528 4187//4187 4529//4529
f 4187//4187 4186//4186 4529//4529
f 4529//4529 4186//4186 4530//4530
f 4186//4186 4139//4139 4530//4530
f 4530//4530 4139//4139 4531//4531
f 4139//4139 4140//4140 4531//4531
f 4531//4531 4140//4140 4395//4395
f 4140//4140 4141//4141 4395//4395
f 3806//3806 3805//3805 4532//4532
f 3805//3805 3804//3804 4532//4532
f 4532//4532 3804//3804 3803//3803
f 3823//3823 3822//3822 4532//4532
f 3726//3726 3725//3725 4533//4533
f 3725//3725 3724//3724 4533//4533
f 4533//4533 3724//3724 3723//3723
f 3706//3706 4533//4533 3707//3707
f 4533//4533 3708//3708 3707//3707
f 3729//3729 3728//3728 4533//4533
f 3728//3728 3727//3727 4533//4533
f 4533//4533 3727//3727 3726//3726
f 3723//3723 3722//3722 4533//4533
f 3722//3722 3721//3721 4533//4533
f 4533//4533 3721//3721 3720//3720
f 3720//3720 3719//3719 4533//4533
f 3719//3719 3718//3718 4533//4533
f 4533//4533 3718//3718 3717//3717
f 3829//3829 3828//3828 4532//4532
f 3828//3828 3827//3827 4532//4532
f 4532//4532 3827//3827 3826//3826
f 3717//3717 3716//3716 4533//4533
f 3716//3716 3715//3715 4533//4533
f 4533//4533 3715//3715 3714//3714
f 3714//3714 3713//3713 4533//4533
f 3713//3713 3712//3712 4533//4533
f 4533//4533 3712//3712 3711//3711
f 3711//3711 3710//3710 4533//4533
f 3710//3710 3709//3709 4533//4533
f 4533//4533 3709//3709 3708//3708
f 3826//3826 3825//3825 4532//4532
f 3825//3825 3824//3824 4532//4532
f 4532//4532 3824//3824 3823//3823
f 3822//3822 3821//3821 4532//4532
f 3821//3821 3820//3820 4532//4532
f 4532//4532 3820//3820 3819//3819
f 3819//3819 3818//3818 4532//4532
f 3818//3818 3817//3817 4532//4532
f 4532//4532 3817//3817 3816//3816
f 4532//4532 3810//3810 3809//3809
f 3706//3706 3705//3705 4533//4533
f 3705//3705 3704//3704 4533//4533
f 4533//4533 3704//3704 3703//3703
f 3816//3816 3815//3815 4532//4532
f 3815//3815 3814//3814 4532//4532
f 4532//4532 3814//3814 3813//3813
f 3813//3813 3812//3812 4532//4532
f 3812//3812 3811//3811 4532//4532
f 4532//4532 3811//3811 3810//3810
f 3809//3809 3808//3808 4532//4532
f 3808//3808 3807//3807 4532//4532
f 4532//4532 3807//3807 3806//3806
f 4352//4352 4351//4351 4532//4532
f 4392//4392 4391//4391 3703//3703
f 4340//4340 4532//4532 4341//4341
f 4532//4532 4342//4342 4341//4341
f 4389//4389 4388//4388 4533//4533
f 4388//4388 4387//4387 4533//4533
f 4381//4381 4380//4380 4533//4533
f 4380//4380 4379//4379 4533//4533
f 4533//4533 4379//4379 4378//4378
f 3703//3703 4391//4391 4533//4533
f 4391//4391 4390//4390 4533//4533
f 4533//4533 4390//4390 4389//4389
f 4361//4361 4360//4360 4533//4533
f 4360//4360 4359//4359 4533//4533
f 4359//4359 4358//4358 4533//4533
f 4358//4358 4357//4357 4533//4533
f 4533//4533 4357//4357 4356//4356
f 4356//4356 4355//4355 4533//4533
f 4355//4355 4354//4354 4533//4533
f 4533//4533 4354//4354 4532//4532
f 4354//4354 4353//4353 4532//4532
f 4532//4532 4353//4353 4352//4352
f 4351//4351 4350//4350 4532//4532
f 4350//4350 4349//4349 4532//4532
f 4532//4532 4349//4349 4348//4348
f 4337//4337 4336//4336 4532//4532
f 4326//4326 4325//4325 4532//4532
f 3702//3702 4394//4394 3703//3703
f 4394//4394 4393//4393 3703//3703
f 3703//3703 4393//4393 4392//4392
f 4387//4387 4386//4386 4533//4533
f 4386//4386 4385//4385 4533//4533
f 4533//4533 4385//4385 4384//4384
f 4384//4384 4383//4383 4533//4533
f 4383//4383 4382//4382 4533//4533
f 4533//4533 4382//4382 4381//4381
f 4378//4378 4377//4377 4533//4533
f 4377//4377 4376//4376 4533//4533
f 4533//4533 4376//4376 4375//4375
f 4532//4532 4333//4333 4332//4332
f 4375//4375 4374//4374 4533//4533
f 4374//4374 4373//4373 4533//4533
f 4533//4533 4373//4373 4372//4372
f 4369//4369 4368//4368 4533//4533
f 4368//4368 4367//4367 4533//4533
f 4367//4367 4366//4366 4533//4533
f 4366//4366 4365//4365 4533//4533
f 4533//4533 4365//4365 4364//4364
f 4348//4348 4347//4347 4532//4532
f 4347//4347 4346//4346 4532//4532
f 4532//4532 4346//4346 4345//4345
f 4336//4336 4335//4335 4532//4532
f 4335//4335 4334//4334 4532//4532
f 4532//4532 4334//4334 4333//4333
f 4332//4332 4331//4331 4532//4532
f 4331//4331 4330//4330 4532//4532
f 4532//4532 4330//4330 4329//4329
f 4329//4329 4328//4328 4532//4532
f 4328//4328 4327//4327 4532//4532
f 4532//4532 4327//4327 4326//4326
f 4325//4325 4324//4324 4532//4532
f 4324//4324 4323//4323 4532//4532
f 4532//4532 4323//4323 4322//4322
f 4372//4372 4371//4371 4533//4533
f 4371//4371 4370//4370 4533//4533
f 4533//4533 4370//4370 4369//4369
f 4364//4364 4363//4363 4533//4533
f 4363//4363 4362//4362 4533//4533
f 4533//4533 4362//4362 4361//4361
f 4345//4345 4344//4344 4532//4532
f 4344//4344 4343//4343 4532//4532
f 4532//4532 4343//4343 4342//4342
f 4340//4340 4339//4339 4532//4532
f 4339//4339 4338//4338 4532//4532
f 4532//4532 4338//4338 4337//4337
f 4318//4318 4317//4317 3829//3829
f 4317//4317 4316//4316 3829//3829
f 4316//4316 4315//4315 3829//3829
f 4315//4315 4314//4314 3829//3829
f 3829//3829 4314//4314 3830//3830
f 4322//4322 4321//4321 4532//4532
f 4321//4321 4320//4320 4532//4532
f 4532//4532 4320//4320 3829//3829
f 4320//4320 4319//4319 3829//3829
f 3829//3829 4319//4319 4318//4318
f 3831//3831 3981//3981 3766//3766
f 3981//3981 3986//3986 3766//3766
f 3766//3766 3986//3986 3832//3832
f 4533//4533 4532//4532 4123//4123
f 4532//4532 4121//4121 4123//4123
f 4397//4397 4534//4534 4138//4138
f 4534//4534 4157//4157 4138//4138
f 4464//4464 4535//4535 4536//4536
f 4453//4453 4454//4454 4536//4536
f 4454//4454 4455//4455 4536//4536
f 4485//4485 4486//4486 4535//4535
f 4399//4399 4397//4397 4398//4398
f 4397//4397 4396//4396 4398//4398
f 4408//4408 4534//4534 4407//4407
f 4534//4534 4406//4406 4407//4407
f 4449//4449 4450//4450 4536//4536
f 4455//4455 4456//4456 4536//4536
f 4456//4456 4457//4457 4536//4536
f 4536//4536 4457//4457 4458//4458
f 4458//4458 4459//4459 4536//4536
f 4459//4459 4460//4460 4536//4536
f 4536//4536 4460//4460 4461//4461
f 4461//4461 4462//4462 4536//4536
f 4462//4462 4463//4463 4536//4536
f 4536//4536 4463//4463 4464//4464
f 4464//4464 4465//4465 4535//4535
f 4465//4465 4466//4466 4535//4535
f 4535//4535 4466//4466 4467//4467
f 4467//4467 4468//4468 4535//4535
f 4468//4468 4469//4469 4535//4535
f 4535//4535 4469//4469 4470//4470
f 4470//4470 4471//4471 4535//4535
f 4471//4471 4472//4472 4535//4535
f 4535//4535 4472//4472 4473//4473
f 4399//4399 4400//4400 4397//4397
f 4400//4400 4401//4401 4397//4397
f 4397//4397 4401//4401 4402//4402
f 4402//4402 4403//4403 4397//4397
f 4403//4403 4404//4404 4397//4397
f 4397//4397 4404//4404 4534//4534
f 4404//4404 4405//4405 4534//4534
f 4534//4534 4405//4405 4406//4406
f 4450//4450 4451//4451 4536//4536
f 4451//4451 4452//4452 4536//4536
f 4536//4536 4452//4452 4453//4453
f 4395//4395 4119//4119 4531//4531
f 4119//4119 4530//4530 4531//4531
f 4473//4473 4474//4474 4535//4535
f 4474//4474 4475//4475 4535//4535
f 4535//4535 4475//4475 4476//4476
f 4476//4476 4477//4477 4535//4535
f 4477//4477 4478//4478 4535//4535
f 4535//4535 4478//4478 4479//4479
f 4441//4441 4442//4442 4536//4536
f 4442//4442 4443//4443 4536//4536
f 4443//4443 4444//4444 4536//4536
f 4444//4444 4445//4445 4536//4536
f 4536//4536 4445//4445 4446//4446
f 4446//4446 4447//4447 4536//4536
f 4447//4447 4448//4448 4536//4536
f 4536//4536 4448//4448 4449//4449
f 4479//4479 4480//4480 4535//4535
f 4480//4480 4481//4481 4535//4535
f 4535//4535 4481//4481 4482//4482
f 4482//4482 4483//4483 4535//4535
f 4483//4483 4484//4484 4535//4535
f 4535//4535 4484//4484 4485//4485
f 4408//4408 4409//4409 4534//4534
f 4409//4409 4410//4410 4534//4534
f 4534//4534 4410//4410 4411//4411
f 4414//4414 4415//4415 4534//4534
f 4415//4415 4416//4416 4534//4534
f 4534//4534 4416//4416 4417//4417
f 4486//4486 4487//4487 4535//4535
f 4487//4487 4488//4488 4535//4535
f 4535//4535 4488//4488 4489//4489
f 4507//4507 4508//4508 4120//4120
f 4120//4120 4518//4518 4519//4519
f 4119//4119 4526//4526 4527//4527
f 4411//4411 4412//4412 4534//4534
f 4412//4412 4413//4413 4534//4534
f 4534//4534 4413//4413 4414//4414
f 4489//4489 4490//4490 4535//4535
f 4490//4490 4491//4491 4535//4535
f 4535//4535 4491//4491 4492//4492
f 4502//4502 4503//4503 4120//4120
f 4503//4503 4504//4504 4120//4120
f 4120//4120 4511//4511 4512//4512
f 4519//4519 4520//4520 4120//4120
f 4520//4520 4521//4521 4120//4120
f 4120//4120 4521//4521 4522//4522
f 4522//4522 4523//4523 4120//4120
f 4523//4523 4524//4524 4120//4120
f 4120//4120 4524//4524 4119//4119
f 4524//4524 4525//4525 4119//4119
f 4119//4119 4525//4525 4526//4526
f 4527//4527 4528//4528 4119//4119
f 4528//4528 4529//4529 4119//4119
f 4119//4119 4529//4529 4530//4530
f 4504//4504 4505//4505 4120//4120
f 4505//4505 4506//4506 4120//4120
f 4120//4120 4506//4506 4507//4507
f 4508//4508 4509//4509 4120//4120
f 4509//4509 4510//4510 4120//4120
f 4120//4120 4510//4510 4511//4511
f 4512//4512 4513//4513 4120//4120
f 4513//4513 4514//4514 4120//4120
f 4120//4120 4514//4514 4515//4515
f 4515//4515 4516//4516 4120//4120
f 4516//4516 4517//4517 4120//4120
f 4120//4120 4517//4517 4518//4518
f 4417//4417 4418//4418 4534//4534
f 4418//4418 4419//4419 4534//4534
f 4534//4534 4419//4419 4420//4420
f 4420//4420 4421//4421 4534//4534
f 4421//4421 4422//4422 4534//4534
f 4534//4534 4422//4422 4423//4423
f 4435//4435 4436//4436 4536//4536
f 4436//4436 4437//4437 4536//4536
f 4536//4536 4437//4437 4438//4438
f 4438//4438 4439//4439 4536//4536
f 4439//4439 4440//4440 4536//4536
f 4536//4536 4440//4440 4441//4441
f 4492//4492 4493//4493 4535//4535
f 4493//4493 4494//4494 4535//4535
f 4535//4535 4494//4494 4495//4495
f 4495//4495 4496//4496 4535//4535
f 4496//4496 4497//4497 4535//4535
f 4535//4535 4497//4497 4498//4498
f 4498//4498 4499//4499 4535//4535
f 4499//4499 4500//4500 4535//4535
f 4535//4535 4500//4500 4120//4120
f 4500//4500 4501//4501 4120//4120
f 4120//4120 4501//4501 4502//4502
f 4423//4423 4424//4424 4534//4534
f 4424//4424 4425//4425 4534//4534
f 4534//4534 4425//4425 4426//4426
f 4432//4432 4536//4536 4431//4431
f 4536//4536 4430//4430 4431//4431
f 4432//4432 4433//4433 4536//4536
f 4433//4433 4434//4434 4536//4536
f 4536//4536 4434//4434 4435//4435
f 4426//4426 4427//4427 4534//4534
f 4427//4427 4428//4428 4534//4534
f 4534//4534 4428//4428 4536//4536
f 4428//4428 4429//4429 4536//4536
f 4536//4536 4429//4429 4430//4430
f 4537//4537 4538//4538 4262//4262
f 4538//4538 4261//4261 4262//4262
f 3831//3831 3729//3729 3981//3981
f 3729//3729 3848//3848 3981//3981
f 3981//3981 3848//3848 3975//3975
f 3848//3848 3851//3851 3975//3975
f 4157//4157 4534//4534 4123//4123
f 4534//4534 4536//4536 4123//4123
f 3729//3729 4533//4533 3848//3848
f 4533//4533 4123//4123 3848//3848
f 3848//3848 4123//4123 4262//4262
f 4123//4123 4536//4536 4262//4262
f 4262//4262 4536//4536 4537//4537
f 4536//4536 4535//4535 4537//4537
f 4535//4535 4538//4538 4537//4537
f 4121//4121 4532//4532 3803//3803
f 3803//3803 3832//3832 3986//3986
f 4120//4120 4118//4118 4535//4535
f 4118//4118 4121//4121 4535//4535
f 3977//3977 3858//3858 3986//3986
f 3858//3858 3835//3835 3986//3986
f 4121//4121 3803//3803 4535//4535
f 3803//3803 3986//3986 4535//4535
f 4535//4535 3986//3986 4538//4538
f 3986//3986 3835//3835 4538//4538
f 4538//4538 3835//3835 4261//4261
f 4607//4607 4608//4608 4609//4609
f 4608//4608 4610//4610 4609//4609
f 4609//4609 4610//4610 4611//4611
f 4610//4610 4612//4612 4611//4611
f 4611//4611 4612//4612 4613//4613
f 4612//4612 4614//4614 4613//4613
f 4613//4613 4614//4614 4615//4615
f 4614//4614 4616//4616 4615//4615
f 4615//4615 4616//4616 4617//4617
f 4616//4616 4618//4618 4617//4617
f 4617//4617 4618//4618 4619//4619
f 4618//4618 4620//4620 4619//4619
f 4619//4619 4620//4620 4621//4621
f 4620//4620 4622//4622 4621//4621
f 4621//4621 4622//4622 4623//4623
f 4622//4622 4624//4624 4623//4623
f 4623//4623 4624//4624 4625//4625
f 4624//4624 4626//4626 4625//4625
f 4625//4625 4626//4626 4627//4627
f 4626//4626 4628//4628 4627//4627
f 4627//4627 4628//4628 4629//4629
f 4628//4628 4630//4630 4629//4629
f 4629//4629 4630//4630 4631//4631
f 4630//4630 4632//4632 4631//4631
f 4631//4631 4632//4632 4633//4633
f 4632//4632 4634//4634 4633//4633
f 4633//4633 4634//4634 4635//4635
f 4634//4634 4636//4636 4635//4635
f 4635//4635 4636//4636 4637//4637
f 4636//4636 4638//4638 4637//4637
f 4637//4637 4638//4638 4639//4639
f 4638//4638 4640//4640 4639//4639
f 4639//4639 4640//4640 4641//4641
f 4640//4640 4642//4642 4641//4641
f 4641//4641 4642//4642 4643//4643
f 4642//4642 4644//4644 4643//4643
f 4643//4643 4644//4644 4645//4645
f 4644//4644 4646//4646 4645//4645
f 4645//4645 4646//4646 4647//4647
f 4646//4646 4648//4648 4647//4647
f 4647//4647 4648//4648 4649//4649
f 4648//4648 4650//4650 4649//4649
f 4649//4649 4650//4650 4651//4651
f 4650//4650 4652//4652 4651//4651
f 4651//4651 4652//4652 4653//4653
f 4652//4652 4654//4654 4653//4653
f 4653//4653 4654//4654 4655//4655
f 4654//4654 4656//4656 4655//4655
f 4655//4655 4656//4656 4657//4657
f 4656//4656 4658//4658 4657//4657
f 4657//4657 4658//4658 4659//4659
f 4658//4658 4660//4660 4659//4659
f 4659//4659 4660//4660 4661//4661
f 4660//4660 4662//4662 4661//4661
f 4661//4661 4662//4662 4663//4663
f 4662//4662 4664//4664 4663//4663
f 4663//4663 4664//4664 4665//4665
f 4664//4664 4666//4666 4665//4665
f 4665//4665 4666//4666 4667//4667
f 4666//4666 4668//4668 4667//4667
f 4667//4667 4668//4668 4669//4669
f 4668//4668 4670//4670 4669//4669
f 4669//4669 4670//4670 4671//4671
f 4670//4670 4672//4672 4671//4671
f 4671//4671 4672//4672 4673//4673
f 4672//4672 4674//4674 4673//4673
f 4673//4673 4674//4674 4675//4675
f 4674//4674 4676//4676 4675//4675
f 4675//4675 4676//4676 4677//4677
f 4676//4676 4678//4678 4677//4677
f 4677//4677 4678//4678 4679//4679
f 4678//4678 4680//4680 4679//4679
f 4679//4679 4680//4680 4681//4681
f 4680//4680 4682//4682 4681//4681
f 4681//4681 4682//4682 4683//4683
f 4682//4682 4684//4684 4683//4683
f 4683//4683 4684//4684 4685//4685
f 4684//4684 4686//4686 4685//4685
f 4685//4685 4686//4686 4687//4687
f 4686//4686 4688//4688 4687//4687
f 4687//4687 4688//4688 4689//4689
f 4688//4688 4690//4690 4689//4689
f 4689//4689 4690//4690 4691//4691
f 4690//4690 4692//4692 4691//4691
f 4691//4691 4692//4692 4693//4693
f 4692//4692 4694//4694 4693//4693
f 4693//4693 4694//4694 4695//4695
f 4694//4694 4696//4696 4695//4695
f 4695//4695 4696//4696 4697//4697
f 4696//4696 4698//4698 4697//4697
f 4697//4697 4698//4698 4699//4699
f 4698//4698 4700//4700 4699//4699
f 4699//4699 4700//4700 4701//4701
f 4700//4700 4702//4702 4701//4701
f 4701//4701 4702//4702 4703//4703
f 4702//4702 4704//4704 4703//4703
f 4703//4703 4704//4704 4705//4705
f 4704//4704 4706//4706 4705//4705
f 4705//4705 4706//4706 4707//4707
f 4706//4706 4708//4708 4707//4707
f 4707//4707 4708//4708 4709//4709
f 4708//4708 4710//4710 4709//4709
f 4709//4709 4710//4710 4711//4711
f 4710//4710 4712//4712 4711//4711
f 4711//4711 4712//4712 4713//4713
f 4712//4712 4714//4714 4713//4713
f 4713//4713 4714//4714 4715//4715
f 4714//4714 4716//4716 4715//4715
f 4715//4715 4716//4716 4717//4717
f 4716//4716 4718//4718 4717//4717
f 4717//4717 4718//4718 4719//4719
f 4718//4718 4720//4720 4719//4719
f 4719//4719 4720//4720 4721//4721
f 4720//4720 4722//4722 4721//4721
f 4721//4721 4722//4722 4723//4723
f 4722//4722 4724//4724 4723//4723
f 4723//4723 4724//4724 4725//4725
f 4724//4724 4726//4726 4725//4725
f 4725//4725 4726//4726 4727//4727
f 4726//4726 4728//4728 4727//4727
f 4727//4727 4728//4728 4729//4729
f 4728//4728 4730//4730 4729//4729
f 4729//4729 4730//4730 4731//4731
f 4730//4730 4732//4732 4731//4731
f 4731//4731 4732//4732 4733//4733
f 4732//4732 4734//4734 4733//4733
f 4733//4733 4734//4734 4735//4735
f 4734//4734 4736//4736 4735//4735
f 4735//4735 4736//4736 4737//4737
f 4736//4736 4738//4738 4737//4737
f 4737//4737 4738//4738 4739//4739
f 4738//4738 4740//4740 4739//4739
f 4739//4739 4740//4740 4741//4741
f 4740//4740 4742//4742 4741//4741
f 4741//4741 4742//4742 4743//4743
f 4742//4742 4744//4744 4743//4743
f 4743//4743 4744//4744 4745//4745
f 4744//4744 4746//4746 4745//4745
f 4745//4745 4746//4746 4747//4747
f 4746//4746 4748//4748 4747//4747
f 4747//4747 4748//4748 4749//4749
f 4748//4748 4750//4750 4749//4749
f 4749//4749 4750//4750 4751//4751
f 4750//4750 4752//4752 4751//4751
f 4751//4751 4752//4752 4753//4753
f 4752//4752 4754//4754 4753//4753
f 4753//4753 4754//4754 4755//4755
f 4754//4754 4756//4756 4755//4755
f 4755//4755 4756//4756 4757//4757
f 4756//4756 4758//4758 4757//4757
f 4757//4757 4758//4758 4759//4759
f 4758//4758 4760//4760 4759//4759
f 4759//4759 4760//4760 4761//4761
f 4760//4760 4762//4762 4761//4761
f 4761//4761 4762//4762 4763//4763
f 4762//4762 4764//4764 4763//4763
f 4763//4763 4764//4764 4765//4765
f 4764//4764 4766//4766 4765//4765
f 4765//4765 4766//4766 4767//4767
f 4766//4766 4768//4768 4767//4767
f 4767//4767 4768//4768 4769//4769
f 4768//4768 4770//4770 4769//4769
f 4769//4769 4770//4770 4771//4771
f 4770//4770 4772//4772 4771//4771
f 4771//4771 4772//4772 4773//4773
f 4772//4772 4774//4774 4773//4773
f 4773//4773 4774//4774 4775//4775
f 4774//4774 4776//4776 4775//4775
f 4775//4775 4776//4776 4777//4777
f 4776//4776 4778//4778 4777//4777
f 4777//4777 4778//4778 4779//4779
f 4778//4778 4780//4780 4779//4779
f 4779//4779 4780//4780 4781//4781
f 4780//4780 4782//4782 4781//4781
f 4781//4781 4782//4782 4783//4783
f 4782//4782 4784//4784 4783//4783
f 4783//4783 4784//4784 4785//4785
f 4784//4784 4786//4786 4785//4785
f 4785//4785 4786//4786 4787//4787
f 4786//4786 4788//4788 4787//4787
f 4787//4787 4788//4788 4789//4789
f 4788//4788 4790//4790 4789//4789
f 4789//4789 4790//4790 4791//4791
f 4790//4790 4792//4792 4791//4791
f 4791//4791 4792//4792 4793//4793
f 4792//4792 4794//4794 4793//4793
f 4793//4793 4794//4794 4795//4795
f 4794//4794 4796//4796 4795//4795
f 4795//4795 4796//4796 4797//4797
f 4796//4796 4798//4798 4797//4797
f 4797//4797 4798//4798 4799//4799
f 4798//4798 4800//4800 4799//4799
f 4799//4799 4800//4800 4801//4801
f 4800//4800 4802//4802 4801//4801
f 4801//4801 4802//4802 4803//4803
f 4802//4802 4804//4804 4803//4803
f 4803//4803 4804//4804 4805//4805
f 4804//4804 4806//4806 4805//4805
f 4805//4805 4806//4806 4807//4807
f 4806//4806 4808//4808 4807//4807
f 4807//4807 4808//4808 4809//4809
f 4808//4808 4810//4810 4809//4809
f 4809//4809 4810//4810 4811//4811
f 4810//4810 4812//4812 4811//4811
f 4811//4811 4812//4812 4813//4813
f 4812//4812 4814//4814 4813//4813
f 4813//4813 4814//4814 4815//4815
f 4814//4814 4816//4816 4815//4815
f 4815//4815 4816//4816 4817//4817
f 4816//4816 4818//4818 4817//4817
f 4817//4817 4818//4818 4819//4819
f 4818//4818 4820//4820 4819//4819
f 4819//4819 4820//4820 4821//4821
f 4820//4820 4822//4822 4821//4821
f 4821//4821 4822//4822 4823//4823
f 4822//4822 4824//4824 4823//4823
f 4823//4823 4824//4824 4825//4825
f 4824//4824 4826//4826 4825//4825
f 4825//4825 4826//4826 4827//4827
f 4826//4826 4828//4828 4827//4827
f 4827//4827 4828//4828 4829//4829
f 4828//4828 4830//4830 4829//4829
f 4829//4829 4830//4830 4831//4831
f 4830//4830 4832//4832 4831//4831
f 4831//4831 4832//4832 4833//4833
f 4832//4832 4834//4834 4833//4833
f 4833//4833 4834//4834 4835//4835
f 4834//4834 4836//4836 4835//4835
f 4835//4835 4836//4836 4837//4837
f 4836//4836 4838//4838 4837//4837
f 4837//4837 4838//4838 4839//4839
f 4838//4838 4840//4840 4839//4839
f 4839//4839 4840//4840 4841//4841
f 4840//4840 4842//4842 4841//4841
f 4841//4841 4842//4842 4843//4843
f 4842//4842 4844//4844 4843//4843
f 4843//4843 4844//4844 4845//4845
f 4844//4844 4846//4846 4845//4845
f 4845//4845 4846//4846 4847//4847
f 4846//4846 4848//4848 4847//4847
f 4847//4847 4848//4848 4849//4849
f 4848//4848 4850//4850 4849//4849
f 4849//4849 4850//4850 4851//4851
f 4850//4850 4852//4852 4851//4851
f 4851//4851 4852//4852 4853//4853
f 4852//4852 4854//4854 4853//4853
f 4853//4853 4854//4854 4855//4855
f 4854//4854 4856//4856 4855//4855
f 4855//4855 4856//4856 4857//4857
f 4856//4856 4858//4858 4857//4857
f 4857//4857 4858//4858 4859//4859
f 4858//4858 4860//4860 4859//4859
f 4859//4859 4860//4860 4861//4861
f 4860//4860 4862//4862 4861//4861
f 4861//4861 4862//4862 4863//4863
f 4862//4862 4864//4864 4863//4863
f 4863//4863 4864//4864 4865//4865
f 4864//4864 4866//4866 4865//4865
f 4865//4865 4866//4866 4867//4867
f 4866//4866 4868//4868 4867//4867
f 4867//4867 4868//4868 4869//4869
f 4868//4868 4870//4870 4869//4869
f 4869//4869 4870//4870 4871//4871
f 4870//4870 4872//4872 4871//4871
f 4871//4871 4872//4872 4873//4873
f 4872//4872 4874//4874 4873//4873
f 4873//4873 4874//4874 4875//4875
f 4874//4874 4876//4876 4875//4875
f 4875//4875 4876//4876 4877//4877
f 4876//4876 4878//4878 4877//4877
f 4877//4877 4878//4878 4879//4879
f 4878//4878 4880//4880 4879//4879
f 4879//4879 4880//4880 4881//4881
f 4880//4880 4882//4882 4881//4881
f 4881//4881 4882//4882 4883//4883
f 4882//4882 4884//4884 4883//4883
f 4883//4883 4884//4884 4885//4885
f 4884//4884 4886//4886 4885//4885
f 4885//4885 4886//4886 4887//4887
f 4886//4886 4888//4888 4887//4887
f 4887//4887 4888//4888 4889//4889
f 4888//4888 4890//4890 4889//4889
f 4889//4889 4890//4890 4891//4891
f 4890//4890 4892//4892 4891//4891
f 4891//4891 4892//4892 4893//4893
f 4892//4892 4894//4894 4893//4893
f 4893//4893 4894//4894 4607//4607
f 4894//4894 4608//4608 4607//4607
f 4612//4612 4610//4610 4895//4895
f 4610//4610 4608//4608 4895//4895
f 4895//4895 4608//4608 4894//4894
f 4618//4618 4616//4616 4895//4895
f 4616//4616 4614//4614 4895//4895
f 4895//4895 4614//4614 4612//4612
f 4624//4624 4622//4622 4895//4895
f 4622//4622 4620//4620 4895//4895
f 4895//4895 4620//4620 4618//4618
f 4630//4630 4628//4628 4895//4895
f 4628//4628 4626//4626 4895//4895
f 4895//4895 4626//4626 4624//4624
f 4636//4636 4634//4634 4895//4895
f 4634//4634 4632//4632 4895//4895
f 4895//4895 4632//4632 4630//4630
f 4642//4642 4640//4640 4895//4895
f 4640//4640 4638//4638 4895//4895
f 4895//4895 4638//4638 4636//4636
f 4648//4648 4646//4646 4895//4895
f 4646//4646 4644//4644 4895//4895
f 4895//4895 4644//4644 4642//4642
f 4654//4654 4652//4652 4895//4895
f 4652//4652 4650//4650 4895//4895
f 4895//4895 4650//4650 4648//4648
f 4660//4660 4658//4658 4895//4895
f 4658//4658 4656//4656 4895//4895
f 4895//4895 4656//4656 4654//4654
f 4666//4666 4664//4664 4895//4895
f 4664//4664 4662//4662 4895//4895
f 4895//4895 4662//4662 4660//4660
f 4672//4672 4670//4670 4895//4895
f 4670//4670 4668//4668 4895//4895
f 4895//4895 4668//4668 4666//4666
f 4678//4678 4676//4676 4895//4895
f 4676//4676 4674//4674 4895//4895
f 4895//4895 4674//4674 4672//4672
f 4684//4684 4682//4682 4895//4895
f 4682//4682 4680//4680 4895//4895
f 4895//4895 4680//4680 4678//4678
f 4690//4690 4688//4688 4895//4895
f 4688//4688 4686//4686 4895//4895
f 4895//4895 4686//4686 4684//4684
f 4696//4696 4694//4694 4895//4895
f 4694//4694 4692//4692 4895//4895
f 4895//4895 4692//4692 4690//4690
f 4702//4702 4700//4700 4895//4895
f 4700//4700 4698//4698 4895//4895
f 4895//4895 4698//4698 4696//4696
f 4708//4708 4706//4706 4895//4895
f 4706//4706 4704//4704 4895//4895
f 4895//4895 4704//4704 4702//4702
f 4714//4714 4712//4712 4895//4895
f 4712//4712 4710//4710 4895//4895
f 4895//4895 4710//4710 4708//4708
f 4720//4720 4718//4718 4895//4895
f 4718//4718 4716//4716 4895//4895
f 4895//4895 4716//4716 4714//4714
f 4726//4726 4724//4724 4895//4895
f 4724//4724 4722//4722 4895//4895
f 4895//4895 4722//4722 4720//4720
f 4732//4732 4730//4730 4895//4895
f 4730//4730 4728//4728 4895//4895
f 4895//4895 4728//4728 4726//4726
f 4738//4738 4736//4736 4895//4895
f 4736//4736 4734//4734 4895//4895
f 4895//4895 4734//4734 4732//4732
f 4744//4744 4742//4742 4895//4895
f 4742//4742 4740//4740 4895//4895
f 4895//4895 4740//4740 4738//4738
f 4750//4750 4748//4748 4895//4895
f 4748//4748 4746//4746 4895//4895
f 4895//4895 4746//4746 4744//4744
f 4756//4756 4754//4754 4895//4895
f 4754//4754 4752//4752 4895//4895
f 4895//4895 4752//4752 4750//4750
f 4762//4762 4760//4760 4895//4895
f 4760//4760 4758//4758 4895//4895
f 4895//4895 4758//4758 4756//4756
f 4768//4768 4766//4766 4895//4895
f 4766//4766 4764//4764 4895//4895
f 4895//4895 4764//4764 4762//4762
f 4774//4774 4772//4772 4895//4895
f 4772//4772 4770//4770 4895//4895
f 4895//4895 4770//4770 4768//4768
f 4780//4780 4778//4778 4895//4895
f 4778//4778 4776//4776 4895//4895
f 4895//4895 4776//4776 4774//4774
f 4786//4786 4784//4784 4895//4895
f 4784//4784 4782//4782 4895//4895
f 4895//4895 4782//4782 4780//4780
f 4792//4792 4790//4790 4895//4895
f 4790//4790 4788//4788 4895//4895
f 4895//4895 4788//4788 4786//4786
f 4798//4798 4796//4796 4895//4895
f 4796//4796 4794//4794 4895//4895
f 4895//4895 4794//4794 4792//4792
f 4804//4804 4802//4802 4895//4895
f 4802//4802 4800//4800 4895//4895
f 4895//4895 4800//4800 4798//4798
f 4810//4810 4808//4808 4895//4895
f 4808//4808 4806//4806 4895//4895
f 4895//4895 4806//4806 4804//4804
f 4816//4816 4814//4814 4895//4895
f 4814//4814 4812//4812 4895//4895
f 4895//4895 4812//4812 4810//4810
f 4822//4822 4820//4820 4895//4895
f 4820//4820 4818//4818 4895//4895
f 4895//4895 4818//4818 4816//4816
f 4828//4828 4826//4826 4895//4895
f 4826//4826 4824//4824 4895//4895
f 4895//4895 4824//4824 4822//4822
f 4834//4834 4832//4832 4895//4895
f 4832//4832 4830//4830 4895//4895
f 4895//4895 4830//4830 4828//4828
f 4840//4840 4838//4838 4895//4895
f 4838//4838 4836//4836 4895//4895
f 4895//4895 4836//4836 4834//4834
f 4846//4846 4844//4844 4895//4895
f 4844//4844 4842//4842 4895//4895
f 4895//4895 4842//4842 4840//4840
f 4852//4852 4850//4850 4895//4895
f 4850//4850 4848//4848 4895//4895
f 4895//4895 4848//4848 4846//4846
f 4858//4858 4856//4856 4895//4895
f 4856//4856 4854//4854 4895//4895
f 4895//4895 4854//4854 4852//4852
f 4864//4864 4862//4862 4895//4895
f 4862//4862 4860//4860 4895//4895
f 4895//4895 4860//4860 4858//4858
f 4870//4870 4868//4868 4895//4895
f 4868//4868 4866//4866 4895//4895
f 4895//4895 4866//4866 4864//4864
f 4876//4876 4874//4874 4895//4895
f 4874//4874 4872//4872 4895//4895
f 4895//4895 4872//4872 4870//4870
f 4882//4882 4880//4880 4895//4895
f 4880//4880 4878//4878 4895//4895
f 4895//4895 4878//4878 4876//4876
f 4888//4888 4886//4886 4895//4895
f 4886//4886 4884//4884 4895//4895
f 4895//4895 4884//4884 4882//4882
f 4894//4894 4892//4892 4895//4895
f 4892//4892 4890//4890 4895//4895
f 4895//4895 4890//4890 4888//4888
f 4896//4896 4897//4897 4898//4898
f 4899//4899 4900//4900 4901//4901
f 4902//4902 4903//4903 4904//4904
f 4903//4903 4905//4905 4904//4904
f 4905//4905 4906//4906 4904//4904
f 4904//4904 4906//4906 4907//4907
f 4907//4907 4908//4908 4904//4904
f 4908//4908 4909//4909 4904//4904
f 4904//4904 4909//4909 4898//4898
f 4909//4909 4910//4910 4898//4898
f 4898//4898 4910//4910 4896//4896
f 4897//4897 4911//4911 4898//4898
f 4911//4911 4912//4912 4898//4898
f 4898//4898 4912//4912 4913//4913
f 4914//4914 4915//4915 4898//4898
f 4915//4915 4916//4916 4898//4898
f 4898//4898 4916//4916 4917//4917
f 4913//4913 4918//4918 4898//4898
f 4918//4918 4919//4919 4898//4898
f 4898//4898 4919//4919 4914//4914
f 4917//4917 4920//4920 4898//4898
f 4920//4920 4921//4921 4898//4898
f 4898//4898 4921//4921 4922//4922
f 4900//4900 4923//4923 4901//4901
f 4923//4923 4924//4924 4901//4901
f 4901//4901 4924//4924 4925//4925
f 4925//4925 4926//4926 4901//4901
f 4926//4926 4927//4927 4901//4901
f 4901//4901 4927//4927 4928//4928
f 4928//4928 4929//4929 4901//4901
f 4929//4929 4930//4930 4901//4901
f 4901//4901 4930//4930 4931//4931
f 4932//4932 4933//4933 4934//4934
f 4922//4922 4935//4935 4898//4898
f 4935//4935 4936//4936 4898//4898
f 4898//4898 4936//4936 4937//4937
f 4937//4937 4938//4938 4898//4898
f 4938//4938 4939//4939 4898//4898
f 4898//4898 4939//4939 4940//4940
f 4898//4898 4941//4941 4942//4942
f 4943//4943 4944//4944 4901//4901
f 4944//4944 4945//4945 4901//4901
f 4901//4901 4945//4945 4946//4946
f 4931//4931 4947//4947 4901//4901
f 4947//4947 4948//4948 4901//4901
f 4901//4901 4948//4948 4949//4949
f 4949//4949 4950//4950 4901//4901
f 4950//4950 4951//4951 4901//4901
f 4901//4901 4951//4951 4934//4934
f 4951//4951 4952//4952 4934//4934
f 4934//4934 4952//4952 4932//4932
f 4933//4933 4953//4953 4934//4934
f 4953//4953 4954//4954 4934//4934
f 4934//4934 4954//4954 4955//4955
f 4955//4955 4956//4956 4934//4934
f 4956//4956 4957//4957 4934//4934
f 4934//4934 4957//4957 4958//4958
f 4959//4959 4960//4960 4904//4904
f 4960//4960 4961//4961 4904//4904
f 4904//4904 4961//4961 4962//4962
f 4940//4940 4963//4963 4898//4898
f 4963//4963 4964//4964 4898//4898
f 4898//4898 4964//4964 4941//4941
f 4962//4962 4965//4965 4904//4904
f 4965//4965 4966//4966 4904//4904
f 4904//4904 4966//4966 4902//4902
f 4942//4942 4967//4967 4898//4898
f 4967//4967 4968//4968 4898//4898
f 4898//4898 4968//4968 4969//4969
f 4970//4970 4971//4971 4898//4898
f 4971//4971 4972//4972 4898//4898
f 4898//4898 4972//4972 4901//4901
f 4946//4946 4973//4973 4901//4901
f 4973//4973 4974//4974 4901//4901
f 4901//4901 4974//4974 4975//4975
f 4975//4975 4976//4976 4901//4901
f 4976//4976 4977//4977 4901//4901
f 4901//4901 4977//4977 4899//4899
f 4978//4978 4979//4979 4898//4898
f 4979//4979 4980//4980 4898//4898
f 4898//4898 4980//4980 4970//4970
f 4972//4972 4981//4981 4901//4901
f 4981//4981 4982//4982 4901//4901
f 4901//4901 4982//4982 4983//4983
f 4983//4983 4984//4984 4901//4901
f 4984//4984 4985//4985 4901//4901
f 4901//4901 4985//4985 4986//4986
f 4958//4958 4987//4987 4934//4934
f 4987//4987 4988//4988 4934//4934
f 4934//4934 4988//4988 4989//4989
f 4969//4969 4990//4990 4898//4898
f 4990//4990 4991//4991 4898//4898
f 4898//4898 4991//4991 4978//4978
f 4986//4986 4992//4992 4901//4901
f 4992//4992 4993//4993 4901//4901
f 4901//4901 4993//4993 4994//4994
f 4994//4994 4995//4995 4901//4901
f 4995//4995 4996//4996 4901//4901
f 4901//4901 4996//4996 4943//4943
f 4989//4989 4997//4997 4934//4934
f 4997//4997 4998//4998 4934//4934
f 4934//4934 4998//4998 4999//4999
f 5000//5000 5001//5001 4904//4904
f 5002//5002 5003//5003 4904//4904
f 5003//5003 5004//5004 4904//4904
f 5001//5001 5005//5005 4904//4904
f 5005//5005 5006//5006 4904//4904
f 4904//4904 5006//5006 4959//4959
f 5007//5007 5008//5008 4934//4934
f 5008//5008 5009//5009 4934//4934
f 4934//4934 5009//5009 5010//5010
f 5011//5011 5012//5012 4934//4934
f 5012//5012 5013//5013 4934//4934
f 4934//4934 5013//5013 5014//5014
f 5015//5015 5016//5016 4904//4904
f 5016//5016 5017//5017 4904//4904
f 4904//4904 5017//5017 5002//5002
f 5004//5004 5018//5018 4904//4904
f 5018//5018 5019//5019 4904//4904
f 4904//4904 5019//5019 5000//5000
f 4999//4999 5020//5020 4934//4934
f 5020//5020 5021//5021 4934//4934
f 4934//4934 5021//5021 5007//5007
f 5010//5010 5022//5022 4934//4934
f 5022//5022 5023//5023 4934//4934
f 4934//4934 5023//5023 5024//5024
f 5014//5014 5025//5025 4934//4934
f 5025//5025 5026//5026 4934//4934
f 4934//4934 5026//5026 5027//5027
f 5024//5024 5028//5028 4934//4934
f 5028//5028 5029//5029 4934//4934
f 4934//4934 5029//5029 5011//5011
f 5030//5030 4904//4904 5031//5031
f 4904//4904 5032//5032 5031//5031
f 5027//5027 5033//5033 4934//4934
f 5033//5033 5034//5034 4934//4934
f 4934//4934 5034//5034 4904//4904
f 5034//5034 5035//5035 4904//4904
f 4904//4904 5035//5035 5036//5036
f 5036//5036 5037//5037 4904//4904
f 5037//5037 5038//5038 4904//4904
f 4904//4904 5038//5038 5039//5039
f 5039//5039 5040//5040 4904//4904
f 5040//5040 5041//5041 4904//4904
f 4904//4904 5041//5041 5032//5032
f 5030//5030 5042//5042 4904//4904
f 5042//5042 5043//5043 4904//4904
f 4904//4904 5043//5043 5015//5015
f 4898//4898 4901//4901 5044//5044
f 4901//4901 5045//5045 5044//5044
f 4574//4574 5046//5046 5047//5047
f 5048//5048 5049//5049 5047//5047
f 5049//5049 5050//5050 5047//5047
f 5050//5050 4575//4575 5047//5047
f 5047//5047 4575//4575 4574//4574
f 5051//5051 5052//5052 5053//5053
f 5052//5052 4602//4602 5053//5053
f 5053//5053 4602//4602 4601//4601
f 5054//5054 5055//5055 4555//4555
f 5055//5055 5056//5056 4555//4555
f 5057//5057 5058//5058 5047//5047
f 5058//5058 5059//5059 5047//5047
f 4560//4560 5055//5055 5060//5060
f 5055//5055 5061//5061 5060//5060
f 5062//5062 5063//5063 5047//5047
f 5063//5063 4576//4576 5047//5047
f 5047//5047 4576//4576 5048//5048
f 5046//5046 4573//4573 5047//5047
f 4573//4573 4572//4572 5047//5047
f 5047//5047 4572//4572 5057//5057
f 5059//5059 5064//5064 5047//5047
f 5064//5064 5065//5065 5047//5047
f 5047//5047 5065//5065 5066//5066
f 4557//4557 4556//4556 5055//5055
f 4556//4556 5067//5067 5055//5055
f 5055//5055 5067//5067 5056//5056
f 4603//4603 5068//5068 5053//5053
f 5068//5068 5069//5069 5053//5053
f 5053//5053 5069//5069 5051//5051
f 4601//4601 5070//5070 5053//5053
f 5070//5070 5071//5071 5053//5053
f 5053//5053 5071//5071 5072//5072
f 5073//5073 5074//5074 5075//5075
f 4560//4560 5076//5076 5055//5055
f 5076//5076 4559//4559 5055//5055
f 5055//5055 4559//4559 4558//4558
f 4558//4558 5077//5077 5055//5055
f 5077//5077 5078//5078 5055//5055
f 5055//5055 5078//5078 4557//4557
f 5072//5072 5079//5079 5053//5053
f 5079//5079 5080//5080 5053//5053
f 5053//5053 5080//5080 5081//5081
f 5081//5081 5082//5082 5053//5053
f 5082//5082 5083//5083 5053//5053
f 5053//5053 5083//5083 5084//5084
f 5074//5074 4594//4594 5075//5075
f 4594//4594 5085//5085 5075//5075
f 5075//5075 5085//5085 5086//5086
f 5085//5085 5087//5087 5086//5086
f 5088//5088 4592//4592 5089//5089
f 4592//4592 4591//4591 5089//5089
f 4591//4591 4590//4590 5089//5089
f 4590//4590 5090//5090 5089//5089
f 5089//5089 5090//5090 5091//5091
f 5092//5092 5093//5093 5089//5089
f 5093//5093 5094//5094 5089//5089
f 5089//5089 5094//5094 5095//5095
f 5096//5096 5097//5097 5089//5089
f 5066//5066 5098//5098 5047//5047
f 5098//5098 4571//4571 5047//5047
f 5047//5047 4571//4571 5099//5099
f 5099//5099 4570//4570 5047//5047
f 4570//4570 4569//4569 5047//5047
f 5047//5047 4569//4569 4568//4568
f 5084//5084 5100//5100 5053//5053
f 5100//5100 5101//5101 5053//5053
f 5053//5053 5101//5101 5102//5102
f 5075//5075 5103//5103 5104//5104
f 5054//5054 5105//5105 5055//5055
f 5105//5105 4554//4554 5055//5055
f 5055//5055 4554//4554 4553//4553
f 4553//4553 4552//4552 5055//5055
f 4552//4552 5106//5106 5055//5055
f 5055//5055 5106//5106 5107//5107
f 4549//4549 4548//4548 5055//5055
f 4548//4548 5108//5108 5055//5055
f 5109//5109 5110//5110 4582//4582
f 5111//5111 5112//5112 5109//5109
f 5112//5112 5113//5113 5109//5109
f 5109//5109 5113//5113 4605//4605
f 5114//5114 5115//5115 5116//5116
f 5055//5055 4566//4566 5117//5117
f 5118//5118 5119//5119 5120//5120
f 5119//5119 4596//4596 5120//5120
f 4596//4596 5121//5121 5120//5120
f 5121//5121 5122//5122 5120//5120
f 5120//5120 5122//5122 5075//5075
f 5122//5122 5123//5123 5075//5075
f 5075//5075 5123//5123 5103//5103
f 5104//5104 4595//4595 5075//5075
f 4595//4595 5124//5124 5075//5075
f 5075//5075 5124//5124 5073//5073
f 5125//5125 5126//5126 5055//5055
f 5127//5127 5128//5128 5129//5129
f 4582//4582 4581//4581 5109//5109
f 4581//4581 5130//5130 5109//5109
f 5109//5109 5130//5130 5047//5047
f 5130//5130 4580//4580 5047//5047
f 5047//5047 4580//4580 4579//4579
f 4579//4579 5131//5131 5047//5047
f 5131//5131 5132//5132 5047//5047
f 5047//5047 5132//5132 5133//5133
f 5091//5091 4589//4589 5089//5089
f 4589//4589 5134//5134 5089//5089
f 5089//5089 5134//5134 5092//5092
f 5095//5095 5135//5135 5089//5089
f 5135//5135 5136//5136 5089//5089
f 5089//5089 5136//5136 5137//5137
f 5137//5137 5138//5138 5089//5089
f 5138//5138 5139//5139 5089//5089
f 5089//5089 5139//5139 5140//5140
f 5141//5141 5142//5142 5109//5109
f 5142//5142 5143//5143 5109//5109
f 5109//5109 5143//5143 5111//5111
f 5109//5109 5144//5144 5145//5145
f 5146//5146 5109//5109 5147//5147
f 5109//5109 5148//5148 5147//5147
f 5114//5114 5116//5116 5149//5149
f 5116//5116 5150//5150 5149//5149
f 5149//5149 5150//5150 5151//5151
f 4568//4568 5152//5152 5047//5047
f 5152//5152 5153//5153 5047//5047
f 5047//5047 5153//5153 5154//5154
f 5154//5154 5155//5155 5047//5047
f 5155//5155 5156//5156 5047//5047
f 5047//5047 5156//5156 5055//5055
f 5156//5156 4567//4567 5055//5055
f 5055//5055 4567//4567 4566//4566
f 5117//5117 4565//4565 5055//5055
f 4565//4565 5157//5157 5055//5055
f 5055//5055 5157//5157 5158//5158
f 5107//5107 4551//4551 5055//5055
f 4551//4551 4550//4550 5055//5055
f 5055//5055 4550//4550 4549//4549
f 5159//5159 5160//5160 5089//5089
f 5160//5160 5161//5161 5089//5089
f 5162//5162 4544//4544 5127//5127
f 5163//5163 5164//5164 5109//5109
f 5164//5164 5165//5165 5109//5109
f 5109//5109 5165//5165 5110//5110
f 5133//5133 4578//4578 5047//5047
f 4578//4578 4577//4577 5047//5047
f 5047//5047 4577//4577 5062//5062
f 5140//5140 5166//5166 5089//5089
f 5166//5166 5167//5167 5089//5089
f 5089//5089 5167//5167 5168//5168
f 5168//5168 5169//5169 5089//5089
f 5169//5169 5170//5170 5089//5089
f 5089//5089 5170//5170 5096//5096
f 5089//5089 5171//5171 5172//5172
f 5173//5173 5109//5109 5174//5174
f 5109//5109 5175//5175 5174//5174
f 5173//5173 5176//5176 5109//5109
f 5176//5176 5177//5177 5109//5109
f 5109//5109 5177//5177 5141//5141
f 5178//5178 5179//5179 5109//5109
f 5179//5179 5180//5180 5109//5109
f 5109//5109 5180//5180 5181//5181
f 5181//5181 5182//5182 5109//5109
f 5182//5182 5183//5183 5109//5109
f 5109//5109 5183//5183 5144//5144
f 5145//5145 5184//5184 5109//5109
f 5184//5184 5185//5185 5109//5109
f 5109//5109 5185//5185 5148//5148
f 5186//5186 5109//5109 5187//5187
f 5109//5109 5188//5188 5187//5187
f 5151//5151 5150//5150 5189//5189
f 5150//5150 5190//5190 5189//5189
f 5189//5189 5190//5190 5191//5191
f 5190//5190 5192//5192 5191//5191
f 5191//5191 5192//5192 5193//5193
f 5192//5192 4604//4604 5193//5193
f 5193//5193 4604//4604 5194//5194
f 4604//4604 5195//5195 5194//5194
f 5194//5194 5195//5195 5053//5053
f 5195//5195 5196//5196 5053//5053
f 5053//5053 5196//5196 4603//4603
f 5197//5197 5055//5055 5198//5198
f 5055//5055 5199//5199 5198//5198
f 5197//5197 5200//5200 5055//5055
f 5200//5200 5201//5201 5055//5055
f 5055//5055 5201//5201 4563//4563
f 5202//5202 4562//4562 5055//5055
f 4562//4562 4561//4561 5055//5055
f 5055//5055 4561//4561 5061//5061
f 5125//5125 5055//5055 5203//5203
f 5126//5126 5204//5204 5055//5055
f 5204//5204 5205//5205 5055//5055
f 5055//5055 5205//5205 5206//5206
f 5206//5206 5207//5207 5055//5055
f 5207//5207 5208//5208 5055//5055
f 5055//5055 5208//5208 5209//5209
f 5161//5161 5210//5210 5089//5089
f 5210//5210 5211//5211 5089//5089
f 5089//5089 5211//5211 5086//5086
f 5212//5212 4546//4546 5203//5203
f 4546//4546 4545//4545 5203//5203
f 5203//5203 4545//4545 5127//5127
f 4545//4545 5213//5213 5127//5127
f 5127//5127 5213//5213 5162//5162
f 5214//5214 5215//5215 5216//5216
f 5215//5215 5217//5217 5216//5216
f 5216//5216 5217//5217 5218//5218
f 5219//5219 5109//5109 4583//4583
f 5109//5109 5220//5220 4583//4583
f 5219//5219 5221//5221 5109//5109
f 5221//5221 5222//5222 5109//5109
f 5109//5109 5222//5222 5163//5163
f 5097//5097 5223//5223 5089//5089
f 5223//5223 5224//5224 5089//5089
f 5089//5089 5224//5224 5171//5171
f 4605//4605 5225//5225 5109//5109
f 5225//5225 5115//5115 5109//5109
f 5109//5109 5115//5115 5178//5178
f 5115//5115 5114//5114 5178//5178
f 5146//5146 5226//5226 5109//5109
f 5226//5226 5227//5227 5109//5109
f 5109//5109 5227//5227 5228//5228
f 5228//5228 5229//5229 5109//5109
f 5229//5229 5230//5230 5109//5109
f 5109//5109 5230//5230 5188//5188
f 5186//5186 5231//5231 5109//5109
f 5231//5231 5232//5232 5109//5109
f 5109//5109 5232//5232 5233//5233
f 5158//5158 5234//5234 5055//5055
f 5234//5234 5235//5235 5055//5055
f 5055//5055 5235//5235 5236//5236
f 5236//5236 5237//5237 5055//5055
f 5237//5237 5238//5238 5055//5055
f 5055//5055 5238//5238 4564//4564
f 4563//4563 5239//5239 5055//5055
f 5239//5239 5240//5240 5055//5055
f 5055//5055 5240//5240 5202//5202
f 5241//5241 5242//5242 5053//5053
f 5242//5242 5243//5243 5053//5053
f 5053//5053 5243//5243 4599//4599
f 5244//5244 5245//5245 5246//5246
f 5247//5247 5248//5248 5249//5249
f 5250//5250 5251//5251 5089//5089
f 5251//5251 5252//5252 5089//5089
f 5089//5089 5252//5252 5159//5159
f 5087//5087 5253//5253 5086//5086
f 5253//5253 4593//4593 5086//5086
f 5086//5086 4593//4593 5089//5089
f 4593//4593 5254//5254 5089//5089
f 5089//5089 5254//5254 5088//5088
f 4544//4544 4543//4543 5127//5127
f 4543//4543 5255//5255 5127//5127
f 5127//5127 5255//5255 5128//5128
f 4564//4564 5256//5256 5055//5055
f 5256//5256 5257//5257 5055//5055
f 5055//5055 5257//5257 5199//5199
f 5102//5102 4600//4600 5053//5053
f 4600//4600 5258//5258 5053//5053
f 5053//5053 5258//5258 5259//5259
f 5108//5108 5260//5260 5055//5055
f 5260//5260 4547//4547 5055//5055
f 5055//5055 4547//4547 5203//5203
f 4547//4547 5261//5261 5203//5203
f 5203//5203 5261//5261 5212//5212
f 5209//5209 5262//5262 5055//5055
f 5262//5262 5263//5263 5055//5055
f 5055//5055 5263//5263 5089//5089
f 5263//5263 5264//5264 5089//5089
f 5089//5089 5264//5264 5250//5250
f 5129//5129 5265//5265 5127//5127
f 5265//5265 5266//5266 5127//5127
f 5127//5127 5266//5266 5216//5216
f 5266//5266 4542//4542 5216//5216
f 5216//5216 4542//4542 5214//5214
f 5259//5259 5267//5267 5053//5053
f 5267//5267 5268//5268 5053//5053
f 5053//5053 5268//5268 5241//5241
f 4599//4599 5269//5269 5053//5053
f 5269//5269 4598//4598 5053//5053
f 5053//5053 4598//4598 5270//5270
f 4598//4598 5271//5271 5270//5270
f 5270//5270 5271//5271 5272//5272
f 5271//5271 5273//5273 5272//5272
f 5272//5272 5273//5273 5274//5274
f 5273//5273 5275//5275 5274//5274
f 5274//5274 5275//5275 5276//5276
f 5275//5275 5277//5277 5276//5276
f 5276//5276 5277//5277 5278//5278
f 5277//5277 5279//5279 5278//5278
f 5278//5278 5279//5279 5280//5280
f 5279//5279 5281//5281 5280//5280
f 5280//5280 5281//5281 5246//5246
f 5281//5281 5282//5282 5246//5246
f 5246//5246 5282//5282 5244//5244
f 5245//5245 5244//5244 5249//5249
f 5244//5244 5283//5283 5249//5249
f 5249//5249 5283//5283 5247//5247
f 5284//5284 5285//5285 5286//5286
f 5285//5285 5287//5287 5286//5286
f 5288//5288 5289//5289 5290//5290
f 5289//5289 5291//5291 5290//5290
f 5233//5233 5292//5292 5109//5109
f 5292//5292 5293//5293 5109//5109
f 5109//5109 5293//5293 5294//5294
f 5172//5172 5295//5295 5089//5089
f 5295//5295 5296//5296 5089//5089
f 5089//5089 5296//5296 5297//5297
f 5298//5298 5299//5299 5089//5089
f 5299//5299 5300//5300 5089//5089
f 5089//5089 5300//5300 5109//5109
f 5300//5300 5301//5301 5109//5109
f 5248//5248 5247//5247 5284//5284
f 5247//5247 5302//5302 5284//5284
f 5284//5284 5302//5302 5285//5285
f 5287//5287 5285//5285 5288//5288
f 5285//5285 5303//5303 5288//5288
f 5288//5288 5303//5303 5289//5289
f 5118//5118 5120//5120 5304//5304
f 5120//5120 5305//5305 5304//5304
f 5304//5304 5305//5305 5306//5306
f 5306//5306 5307//5307 5304//5304
f 5307//5307 5308//5308 5304//5304
f 5304//5304 5308//5308 5309//5309
f 5309//5309 5310//5310 5304//5304
f 5310//5310 5311//5311 5304//5304
f 5304//5304 5311//5311 5312//5312
f 5313//5313 5314//5314 5315//5315
f 5294//5294 5316//5316 5109//5109
f 5316//5316 5317//5317 5109//5109
f 5109//5109 5317//5317 5318//5318
f 5318//5318 5319//5319 5109//5109
f 5319//5319 5320//5320 5109//5109
f 5109//5109 5320//5320 5321//5321
f 5322//5322 5089//5089 5323//5323
f 5089//5089 5324//5324 5323//5323
f 5322//5322 5325//5325 5089//5089
f 5325//5325 5326//5326 5089//5089
f 5089//5089 5326//5326 5298//5298
f 5109//5109 5327//5327 5328//5328
f 5312//5312 5329//5329 5304//5304
f 5329//5329 5330//5330 5304//5304
f 5304//5304 5330//5330 5331//5331
f 5332//5332 5333//5333 5334//5334
f 5335//5335 5334//5334 5336//5336
f 5334//5334 5337//5337 5336//5336
f 5297//5297 5338//5338 5089//5089
f 5338//5338 5339//5339 5089//5089
f 5089//5089 5339//5339 5324//5324
f 5301//5301 5340//5340 5109//5109
f 5340//5340 5341//5341 5109//5109
f 5109//5109 5341//5341 5342//5342
f 5343//5343 5344//5344 5109//5109
f 5344//5344 5345//5345 5109//5109
f 5109//5109 5345//5345 5327//5327
f 5328//5328 5346//5346 5109//5109
f 5346//5346 5347//5347 5109//5109
f 5109//5109 5347//5347 5175//5175
f 5333//5333 5348//5348 5334//5334
f 5348//5348 5349//5349 5334//5334
f 5334//5334 5349//5349 5350//5350
f 5342//5342 5351//5351 5109//5109
f 5351//5351 5352//5352 5109//5109
f 5109//5109 5352//5352 5353//5353
f 5291//5291 5289//5289 5354//5354
f 5289//5289 5355//5355 5354//5354
f 5354//5354 5355//5355 5331//5331
f 5355//5355 4597//4597 5331//5331
f 5331//5331 4597//4597 5304//5304
f 5321//5321 5356//5356 5109//5109
f 5356//5356 5357//5357 5109//5109
f 5109//5109 5357//5357 5220//5220
f 5357//5357 5358//5358 5220//5220
f 5220//5220 5358//5358 5334//5334
f 5358//5358 5359//5359 5334//5334
f 5334//5334 5359//5359 5332//5332
f 5350//5350 5360//5360 5334//5334
f 5360//5360 5361//5361 5334//5334
f 5334//5334 5361//5361 5337//5337
f 5362//5362 5363//5363 5364//5364
f 4588//4588 5365//5365 5366//5366
f 5367//5367 5368//5368 5369//5369
f 5353//5353 5370//5370 5109//5109
f 5370//5370 5371//5371 5109//5109
f 5109//5109 5371//5371 5343//5343
f 5217//5217 5372//5372 5373//5373
f 5374//5374 5375//5375 5315//5315
f 5376//5376 5377//5377 5378//5378
f 5377//5377 5379//5379 5378//5378
f 5378//5378 5379//5379 4585//4585
f 5315//5315 5314//5314 4541//4541
f 5314//5314 5380//5380 4541//4541
f 4541//4541 5380//5380 5217//5217
f 5380//5380 5381//5381 5217//5217
f 5217//5217 5381//5381 5382//5382
f 5382//5382 5383//5383 5217//5217
f 5383//5383 5384//5384 5217//5217
f 5217//5217 5384//5384 5372//5372
f 5373//5373 5385//5385 5217//5217
f 5385//5385 5386//5386 5217//5217
f 5217//5217 5386//5386 5218//5218
f 5387//5387 5388//5388 5389//5389
f 5390//5390 5391//5391 5392//5392
f 5391//5391 5393//5393 5392//5392
f 5392//5392 5393//5393 5394//5394
f 5393//5393 5387//5387 5394//5394
f 5394//5394 5387//5387 5395//5395
f 5387//5387 5389//5389 5395//5395
f 5392//5392 5396//5396 5390//5390
f 5396//5396 4540//4540 5390//5390
f 5390//5390 4540//4540 5397//5397
f 4540//4540 4539//4539 5397//5397
f 5397//5397 4539//4539 5398//5398
f 4539//4539 5399//5399 5398//5398
f 5398//5398 5399//5399 5400//5400
f 5399//5399 5401//5401 5400//5400
f 5400//5400 5401//5401 5402//5402
f 5401//5401 5403//5403 5402//5402
f 5402//5402 5403//5403 5364//5364
f 5403//5403 5404//5404 5364//5364
f 5364//5364 5404//5404 5362//5362
f 5363//5363 5362//5362 5366//5366
f 5362//5362 5405//5405 5366//5366
f 5366//5366 5405//5405 4588//4588
f 5376//5376 5378//5378 5368//5368
f 5378//5378 5406//5406 5368//5368
f 5368//5368 5406//5406 5369//5369
f 5335//5335 5407//5407 5334//5334
f 5407//5407 5378//5378 5334//5334
f 5334//5334 5378//5378 4584//4584
f 5378//5378 4585//4585 4584//4584
f 5388//5388 5387//5387 5315//5315
f 5387//5387 5408//5408 5315//5315
f 5315//5315 5408//5408 5374//5374
f 5375//5375 5409//5409 5315//5315
f 5409//5409 5410//5410 5315//5315
f 5315//5315 5410//5410 5313//5313
f 5411//5411 5412//5412 4587//4587
f 5412//5412 5413//5413 4587//4587
f 5411//5411 4587//4587 5369//5369
f 4587//4587 4586//4586 5369//5369
f 5369//5369 4586//4586 5367//5367
f 5365//5365 4588//4588 5413//5413
f 4588//4588 5414//5414 5413//5413
f 5413//5413 5414//5414 4587//4587
f 5263//5263 5415//5415 5264//5264
f 5415//5415 5416//5416 5264//5264
f 5264//5264 5416//5416 5250//5250
f 5416//5416 5417//5417 5250//5250
f 5250//5250 5417//5417 5251//5251
f 5417//5417 5418//5418 5251//5251
f 5251//5251 5418//5418 5252//5252
f 5418//5418 5419//5419 5252//5252
f 5252//5252 5419//5419 5159//5159
f 5419//5419 5420//5420 5159//5159
f 5159//5159 5420//5420 5160//5160
f 5420//5420 5421//5421 5160//5160
f 5160//5160 5421//5421 5161//5161
f 5421//5421 5422//5422 5161//5161
f 5161//5161 5422//5422 5210//5210
f 5422//5422 5423//5423 5210//5210
f 5210//5210 5423//5423 5211//5211
f 5423//5423 5424//5424 5211//5211
f 5211//5211 5424//5424 5086//5086
f 5424//5424 5425//5425 5086//5086
f 5086//5086 5425//5425 5075//5075
f 5425//5425 5426//5426 5075//5075
f 5075//5075 5426//5426 5120//5120
f 5426//5426 5427//5427 5120//5120
f 5120//5120 5427//5427 5305//5305
f 5427//5427 5428//5428 5305//5305
f 5305//5305 5428//5428 5306//5306
f 5428//5428 5429//5429 5306//5306
f 5306//5306 5429//5429 5307//5307
f 5429//5429 5430//5430 5307//5307
f 5307//5307 5430//5430 5308//5308
f 5430//5430 5431//5431 5308//5308
f 5308//5308 5431//5431 5309//5309
f 5431//5431 5432//5432 5309//5309
f 5309//5309 5432//5432 5310//5310
f 5432//5432 5433//5433 5310//5310
f 5310//5310 5433//5433 5311//5311
f 5433//5433 5434//5434 5311//5311
f 5311//5311 5434//5434 5312//5312
f 5434//5434 5435//5435 5312//5312
f 5312//5312 5435//5435 5329//5329
f 5435//5435 5436//5436 5329//5329
f 5329//5329 5436//5436 5330//5330
f 5436//5436 5437//5437 5330//5330
f 5330//5330 5437//5437 5331//5331
f 5437//5437 5438//5438 5331//5331
f 5331//5331 5438//5438 5354//5354
f 5438//5438 5439//5439 5354//5354
f 5354//5354 5439//5439 5291//5291
f 5439//5439 5440//5440 5291//5291
f 5291//5291 5440//5440 5290//5290
f 5440//5440 5441//5441 5290//5290
f 5290//5290 5441//5441 5288//5288
f 5441//5441 5442//5442 5288//5288
f 5288//5288 5442//5442 5287//5287
f 5442//5442 5443//5443 5287//5287
f 5287//5287 5443//5443 5286//5286
f 5443//5443 5444//5444 5286//5286
f 5286//5286 5444//5444 5284//5284
f 5444//5444 5445//5445 5284//5284
f 5284//5284 5445//5445 5248//5248
f 5445//5445 5446//5446 5248//5248
f 5248//5248 5446//5446 5249//5249
f 5446//5446 5447//5447 5249//5249
f 5249//5249 5447//5447 5245//5245
f 5447//5447 5448//5448 5245//5245
f 5245//5245 5448//5448 5246//5246
f 5448//5448 5449//5449 5246//5246
f 5246//5246 5449//5449 5280//5280
f 5449//5449 5450//5450 5280//5280
f 5280//5280 5450//5450 5278//5278
f 5450//5450 5451//5451 5278//5278
f 5278//5278 5451//5451 5276//5276
f 5451//5451 5452//5452 5276//5276
f 5276//5276 5452//5452 5274//5274
f 5452//5452 5453//5453 5274//5274
f 5274//5274 5453//5453 5272//5272
f 5453//5453 5454//5454 5272//5272
f 5272//5272 5454//5454 5270//5270
f 5454//5454 5455//5455 5270//5270
f 5270//5270 5455//5455 5053//5053
f 5455//5455 5456//5456 5053//5053
f 5053//5053 5456//5456 5194//5194
f 5456//5456 5457//5457 5194//5194
f 5194//5194 5457//5457 5193//5193
f 5457//5457 5458//5458 5193//5193
f 5193//5193 5458//5458 5191//5191
f 5458//5458 5459//5459 5191//5191
f 5191//5191 5459//5459 5189//5189
f 5459//5459 5460//5460 5189//5189
f 5189//5189 5460//5460 5151//5151
f 5460//5460 5461//5461 5151//5151
f 5151//5151 5461//5461 5149//5149
f 5461//5461 5462//5462 5149//5149
f 5149//5149 5462//5462 5114//5114
f 5462//5462 5463//5463 5114//5114
f 5114//5114 5463//5463 5178//5178
f 5463//5463 5464//5464 5178//5178
f 5178//5178 5464//5464 5179//5179
f 5464//5464 5465//5465 5179//5179
f 5179//5179 5465//5465 5180//5180
f 5465//5465 5466//5466 5180//5180
f 5180//5180 5466//5466 5181//5181
f 5466//5466 5467//5467 5181//5181
f 5181//5181 5467//5467 5182//5182
f 5467//5467 5468//5468 5182//5182
f 5182//5182 5468//5468 5183//5183
f 5468//5468 5469//5469 5183//5183
f 5183//5183 5469//5469 5144//5144
f 5469//5469 5470//5470 5144//5144
f 5144//5144 5470//5470 5145//5145
f 5470//5470 5471//5471 5145//5145
f 5145//5145 5471//5471 5184//5184
f 5471//5471 5472//5472 5184//5184
f 5184//5184 5472//5472 5185//5185
f 5472//5472 5473//5473 5185//5185
f 5185//5185 5473//5473 5148//5148
f 5473//5473 5474//5474 5148//5148
f 5148//5148 5474//5474 5147//5147
f 5474//5474 5475//5475 5147//5147
f 5147//5147 5475//5475 5146//5146
f 5475//5475 5476//5476 5146//5146
f 5146//5146 5476//5476 5226//5226
f 5476//5476 5477//5477 5226//5226
f 5226//5226 5477//5477 5227//5227
f 5477//5477 5478//5478 5227//5227
f 5227//5227 5478//5478 5228//5228
f 5478//5478 5479//5479 5228//5228
f 5228//5228 5479//5479 5229//5229
f 5479//5479 5480//5480 5229//5229
f 5229//5229 5480//5480 5230//5230
f 5480//5480 5481//5481 5230//5230
f 5230//5230 5481//5481 5188//5188
f 5481//5481 5482//5482 5188//5188
f 5188//5188 5482//5482 5187//5187
f 5482//5482 5483//5483 5187//5187
f 5187//5187 5483//5483 5186//5186
f 5483//5483 5484//5484 5186//5186
f 5186//5186 5484//5484 5231//5231
f 5484//5484 5485//5485 5231//5231
f 5231//5231 5485//5485 5232//5232
f 5485//5485 5486//5486 5232//5232
f 5232//5232 5486//5486 5233//5233
f 5486//5486 5487//5487 5233//5233
f 5233//5233 5487//5487 5292//5292
f 5487//5487 5488//5488 5292//5292
f 5292//5292 5488//5488 5293//5293
f 5488//5488 5489//5489 5293//5293
f 5293//5293 5489//5489 5294//5294
f 5489//5489 5490//5490 5294//5294
f 5294//5294 5490//5490 5316//5316
f 5490//5490 5491//5491 5316//5316
f 5316//5316 5491//5491 5317//5317
f 5491//5491 5492//5492 5317//5317
f 5317//5317 5492//5492 5318//5318
f 5492//5492 5493//5493 5318//5318
f 5318//5318 5493//5493 5319//5319
f 5493//5493 5494//5494 5319//5319
f 5319//5319 5494//5494 5320//5320
f 5494//5494 5495//5495 5320//5320
f 5320//5320 5495//5495 5321//5321
f 5495//5495 5496//5496 5321//5321
f 5321//5321 5496//5496 5356//5356
f 5496//5496 5497//5497 5356//5356
f 5356//5356 5497//5497 5357//5357
f 5497//5497 5498//5498 5357//5357
f 5357//5357 5498//5498 5358//5358
f 5498//5498 5499//5499 5358//5358
f 5358//5358 5499//5499 5359//5359
f 5499//5499 5500//5500 5359//5359
f 5359//5359 5500//5500 5332//5332
f 5500//5500 5501//5501 5332//5332
f 5332//5332 5501//5501 5333//5333
f 5501//5501 5502//5502 5333//5333
f 5333//5333 5502//5502 5348//5348
f 5502//5502 5503//5503 5348//5348
f 5348//5348 5503//5503 5349//5349
f 5503//5503 5504//5504 5349//5349
f 5349//5349 5504//5504 5350//5350
f 5504//5504 5505//5505 5350//5350
f 5350//5350 5505//5505 5360//5360
f 5505//5505 5506//5506 5360//5360
f 5360//5360 5506//5506 5361//5361
f 5506//5506 5507//5507 5361//5361
f 5361//5361 5507//5507 5337//5337
f 5507//5507 5508//5508 5337//5337
f 5337//5337 5508//5508 5336//5336
f 5508//5508 5509//5509 5336//5336
f 5336//5336 5509//5509 5335//5335
f 5509//5509 5510//5510 5335//5335
f 5335//5335 5510//5510 5407//5407
f 5510//5510 5511//5511 5407//5407
f 5407//5407 5511//5511 5378//5378
f 5511//5511 5512//5512 5378//5378
f 5378//5378 5512//5512 5406//5406
f 5512//5512 5513//5513 5406//5406
f 5406//5406 5513//5513 5369//5369
f 5513//5513 5514//5514 5369//5369
f 5369//5369 5514//5514 5411//5411
f 5514//5514 5515//5515 5411//5411
f 5411//5411 5515//5515 5412//5412
f 5515//5515 5516//5516 5412//5412
f 5412//5412 5516//5516 5413//5413
f 5516//5516 5517//5517 5413//5413
f 5413//5413 5517//5517 5365//5365
f 5517//5517 5518//5518 5365//5365
f 5365//5365 5518//5518 5366//5366
f 5518//5518 5519//5519 5366//5366
f 5366//5366 5519//5519 5363//5363
f 5519//5519 5520//5520 5363//5363
f 5363//5363 5520//5520 5364//5364
f 5520//5520 5521//5521 5364//5364
f 5364//5364 5521//5521 5402//5402
f 5521//5521 5522//5522 5402//5402
f 5402//5402 5522//5522 5400//5400
f 5522//5522 5523//5523 5400//5400
f 5400//5400 5523//5523 5398//5398
f 5523//5523 5524//5524 5398//5398
f 5398//5398 5524//5524 5397//5397
f 5524//5524 5525//5525 5397//5397
f 5397//5397 5525//5525 5390//5390
f 5525//5525 5526//5526 5390//5390
f 5390//5390 5526//5526 5391//5391
f 5526//5526 5527//5527 5391//5391
f 5391//5391 5527//5527 5393//5393
f 5527//5527 5528//5528 5393//5393
f 5393//5393 5528//5528 5387//5387
f 5528//5528 5529//5529 5387//5387
f 5387//5387 5529//5529 5408//5408
f 5529//5529 5530//5530 5408//5408
f 5408//5408 5530//5530 5374//5374
f 5530//5530 5531//5531 5374//5374
f 5374//5374 5531//5531 5375//5375
f 5531//5531 5532//5532 5375//5375
f 5375//5375 5532//5532 5409//5409
f 5532//5532 5533//5533 5409//5409
f 5409//5409 5533//5533 5410//5410
f 5533//5533 5534//5534 5410//5410
f 5410//5410 5534//5534 5313//5313
f 5534//5534 5535//5535 5313//5313
f 5313//5313 5535//5535 5314//5314
f 5535//5535 5536//5536 5314//5314
f 5314//5314 5536//5536 5380//5380
f 5536//5536 5537//5537 5380//5380
f 5380//5380 5537//5537 5381//5381
f 5537//5537 5538//5538 5381//5381
f 5381//5381 5538//5538 5382//5382
f 5538//5538 5539//5539 5382//5382
f 5382//5382 5539//5539 5383//5383
f 5539//5539 5540//5540 5383//5383
f 5383//5383 5540//5540 5384//5384
f 5540//5540 5541//5541 5384//5384
f 5384//5384 5541//5541 5372//5372
f 5541//5541 5542//5542 5372//5372
f 5372//5372 5542//5542 5373//5373
f 5542//5542 5543//5543 5373//5373
f 5373//5373 5543//5543 5385//5385
f 5543//5543 5544//5544 5385//5385
f 5385//5385 5544//5544 5386//5386
f 5544//5544 5545//5545 5386//5386
f 5386//5386 5545//5545 5218//5218
f 5545//5545 5546//5546 5218//5218
f 5218//5218 5546//5546 5216//5216
f 5546//5546 5547//5547 5216//5216
f 5216//5216 5547//5547 5127//5127
f 5547//5547 5548//5548 5127//5127
f 5127//5127 5548//5548 5203//5203
f 5548//5548 5549//5549 5203//5203
f 5203//5203 5549//5549 5125//5125
f 5549//5549 5550//5550 5125//5125
f 5125//5125 5550//5550 5126//5126
f 5550//5550 5551//5551 5126//5126
f 5126//5126 5551//5551 5204//5204
f 5551//5551 5552//5552 5204//5204
f 5204//5204 5552//5552 5205//5205
f 5552//5552 5553//5553 5205//5205
f 5205//5205 5553//5553 5206//5206
f 5553//5553 5554//5554 5206//5206
f 5206//5206 5554//5554 5207//5207
f 5554//5554 5555//5555 5207//5207
f 5207//5207 5555//5555 5208//5208
f 5555//5555 5556//5556 5208//5208
f 5208//5208 5556//5556 5209//5209
f 5556//5556 5557//5557 5209//5209
f 5209//5209 5557//5557 5262//5262
f 5557//5557 5558//5558 5262//5262
f 5262//5262 5558//5558 5263//5263
f 5558//5558 5415//5415 5263//5263
f 5091//5091 5559//5559 4589//4589
f 5559//5559 5560//5560 4589//4589
f 4589//4589 5560//5560 5134//5134
f 5560//5560 5561//5561 5134//5134
f 5134//5134 5561//5561 5092//5092
f 5561//5561 5562//5562 5092//5092
f 5092//5092 5562//5562 5093//5093
f 5562//5562 5563//5563 5093//5093
f 5093//5093 5563//5563 5094//5094
f 5563//5563 5564//5564 5094//5094
f 5094//5094 5564//5564 5095//5095
f 5564//5564 5565//5565 5095//5095
f 5095//5095 5565//5565 5135//5135
f 5565//5565 5566//5566 5135//5135
f 5135//5135 5566//5566 5136//5136
f 5566//5566 5567//5567 5136//5136
f 5136//5136 5567//5567 5137//5137
f 5567//5567 5568//5568 5137//5137
f 5137//5137 5568//5568 5138//5138
f 5568//5568 5569//5569 5138//5138
f 5138//5138 5569//5569 5139//5139
f 5569//5569 5570//5570 5139//5139
f 5139//5139 5570//5570 5140//5140
f 5570//5570 5571//5571 5140//5140
f 5140//5140 5571//5571 5166//5166
f 5571//5571 5572//5572 5166//5166
f 5166//5166 5572//5572 5167//5167
f 5572//5572 5573//5573 5167//5167
f 5167//5167 5573//5573 5168//5168
f 5573//5573 5574//5574 5168//5168
f 5168//5168 5574//5574 5169//5169
f 5574//5574 5575//5575 5169//5169
f 5169//5169 5575//5575 5170//5170
f 5575//5575 5576//5576 5170//5170
f 5170//5170 5576//5576 5096//5096
f 5576//5576 5577//5577 5096//5096
f 5096//5096 5577//5577 5097//5097
f 5577//5577 5578//5578 5097//5097
f 5097//5097 5578//5578 5223//5223
f 5578//5578 5579//5579 5223//5223
f 5223//5223 5579//5579 5224//5224
f 5579//5579 5580//5580 5224//5224
f 5224//5224 5580//5580 5171//5171
f 5580//5580 5581//5581 5171//5171
f 5171//5171 5581//5581 5172//5172
f 5581//5581 5582//5582 5172//5172
f 5172//5172 5582//5582 5295//5295
f 5582//5582 5583//5583 5295//5295
f 5295//5295 5583//5583 5296//5296
f 5583//5583 5584//5584 5296//5296
f 5296//5296 5584//5584 5297//5297
f 5584//5584 5585//5585 5297//5297
f 5297//5297 5585//5585 5338//5338
f 5585//5585 5586//5586 5338//5338
f 5338//5338 5586//5586 5339//5339
f 5586//5586 5587//5587 5339//5339
f 5339//5339 5587//5587 5324//5324
f 5587//5587 5588//5588 5324//5324
f 5324//5324 5588//5588 5323//5323
f 5588//5588 5589//5589 5323//5323
f 5323//5323 5589//5589 5322//5322
f 5589//5589 5590//5590 5322//5322
f 5322//5322 5590//5590 5325//5325
f 5590//5590 5591//5591 5325//5325
f 5325//5325 5591//5591 5326//5326
f 5591//5591 5592//5592 5326//5326
f 5326//5326 5592//5592 5298//5298
f 5592//5592 5593//5593 5298//5298
f 5298//5298 5593//5593 5299//5299
f 5593//5593 5594//5594 5299//5299
f 5299//5299 5594//5594 5300//5300
f 5594//5594 5595//5595 5300//5300
f 5300//5300 5595//5595 5301//5301
f 5595//5595 5596//5596 5301//5301
f 5301//5301 5596//5596 5340//5340
f 5596//5596 5597//5597 5340//5340
f 5340//5340 5597//5597 5341//5341
f 5597//5597 5598//5598 5341//5341
f 5341//5341 5598//5598 5342//5342
f 5598//5598 5599//5599 5342//5342
f 5342//5342 5599//5599 5351//5351
f 5599//5599 5600//5600 5351//5351
f 5351//5351 5600//5600 5352//5352
f 5600//5600 5601//5601 5352//5352
f 5352//5352 5601//5601 5353//5353
f 5601//5601 5602//5602 5353//5353
f 5353//5353 5602//5602 5370//5370
f 5602//5602 5603//5603 5370//5370
f 5370//5370 5603//5603 5371//5371
f 5603//5603 5604//5604 5371//5371
f 5371//5371 5604//5604 5343//5343
f 5604//5604 5605//5605 5343//5343
f 5343//5343 5605//5605 5344//5344
f 5605//5605 5606//5606 5344//5344
f 5344//5344 5606//5606 5345//5345
f 5606//5606 5607//5607 5345//5345
f 5345//5345 5607//5607 5327//5327
f 5607//5607 5608//5608 5327//5327
f 5327//5327 5608//5608 5328//5328
f 5608//5608 5609//5609 5328//5328
f 5328//5328 5609//5609 5346//5346
f 5609//5609 5610//5610 5346//5346
f 5346//5346 5610//5610 5347//5347
f 5610//5610 5611//5611 5347//5347
f 5347//5347 5611//5611 5175//5175
f 5611//5611 5612//5612 5175//5175
f 5175//5175 5612//5612 5174//5174
f 5612//5612 5613//5613 5174//5174
f 5174//5174 5613//5613 5173//5173
f 5613//5613 5614//5614 5173//5173
f 5173//5173 5614//5614 5176//5176
f 5614//5614 5615//5615 5176//5176
f 5176//5176 5615//5615 5177//5177
f 5615//5615 5616//5616 5177//5177
f 5177//5177 5616//5616 5141//5141
f 5616//5616 5617//5617 5141//5141
f 5141//5141 5617//5617 5142//5142
f 5617//5617 5618//5618 5142//5142
f 5142//5142 5618//5618 5143//5143
f 5618//5618 5619//5619 5143//5143
f 5143//5143 5619//5619 5111//5111
f 5619//5619 5620//5620 5111//5111
f 5111//5111 5620//5620 5112//5112
f 5620//5620 5621//5621 5112//5112
f 5112//5112 5621//5621 5113//5113
f 5621//5621 5622//5622 5113//5113
f 5113//5113 5622//5622 4605//4605
f 5622//5622 5623//5623 4605//4605
f 4605//4605 5623//5623 5225//5225
f 5623//5623 5624//5624 5225//5225
f 5225//5225 5624//5624 5115//5115
f 5624//5624 5625//5625 5115//5115
f 5115//5115 5625//5625 5116//5116
f 5625//5625 5626//5626 5116//5116
f 5116//5116 5626//5626 5150//5150
f 5626//5626 5627//5627 5150//5150
f 5150//5150 5627//5627 5190//5190
f 5627//5627 5628//5628 5190//5190
f 5190//5190 5628//5628 5192//5192
f 5628//5628 5629//5629 5192//5192
f 5192//5192 5629//5629 4604//4604
f 5629//5629 5630//5630 4604//4604
f 4604//4604 5630//5630 5195//5195
f 5630//5630 5631//5631 5195//5195
f 5195//5195 5631//5631 5196//5196
f 5631//5631 5632//5632 5196//5196
f 5196//5196 5632//5632 4603//4603
f 5632//5632 5633//5633 4603//4603
f 4603//4603 5633//5633 5068//5068
f 5633//5633 5634//5634 5068//5068
f 5068//5068 5634//5634 5069//5069
f 5634//5634 5635//5635 5069//5069
f 5069//5069 5635//5635 5051//5051
f 5635//5635 5636//5636 5051//5051
f 5051//5051 5636//5636 5052//5052
f 5636//5636 5637//5637 5052//5052
f 5052//5052 5637//5637 4602//4602
f 5637//5637 5638//5638 4602//4602
f 4602//4602 5638//5638 4601//4601
f 5638//5638 5639//5639 4601//4601
f 4601//4601 5639//5639 5070//5070
f 5639//5639 5640//5640 5070//5070
f 5070//5070 5640//5640 5071//5071
f 5640//5640 5641//5641 5071//5071
f 5071//5071 5641//5641 5072//5072
f 5641//5641 5642//5642 5072//5072
f 5072//5072 5642//5642 5079//5079
f 5642//5642 5643//5643 5079//5079
f 5079//5079 5643//5643 5080//5080
f 5643//5643 5644//5644 5080//5080
f 5080//5080 5644//5644 5081//5081
f 5644//5644 5645//5645 5081//5081
f 5081//5081 5645//5645 5082//5082
f 5645//5645 5646//5646 5082//5082
f 5082//5082 5646//5646 5083//5083
f 5646//5646 5647//5647 5083//5083
f 5083//5083 5647//5647 5084//5084
f 5647//5647 5648//5648 5084//5084
f 5084//5084 5648//5648 5100//5100
f 5648//5648 5649//5649 5100//5100
f 5100//5100 5649//5649 5101//5101
f 5649//5649 5650//5650 5101//5101
f 5101//5101 5650//5650 5102//5102
f 5650//5650 5651//5651 5102//5102
f 5102//5102 5651//5651 4600//4600
f 5651//5651 5652//5652 4600//4600
f 4600//4600 5652//5652 5258//5258
f 5652//5652 5653//5653 5258//5258
f 5258//5258 5653//5653 5259//5259
f 5653//5653 5654//5654 5259//5259
f 5259//5259 5654//5654 5267//5267
f 5654//5654 5655//5655 5267//5267
f 5267//5267 5655//5655 5268//5268
f 5655//5655 5656//5656 5268//5268
f 5268//5268 5656//5656 5241//5241
f 5656//5656 5657//5657 5241//5241
f 5241//5241 5657//5657 5242//5242
f 5657//5657 5658//5658 5242//5242
f 5242//5242 5658//5658 5243//5243
f 5658//5658 5659//5659 5243//5243
f 5243//5243 5659//5659 4599//4599
f 5659//5659 5660//5660 4599//4599
f 4599//4599 5660//5660 5269//5269
f 5660//5660 5661//5661 5269//5269
f 5269//5269 5661//5661 4598//4598
f 5661//5661 5662//5662 4598//4598
f 4598//4598 5662//5662 5271//5271
f 5662//5662 5663//5663 5271//5271
f 5271//5271 5663//5663 5273//5273
f 5663//5663 5664//5664 5273//5273
f 5273//5273 5664//5664 5275//5275
f 5664//5664 5665//5665 5275//5275
f 5275//5275 5665//5665 5277//5277
f 5665//5665 5666//5666 5277//5277
f 5277//5277 5666//5666 5279//5279
f 5666//5666 5667//5667 5279//5279
f 5279//5279 5667//5667 5281//5281
f 5667//5667 5668//5668 5281//5281
f 5281//5281 5668//5668 5282//5282
f 5668//5668 5669//5669 5282//5282
f 5282//5282 5669//5669 5244//5244
f 5669//5669 5670//5670 5244//5244
f 5244//5244 5670//5670 5283//5283
f 5670//5670 5671//5671 5283//5283
f 5283//5283 5671//5671 5247//5247
f 5671//5671 5672//5672 5247//5247
f 5247//5247 5672//5672 5302//5302
f 5672//5672 5673//5673 5302//5302
f 5302//5302 5673//5673 5285//5285
f 5673//5673 5674//5674 5285//5285
f 5285//5285 5674//5674 5303//5303
f 5674//5674 5675//5675 5303//5303
f 5303//5303 5675//5675 5289//5289
f 5675//5675 5676//5676 5289//5289
f 5289//5289 5676//5676 5355//5355
f 5676//5676 5677//5677 5355//5355
f 5355//5355 5677//5677 4597//4597
f 5677//5677 5678//5678 4597//4597
f 4597//4597 5678//5678 5304//5304
f 5678//5678 5679//5679 5304//5304
f 5304//5304 5679//5679 5118//5118
f 5679//5679 5680//5680 5118//5118
f 5118//5118 5680//5680 5119//5119
f 5680//5680 5681//5681 5119//5119
f 5119//5119 5681//5681 4596//4596
f 5681//5681 5682//5682 4596//4596
f 4596//4596 5682//5682 5121//5121
f 5682//5682 5683//5683 5121//5121
f 5121//5121 5683//5683 5122//5122
f 5683//5683 5684//5684 5122//5122
f 5122//5122 5684//5684 5123//5123
f 5684//5684 5685//5685 5123//5123
f 5123//5123 5685//5685 5103//5103
f 5685//5685 5686//5686 5103//5103
f 5103//5103 5686//5686 5104//5104
f 5686//5686 5687//5687 5104//5104
f 5104//5104 5687//5687 4595//4595
f 5687//5687 5688//5688 4595//4595
f 4595//4595 5688//5688 5124//5124
f 5688//5688 5689//5689 5124//5124
f 5124//5124 5689//5689 5073//5073
f 5689//5689 5690//5690 5073//5073
f 5073//5073 5690//5690 5074//5074
f 5690//5690 5691//5691 5074//5074
f 5074//5074 5691//5691 4594//4594
f 5691//5691 5692//5692 4594//4594
f 4594//4594 5692//5692 5085//5085
f 5692//5692 5693//5693 5085//5085
f 5085//5085 5693//5693 5087//5087
f 5693//5693 5694//5694 5087//5087
f 5087//5087 5694//5694 5253//5253
f 5694//5694 5695//5695 5253//5253
f 5253//5253 5695//5695 4593//4593
f 5695//5695 5696//5696 4593//4593
f 4593//4593 5696//5696 5254//5254
f 5696//5696 5697//5697 5254//5254
f 5254//5254 5697//5697 5088//5088
f 5697//5697 5698//5698 5088//5088
f 5088//5088 5698//5698 4592//4592
f 5698//5698 5699//5699 4592//4592
f 4592//4592 5699//5699 4591//4591
f 5699//5699 5700//5700 4591//4591
f 4591//4591 5700//5700 4590//4590
f 5700//5700 5701//5701 4590//4590
f 4590//4590 5701//5701 5090//5090
f 5701//5701 5702//5702 5090//5090
f 5090//5090 5702//5702 5091//5091
f 5702//5702 5559//5559 5091//5091
f 5703//5703 5704//5704 5705//5705
f 5704//5704 5706//5706 5705//5705
f 5707//5707 5708//5708 5709//5709
f 5707//5707 5709//5709 5710//5710
f 5709//5709 5711//5711 5710//5710
f 5710//5710 5711//5711 5712//5712
f 5711//5711 5713//5713 5712//5712
f 5712//5712 5713//5713 5714//5714
f 5713//5713 5715//5715 5714//5714
f 5714//5714 5715//5715 5716//5716
f 5715//5715 5717//5717 5716//5716
f 5716//5716 5717//5717 5718//5718
f 5717//5717 5719//5719 5718//5718
f 5718//5718 5719//5719 5720//5720
f 5719//5719 5721//5721 5720//5720
f 5720//5720 5721//5721 5722//5722
f 5721//5721 5723//5723 5722//5722
f 5722//5722 5723//5723 5724//5724
f 5723//5723 5725//5725 5724//5724
f 5724//5724 5725//5725 5726//5726
f 5725//5725 5727//5727 5726//5726
f 5726//5726 5727//5727 5728//5728
f 5727//5727 5729//5729 5728//5728
f 5728//5728 5729//5729 5730//5730
f 5729//5729 5731//5731 5730//5730
f 5730//5730 5731//5731 5732//5732
f 5731//5731 5733//5733 5732//5732
f 5732//5732 5733//5733 5734//5734
f 5733//5733 5735//5735 5734//5734
f 5734//5734 5735//5735 5736//5736
f 5735//5735 5737//5737 5736//5736
f 5736//5736 5737//5737 5738//5738
f 5737//5737 5739//5739 5738//5738
f 5738//5738 5739//5739 5740//5740
f 5739//5739 5741//5741 5740//5740
f 5740//5740 5741//5741 5742//5742
f 5741//5741 5743//5743 5742//5742
f 5742//5742 5743//5743 5744//5744
f 5743//5743 5745//5745 5744//5744
f 5744//5744 5745//5745 5746//5746
f 5745//5745 5747//5747 5746//5746
f 5746//5746 5747//5747 5748//5748
f 5747//5747 5749//5749 5748//5748
f 5748//5748 5749//5749 5750//5750
f 5749//5749 5751//5751 5750//5750
f 5750//5750 5751//5751 5752//5752
f 5751//5751 5753//5753 5752//5752
f 5752//5752 5753//5753 5754//5754
f 5753//5753 5755//5755 5754//5754
f 5754//5754 5755//5755 5756//5756
f 5755//5755 5757//5757 5756//5756
f 5756//5756 5757//5757 5758//5758
f 5757//5757 5759//5759 5758//5758
f 5758//5758 5759//5759 5760//5760
f 5759//5759 5761//5761 5760//5760
f 5760//5760 5761//5761 5762//5762
f 5761//5761 5763//5763 5762//5762
f 5762//5762 5763//5763 5764//5764
f 5763//5763 5765//5765 5764//5764
f 5764//5764 5765//5765 5766//5766
f 5765//5765 5767//5767 5766//5766
f 5766//5766 5767//5767 5768//5768
f 5767//5767 5769//5769 5768//5768
f 5768//5768 5769//5769 5770//5770
f 5769//5769 5771//5771 5770//5770
f 5770//5770 5771//5771 5772//5772
f 5771//5771 5773//5773 5772//5772
f 5772//5772 5773//5773 5774//5774
f 5773//5773 5775//5775 5774//5774
f 5774//5774 5775//5775 5776//5776
f 5775//5775 5777//5777 5776//5776
f 5776//5776 5777//5777 5778//5778
f 5777//5777 5779//5779 5778//5778
f 5778//5778 5779//5779 5780//5780
f 5779//5779 5781//5781 5780//5780
f 5780//5780 5781//5781 5782//5782
f 5781//5781 5783//5783 5782//5782
f 5782//5782 5783//5783 5784//5784
f 5783//5783 5703//5703 5784//5784
f 5784//5784 5703//5703 5705//5705
f 5785//5785 5786//5786 5787//5787
f 5786//5786 5788//5788 5787//5787
f 5789//5789 5790//5790 5791//5791
f 5790//5790 5792//5792 5791//5791
f 5109//5109 5047//5047 5793//5793
f 5109//5109 5793//5793 5794//5794
f 5793//5793 5795//5795 5794//5794
f 5794//5794 5795//5795 5796//5796
f 5795//5795 5797//5797 5796//5796
f 5796//5796 5797//5797 5798//5798
f 5797//5797 5799//5799 5798//5798
f 5798//5798 5799//5799 5800//5800
f 5799//5799 5801//5801 5800//5800
f 5800//5800 5801//5801 5802//5802
f 5801//5801 5803//5803 5802//5802
f 5802//5802 5803//5803 5804//5804
f 5803//5803 5805//5805 5804//5804
f 5804//5804 5805//5805 5806//5806
f 5805//5805 5807//5807 5806//5806
f 5806//5806 5807//5807 5808//5808
f 5807//5807 5809//5809 5808//5808
f 5808//5808 5809//5809 5810//5810
f 5809//5809 5811//5811 5810//5810
f 5810//5810 5811//5811 5812//5812
f 5811//5811 5813//5813 5812//5812
f 5812//5812 5813//5813 5814//5814
f 5813//5813 5815//5815 5814//5814
f 5814//5814 5815//5815 5816//5816
f 5815//5815 5817//5817 5816//5816
f 5816//5816 5817//5817 5818//5818
f 5817//5817 5819//5819 5818//5818
f 5818//5818 5819//5819 5820//5820
f 5819//5819 5821//5821 5820//5820
f 5820//5820 5821//5821 5822//5822
f 5821//5821 5823//5823 5822//5822
f 5822//5822 5823//5823 5824//5824
f 5823//5823 5825//5825 5824//5824
f 5824//5824 5825//5825 5826//5826
f 5825//5825 5827//5827 5826//5826
f 5826//5826 5827//5827 5828//5828
f 5827//5827 5829//5829 5828//5828
f 5828//5828 5829//5829 5830//5830
f 5829//5829 5831//5831 5830//5830
f 5830//5830 5831//5831 5832//5832
f 5831//5831 5833//5833 5832//5832
f 5832//5832 5833//5833 5834//5834
f 5833//5833 5835//5835 5834//5834
f 5834//5834 5835//5835 5836//5836
f 5835//5835 5837//5837 5836//5836
f 5836//5836 5837//5837 5838//5838
f 5837//5837 5839//5839 5838//5838
f 5838//5838 5839//5839 5840//5840
f 5839//5839 5841//5841 5840//5840
f 5840//5840 5841//5841 5842//5842
f 5841//5841 5843//5843 5842//5842
f 5842//5842 5843//5843 5844//5844
f 5843//5843 5845//5845 5844//5844
f 5844//5844 5845//5845 5846//5846
f 5845//5845 5847//5847 5846//5846
f 5846//5846 5847//5847 5848//5848
f 5847//5847 5849//5849 5848//5848
f 5848//5848 5849//5849 5850//5850
f 5849//5849 5851//5851 5850//5850
f 5850//5850 5851//5851 5852//5852
f 5851//5851 5853//5853 5852//5852
f 5852//5852 5853//5853 5854//5854
f 5853//5853 5855//5855 5854//5854
f 5854//5854 5855//5855 5856//5856
f 5857//5857 5858//5858 5859//5859
f 5858//5858 5860//5860 5859//5859
f 5861//5861 5858//5858 5862//5862
f 5858//5858 5863//5863 5862//5862
f 5858//5858 5864//5864 5865//5865
f 5866//5866 5867//5867 5786//5786
f 5868//5868 5869//5869 5870//5870
f 5871//5871 5872//5872 5792//5792
f 5873//5873 5858//5858 5874//5874
f 5858//5858 5875//5875 5874//5874
f 5873//5873 5876//5876 5858//5858
f 5876//5876 5877//5877 5858//5858
f 5858//5858 5877//5877 5863//5863
f 5861//5861 5878//5878 5858//5858
f 5878//5878 5879//5879 5858//5858
f 5858//5858 5879//5879 5864//5864
f 5880//5880 5881//5881 5786//5786
f 5881//5881 5882//5882 5786//5786
f 5786//5786 5882//5882 5883//5883
f 5884//5884 5885//5885 5786//5786
f 5885//5885 5886//5886 5786//5786
f 5786//5786 5886//5886 5887//5887
f 5888//5888 5889//5889 5868//5868
f 5889//5889 5890//5890 5868//5868
f 5868//5868 5890//5890 5891//5891
f 5891//5891 5892//5892 5868//5868
f 5892//5892 5893//5893 5868//5868
f 5868//5868 5893//5893 5894//5894
f 5895//5895 5896//5896 5897//5897
f 5896//5896 5898//5898 5897//5897
f 5897//5897 5898//5898 5899//5899
f 5899//5899 5900//5900 5897//5897
f 5900//5900 5901//5901 5897//5897
f 5897//5897 5901//5901 5902//5902
f 5903//5903 5904//5904 5792//5792
f 5872//5872 5905//5905 5792//5792
f 5905//5905 5906//5906 5792//5792
f 5792//5792 5906//5906 5907//5907
f 5857//5857 5908//5908 5858//5858
f 5908//5908 5909//5909 5858//5858
f 5858//5858 5909//5909 5875//5875
f 5910//5910 5911//5911 5858//5858
f 5911//5911 5912//5912 5858//5858
f 5858//5858 5912//5912 5913//5913
f 5883//5883 5914//5914 5786//5786
f 5914//5914 5915//5915 5786//5786
f 5786//5786 5915//5915 5884//5884
f 5916//5916 5917//5917 5790//5790
f 5918//5918 5919//5919 5860//5860
f 5919//5919 5920//5920 5860//5860
f 5860//5860 5920//5920 5921//5921
f 5922//5922 5923//5923 5785//5785
f 5923//5923 5924//5924 5785//5785
f 5785//5785 5924//5924 5925//5925
f 5926//5926 5927//5927 5868//5868
f 5894//5894 5928//5928 5868//5868
f 5928//5928 5929//5929 5868//5868
f 5868//5868 5929//5929 5869//5869
f 5930//5930 5931//5931 5897//5897
f 5931//5931 5932//5932 5897//5897
f 5897//5897 5932//5932 5933//5933
f 5933//5933 5934//5934 5897//5897
f 5934//5934 5935//5935 5897//5897
f 5897//5897 5935//5935 5895//5895
f 5904//5904 5936//5936 5792//5792
f 5936//5936 5937//5937 5792//5792
f 5792//5792 5937//5937 5871//5871
f 5867//5867 5938//5938 5786//5786
f 5938//5938 5939//5939 5786//5786
f 5786//5786 5939//5939 5940//5940
f 5940//5940 5941//5941 5786//5786
f 5941//5941 5942//5942 5786//5786
f 5786//5786 5942//5942 5943//5943
f 5887//5887 5944//5944 5786//5786
f 5944//5944 5945//5945 5786//5786
f 5786//5786 5945//5945 5946//5946
f 5916//5916 5790//5790 5947//5947
f 5948//5948 5949//5949 5860//5860
f 5921//5921 5950//5950 5860//5860
f 5950//5950 5951//5951 5860//5860
f 5860//5860 5951//5951 5859//5859
f 5952//5952 5953//5953 5785//5785
f 5953//5953 5954//5954 5785//5785
f 5954//5954 5955//5955 5785//5785
f 5785//5785 5955//5955 5956//5956
f 5956//5956 5957//5957 5785//5785
f 5957//5957 5958//5958 5785//5785
f 5785//5785 5958//5958 5922//5922
f 5925//5925 5959//5959 5785//5785
f 5959//5959 5960//5960 5785//5785
f 5785//5785 5960//5960 5961//5961
f 5962//5962 5963//5963 5868//5868
f 5870//5870 5964//5964 5868//5868
f 5964//5964 5965//5965 5868//5868
f 5868//5868 5965//5965 5897//5897
f 5965//5965 5966//5966 5897//5897
f 5897//5897 5966//5966 5930//5930
f 5865//5865 5967//5967 5858//5858
f 5967//5967 5968//5968 5858//5858
f 5858//5858 5968//5968 5969//5969
f 5969//5969 5970//5970 5858//5858
f 5970//5970 5971//5971 5858//5858
f 5858//5858 5971//5971 5910//5910
f 5943//5943 5972//5972 5786//5786
f 5972//5972 5973//5973 5786//5786
f 5786//5786 5973//5973 5880//5880
f 5946//5946 5974//5974 5786//5786
f 5974//5974 5975//5975 5786//5786
f 5786//5786 5975//5975 5976//5976
f 5976//5976 5977//5977 5786//5786
f 5977//5977 5978//5978 5786//5786
f 5786//5786 5978//5978 5790//5790
f 5978//5978 5979//5979 5790//5790
f 5790//5790 5979//5979 5947//5947
f 5917//5917 5980//5980 5790//5790
f 5980//5980 5981//5981 5790//5790
f 5790//5790 5981//5981 5982//5982
f 5949//5949 5983//5983 5860//5860
f 5983//5983 5984//5984 5860//5860
f 5860//5860 5984//5984 5918//5918
f 5907//5907 5985//5985 5792//5792
f 5985//5985 5986//5986 5792//5792
f 5792//5792 5986//5986 5785//5785
f 5986//5986 5987//5987 5785//5785
f 5785//5785 5987//5987 5952//5952
f 5988//5988 5989//5989 5785//5785
f 5989//5989 5990//5990 5785//5785
f 5785//5785 5990//5990 5991//5991
f 5927//5927 5992//5992 5868//5868
f 5992//5992 5993//5993 5868//5868
f 5868//5868 5993//5993 5994//5994
f 5995//5995 5996//5996 5868//5868
f 5996//5996 5997//5997 5868//5868
f 5868//5868 5997//5997 5998//5998
f 5998//5998 5999//5999 5868//5868
f 5999//5999 6000//6000 5868//5868
f 5868//5868 6000//6000 5888//5888
f 6001//6001 6002//6002 5792//5792
f 6003//6003 5858//5858 6004//6004
f 5858//5858 6005//6005 6004//6004
f 6003//6003 6006//6006 5858//5858
f 6006//6006 6007//6007 5858//5858
f 5858//5858 6007//6007 6008//6008
f 6009//6009 6010//6010 5786//5786
f 6010//6010 6011//6011 5786//5786
f 5786//5786 6011//6011 6012//6012
f 6012//6012 6013//6013 5786//5786
f 6013//6013 6014//6014 5786//5786
f 5786//5786 6014//6014 6015//6015
f 5982//5982 6016//6016 5790//5790
f 6016//6016 6017//6017 5790//5790
f 5790//5790 6017//6017 6018//6018
f 5994//5994 6019//6019 5868//5868
f 6019//6019 6020//6020 5868//5868
f 5868//5868 6020//6020 5995//5995
f 6002//6002 6021//6021 5792//5792
f 6021//6021 6022//6022 5792//5792
f 5792//5792 6022//6022 5903//5903
f 5913//5913 6023//6023 5858//5858
f 6023//6023 6024//6024 5858//5858
f 5858//5858 6024//6024 6025//6025
f 6025//6025 6026//6026 5858//5858
f 6026//6026 6027//6027 5858//5858
f 5858//5858 6027//6027 6005//6005
f 6015//6015 6028//6028 5786//5786
f 6028//6028 6029//6029 5786//5786
f 5786//5786 6029//6029 5866//5866
f 6018//6018 6030//6030 5790//5790
f 6030//6030 6031//6031 5790//5790
f 5790//5790 6031//6031 6032//6032
f 6032//6032 6033//6033 5790//5790
f 6033//6033 6034//6034 5790//5790
f 5790//5790 6034//6034 6035//6035
f 5961//5961 6036//6036 5785//5785
f 6036//6036 6037//6037 5785//5785
f 5785//5785 6037//6037 6038//6038
f 6038//6038 6039//6039 5785//5785
f 6039//6039 6040//6040 5785//5785
f 5785//5785 6040//6040 5988//5988
f 6008//6008 6009//6009 5858//5858
f 6009//6009 5786//5786 5858//5858
f 5858//5858 5786//5786 5868//5868
f 5786//5786 5785//5785 5868//5868
f 5868//5868 5785//5785 5962//5962
f 5963//5963 6041//6041 5868//5868
f 6041//6041 6042//6042 5868//5868
f 5868//5868 6042//6042 6043//6043
f 6035//6035 6044//6044 5790//5790
f 6044//6044 6045//6045 5790//5790
f 5790//5790 6045//6045 6046//6046
f 6047//6047 6048//6048 5860//5860
f 6049//6049 5785//5785 6050//6050
f 5785//5785 6051//6051 6050//6050
f 6049//6049 6052//6052 5785//5785
f 6052//6052 6053//6053 5785//5785
f 5785//5785 6053//6053 5962//5962
f 6043//6043 6054//6054 5868//5868
f 6054//6054 6055//6055 5868//5868
f 5868//5868 6055//6055 6056//6056
f 6057//6057 6058//6058 5792//5792
f 6058//6058 6059//6059 5792//5792
f 5792//5792 6059//6059 6060//6060
f 6048//6048 6061//6061 5860//5860
f 6061//6061 6062//6062 5860//5860
f 5860//5860 6062//6062 5948//5948
f 5991//5991 6063//6063 5785//5785
f 6063//6063 6064//6064 5785//5785
f 5785//5785 6064//6064 6065//6065
f 6065//6065 6066//6066 5785//5785
f 6066//6066 6067//6067 5785//5785
f 5785//5785 6067//6067 6051//6051
f 6056//6056 6068//6068 5868//5868
f 6068//6068 6069//6069 5868//5868
f 5868//5868 6069//6069 5926//5926
f 6070//6070 5792//5792 6071//6071
f 5792//5792 6072//6072 6071//6071
f 6070//6070 6073//6073 5792//5792
f 6073//6073 6074//6074 5792//5792
f 5792//5792 6074//6074 6075//6075
f 6075//6075 6076//6076 5792//5792
f 6076//6076 6077//6077 5792//5792
f 5792//5792 6077//6077 6078//6078
f 6078//6078 6079//6079 5792//5792
f 6079//6079 6080//6080 5792//5792
f 5792//5792 6080//6080 6081//6081
f 6082//6082 6083//6083 5792//5792
f 6083//6083 6084//6084 5792//5792
f 5792//5792 6084//6084 6085//6085
f 6085//6085 6086//6086 5792//5792
f 6086//6086 6087//6087 5792//5792
f 5792//5792 6087//6087 6088//6088
f 6089//6089 6090//6090 5860//5860
f 6090//6090 6091//6091 5860//5860
f 5860//5860 6091//6091 6092//6092
f 6093//6093 6094//6094 5792//5792
f 6094//6094 6095//6095 5792//5792
f 5792//5792 6095//6095 6096//6096
f 6096//6096 6097//6097 5792//5792
f 6097//6097 6098//6098 5792//5792
f 5792//5792 6098//6098 6057//6057
f 6088//6088 6099//6099 5792//5792
f 6099//6099 6100//6100 5792//5792
f 5792//5792 6100//6100 6001//6001
f 6046//6046 6101//6101 5790//5790
f 6101//6101 6102//6102 5790//5790
f 5790//5790 6102//6102 6103//6103
f 5792//5792 6104//6104 6105//6105
f 6060//6060 6106//6106 5792//5792
f 6106//6106 6107//6107 5792//5792
f 5792//5792 6107//6107 6082//6082
f 6108//6108 6109//6109 5860//5860
f 6109//6109 6110//6110 5860//5860
f 6110//6110 6111//6111 5860//5860
f 6111//6111 6112//6112 5860//5860
f 5860//5860 6112//6112 6113//6113
f 6113//6113 6114//6114 5860//5860
f 6114//6114 6115//6115 5860//5860
f 5860//5860 6115//6115 6089//6089
f 6116//6116 6117//6117 5860//5860
f 6117//6117 6118//6118 5860//5860
f 5860//5860 6118//6118 6119//6119
f 6119//6119 6120//6120 5860//5860
f 6120//6120 6121//6121 5860//5860
f 5860//5860 6121//6121 6122//6122
f 6081//6081 6123//6123 5792//5792
f 6123//6123 6124//6124 5792//5792
f 5792//5792 6124//6124 6104//6104
f 6105//6105 6125//6125 5792//5792
f 6125//6125 6126//6126 5792//5792
f 5792//5792 6126//6126 6127//6127
f 6127//6127 6128//6128 5792//5792
f 6128//6128 6129//6129 5792//5792
f 5792//5792 6129//6129 6130//6130
f 6130//6130 6131//6131 5792//5792
f 6131//6131 6132//6132 5792//5792
f 5792//5792 6132//6132 6093//6093
f 6122//6122 6133//6133 5860//5860
f 6133//6133 6134//6134 5860//5860
f 5860//5860 6134//6134 6047//6047
f 6103//6103 6135//6135 5790//5790
f 6135//6135 6136//6136 5790//5790
f 5790//5790 6136//6136 6137//6137
f 6138//6138 6139//6139 5790//5790
f 6139//6139 6140//6140 5790//5790
f 5790//5790 6140//6140 6141//6141
f 6141//6141 6142//6142 5790//5790
f 6142//6142 6143//6143 5790//5790
f 5790//5790 6143//6143 6144//6144
f 6092//6092 6145//6145 5860//5860
f 6145//6145 6146//6146 5860//5860
f 5860//5860 6146//6146 6116//6116
f 6137//6137 6147//6147 5790//5790
f 6147//6147 6148//6148 5790//5790
f 5790//5790 6148//6148 6138//6138
f 6144//6144 6108//6108 5790//5790
f 6108//6108 5860//5860 5790//5790
f 5790//5790 5860//5860 5792//5792
f 5860//5860 5897//5897 5792//5792
f 5792//5792 5897//5897 6072//6072
f 5897//5897 5902//5902 6072//6072
f 5930//5930 4909//4909 5931//5931
f 4909//4909 4908//4908 5931//5931
f 5931//5931 4908//4908 5932//5932
f 4908//4908 4907//4907 5932//5932
f 5932//5932 4907//4907 5933//5933
f 4907//4907 4906//4906 5933//5933
f 5933//5933 4906//4906 5934//5934
f 4906//4906 4905//4905 5934//5934
f 5934//5934 4905//4905 5935//5935
f 4905//4905 4903//4903 5935//5935
f 5935//5935 4903//4903 5895//5895
f 4903//4903 4902//4902 5895//5895
f 5895//5895 4902//4902 5896//5896
f 4902//4902 4966//4966 5896//5896
f 5896//5896 4966//4966 5898//5898
f 4966//4966 4965//4965 5898//5898
f 5898//5898 4965//4965 5899//5899
f 4965//4965 4962//4962 5899//5899
f 5899//5899 4962//4962 5900//5900
f 4962//4962 4961//4961 5900//5900
f 5900//5900 4961//4961 5901//5901
f 4961//4961 4960//4960 5901//5901
f 5901//5901 4960//4960 5902//5902
f 4960//4960 4959//4959 5902//5902
f 5902//5902 4959//4959 6072//6072
f 4959//4959 5006//5006 6072//6072
f 6072//6072 5006//5006 6071//6071
f 5006//5006 5005//5005 6071//6071
f 6071//6071 5005//5005 6070//6070
f 5005//5005 5001//5001 6070//6070
f 6070//6070 5001//5001 6073//6073
f 5001//5001 5000//5000 6073//6073
f 6073//6073 5000//5000 6074//6074
f 5000//5000 5019//5019 6074//6074
f 6074//6074 5019//5019 6075//6075
f 5019//5019 5018//5018 6075//6075
f 6075//6075 5018//5018 6076//6076
f 5018//5018 5004//5004 6076//6076
f 6076//6076 5004//5004 6077//6077
f 5004//5004 5003//5003 6077//6077
f 6077//6077 5003//5003 6078//6078
f 5003//5003 5002//5002 6078//6078
f 6078//6078 5002//5002 6079//6079
f 5002//5002 5017//5017 6079//6079
f 6079//6079 5017//5017 6080//6080
f 5017//5017 5016//5016 6080//6080
f 6080//6080 5016//5016 6081//6081
f 5016//5016 5015//5015 6081//6081
f 6081//6081 5015//5015 6123//6123
f 5015//5015 5043//5043 6123//6123
f 6123//6123 5043//5043 6124//6124
f 5043//5043 5042//5042 6124//6124
f 6124//6124 5042//5042 6104//6104
f 5042//5042 5030//5030 6104//6104
f 6104//6104 5030//5030 6105//6105
f 5030//5030 5031//5031 6105//6105
f 6105//6105 5031//5031 6125//6125
f 5031//5031 5032//5032 6125//6125
f 6125//6125 5032//5032 6126//6126
f 5032//5032 5041//5041 6126//6126
f 6126//6126 5041//5041 6127//6127
f 5041//5041 5040//5040 6127//6127
f 6127//6127 5040//5040 6128//6128
f 5040//5040 5039//5039 6128//6128
f 6128//6128 5039//5039 6129//6129
f 5039//5039 5038//5038 6129//6129
f 6129//6129 5038//5038 6130//6130
f 5038//5038 5037//5037 6130//6130
f 6130//6130 5037//5037 6131//6131
f 5037//5037 5036//5036 6131//6131
f 6131//6131 5036//5036 6132//6132
f 5036//5036 5035//5035 6132//6132
f 6132//6132 5035//5035 6093//6093
f 5035//5035 5034//5034 6093//6093
f 6093//6093 5034//5034 6094//6094
f 5034//5034 5033//5033 6094//6094
f 6094//6094 5033//5033 6095//6095
f 5033//5033 5027//5027 6095//6095
f 6095//6095 5027//5027 6096//6096
f 5027//5027 5026//5026 6096//6096
f 6096//6096 5026//5026 6097//6097
f 5026//5026 5025//5025 6097//6097
f 6097//6097 5025//5025 6098//6098
f 5025//5025 5014//5014 6098//6098
f 6098//6098 5014//5014 6057//6057
f 5014//5014 5013//5013 6057//6057
f 6057//6057 5013//5013 6058//6058
f 5013//5013 5012//5012 6058//6058
f 6058//6058 5012//5012 6059//6059
f 5012//5012 5011//5011 6059//6059
f 6059//6059 5011//5011 6060//6060
f 5011//5011 5029//5029 6060//6060
f 6060//6060 5029//5029 6106//6106
f 5029//5029 5028//5028 6106//6106
f 6106//6106 5028//5028 6107//6107
f 5028//5028 5024//5024 6107//6107
f 6107//6107 5024//5024 6082//6082
f 5024//5024 5023//5023 6082//6082
f 6082//6082 5023//5023 6083//6083
f 5023//5023 5022//5022 6083//6083
f 6083//6083 5022//5022 6084//6084
f 5022//5022 5010//5010 6084//6084
f 6084//6084 5010//5010 6085//6085
f 5010//5010 5009//5009 6085//6085
f 6085//6085 5009//5009 6086//6086
f 5009//5009 5008//5008 6086//6086
f 6086//6086 5008//5008 6087//6087
f 5008//5008 5007//5007 6087//6087
f 6087//6087 5007//5007 6088//6088
f 5007//5007 5021//5021 6088//6088
f 6088//6088 5021//5021 6099//6099
f 5021//5021 5020//5020 6099//6099
f 6099//6099 5020//5020 6100//6100
f 5020//5020 4999//4999 6100//6100
f 6100//6100 4999//4999 6001//6001
f 4999//4999 4998//4998 6001//6001
f 6001//6001 4998//4998 6002//6002
f 4998//4998 4997//4997 6002//6002
f 6002//6002 4997//4997 6021//6021
f 4997//4997 4989//4989 6021//6021
f 6021//6021 4989//4989 6022//6022
f 4989//4989 4988//4988 6022//6022
f 6022//6022 4988//4988 5903//5903
f 4988//4988 4987//4987 5903//5903
f 5903//5903 4987//4987 5904//5904
f 4987//4987 4958//4958 5904//5904
f 5904//5904 4958//4958 5936//5936
f 4958//4958 4957//4957 5936//5936
f 5936//5936 4957//4957 5937//5937
f 4957//4957 4956//4956 5937//5937
f 5937//5937 4956//4956 5871//5871
f 4956//4956 4955//4955 5871//5871
f 5871//5871 4955//4955 5872//5872
f 4955//4955 4954//4954 5872//5872
f 5872//5872 4954//4954 5905//5905
f 4954//4954 4953//4953 5905//5905
f 5905//5905 4953//4953 5906//5906
f 4953//4953 4933//4933 5906//5906
f 5906//5906 4933//4933 5907//5907
f 4933//4933 4932//4932 5907//5907
f 5907//5907 4932//4932 5985//5985
f 4932//4932 4952//4952 5985//5985
f 5985//5985 4952//4952 5986//5986
f 4952//4952 4951//4951 5986//5986
f 5986//5986 4951//4951 5987//5987
f 4951//4951 4950//4950 5987//5987
f 5987//5987 4950//4950 5952//5952
f 4950//4950 4949//4949 5952//5952
f 5952//5952 4949//4949 5953//5953
f 4949//4949 4948//4948 5953//5953
f 5953//5953 4948//4948 5954//5954
f 4948//4948 4947//4947 5954//5954
f 5954//5954 4947//4947 5955//5955
f 4947//4947 4931//4931 5955//5955
f 5955//5955 4931//4931 5956//5956
f 4931//4931 4930//4930 5956//5956
f 5956//5956 4930//4930 5957//5957
f 4930//4930 4929//4929 5957//5957
f 5957//5957 4929//4929 5958//5958
f 4929//4929 4928//4928 5958//5958
f 5958//5958 4928//4928 5922//5922
f 4928//4928 4927//4927 5922//5922
f 5922//5922 4927//4927 5923//5923
f 4927//4927 4926//4926 5923//5923
f 5923//5923 4926//4926 5924//5924
f 4926//4926 4925//4925 5924//5924
f 5924//5924 4925//4925 5925//5925
f 4925//4925 4924//4924 5925//5925
f 5925//5925 4924//4924 5959//5959
f 4924//4924 4923//4923 5959//5959
f 5959//5959 4923//4923 5960//5960
f 4923//4923 4900//4900 5960//5960
f 5960//5960 4900//4900 5961//5961
f 4900//4900 4899//4899 5961//5961
f 5961//5961 4899//4899 6036//6036
f 4899//4899 4977//4977 6036//6036
f 6036//6036 4977//4977 6037//6037
f 4977//4977 4976//4976 6037//6037
f 6037//6037 4976//4976 6038//6038
f 4976//4976 4975//4975 6038//6038
f 6038//6038 4975//4975 6039//6039
f 4975//4975 4974//4974 6039//6039
f 6039//6039 4974//4974 6040//6040
f 4974//4974 4973//4973 6040//6040
f 6040//6040 4973//4973 5988//5988
f 4973//4973 4946//4946 5988//5988
f 5988//5988 4946//4946 5989//5989
f 4946//4946 4945//4945 5989//5989
f 5989//5989 4945//4945 5990//5990
f 4945//4945 4944//4944 5990//5990
f 5990//5990 4944//4944 5991//5991
f 4944//4944 4943//4943 5991//5991
f 5991//5991 4943//4943 6063//6063
f 4943//4943 4996//4996 6063//6063
f 6063//6063 4996//4996 6064//6064
f 4996//4996 4995//4995 6064//6064
f 6064//6064 4995//4995 6065//6065
f 4995//4995 4994//4994 6065//6065
f 6065//6065 4994//4994 6066//6066
f 4994//4994 4993//4993 6066//6066
f 6066//6066 4993//4993 6067//6067
f 4993//4993 4992//4992 6067//6067
f 6067//6067 4992//4992 6051//6051
f 4992//4992 4986//4986 6051//6051
f 6051//6051 4986//4986 6050//6050
f 4986//4986 4985//4985 6050//6050
f 6050//6050 4985//4985 6049//6049
f 4985//4985 4984//4984 6049//6049
f 6049//6049 4984//4984 6052//6052
f 4984//4984 4983//4983 6052//6052
f 6052//6052 4983//4983 6053//6053
f 4983//4983 4982//4982 6053//6053
f 6053//6053 4982//4982 5962//5962
f 4982//4982 4981//4981 5962//5962
f 5962//5962 4981//4981 5963//5963
f 4981//4981 4972//4972 5963//5963
f 5963//5963 4972//4972 6041//6041
f 4972//4972 4971//4971 6041//6041
f 6041//6041 4971//4971 6042//6042
f 4971//4971 4970//4970 6042//6042
f 6042//6042 4970//4970 6043//6043
f 4970//4970 4980//4980 6043//6043
f 6043//6043 4980//4980 6054//6054
f 4980//4980 4979//4979 6054//6054
f 6054//6054 4979//4979 6055//6055
f 4979//4979 4978//4978 6055//6055
f 6055//6055 4978//4978 6056//6056
f 4978//4978 4991//4991 6056//6056
f 6056//6056 4991//4991 6068//6068
f 4991//4991 4990//4990 6068//6068
f 6068//6068 4990//4990 6069//6069
f 4990//4990 4969//4969 6069//6069
f 6069//6069 4969//4969 5926//5926
f 4969//4969 4968//4968 5926//5926
f 5926//5926 4968//4968 5927//5927
f 4968//4968 4967//4967 5927//5927
f 5927//5927 4967//4967 5992//5992
f 4967//4967 4942//4942 5992//5992
f 5992//5992 4942//4942 5993//5993
f 4942//4942 4941//4941 5993//5993
f 5993//5993 4941//4941 5994//5994
f 4941//4941 4964//4964 5994//5994
f 5994//5994 4964//4964 6019//6019
f 4964//4964 4963//4963 6019//6019
f 6019//6019 4963//4963 6020//6020
f 4963//4963 4940//4940 6020//6020
f 6020//6020 4940//4940 5995//5995
f 4940//4940 4939//4939 5995//5995
f 5995//5995 4939//4939 5996//5996
f 4939//4939 4938//4938 5996//5996
f 5996//5996 4938//4938 5997//5997
f 4938//4938 4937//4937 5997//5997
f 5997//5997 4937//4937 5998//5998
f 4937//4937 4936//4936 5998//5998
f 5998//5998 4936//4936 5999//5999
f 4936//4936 4935//4935 5999//5999
f 5999//5999 4935//4935 6000//6000
f 4935//4935 4922//4922 6000//6000
f 6000//6000 4922//4922 5888//5888
f 4922//4922 4921//4921 5888//5888
f 5888//5888 4921//4921 5889//5889
f 4921//4921 4920//4920 5889//5889
f 5889//5889 4920//4920 5890//5890
f 4920//4920 4917//4917 5890//5890
f 5890//5890 4917//4917 5891//5891
f 4917//4917 4916//4916 5891//5891
f 5891//5891 4916//4916 5892//5892
f 4916//4916 4915//4915 5892//5892
f 5892//5892 4915//4915 5893//5893
f 4915//4915 4914//4914 5893//5893
f 5893//5893 4914//4914 5894//5894
f 4914//4914 4919//4919 5894//5894
f 5894//5894 4919//4919 5928//5928
f 4919//4919 4918//4918 5928//5928
f 5928//5928 4918//4918 5929//5929
f 4918//4918 4913//4913 5929//5929
f 5929//5929 4913//4913 5869//5869
f 4913//4913 4912//4912 5869//5869
f 5869//5869 4912//4912 5870//5870
f 4912//4912 4911//4911 5870//5870
f 5870//5870 4911//4911 5964//5964
f 4911//4911 4897//4897 5964//5964
f 5964//5964 4897//4897 5965//5965
f 4897//4897 4896//4896 5965//5965
f 5965//5965 4896//4896 5966//5966
f 4896//4896 4910//4910 5966//5966
f 5966//5966 4910//4910 5930//5930
f 4910//4910 4909//4909 5930//5930
f 6149//6149 6150//6150 6151//6151
f 6152//6152 6153//6153 6151//6151
f 6153//6153 6154//6154 6151//6151
f 6151//6151 6154//6154 6149//6149
f 6155//6155 6156//6156 6151//6151
f 6156//6156 6157//6157 6151//6151
f 6151//6151 6157//6157 6152//6152
f 6158//6158 6159//6159 5707//5707
f 6160//6160 6151//6151 6161//6161
f 6151//6151 6162//6162 6161//6161
f 6158//6158 5707//5707 6163//6163
f 6159//6159 6164//6164 5707//5707
f 6164//6164 6165//6165 5707//5707
f 5707//5707 6165//6165 6166//6166
f 6167//6167 5699//5699 5698//5698
f 5418//5418 5417//5417 6167//6167
f 5632//5632 5631//5631 5708//5708
f 6150//6150 6168//6168 6151//6151
f 6168//6168 6169//6169 6151//6151
f 6151//6151 6169//6169 6170//6170
f 5702//5702 5701//5701 6167//6167
f 5701//5701 5700//5700 6167//6167
f 6167//6167 5700//5700 5699//5699
f 5624//5624 5623//5623 5708//5708
f 6170//6170 6171//6171 6151//6151
f 6171//6171 6172//6172 6151//6151
f 6151//6151 6172//6172 6173//6173
f 6173//6173 6174//6174 6151//6151
f 6174//6174 6175//6175 6151//6151
f 6151//6151 6175//6175 6162//6162
f 6176//6176 6177//6177 5707//5707
f 6178//6178 5707//5707 6179//6179
f 5707//5707 6180//6180 6179//6179
f 5425//5425 5424//5424 6167//6167
f 5424//5424 5423//5423 6167//6167
f 5423//5423 5422//5422 6167//6167
f 6167//6167 5422//5422 5421//5421
f 5421//5421 5420//5420 6167//6167
f 5420//5420 5419//5419 6167//6167
f 6167//6167 5419//5419 5418//5418
f 5567//5567 5566//5566 6167//6167
f 5566//5566 5565//5565 6167//6167
f 6167//6167 5565//5565 5564//5564
f 6177//6177 6181//6181 5707//5707
f 6181//6181 6182//6182 5707//5707
f 5707//5707 6182//6182 6180//6180
f 6178//6178 6183//6183 5707//5707
f 6183//6183 6184//6184 5707//5707
f 5707//5707 6184//6184 6163//6163
f 6166//6166 6185//6185 5707//5707
f 6185//6185 6186//6186 5707//5707
f 5707//5707 6186//6186 6187//6187
f 6187//6187 6188//6188 5707//5707
f 6188//6188 6189//6189 5707//5707
f 5707//5707 6189//6189 6190//6190
f 6191//6191 6192//6192 5707//5707
f 5557//5557 5556//5556 6151//6151
f 5556//5556 5555//5555 6151//6151
f 6193//6193 6194//6194 6151//6151
f 6194//6194 6195//6195 6151//6151
f 6151//6151 6195//6195 6196//6196
f 6196//6196 6197//6197 6151//6151
f 6197//6197 6198//6198 6151//6151
f 6151//6151 6198//6198 6155//6155
f 5628//5628 5627//5627 5708//5708
f 5564//5564 5563//5563 6167//6167
f 5563//5563 5562//5562 6167//6167
f 6167//6167 5562//5562 5561//5561
f 5561//5561 5560//5560 6167//6167
f 5560//5560 5559//5559 6167//6167
f 6167//6167 5559//5559 5702//5702
f 6199//6199 6200//6200 5707//5707
f 6200//6200 6201//6201 5707//5707
f 5707//5707 6201//6201 6202//6202
f 6190//6190 6203//6203 5707//5707
f 6203//6203 6204//6204 5707//5707
f 5707//5707 6204//6204 6205//6205
f 6192//6192 6206//6206 5707//5707
f 6206//6206 6207//6207 5707//5707
f 5707//5707 6207//6207 6208//6208
f 5555//5555 5554//5554 6151//6151
f 5554//5554 5553//5553 6151//6151
f 6151//6151 5553//5553 5552//5552
f 5635//5635 5708//5708 5636//5636
f 5708//5708 5637//5637 5636//5636
f 5635//5635 5634//5634 5708//5708
f 5634//5634 5633//5633 5708//5708
f 5708//5708 5633//5633 5632//5632
f 5627//5627 5626//5626 5708//5708
f 5626//5626 5625//5625 5708//5708
f 5708//5708 5625//5625 5624//5624
f 6209//6209 6210//6210 5707//5707
f 6210//6210 6211//6211 5707//5707
f 5707//5707 6211//6211 6176//6176
f 5707//5707 5642//5642 5641//5641
f 5417//5417 5416//5416 6167//6167
f 5416//5416 5415//5415 6167//6167
f 6167//6167 5415//5415 6151//6151
f 5415//5415 5558//5558 6151//6151
f 6151//6151 5558//5558 5557//5557
f 5552//5552 5551//5551 6151//6151
f 5551//5551 5550//5550 6151//6151
f 6151//6151 5550//5550 5549//5549
f 5576//5576 6167//6167 5577//5577
f 6167//6167 5578//5578 5577//5577
f 6160//6160 6212//6212 6151//6151
f 6212//6212 6213//6213 6151//6151
f 6151//6151 6213//6213 6214//6214
f 6215//6215 6216//6216 6151//6151
f 6216//6216 6217//6217 6151//6151
f 6151//6151 6217//6217 6218//6218
f 6219//6219 6220//6220 6151//6151
f 6220//6220 6221//6221 6151//6151
f 6221//6221 6222//6222 6151//6151
f 6222//6222 6223//6223 6151//6151
f 6151//6151 6223//6223 5707//5707
f 6223//6223 6224//6224 5707//5707
f 5707//5707 6224//6224 6199//6199
f 6202//6202 6225//6225 5707//5707
f 6225//6225 6226//6226 5707//5707
f 5707//5707 6226//6226 6209//6209
f 6205//6205 6227//6227 5707//5707
f 6227//6227 6228//6228 5707//5707
f 5707//5707 6228//6228 6191//6191
f 5426//5426 5686//5686 5685//5685
f 5641//5641 5640//5640 5707//5707
f 5640//5640 5639//5639 5707//5707
f 5707//5707 5639//5639 5708//5708
f 5639//5639 5638//5638 5708//5708
f 5708//5708 5638//5638 5637//5637
f 6229//6229 5549//5549 6230//6230
f 5549//5549 5548//5548 6230//6230
f 6230//6230 5548//5548 6231//6231
f 6229//6229 6232//6232 5549//5549
f 6232//6232 6233//6233 5549//5549
f 5549//5549 6233//6233 6151//6151
f 6233//6233 6234//6234 6151//6151
f 6151//6151 6234//6234 6193//6193
f 5631//5631 5630//5630 5708//5708
f 5630//5630 5629//5629 5708//5708
f 5708//5708 5629//5629 5628//5628
f 5623//5623 5622//5622 5708//5708
f 5622//5622 5621//5621 5708//5708
f 5708//5708 5621//5621 5620//5620
f 5620//5620 5619//5619 5708//5708
f 5619//5619 5618//5618 5708//5708
f 5708//5708 5618//5618 5617//5617
f 5617//5617 5616//5616 5708//5708
f 5616//5616 5615//5615 5708//5708
f 5708//5708 5615//5615 5614//5614
f 5582//5582 5581//5581 6167//6167
f 5570//5570 5569//5569 6167//6167
f 5569//5569 5568//5568 6167//6167
f 6167//6167 5568//5568 5567//5567
f 6214//6214 6235//6235 6151//6151
f 6235//6235 6236//6236 6151//6151
f 6151//6151 6236//6236 6215//6215
f 6218//6218 6237//6237 6151//6151
f 6237//6237 6238//6238 6151//6151
f 6151//6151 6238//6238 6239//6239
f 5698//5698 5697//5697 6167//6167
f 5697//5697 5696//5696 6167//6167
f 6167//6167 5696//5696 5425//5425
f 5696//5696 5695//5695 5425//5425
f 5425//5425 5695//5695 5694//5694
f 5690//5690 5689//5689 5426//5426
f 5498//5498 5497//5497 6240//6240
f 5645//5645 5644//5644 5707//5707
f 5644//5644 5643//5643 5707//5707
f 5707//5707 5643//5643 5642//5642
f 6241//6241 6242//6242 5498//5498
f 6242//6242 6243//6243 5498//5498
f 5498//5498 6243//6243 6244//6244
f 6245//6245 6246//6246 5548//5548
f 6246//6246 6247//6247 5548//5548
f 5548//5548 6247//6247 6231//6231
f 5573//5573 5572//5572 6167//6167
f 5572//5572 5571//5571 6167//6167
f 6167//6167 5571//5571 5570//5570
f 6239//6239 6248//6248 6151//6151
f 6248//6248 6249//6249 6151//6151
f 6151//6151 6249//6249 6219//6219
f 5694//5694 5693//5693 5425//5425
f 5693//5693 5692//5692 5425//5425
f 5425//5425 5692//5692 5426//5426
f 5692//5692 5691//5691 5426//5426
f 5426//5426 5691//5691 5690//5690
f 5648//5648 5647//5647 5707//5707
f 5647//5647 5646//5646 5707//5707
f 5707//5707 5646//5646 5645//5645
f 5547//5547 6250//6250 6251//6251
f 6251//6251 6252//6252 5547//5547
f 6252//6252 6253//6253 5547//5547
f 5547//5547 6253//6253 5548//5548
f 6253//6253 6254//6254 5548//5548
f 5548//5548 6254//6254 6255//6255
f 6255//6255 6256//6256 5548//5548
f 6256//6256 6257//6257 5548//5548
f 5548//5548 6257//6257 6245//6245
f 5614//5614 5613//5613 5708//5708
f 5613//5613 5612//5612 5708//5708
f 5708//5708 5612//5612 5611//5611
f 5581//5581 5580//5580 6167//6167
f 5580//5580 5579//5579 6167//6167
f 6167//6167 5579//5579 5578//5578
f 5576//5576 5575//5575 6167//6167
f 5575//5575 5574//5574 6167//6167
f 6167//6167 5574//5574 5573//5573
f 5689//5689 5688//5688 5426//5426
f 5688//5688 5687//5687 5426//5426
f 5426//5426 5687//5687 5686//5686
f 6240//6240 6258//6258 5498//5498
f 6258//6258 6259//6259 5498//5498
f 5498//5498 6259//6259 6260//6260
f 5474//5474 5707//5707 5475//5475
f 5707//5707 5476//5476 5475//5475
f 5648//5648 5470//5470 5469//5469
f 6260//6260 6261//6261 5498//5498
f 6261//6261 6262//6262 5498//5498
f 5498//5498 6262//6262 6241//6241
f 6263//6263 6264//6264 5512//5512
f 5597//5597 5596//5596 6167//6167
f 5596//5596 5595//5595 6167//6167
f 6167//6167 5595//5595 5594//5594
f 5494//5494 5493//5493 5707//5707
f 5469//5469 5468//5468 5648//5648
f 5468//5468 5467//5467 5648//5648
f 5648//5648 5467//5467 5649//5649
f 6265//6265 6266//6266 5545//5545
f 6263//6263 5512//5512 6267//6267
f 5511//5511 5510//5510 6244//6244
f 5611//5611 5610//5610 5708//5708
f 5610//5610 5609//5609 5708//5708
f 5708//5708 5609//5609 5608//5608
f 5708//5708 5602//5602 5601//5601
f 5601//5601 5600//5600 5708//5708
f 5600//5600 5599//5599 5708//5708
f 5708//5708 5599//5599 6167//6167
f 5599//5599 5598//5598 6167//6167
f 6167//6167 5598//5598 5597//5597
f 5594//5594 5593//5593 6167//6167
f 5593//5593 5592//5592 6167//6167
f 6167//6167 5592//5592 5591//5591
f 5585//5585 5584//5584 6167//6167
f 5584//5584 5583//5583 6167//6167
f 6167//6167 5583//5583 5582//5582
f 5482//5482 5707//5707 5483//5483
f 5707//5707 5484//5484 5483//5483
f 5474//5474 5473//5473 5707//5707
f 5473//5473 5472//5472 5707//5707
f 5707//5707 5472//5472 5648//5648
f 5472//5472 5471//5471 5648//5648
f 5648//5648 5471//5471 5470//5470
f 6266//6266 6268//6268 5545//5545
f 6268//6268 6269//6269 5545//5545
f 5545//5545 6269//6269 6270//6270
f 6270//6270 6271//6271 5545//5545
f 6271//6271 6272//6272 5545//5545
f 5545//5545 6272//6272 6273//6273
f 6273//6273 6274//6274 5545//5545
f 6274//6274 6275//6275 5545//5545
f 5545//5545 6275//6275 5546//5546
f 6264//6264 6276//6276 5512//5512
f 6276//6276 6277//6277 5512//5512
f 5512//5512 6277//6277 5513//5513
f 5608//5608 5607//5607 5708//5708
f 5607//5607 5606//5606 5708//5708
f 5708//5708 5606//5606 5605//5605
f 5605//5605 5604//5604 5708//5708
f 5604//5604 5603//5603 5708//5708
f 5708//5708 5603//5603 5602//5602
f 5591//5591 5590//5590 6167//6167
f 5590//5590 5589//5589 6167//6167
f 6167//6167 5589//5589 5588//5588
f 5497//5497 5496//5496 5707//5707
f 5496//5496 5495//5495 5707//5707
f 5707//5707 5495//5495 5494//5494
f 5482//5482 5481//5481 5707//5707
f 5481//5481 5480//5480 5707//5707
f 5707//5707 5480//5480 5479//5479
f 5479//5479 5478//5478 5707//5707
f 5478//5478 5477//5477 5707//5707
f 5707//5707 5477//5477 5476//5476
f 5685//5685 5684//5684 5426//5426
f 5684//5684 5683//5683 5426//5426
f 5426//5426 5683//5683 5427//5427
f 5683//5683 5682//5682 5427//5427
f 5427//5427 5682//5682 5681//5681
f 6275//6275 6278//6278 5546//5546
f 6278//6278 6279//6279 5546//5546
f 5546//5546 6279//6279 6280//6280
f 5511//5511 6244//6244 5512//5512
f 6244//6244 6281//6281 5512//5512
f 5512//5512 6281//6281 6267//6267
f 5588//5588 5587//5587 6167//6167
f 5587//5587 5586//5586 6167//6167
f 6167//6167 5586//5586 5585//5585
f 5493//5493 5492//5492 5707//5707
f 5492//5492 5491//5491 5707//5707
f 5707//5707 5491//5491 5490//5490
f 5490//5490 5489//5489 5707//5707
f 5489//5489 5488//5488 5707//5707
f 5707//5707 5488//5488 5487//5487
f 5487//5487 5486//5486 5707//5707
f 5486//5486 5485//5485 5707//5707
f 5707//5707 5485//5485 5484//5484
f 5665//5665 5664//5664 5453//5453
f 5664//5664 5454//5454 5453//5453
f 5662//5662 5456//5456 5455//5455
f 6280//6280 6282//6282 5546//5546
f 6282//6282 6283//6283 5546//5546
f 5546//5546 6283//6283 6284//6284
f 6285//6285 6286//6286 5546//5546
f 6286//6286 6287//6287 5546//5546
f 5546//5546 6287//6287 5547//5547
f 6287//6287 6288//6288 5547//5547
f 5547//5547 6288//6288 6250//6250
f 5517//5517 5516//5516 6277//6277
f 5510//5510 5509//5509 6244//6244
f 5509//5509 5508//5508 6244//6244
f 6244//6244 5508//5508 5507//5507
f 5504//5504 5503//5503 6244//6244
f 5503//5503 5502//5502 6244//6244
f 6244//6244 5502//5502 5501//5501
f 5501//5501 5500//5500 6244//6244
f 5500//5500 5499//5499 6244//6244
f 6244//6244 5499//5499 5498//5498
f 6208//6208 6289//6289 5707//5707
f 6289//6289 6290//6290 5707//5707
f 5707//5707 6290//6290 5497//5497
f 6290//6290 6291//6291 5497//5497
f 5497//5497 6291//6291 6240//6240
f 5466//5466 5651//5651 5467//5467
f 5651//5651 5650//5650 5467//5467
f 5467//5467 5650//5650 5649//5649
f 6284//6284 6292//6292 5546//5546
f 6292//6292 6293//6293 5546//5546
f 5546//5546 6293//6293 6285//6285
f 5543//5543 5542//5542 6294//6294
f 5542//5542 5541//5541 6294//6294
f 5541//5541 5540//5540 6294//6294
f 6294//6294 5540//5540 5539//5539
f 5516//5516 5515//5515 6277//6277
f 5515//5515 5514//5514 6277//6277
f 6277//6277 5514//5514 5513//5513
f 5507//5507 5506//5506 6244//6244
f 5506//5506 5505//5505 6244//6244
f 6244//6244 5505//5505 5504//5504
f 5430//5430 5429//5429 5679//5679
f 5454//5454 5664//5664 5455//5455
f 5664//5664 5663//5663 5455//5455
f 5455//5455 5663//5663 5662//5662
f 5457//5457 5660//5660 5458//5458
f 5660//5660 5459//5459 5458//5458
f 5460//5460 5658//5658 5461//5461
f 5658//5658 5462//5462 5461//5461
f 5655//5655 5654//5654 5464//5464
f 5654//5654 5653//5653 5464//5464
f 5539//5539 5538//5538 6294//6294
f 5538//5538 5537//5537 6294//6294
f 6294//6294 5537//5537 5536//5536
f 5437//5437 5436//5436 5679//5679
f 5681//5681 5680//5680 5427//5427
f 5680//5680 5679//5679 5427//5427
f 5427//5427 5679//5679 5428//5428
f 5679//5679 5429//5429 5428//5428
f 5456//5456 5662//5662 5457//5457
f 5662//5662 5661//5661 5457//5457
f 5457//5457 5661//5661 5660//5660
f 5459//5459 5660//5660 5460//5460
f 5660//5660 5659//5659 5460//5460
f 5460//5460 5659//5659 5658//5658
f 5466//5466 5465//5465 5651//5651
f 5465//5465 5464//5464 5651//5651
f 5651//5651 5464//5464 5652//5652
f 5464//5464 5653//5653 5652//5652
f 6265//6265 5545//5545 6294//6294
f 5545//5545 5544//5544 6294//6294
f 6294//6294 5544//5544 5543//5543
f 5536//5536 5535//5535 6294//6294
f 5535//5535 5534//5534 6294//6294
f 6294//6294 5534//5534 5533//5533
f 5533//5533 5532//5532 6294//6294
f 5532//5532 5531//5531 6294//6294
f 6294//6294 5531//5531 5530//5530
f 5530//5530 5529//5529 6294//6294
f 5529//5529 5528//5528 6294//6294
f 6294//6294 5528//5528 5527//5527
f 5436//5436 5435//5435 5679//5679
f 5435//5435 5434//5434 5679//5679
f 5679//5679 5434//5434 5433//5433
f 5433//5433 5432//5432 5679//5679
f 5432//5432 5431//5431 5679//5679
f 5679//5679 5431//5431 5430//5430
f 5674//5674 5443//5443 5675//5675
f 5443//5443 5442//5442 5675//5675
f 5675//5675 5442//5442 5676//5676
f 5665//5665 5453//5453 5666//5666
f 5453//5453 5452//5452 5666//5666
f 5666//5666 5452//5452 5667//5667
f 5452//5452 5451//5451 5667//5667
f 5667//5667 5451//5451 5668//5668
f 5451//5451 5450//5450 5668//5668
f 5668//5668 5450//5450 5669//5669
f 5450//5450 5449//5449 5669//5669
f 5669//5669 5449//5449 5670//5670
f 5449//5449 5448//5448 5670//5670
f 5670//5670 5448//5448 5671//5671
f 5448//5448 5447//5447 5671//5671
f 5671//5671 5447//5447 5672//5672
f 5447//5447 5446//5446 5672//5672
f 5672//5672 5446//5446 5673//5673
f 5446//5446 5445//5445 5673//5673
f 5673//5673 5445//5445 5674//5674
f 5445//5445 5444//5444 5674//5674
f 5674//5674 5444//5444 5443//5443
f 5462//5462 5658//5658 5463//5463
f 5658//5658 5657//5657 5463//5463
f 5463//5463 5657//5657 5464//5464
f 5657//5657 5656//5656 5464//5464
f 5464//5464 5656//5656 5655//5655
f 5520//5520 5519//5519 6277//6277
f 5519//5519 5518//5518 6277//6277
f 6277//6277 5518//5518 5517//5517
f 5527//5527 5526//5526 6294//6294
f 5526//5526 5525//5525 6294//6294
f 6294//6294 5525//5525 5524//5524
f 5437//5437 5679//5679 5438//5438
f 5679//5679 5678//5678 5438//5438
f 5438//5438 5678//5678 5677//5677
f 5442//5442 5441//5441 5676//5676
f 5441//5441 5440//5440 5676//5676
f 5676//5676 5440//5440 5677//5677
f 5440//5440 5439//5439 5677//5677
f 5677//5677 5439//5439 5438//5438
f 5524//5524 5523//5523 6294//6294
f 5523//5523 5522//5522 6294//6294
f 6294//6294 5522//5522 6277//6277
f 5522//5522 5521//5521 6277//6277
f 6277//6277 5521//5521 5520//5520
f 6295//6295 6296//6296 6297//6297
f 6296//6296 6298//6298 6297//6297
f 6297//6297 6298//6298 6299//6299
f 6300//6300 6301//6301 6296//6296
f 6301//6301 6302//6302 6296//6296
f 6302//6302 6303//6303 6296//6296
f 6303//6303 6304//6304 6296//6296
f 6296//6296 6304//6304 6305//6305
f 6295//6295 6306//6306 6296//6296
f 6306//6306 6307//6307 6296//6296
f 6296//6296 6307//6307 6308//6308
f 6309//6309 6310//6310 6296//6296
f 6310//6310 6311//6311 6296//6296
f 6311//6311 6312//6312 6296//6296
f 6296//6296 6312//6312 6313//6313
f 6313//6313 6314//6314 6296//6296
f 6314//6314 6315//6315 6296//6296
f 6296//6296 6315//6315 6300//6300
f 6305//6305 6316//6316 6296//6296
f 6316//6316 6317//6317 6296//6296
f 6296//6296 6317//6317 6318//6318
f 6298//6298 6319//6319 6320//6320
f 6321//6321 6322//6322 6298//6298
f 6322//6322 6323//6323 6298//6298
f 6298//6298 6323//6323 6299//6299
f 6308//6308 6324//6324 6296//6296
f 6324//6324 6325//6325 6296//6296
f 6296//6296 6325//6325 6326//6326
f 6318//6318 6327//6327 6296//6296
f 6327//6327 6328//6328 6296//6296
f 6296//6296 6328//6328 6329//6329
f 6320//6320 6330//6330 6298//6298
f 6330//6330 6331//6331 6298//6298
f 6298//6298 6331//6331 6332//6332
f 6332//6332 6333//6333 6298//6298
f 6333//6333 6334//6334 6298//6298
f 6298//6298 6334//6334 6335//6335
f 6335//6335 6336//6336 6298//6298
f 6336//6336 6337//6337 6298//6298
f 6298//6298 6337//6337 6338//6338
f 6326//6326 6339//6339 6296//6296
f 6339//6339 6340//6340 6296//6296
f 6296//6296 6340//6340 6309//6309
f 6341//6341 6342//6342 5855//5855
f 6343//6343 6344//6344 5855//5855
f 6345//6345 6346//6346 6298//6298
f 6347//6347 6348//6348 5856//5856
f 6348//6348 6349//6349 5856//5856
f 6349//6349 6350//6350 5856//5856
f 6350//6350 6351//6351 5856//5856
f 5856//5856 6351//6351 6352//6352
f 6298//6298 6353//6353 6354//6354
f 6346//6346 6355//6355 6298//6298
f 6355//6355 6356//6356 6298//6298
f 6298//6298 6356//6356 6319//6319
f 6342//6342 6357//6357 5855//5855
f 6357//6357 6358//6358 5855//5855
f 5855//5855 6358//6358 6359//6359
f 5855//5855 6344//6344 5856//5856
f 6344//6344 6360//6360 5856//5856
f 5856//5856 6360//6360 6347//6347
f 6354//6354 6361//6361 6298//6298
f 6361//6361 6362//6362 6298//6298
f 6298//6298 6362//6362 6345//6345
f 6338//6338 6363//6363 6298//6298
f 6363//6363 6364//6364 6298//6298
f 6298//6298 6364//6364 6321//6321
f 6365//6365 6366//6366 5856//5856
f 6366//6366 6367//6367 5856//5856
f 6368//6368 6369//6369 6298//6298
f 6369//6369 6370//6370 6298//6298
f 6298//6298 6370//6370 6353//6353
f 5855//5855 6371//6371 6372//6372
f 6359//6359 6373//6373 5855//5855
f 6373//6373 6374//6374 5855//5855
f 5855//5855 6374//6374 6375//6375
f 6352//6352 6376//6376 5856//5856
f 6376//6376 6377//6377 5856//5856
f 5856//5856 6377//6377 6378//6378
f 6378//6378 6379//6379 5856//5856
f 6379//6379 6380//6380 5856//5856
f 5856//5856 6380//6380 6365//6365
f 6381//6381 6382//6382 5855//5855
f 6382//6382 6383//6383 5855//5855
f 5855//5855 6383//6383 6384//6384
f 6384//6384 6385//6385 5855//5855
f 6385//6385 6386//6386 5855//5855
f 5855//5855 6386//6386 6371//6371
f 6372//6372 6387//6387 5855//5855
f 6387//6387 6388//6388 5855//5855
f 5855//5855 6388//6388 6341//6341
f 6389//6389 5855//5855 6390//6390
f 5855//5855 6391//6391 6390//6390
f 6389//6389 6392//6392 5855//5855
f 6392//6392 6393//6393 5855//5855
f 5855//5855 6393//6393 6343//6343
f 6394//6394 6395//6395 5856//5856
f 6329//6329 6396//6396 6296//6296
f 6396//6396 6397//6397 6296//6296
f 6296//6296 6397//6397 6398//6398
f 6375//6375 6399//6399 5855//5855
f 6399//6399 6400//6400 5855//5855
f 5855//5855 6400//6400 6401//6401
f 6401//6401 6402//6402 5855//5855
f 6402//6402 6403//6403 5855//5855
f 5855//5855 6403//6403 6391//6391
f 6394//6394 5856//5856 6404//6404
f 6395//6395 6405//6405 5856//5856
f 6405//6405 6406//6406 5856//5856
f 5856//5856 6406//6406 6298//6298
f 6406//6406 6407//6407 6298//6298
f 6298//6298 6407//6407 6408//6408
f 6408//6408 6409//6409 6298//6298
f 6409//6409 6410//6410 6298//6298
f 6298//6298 6410//6410 6411//6411
f 6367//6367 6412//6412 5856//5856
f 6412//6412 6413//6413 5856//5856
f 5856//5856 6413//6413 6414//6414
f 5856//5856 6415//6415 6416//6416
f 6411//6411 6417//6417 6298//6298
f 6417//6417 6418//6418 6298//6298
f 6298//6298 6418//6418 6368//6368
f 6398//6398 6419//6419 6296//6296
f 6419//6419 6420//6420 6296//6296
f 6296//6296 6420//6420 6421//6421
f 6422//6422 6423//6423 5855//5855
f 6423//6423 6424//6424 5855//5855
f 5855//5855 6424//6424 6425//6425
f 6425//6425 6426//6426 5855//5855
f 6426//6426 6427//6427 5855//5855
f 5855//5855 6427//6427 6381//6381
f 6414//6414 6428//6428 5856//5856
f 6428//6428 6429//6429 5856//5856
f 5856//5856 6429//6429 6430//6430
f 6430//6430 6431//6431 5856//5856
f 6431//6431 6432//6432 5856//5856
f 5856//5856 6432//6432 6433//6433
f 6416//6416 6434//6434 5856//5856
f 6434//6434 6435//6435 5856//5856
f 5856//5856 6435//6435 6404//6404
f 6421//6421 6436//6436 6296//6296
f 6436//6436 6437//6437 6296//6296
f 6296//6296 6437//6437 5855//5855
f 6437//6437 6438//6438 5855//5855
f 5855//5855 6438//6438 6422//6422
f 6433//6433 6439//6439 5856//5856
f 6439//6439 6440//6440 5856//5856
f 5856//5856 6440//6440 6415//6415
f 5107//5107 6198//6198 4551//4551
f 6198//6198 6197//6197 4551//4551
f 4551//4551 6197//6197 4550//4550
f 6197//6197 6196//6196 4550//4550
f 4550//4550 6196//6196 4549//4549
f 6196//6196 6195//6195 4549//4549
f 4549//4549 6195//6195 4548//4548
f 6195//6195 6194//6194 4548//4548
f 4548//4548 6194//6194 5108//5108
f 6194//6194 6193//6193 5108//5108
f 5108//5108 6193//6193 5260//5260
f 6193//6193 6234//6234 5260//5260
f 5260//5260 6234//6234 4547//4547
f 6234//6234 6233//6233 4547//4547
f 4547//4547 6233//6233 5261//5261
f 6233//6233 6232//6232 5261//5261
f 5261//5261 6232//6232 5212//5212
f 6232//6232 6229//6229 5212//5212
f 5212//5212 6229//6229 4546//4546
f 6229//6229 6230//6230 4546//4546
f 4546//4546 6230//6230 4545//4545
f 6230//6230 6231//6231 4545//4545
f 4545//4545 6231//6231 5213//5213
f 6231//6231 6247//6247 5213//5213
f 5213//5213 6247//6247 5162//5162
f 6247//6247 6246//6246 5162//5162
f 5162//5162 6246//6246 4544//4544
f 6246//6246 6245//6245 4544//4544
f 4544//4544 6245//6245 4543//4543
f 6245//6245 6257//6257 4543//4543
f 4543//4543 6257//6257 5255//5255
f 6257//6257 6256//6256 5255//5255
f 5255//5255 6256//6256 5128//5128
f 6256//6256 6255//6255 5128//5128
f 5128//5128 6255//6255 5129//5129
f 6255//6255 6254//6254 5129//5129
f 5129//5129 6254//6254 5265//5265
f 6254//6254 6253//6253 5265//5265
f 5265//5265 6253//6253 5266//5266
f 6253//6253 6252//6252 5266//5266
f 5266//5266 6252//6252 4542//4542
f 6252//6252 6251//6251 4542//4542
f 4542//4542 6251//6251 5214//5214
f 6251//6251 6250//6250 5214//5214
f 5214//5214 6250//6250 5215//5215
f 6250//6250 6288//6288 5215//5215
f 5215//5215 6288//6288 5217//5217
f 6288//6288 6287//6287 5217//5217
f 5217//5217 6287//6287 4541//4541
f 6287//6287 6286//6286 4541//4541
f 4541//4541 6286//6286 5315//5315
f 6286//6286 6285//6285 5315//5315
f 5315//5315 6285//6285 5388//5388
f 6285//6285 6293//6293 5388//5388
f 5388//5388 6293//6293 5389//5389
f 6293//6293 6292//6292 5389//5389
f 5389//5389 6292//6292 5395//5395
f 6292//6292 6284//6284 5395//5395
f 5395//5395 6284//6284 5394//5394
f 6284//6284 6283//6283 5394//5394
f 5394//5394 6283//6283 5392//5392
f 6283//6283 6282//6282 5392//5392
f 5392//5392 6282//6282 5396//5396
f 6282//6282 6280//6280 5396//5396
f 5396//5396 6280//6280 4540//4540
f 6280//6280 6279//6279 4540//4540
f 4540//4540 6279//6279 4539//4539
f 6279//6279 6278//6278 4539//4539
f 4539//4539 6278//6278 5399//5399
f 6278//6278 6275//6275 5399//5399
f 5399//5399 6275//6275 5401//5401
f 6275//6275 6274//6274 5401//5401
f 5401//5401 6274//6274 5403//5403
f 6274//6274 6273//6273 5403//5403
f 5403//5403 6273//6273 5404//5404
f 6273//6273 6272//6272 5404//5404
f 5404//5404 6272//6272 5362//5362
f 6272//6272 6271//6271 5362//5362
f 5362//5362 6271//6271 5405//5405
f 6271//6271 6270//6270 5405//5405
f 5405//5405 6270//6270 4588//4588
f 6270//6270 6269//6269 4588//4588
f 4588//4588 6269//6269 5414//5414
f 6269//6269 6268//6268 5414//5414
f 5414//5414 6268//6268 4587//4587
f 6268//6268 6266//6266 4587//4587
f 4587//4587 6266//6266 4586//4586
f 6266//6266 6265//6265 4586//4586
f 4586//4586 6265//6265 5367//5367
f 6265//6265 6294//6294 5367//5367
f 5367//5367 6294//6294 5368//5368
f 6294//6294 6277//6277 5368//5368
f 5368//5368 6277//6277 5376//5376
f 6277//6277 6276//6276 5376//5376
f 5376//5376 6276//6276 5377//5377
f 6276//6276 6264//6264 5377//5377
f 5377//5377 6264//6264 5379//5379
f 6264//6264 6263//6263 5379//5379
f 5379//5379 6263//6263 4585//4585
f 6263//6263 6267//6267 4585//4585
f 4585//4585 6267//6267 4584//4584
f 6267//6267 6281//6281 4584//4584
f 4584//4584 6281//6281 5334//5334
f 6281//6281 6244//6244 5334//5334
f 5334//5334 6244//6244 5220//5220
f 6244//6244 6243//6243 5220//5220
f 5220//5220 6243//6243 4583//4583
f 6243//6243 6242//6242 4583//4583
f 4583//4583 6242//6242 5219//5219
f 6242//6242 6241//6241 5219//5219
f 5219//5219 6241//6241 5221//5221
f 6241//6241 6262//6262 5221//5221
f 5221//5221 6262//6262 5222//5222
f 6262//6262 6261//6261 5222//5222
f 5222//5222 6261//6261 5163//5163
f 6261//6261 6260//6260 5163//5163
f 5163//5163 6260//6260 5164//5164
f 6260//6260 6259//6259 5164//5164
f 5164//5164 6259//6259 5165//5165
f 6259//6259 6258//6258 5165//5165
f 5165//5165 6258//6258 5110//5110
f 6258//6258 6240//6240 5110//5110
f 5110//5110 6240//6240 4582//4582
f 6240//6240 6291//6291 4582//4582
f 4582//4582 6291//6291 4581//4581
f 6291//6291 6290//6290 4581//4581
f 4581//4581 6290//6290 5130//5130
f 6290//6290 6289//6289 5130//5130
f 5130//5130 6289//6289 4580//4580
f 6289//6289 6208//6208 4580//4580
f 4580//4580 6208//6208 4579//4579
f 6208//6208 6207//6207 4579//4579
f 4579//4579 6207//6207 5131//5131
f 6207//6207 6206//6206 5131//5131
f 5131//5131 6206//6206 5132//5132
f 6206//6206 6192//6192 5132//5132
f 5132//5132 6192//6192 5133//5133
f 6192//6192 6191//6191 5133//5133
f 5133//5133 6191//6191 4578//4578
f 6191//6191 6228//6228 4578//4578
f 4578//4578 6228//6228 4577//4577
f 6228//6228 6227//6227 4577//4577
f 4577//4577 6227//6227 5062//5062
f 6227//6227 6205//6205 5062//5062
f 5062//5062 6205//6205 5063//5063
f 6205//6205 6204//6204 5063//5063
f 5063//5063 6204//6204 4576//4576
f 6204//6204 6203//6203 4576//4576
f 4576//4576 6203//6203 5048//5048
f 6203//6203 6190//6190 5048//5048
f 5048//5048 6190//6190 5049//5049
f 6190//6190 6189//6189 5049//5049
f 5049//5049 6189//6189 5050//5050
f 6189//6189 6188//6188 5050//5050
f 5050//5050 6188//6188 4575//4575
f 6188//6188 6187//6187 4575//4575
f 4575//4575 6187//6187 4574//4574
f 6187//6187 6186//6186 4574//4574
f 4574//4574 6186//6186 5046//5046
f 6186//6186 6185//6185 5046//5046
f 5046//5046 6185//6185 4573//4573
f 6185//6185 6166//6166 4573//4573
f 4573//4573 6166//6166 4572//4572
f 6166//6166 6165//6165 4572//4572
f 4572//4572 6165//6165 5057//5057
f 6165//6165 6164//6164 5057//5057
f 5057//5057 6164//6164 5058//5058
f 6164//6164 6159//6159 5058//5058
f 5058//5058 6159//6159 5059//5059
f 6159//6159 6158//6158 5059//5059
f 5059//5059 6158//6158 5064//5064
f 6158//6158 6163//6163 5064//5064
f 5064//5064 6163//6163 5065//5065
f 6163//6163 6184//6184 5065//5065
f 5065//5065 6184//6184 5066//5066
f 6184//6184 6183//6183 5066//5066
f 5066//5066 6183//6183 5098//5098
f 6183//6183 6178//6178 5098//5098
f 5098//5098 6178//6178 4571//4571
f 6178//6178 6179//6179 4571//4571
f 4571//4571 6179//6179 5099//5099
f 6179//6179 6180//6180 5099//5099
f 5099//5099 6180//6180 4570//4570
f 6180//6180 6182//6182 4570//4570
f 4570//4570 6182//6182 4569//4569
f 6182//6182 6181//6181 4569//4569
f 4569//4569 6181//6181 4568//4568
f 6181//6181 6177//6177 4568//4568
f 4568//4568 6177//6177 5152//5152
f 6177//6177 6176//6176 5152//5152
f 5152//5152 6176//6176 5153//5153
f 6176//6176 6211//6211 5153//5153
f 5153//5153 6211//6211 5154//5154
f 6211//6211 6210//6210 5154//5154
f 5154//5154 6210//6210 5155//5155
f 6210//6210 6209//6209 5155//5155
f 5155//5155 6209//6209 5156//5156
f 6209//6209 6226//6226 5156//5156
f 5156//5156 6226//6226 4567//4567
f 6226//6226 6225//6225 4567//4567
f 4567//4567 6225//6225 4566//4566
f 6225//6225 6202//6202 4566//4566
f 4566//4566 6202//6202 5117//5117
f 6202//6202 6201//6201 5117//5117
f 5117//5117 6201//6201 4565//4565
f 6201//6201 6200//6200 4565//4565
f 4565//4565 6200//6200 5157//5157
f 6200//6200 6199//6199 5157//5157
f 5157//5157 6199//6199 5158//5158
f 6199//6199 6224//6224 5158//5158
f 5158//5158 6224//6224 5234//5234
f 6224//6224 6223//6223 5234//5234
f 5234//5234 6223//6223 5235//5235
f 6223//6223 6222//6222 5235//5235
f 5235//5235 6222//6222 5236//5236
f 6222//6222 6221//6221 5236//5236
f 5236//5236 6221//6221 5237//5237
f 6221//6221 6220//6220 5237//5237
f 5237//5237 6220//6220 5238//5238
f 6220//6220 6219//6219 5238//5238
f 5238//5238 6219//6219 4564//4564
f 6219//6219 6249//6249 4564//4564
f 4564//4564 6249//6249 5256//5256
f 6249//6249 6248//6248 5256//5256
f 5256//5256 6248//6248 5257//5257
f 6248//6248 6239//6239 5257//5257
f 5257//5257 6239//6239 5199//5199
f 6239//6239 6238//6238 5199//5199
f 5199//5199 6238//6238 5198//5198
f 6238//6238 6237//6237 5198//5198
f 5198//5198 6237//6237 5197//5197
f 6237//6237 6218//6218 5197//5197
f 5197//5197 6218//6218 5200//5200
f 6218//6218 6217//6217 5200//5200
f 5200//5200 6217//6217 5201//5201
f 6217//6217 6216//6216 5201//5201
f 5201//5201 6216//6216 4563//4563
f 6216//6216 6215//6215 4563//4563
f 4563//4563 6215//6215 5239//5239
f 6215//6215 6236//6236 5239//5239
f 5239//5239 6236//6236 5240//5240
f 6236//6236 6235//6235 5240//5240
f 5240//5240 6235//6235 5202//5202
f 6235//6235 6214//6214 5202//5202
f 5202//5202 6214//6214 4562//4562
f 6214//6214 6213//6213 4562//4562
f 4562//4562 6213//6213 4561//4561
f 6213//6213 6212//6212 4561//4561
f 4561//4561 6212//6212 5061//5061
f 6212//6212 6160//6160 5061//5061
f 5061//5061 6160//6160 5060//5060
f 6160//6160 6161//6161 5060//5060
f 5060//5060 6161//6161 4560//4560
f 6161//6161 6162//6162 4560//4560
f 4560//4560 6162//6162 5076//5076
f 6162//6162 6175//6175 5076//5076
f 5076//5076 6175//6175 4559//4559
f 6175//6175 6174//6174 4559//4559
f 4559//4559 6174//6174 4558//4558
f 6174//6174 6173//6173 4558//4558
f 4558//4558 6173//6173 5077//5077
f 6173//6173 6172//6172 5077//5077
f 5077//5077 6172//6172 5078//5078
f 6172//6172 6171//6171 5078//5078
f 5078//5078 6171//6171 4557//4557
f 6171//6171 6170//6170 4557//4557
f 4557//4557 6170//6170 4556//4556
f 6170//6170 6169//6169 4556//4556
f 4556//4556 6169//6169 5067//5067
f 6169//6169 6168//6168 5067//5067
f 5067//5067 6168//6168 5056//5056
f 6168//6168 6150//6150 5056//5056
f 5056//5056 6150//6150 4555//4555
f 6150//6150 6149//6149 4555//4555
f 4555//4555 6149//6149 5054//5054
f 6149//6149 6154//6154 5054//5054
f 5054//5054 6154//6154 5105//5105
f 6154//6154 6153//6153 5105//5105
f 5105//5105 6153//6153 4554//4554
f 6153//6153 6152//6152 4554//4554
f 4554//4554 6152//6152 4553//4553
f 6152//6152 6157//6157 4553//4553
f 4553//4553 6157//6157 4552//4552
f 6157//6157 6156//6156 4552//4552
f 4552//4552 6156//6156 5106//5106
f 6156//6156 6155//6155 5106//5106
f 5106//5106 6155//6155 5107//5107
f 6155//6155 6198//6198 5107//5107
f 5860//5860 5858//5858 5704//5704
f 5858//5858 5706//5706 5704//5704
f 5055//5055 5089//5089 6151//6151
f 5089//5089 6167//6167 6151//6151
f 5978//5978 6441//6441 5979//5979
f 6441//6441 6442//6442 5979//5979
f 5979//5979 6442//6442 5947//5947
f 6442//6442 6443//6443 5947//5947
f 5947//5947 6443//6443 5916//5916
f 6443//6443 6444//6444 5916//5916
f 5916//5916 6444//6444 5917//5917
f 6444//6444 6445//6445 5917//5917
f 5917//5917 6445//6445 5980//5980
f 6445//6445 6446//6446 5980//5980
f 5980//5980 6446//6446 5981//5981
f 6446//6446 6447//6447 5981//5981
f 5981//5981 6447//6447 5982//5982
f 6447//6447 6448//6448 5982//5982
f 5982//5982 6448//6448 6016//6016
f 6448//6448 6449//6449 6016//6016
f 6016//6016 6449//6449 6017//6017
f 6449//6449 6450//6450 6017//6017
f 6017//6017 6450//6450 6018//6018
f 6450//6450 6451//6451 6018//6018
f 6018//6018 6451//6451 6030//6030
f 6451//6451 6452//6452 6030//6030
f 6030//6030 6452//6452 6031//6031
f 6452//6452 6453//6453 6031//6031
f 6031//6031 6453//6453 6032//6032
f 6453//6453 6454//6454 6032//6032
f 6032//6032 6454//6454 6033//6033
f 6454//6454 6455//6455 6033//6033
f 6033//6033 6455//6455 6034//6034
f 6455//6455 6456//6456 6034//6034
f 6034//6034 6456//6456 6035//6035
f 6456//6456 6457//6457 6035//6035
f 6035//6035 6457//6457 6044//6044
f 6457//6457 6458//6458 6044//6044
f 6044//6044 6458//6458 6045//6045
f 6458//6458 6459//6459 6045//6045
f 6045//6045 6459//6459 6046//6046
f 6459//6459 6460//6460 6046//6046
f 6046//6046 6460//6460 6101//6101
f 6460//6460 6461//6461 6101//6101
f 6101//6101 6461//6461 6102//6102
f 6461//6461 6462//6462 6102//6102
f 6102//6102 6462//6462 6103//6103
f 6462//6462 6463//6463 6103//6103
f 6103//6103 6463//6463 6135//6135
f 6463//6463 6464//6464 6135//6135
f 6135//6135 6464//6464 6136//6136
f 6464//6464 6465//6465 6136//6136
f 6136//6136 6465//6465 6137//6137
f 6465//6465 6466//6466 6137//6137
f 6137//6137 6466//6466 6147//6147
f 6466//6466 6467//6467 6147//6147
f 6147//6147 6467//6467 6148//6148
f 6467//6467 6468//6468 6148//6148
f 6148//6148 6468//6468 6138//6138
f 6468//6468 6469//6469 6138//6138
f 6138//6138 6469//6469 6139//6139
f 6469//6469 6470//6470 6139//6139
f 6139//6139 6470//6470 6140//6140
f 6470//6470 6471//6471 6140//6140
f 6140//6140 6471//6471 6141//6141
f 6471//6471 6472//6472 6141//6141
f 6141//6141 6472//6472 6142//6142
f 6472//6472 6473//6473 6142//6142
f 6142//6142 6473//6473 6143//6143
f 6473//6473 6474//6474 6143//6143
f 6143//6143 6474//6474 6144//6144
f 6474//6474 6475//6475 6144//6144
f 6144//6144 6475//6475 6108//6108
f 6475//6475 6476//6476 6108//6108
f 6108//6108 6476//6476 6109//6109
f 6476//6476 6477//6477 6109//6109
f 6109//6109 6477//6477 6110//6110
f 6477//6477 6478//6478 6110//6110
f 6110//6110 6478//6478 6111//6111
f 6478//6478 6479//6479 6111//6111
f 6111//6111 6479//6479 6112//6112
f 6479//6479 6480//6480 6112//6112
f 6112//6112 6480//6480 6113//6113
f 6480//6480 6481//6481 6113//6113
f 6113//6113 6481//6481 6114//6114
f 6481//6481 6482//6482 6114//6114
f 6114//6114 6482//6482 6115//6115
f 6482//6482 6483//6483 6115//6115
f 6115//6115 6483//6483 6089//6089
f 6483//6483 6484//6484 6089//6089
f 6089//6089 6484//6484 6090//6090
f 6484//6484 6485//6485 6090//6090
f 6090//6090 6485//6485 6091//6091
f 6485//6485 6486//6486 6091//6091
f 6091//6091 6486//6486 6092//6092
f 6486//6486 6487//6487 6092//6092
f 6092//6092 6487//6487 6145//6145
f 6487//6487 6488//6488 6145//6145
f 6145//6145 6488//6488 6146//6146
f 6488//6488 6489//6489 6146//6146
f 6146//6146 6489//6489 6116//6116
f 6489//6489 6490//6490 6116//6116
f 6116//6116 6490//6490 6117//6117
f 6490//6490 6491//6491 6117//6117
f 6117//6117 6491//6491 6118//6118
f 6491//6491 6492//6492 6118//6118
f 6118//6118 6492//6492 6119//6119
f 6492//6492 6493//6493 6119//6119
f 6119//6119 6493//6493 6120//6120
f 6493//6493 6494//6494 6120//6120
f 6120//6120 6494//6494 6121//6121
f 6494//6494 6495//6495 6121//6121
f 6121//6121 6495//6495 6122//6122
f 6495//6495 6496//6496 6122//6122
f 6122//6122 6496//6496 6133//6133
f 6496//6496 6497//6497 6133//6133
f 6133//6133 6497//6497 6134//6134
f 6497//6497 6498//6498 6134//6134
f 6134//6134 6498//6498 6047//6047
f 6498//6498 6499//6499 6047//6047
f 6047//6047 6499//6499 6048//6048
f 6499//6499 6500//6500 6048//6048
f 6048//6048 6500//6500 6061//6061
f 6500//6500 6501//6501 6061//6061
f 6061//6061 6501//6501 6062//6062
f 6501//6501 6502//6502 6062//6062
f 6062//6062 6502//6502 5948//5948
f 6502//6502 6503//6503 5948//5948
f 5948//5948 6503//6503 5949//5949
f 6503//6503 6504//6504 5949//5949
f 5949//5949 6504//6504 5983//5983
f 6504//6504 6505//6505 5983//5983
f 5983//5983 6505//6505 5984//5984
f 6505//6505 6506//6506 5984//5984
f 5984//5984 6506//6506 5918//5918
f 6506//6506 6507//6507 5918//5918
f 5918//5918 6507//6507 5919//5919
f 6507//6507 6508//6508 5919//5919
f 5919//5919 6508//6508 5920//5920
f 6508//6508 6509//6509 5920//5920
f 5920//5920 6509//6509 5921//5921
f 6509//6509 6510//6510 5921//5921
f 5921//5921 6510//6510 5950//5950
f 6510//6510 6511//6511 5950//5950
f 5950//5950 6511//6511 5951//5951
f 6511//6511 6512//6512 5951//5951
f 5951//5951 6512//6512 5859//5859
f 6512//6512 6513//6513 5859//5859
f 5859//5859 6513//6513 5857//5857
f 6513//6513 6514//6514 5857//5857
f 5857//5857 6514//6514 5908//5908
f 6514//6514 6515//6515 5908//5908
f 5908//5908 6515//6515 5909//5909
f 6515//6515 6516//6516 5909//5909
f 5909//5909 6516//6516 5875//5875
f 6516//6516 6517//6517 5875//5875
f 5875//5875 6517//6517 5874//5874
f 6517//6517 6518//6518 5874//5874
f 5874//5874 6518//6518 5873//5873
f 6518//6518 6519//6519 5873//5873
f 5873//5873 6519//6519 5876//5876
f 6519//6519 6520//6520 5876//5876
f 5876//5876 6520//6520 5877//5877
f 6520//6520 6521//6521 5877//5877
f 5877//5877 6521//6521 5863//5863
f 6521//6521 6522//6522 5863//5863
f 5863//5863 6522//6522 5862//5862
f 6522//6522 6523//6523 5862//5862
f 5862//5862 6523//6523 5861//5861
f 6523//6523 6524//6524 5861//5861
f 5861//5861 6524//6524 5878//5878
f 6524//6524 6525//6525 5878//5878
f 5878//5878 6525//6525 5879//5879
f 6525//6525 6526//6526 5879//5879
f 5879//5879 6526//6526 5864//5864
f 6526//6526 6527//6527 5864//5864
f 5864//5864 6527//6527 5865//5865
f 6527//6527 6528//6528 5865//5865
f 5865//5865 6528//6528 5967//5967
f 6528//6528 6529//6529 5967//5967
f 5967//5967 6529//6529 5968//5968
f 6529//6529 6530//6530 5968//5968
f 5968//5968 6530//6530 5969//5969
f 6530//6530 6531//6531 5969//5969
f 5969//5969 6531//6531 5970//5970
f 6531//6531 6532//6532 5970//5970
f 5970//5970 6532//6532 5971//5971
f 6532//6532 6533//6533 5971//5971
f 5971//5971 6533//6533 5910//5910
f 6533//6533 6534//6534 5910//5910
f 5910//5910 6534//6534 5911//5911
f 6534//6534 6535//6535 5911//5911
f 5911//5911 6535//6535 5912//5912
f 6535//6535 6536//6536 5912//5912
f 5912//5912 6536//6536 5913//5913
f 6536//6536 6537//6537 5913//5913
f 5913//5913 6537//6537 6023//6023
f 6537//6537 6538//6538 6023//6023
f 6023//6023 6538//6538 6024//6024
f 6538//6538 6539//6539 6024//6024
f 6024//6024 6539//6539 6025//6025
f 6539//6539 6540//6540 6025//6025
f 6025//6025 6540//6540 6026//6026
f 6540//6540 6541//6541 6026//6026
f 6026//6026 6541//6541 6027//6027
f 6541//6541 6542//6542 6027//6027
f 6027//6027 6542//6542 6005//6005
f 6542//6542 6543//6543 6005//6005
f 6005//6005 6543//6543 6004//6004
f 6543//6543 6544//6544 6004//6004
f 6004//6004 6544//6544 6003//6003
f 6544//6544 6545//6545 6003//6003
f 6003//6003 6545//6545 6006//6006
f 6545//6545 6546//6546 6006//6006
f 6006//6006 6546//6546 6007//6007
f 6546//6546 6547//6547 6007//6007
f 6007//6007 6547//6547 6008//6008
f 6547//6547 6548//6548 6008//6008
f 6008//6008 6548//6548 6009//6009
f 6548//6548 6549//6549 6009//6009
f 6009//6009 6549//6549 6010//6010
f 6549//6549 6550//6550 6010//6010
f 6010//6010 6550//6550 6011//6011
f 6550//6550 6551//6551 6011//6011
f 6011//6011 6551//6551 6012//6012
f 6551//6551 6552//6552 6012//6012
f 6012//6012 6552//6552 6013//6013
f 6552//6552 6553//6553 6013//6013
f 6013//6013 6553//6553 6014//6014
f 6553//6553 6554//6554 6014//6014
f 6014//6014 6554//6554 6015//6015
f 6554//6554 6555//6555 6015//6015
f 6015//6015 6555//6555 6028//6028
f 6555//6555 6556//6556 6028//6028
f 6028//6028 6556//6556 6029//6029
f 6556//6556 6557//6557 6029//6029
f 6029//6029 6557//6557 5866//5866
f 6557//6557 6558//6558 5866//5866
f 5866//5866 6558//6558 5867//5867
f 6558//6558 6559//6559 5867//5867
f 5867//5867 6559//6559 5938//5938
f 6559//6559 6560//6560 5938//5938
f 5938//5938 6560//6560 5939//5939
f 6560//6560 6561//6561 5939//5939
f 5939//5939 6561//6561 5940//5940
f 6561//6561 6562//6562 5940//5940
f 5940//5940 6562//6562 5941//5941
f 6562//6562 6563//6563 5941//5941
f 5941//5941 6563//6563 5942//5942
f 6563//6563 6564//6564 5942//5942
f 5942//5942 6564//6564 5943//5943
f 6564//6564 6565//6565 5943//5943
f 5943//5943 6565//6565 5972//5972
f 6565//6565 6566//6566 5972//5972
f 5972//5972 6566//6566 5973//5973
f 6566//6566 6567//6567 5973//5973
f 5973//5973 6567//6567 5880//5880
f 6567//6567 6568//6568 5880//5880
f 5880//5880 6568//6568 5881//5881
f 6568//6568 6569//6569 5881//5881
f 5881//5881 6569//6569 5882//5882
f 6569//6569 6570//6570 5882//5882
f 5882//5882 6570//6570 5883//5883
f 6570//6570 6571//6571 5883//5883
f 5883//5883 6571//6571 5914//5914
f 6571//6571 6572//6572 5914//5914
f 5914//5914 6572//6572 5915//5915
f 6572//6572 6573//6573 5915//5915
f 5915//5915 6573//6573 5884//5884
f 6573//6573 6574//6574 5884//5884
f 5884//5884 6574//6574 5885//5885
f 6574//6574 6575//6575 5885//5885
f 5885//5885 6575//6575 5886//5886
f 6575//6575 6576//6576 5886//5886
f 5886//5886 6576//6576 5887//5887
f 6576//6576 6577//6577 5887//5887
f 5887//5887 6577//6577 5944//5944
f 6577//6577 6578//6578 5944//5944
f 5944//5944 6578//6578 5945//5945
f 6578//6578 6579//6579 5945//5945
f 5945//5945 6579//6579 5946//5946
f 6579//6579 6580//6580 5946//5946
f 5946//5946 6580//6580 5974//5974
f 6580//6580 6581//6581 5974//5974
f 5974//5974 6581//6581 5975//5975
f 6581//6581 6582//6582 5975//5975
f 5975//5975 6582//6582 5976//5976
f 6582//6582 6583//6583 5976//5976
f 5976//5976 6583//6583 5977//5977
f 6583//6583 6584//6584 5977//5977
f 5977//5977 6584//6584 5978//5978
f 6584//6584 6441//6441 5978//5978
f 5787//5787 5045//5045 4901//4901
f 6585//6585 5791//5791 4934//4934
f 5791//5791 5792//5792 4934//4934
f 4934//4934 5792//5792 4901//4901
f 5792//5792 5785//5785 4901//4901
f 4901//4901 5785//5785 5787//5787
f 6344//6344 6586//6586 6360//6360
f 6586//6586 6587//6587 6360//6360
f 6360//6360 6587//6587 6347//6347
f 6587//6587 6588//6588 6347//6347
f 6347//6347 6588//6588 6348//6348
f 6588//6588 6589//6589 6348//6348
f 6348//6348 6589//6589 6349//6349
f 6589//6589 6590//6590 6349//6349
f 6349//6349 6590//6590 6350//6350
f 6590//6590 6591//6591 6350//6350
f 6350//6350 6591//6591 6351//6351
f 6591//6591 6592//6592 6351//6351
f 6351//6351 6592//6592 6352//6352
f 6592//6592 6593//6593 6352//6352
f 6352//6352 6593//6593 6376//6376
f 6593//6593 6594//6594 6376//6376
f 6376//6376 6594//6594 6377//6377
f 6594//6594 6595//6595 6377//6377
f 6377//6377 6595//6595 6378//6378
f 6595//6595 6596//6596 6378//6378
f 6378//6378 6596//6596 6379//6379
f 6596//6596 6597//6597 6379//6379
f 6379//6379 6597//6597 6380//6380
f 6597//6597 6598//6598 6380//6380
f 6380//6380 6598//6598 6365//6365
f 6598//6598 6599//6599 6365//6365
f 6365//6365 6599//6599 6366//6366
f 6599//6599 6600//6600 6366//6366
f 6366//6366 6600//6600 6367//6367
f 6600//6600 6601//6601 6367//6367
f 6367//6367 6601//6601 6412//6412
f 6601//6601 6602//6602 6412//6412
f 6412//6412 6602//6602 6413//6413
f 6602//6602 6603//6603 6413//6413
f 6413//6413 6603//6603 6414//6414
f 6603//6603 6604//6604 6414//6414
f 6414//6414 6604//6604 6428//6428
f 6604//6604 6605//6605 6428//6428
f 6428//6428 6605//6605 6429//6429
f 6605//6605 6606//6606 6429//6429
f 6429//6429 6606//6606 6430//6430
f 6606//6606 6607//6607 6430//6430
f 6430//6430 6607//6607 6431//6431
f 6607//6607 6608//6608 6431//6431
f 6431//6431 6608//6608 6432//6432
f 6608//6608 6609//6609 6432//6432
f 6432//6432 6609//6609 6433//6433
f 6609//6609 6610//6610 6433//6433
f 6433//6433 6610//6610 6439//6439
f 6610//6610 6611//6611 6439//6439
f 6439//6439 6611//6611 6440//6440
f 6611//6611 6612//6612 6440//6440
f 6440//6440 6612//6612 6415//6415
f 6612//6612 6613//6613 6415//6415
f 6415//6415 6613//6613 6416//6416
f 6613//6613 6614//6614 6416//6416
f 6416//6416 6614//6614 6434//6434
f 6614//6614 6615//6615 6434//6434
f 6434//6434 6615//6615 6435//6435
f 6615//6615 6616//6616 6435//6435
f 6435//6435 6616//6616 6404//6404
f 6616//6616 6617//6617 6404//6404
f 6404//6404 6617//6617 6394//6394
f 6617//6617 6618//6618 6394//6394
f 6394//6394 6618//6618 6395//6395
f 6618//6618 6619//6619 6395//6395
f 6395//6395 6619//6619 6405//6405
f 6619//6619 6620//6620 6405//6405
f 6405//6405 6620//6620 6406//6406
f 6620//6620 6621//6621 6406//6406
f 6406//6406 6621//6621 6407//6407
f 6621//6621 6622//6622 6407//6407
f 6407//6407 6622//6622 6408//6408
f 6622//6622 6623//6623 6408//6408
f 6408//6408 6623//6623 6409//6409
f 6623//6623 6624//6624 6409//6409
f 6409//6409 6624//6624 6410//6410
f 6624//6624 6625//6625 6410//6410
f 6410//6410 6625//6625 6411//6411
f 6625//6625 6626//6626 6411//6411
f 6411//6411 6626//6626 6417//6417
f 6626//6626 6627//6627 6417//6417
f 6417//6417 6627//6627 6418//6418
f 6627//6627 6628//6628 6418//6418
f 6418//6418 6628//6628 6368//6368
f 6628//6628 6629//6629 6368//6368
f 6368//6368 6629//6629 6369//6369
f 6629//6629 6630//6630 6369//6369
f 6369//6369 6630//6630 6370//6370
f 6630//6630 6631//6631 6370//6370
f 6370//6370 6631//6631 6353//6353
f 6631//6631 6632//6632 6353//6353
f 6353//6353 6632//6632 6354//6354
f 6632//6632 6633//6633 6354//6354
f 6354//6354 6633//6633 6361//6361
f 6633//6633 6634//6634 6361//6361
f 6361//6361 6634//6634 6362//6362
f 6634//6634 6635//6635 6362//6362
f 6362//6362 6635//6635 6345//6345
f 6635//6635 6636//6636 6345//6345
f 6345//6345 6636//6636 6346//6346
f 6636//6636 6637//6637 6346//6346
f 6346//6346 6637//6637 6355//6355
f 6637//6637 6638//6638 6355//6355
f 6355//6355 6638//6638 6356//6356
f 6638//6638 6639//6639 6356//6356
f 6356//6356 6639//6639 6319//6319
f 6639//6639 6640//6640 6319//6319
f 6319//6319 6640//6640 6320//6320
f 6640//6640 6641//6641 6320//6320
f 6320//6320 6641//6641 6330//6330
f 6641//6641 6642//6642 6330//6330
f 6330//6330 6642//6642 6331//6331
f 6642//6642 6643//6643 6331//6331
f 6331//6331 6643//6643 6332//6332
f 6643//6643 6644//6644 6332//6332
f 6332//6332 6644//6644 6333//6333
f 6644//6644 6645//6645 6333//6333
f 6333//6333 6645//6645 6334//6334
f 6645//6645 6646//6646 6334//6334
f 6334//6334 6646//6646 6335//6335
f 6646//6646 6647//6647 6335//6335
f 6335//6335 6647//6647 6336//6336
f 6647//6647 6648//6648 6336//6336
f 6336//6336 6648//6648 6337//6337
f 6648//6648 6649//6649 6337//6337
f 6337//6337 6649//6649 6338//6338
f 6649//6649 6650//6650 6338//6338
f 6338//6338 6650//6650 6363//6363
f 6650//6650 6651//6651 6363//6363
f 6363//6363 6651//6651 6364//6364
f 6651//6651 6652//6652 6364//6364
f 6364//6364 6652//6652 6321//6321
f 6652//6652 6653//6653 6321//6321
f 6321//6321 6653//6653 6322//6322
f 6653//6653 6654//6654 6322//6322
f 6322//6322 6654//6654 6323//6323
f 6654//6654 6655//6655 6323//6323
f 6323//6323 6655//6655 6299//6299
f 6655//6655 6656//6656 6299//6299
f 6299//6299 6656//6656 6297//6297
f 6656//6656 6657//6657 6297//6297
f 6297//6297 6657//6657 6295//6295
f 6657//6657 6658//6658 6295//6295
f 6295//6295 6658//6658 6306//6306
f 6658//6658 6659//6659 6306//6306
f 6306//6306 6659//6659 6307//6307
f 6659//6659 6660//6660 6307//6307
f 6307//6307 6660//6660 6308//6308
f 6660//6660 6661//6661 6308//6308
f 6308//6308 6661//6661 6324//6324
f 6661//6661 6662//6662 6324//6324
f 6324//6324 6662//6662 6325//6325
f 6662//6662 6663//6663 6325//6325
f 6325//6325 6663//6663 6326//6326
f 6663//6663 6664//6664 6326//6326
f 6326//6326 6664//6664 6339//6339
f 6664//6664 6665//6665 6339//6339
f 6339//6339 6665//6665 6340//6340
f 6665//6665 6666//6666 6340//6340
f 6340//6340 6666//6666 6309//6309
f 6666//6666 6667//6667 6309//6309
f 6309//6309 6667//6667 6310//6310
f 6667//6667 6668//6668 6310//6310
f 6310//6310 6668//6668 6311//6311
f 6668//6668 6669//6669 6311//6311
f 6311//6311 6669//6669 6312//6312
f 6669//6669 6670//6670 6312//6312
f 6312//6312 6670//6670 6313//6313
f 6670//6670 6671//6671 6313//6313
f 6313//6313 6671//6671 6314//6314
f 6671//6671 6672//6672 6314//6314
f 6314//6314 6672//6672 6315//6315
f 6672//6672 6673//6673 6315//6315
f 6315//6315 6673//6673 6300//6300
f 6673//6673 6674//6674 6300//6300
f 6300//6300 6674//6674 6301//6301
f 6674//6674 6675//6675 6301//6301
f 6301//6301 6675//6675 6302//6302
f 6675//6675 6676//6676 6302//6302
f 6302//6302 6676//6676 6303//6303
f 6676//6676 6677//6677 6303//6303
f 6303//6303 6677//6677 6304//6304
f 6677//6677 6678//6678 6304//6304
f 6304//6304 6678//6678 6305//6305
f 6678//6678 6679//6679 6305//6305
f 6305//6305 6679//6679 6316//6316
f 6679//6679 6680//6680 6316//6316
f 6316//6316 6680//6680 6317//6317
f 6680//6680 6681//6681 6317//6317
f 6317//6317 6681//6681 6318//6318
f 6681//6681 6682//6682 6318//6318
f 6318//6318 6682//6682 6327//6327
f 6682//6682 6683//6683 6327//6327
f 6327//6327 6683//6683 6328//6328
f 6683//6683 6684//6684 6328//6328
f 6328//6328 6684//6684 6329//6329
f 6684//6684 6685//6685 6329//6329
f 6329//6329 6685//6685 6396//6396
f 6685//6685 6686//6686 6396//6396
f 6396//6396 6686//6686 6397//6397
f 6686//6686 6687//6687 6397//6397
f 6397//6397 6687//6687 6398//6398
f 6687//6687 6688//6688 6398//6398
f 6398//6398 6688//6688 6419//6419
f 6688//6688 6689//6689 6419//6419
f 6419//6419 6689//6689 6420//6420
f 6689//6689 6690//6690 6420//6420
f 6420//6420 6690//6690 6421//6421
f 6690//6690 6691//6691 6421//6421
f 6421//6421 6691//6691 6436//6436
f 6691//6691 6692//6692 6436//6436
f 6436//6436 6692//6692 6437//6437
f 6692//6692 6693//6693 6437//6437
f 6437//6437 6693//6693 6438//6438
f 6693//6693 6694//6694 6438//6438
f 6438//6438 6694//6694 6422//6422
f 6694//6694 6695//6695 6422//6422
f 6422//6422 6695//6695 6423//6423
f 6695//6695 6696//6696 6423//6423
f 6423//6423 6696//6696 6424//6424
f 6696//6696 6697//6697 6424//6424
f 6424//6424 6697//6697 6425//6425
f 6697//6697 6698//6698 6425//6425
f 6425//6425 6698//6698 6426//6426
f 6698//6698 6699//6699 6426//6426
f 6426//6426 6699//6699 6427//6427
f 6699//6699 6700//6700 6427//6427
f 6427//6427 6700//6700 6381//6381
f 6700//6700 6701//6701 6381//6381
f 6381//6381 6701//6701 6382//6382
f 6701//6701 6702//6702 6382//6382
f 6382//6382 6702//6702 6383//6383
f 6702//6702 6703//6703 6383//6383
f 6383//6383 6703//6703 6384//6384
f 6703//6703 6704//6704 6384//6384
f 6384//6384 6704//6704 6385//6385
f 6704//6704 6705//6705 6385//6385
f 6385//6385 6705//6705 6386//6386
f 6705//6705 6706//6706 6386//6386
f 6386//6386 6706//6706 6371//6371
f 6706//6706 6707//6707 6371//6371
f 6371//6371 6707//6707 6372//6372
f 6707//6707 6708//6708 6372//6372
f 6372//6372 6708//6708 6387//6387
f 6708//6708 6709//6709 6387//6387
f 6387//6387 6709//6709 6388//6388
f 6709//6709 6710//6710 6388//6388
f 6388//6388 6710//6710 6341//6341
f 6710//6710 6711//6711 6341//6341
f 6341//6341 6711//6711 6342//6342
f 6711//6711 6712//6712 6342//6342
f 6342//6342 6712//6712 6357//6357
f 6712//6712 6713//6713 6357//6357
f 6357//6357 6713//6713 6358//6358
f 6713//6713 6714//6714 6358//6358
f 6358//6358 6714//6714 6359//6359
f 6714//6714 6715//6715 6359//6359
f 6359//6359 6715//6715 6373//6373
f 6715//6715 6716//6716 6373//6373
f 6373//6373 6716//6716 6374//6374
f 6716//6716 6717//6717 6374//6374
f 6374//6374 6717//6717 6375//6375
f 6717//6717 6718//6718 6375//6375
f 6375//6375 6718//6718 6399//6399
f 6718//6718 6719//6719 6399//6399
f 6399//6399 6719//6719 6400//6400
f 6719//6719 6720//6720 6400//6400
f 6400//6400 6720//6720 6401//6401
f 6720//6720 6721//6721 6401//6401
f 6401//6401 6721//6721 6402//6402
f 6721//6721 6722//6722 6402//6402
f 6402//6402 6722//6722 6403//6403
f 6722//6722 6723//6723 6403//6403
f 6403//6403 6723//6723 6391//6391
f 6723//6723 6724//6724 6391//6391
f 6391//6391 6724//6724 6390//6390
f 6724//6724 6725//6725 6390//6390
f 6390//6390 6725//6725 6389//6389
f 6725//6725 6726//6726 6389//6389
f 6389//6389 6726//6726 6392//6392
f 6726//6726 6727//6727 6392//6392
f 6392//6392 6727//6727 6393//6393
f 6727//6727 6728//6728 6393//6393
f 6393//6393 6728//6728 6343//6343
f 6728//6728 6729//6729 6343//6343
f 6343//6343 6729//6729 6344//6344
f 6729//6729 6586//6586 6344//6344
f 6730//6730 6298//6298 5044//5044
f 6298//6298 6296//6296 5044//5044
f 5044//5044 6296//6296 4898//4898
f 6296//6296 5868//5868 4898//4898
f 4898//4898 5868//5868 4904//4904
f 5868//5868 5897//5897 4904//4904
f 4904//4904 5897//5897 6730//6730
f 5897//5897 6298//6298 6730//6730
f 5786//5786 5790//5790 5788//5788
f 5790//5790 5789//5789 5788//5788
f 5706//5706 5858//5858 5868//5868
f 5055//5055 6151//6151 5047//5047
f 6151//6151 5707//5707 5047//5047
f 5047//5047 5707//5707 5793//5793
f 5868//5868 6296//6296 5706//5706
f 6296//6296 5855//5855 5706//5706
f 5706//5706 5855//5855 5705//5705
f 5799//5799 5797//5797 5707//5707
f 5797//5797 5795//5795 5707//5707
f 5707//5707 5795//5795 5793//5793
f 5712//5712 5714//5714 5819//5819
f 5712//5712 5819//5819 5710//5710
f 5758//5758 5760//5760 5855//5855
f 5760//5760 5762//5762 5855//5855
f 5724//5724 5726//5726 5855//5855
f 5726//5726 5728//5728 5855//5855
f 5855//5855 5728//5728 5730//5730
f 5805//5805 5803//5803 5707//5707
f 5803//5803 5801//5801 5707//5707
f 5707//5707 5801//5801 5799//5799
f 5748//5748 5750//5750 5855//5855
f 5750//5750 5752//5752 5855//5855
f 5714//5714 5716//5716 5819//5819
f 5716//5716 5718//5718 5819//5819
f 5819//5819 5718//5718 5821//5821
f 5718//5718 5823//5823 5821//5821
f 5752//5752 5754//5754 5855//5855
f 5754//5754 5756//5756 5855//5855
f 5855//5855 5756//5756 5758//5758
f 5718//5718 5720//5720 5855//5855
f 5720//5720 5722//5722 5855//5855
f 5855//5855 5722//5722 5724//5724
f 5762//5762 5764//5764 5855//5855
f 5764//5764 5766//5766 5855//5855
f 5855//5855 5766//5766 5768//5768
f 5843//5843 5841//5841 5718//5718
f 5730//5730 5732//5732 5855//5855
f 5732//5732 5734//5734 5855//5855
f 5855//5855 5734//5734 5736//5736
f 5811//5811 5809//5809 5707//5707
f 5809//5809 5807//5807 5707//5707
f 5707//5707 5807//5807 5805//5805
f 5819//5819 5817//5817 5710//5710
f 5817//5817 5815//5815 5710//5710
f 5710//5710 5815//5815 5707//5707
f 5815//5815 5813//5813 5707//5707
f 5707//5707 5813//5813 5811//5811
f 5768//5768 5770//5770 5855//5855
f 5770//5770 5772//5772 5855//5855
f 5855//5855 5772//5772 5774//5774
f 5855//5855 5853//5853 5718//5718
f 5853//5853 5851//5851 5718//5718
f 5718//5718 5851//5851 5849//5849
f 5829//5829 5827//5827 5718//5718
f 5827//5827 5825//5825 5718//5718
f 5718//5718 5825//5825 5823//5823
f 5736//5736 5738//5738 5855//5855
f 5738//5738 5740//5740 5855//5855
f 5855//5855 5740//5740 5742//5742
f 5742//5742 5744//5744 5855//5855
f 5744//5744 5746//5746 5855//5855
f 5855//5855 5746//5746 5748//5748
f 5849//5849 5847//5847 5718//5718
f 5847//5847 5845//5845 5718//5718
f 5718//5718 5845//5845 5843//5843
f 5774//5774 5776//5776 5855//5855
f 5776//5776 5778//5778 5855//5855
f 5855//5855 5778//5778 5780//5780
f 5835//5835 5833//5833 5718//5718
f 5833//5833 5831//5831 5718//5718
f 5718//5718 5831//5831 5829//5829
f 5780//5780 5782//5782 5855//5855
f 5782//5782 5784//5784 5855//5855
f 5855//5855 5784//5784 5705//5705
f 5841//5841 5839//5839 5718//5718
f 5839//5839 5837//5837 5718//5718
f 5718//5718 5837//5837 5835//5835
f 5747//5747 5745//5745 5856//5856
f 6167//6167 5089//5089 5708//5708
f 5089//5089 5109//5109 5708//5708
f 5717//5717 5715//5715 5820//5820
f 5715//5715 5713//5713 5820//5820
f 5897//5897 5860//5860 6298//6298
f 5860//5860 5704//5704 6298//6298
f 6298//6298 5704//5704 5856//5856
f 5704//5704 5703//5703 5856//5856
f 5856//5856 5703//5703 5783//5783
f 5759//5759 5757//5757 5856//5856
f 5757//5757 5755//5755 5856//5856
f 5109//5109 5794//5794 5708//5708
f 5794//5794 5796//5796 5708//5708
f 5708//5708 5796//5796 5798//5798
f 5727//5727 5725//5725 5856//5856
f 5725//5725 5723//5723 5856//5856
f 5747//5747 5856//5856 5749//5749
f 5713//5713 5711//5711 5820//5820
f 5711//5711 5709//5709 5820//5820
f 5820//5820 5709//5709 5818//5818
f 5733//5733 5731//5731 5856//5856
f 5731//5731 5729//5729 5856//5856
f 5856//5856 5729//5729 5727//5727
f 5765//5765 5763//5763 5856//5856
f 5763//5763 5761//5761 5856//5856
f 5856//5856 5761//5761 5759//5759
f 5798//5798 5800//5800 5708//5708
f 5800//5800 5802//5802 5708//5708
f 5708//5708 5802//5802 5804//5804
f 5755//5755 5753//5753 5856//5856
f 5753//5753 5751//5751 5856//5856
f 5856//5856 5751//5751 5749//5749
f 5723//5723 5721//5721 5856//5856
f 5721//5721 5719//5719 5856//5856
f 5856//5856 5719//5719 5854//5854
f 5719//5719 5717//5717 5854//5854
f 5854//5854 5717//5717 5852//5852
f 5739//5739 5737//5737 5856//5856
f 5737//5737 5735//5735 5856//5856
f 5856//5856 5735//5735 5733//5733
f 5771//5771 5769//5769 5856//5856
f 5769//5769 5767//5767 5856//5856
f 5856//5856 5767//5767 5765//5765
f 5804//5804 5806//5806 5708//5708
f 5806//5806 5808//5808 5708//5708
f 5708//5708 5808//5808 5810//5810
f 5820//5820 5822//5822 5717//5717
f 5822//5822 5824//5824 5717//5717
f 5717//5717 5824//5824 5826//5826
f 5810//5810 5812//5812 5708//5708
f 5812//5812 5814//5814 5708//5708
f 5708//5708 5814//5814 5709//5709
f 5814//5814 5816//5816 5709//5709
f 5709//5709 5816//5816 5818//5818
f 5745//5745 5743//5743 5856//5856
f 5743//5743 5741//5741 5856//5856
f 5856//5856 5741//5741 5739//5739
f 5717//5717 5844//5844 5846//5846
f 5777//5777 5775//5775 5856//5856
f 5775//5775 5773//5773 5856//5856
f 5856//5856 5773//5773 5771//5771
f 5826//5826 5828//5828 5717//5717
f 5828//5828 5830//5830 5717//5717
f 5717//5717 5830//5830 5832//5832
f 5846//5846 5848//5848 5717//5717
f 5848//5848 5850//5850 5717//5717
f 5717//5717 5850//5850 5852//5852
f 5783//5783 5781//5781 5856//5856
f 5781//5781 5779//5779 5856//5856
f 5856//5856 5779//5779 5777//5777
f 5832//5832 5834//5834 5717//5717
f 5834//5834 5836//5836 5717//5717
f 5717//5717 5836//5836 5838//5838
f 5838//5838 5840//5840 5717//5717
f 5840//5840 5842//5842 5717//5717
f 5717//5717 5842//5842 5844//5844
f 4904//4904 6730//6730 4934//4934
f 6730//6730 6585//6585 4934//4934
f 6443//6443 6442//6442 6731//6731
f 6442//6442 6441//6441 6731//6731
f 6731//6731 6441//6441 6584//6584
f 6446//6446 6445//6445 6731//6731
f 6445//6445 6444//6444 6731//6731
f 6731//6731 6444//6444 6443//6443
f 6449//6449 6448//6448 6731//6731
f 6448//6448 6447//6447 6731//6731
f 6731//6731 6447//6447 6446//6446
f 6452//6452 6451//6451 6731//6731
f 6451//6451 6450//6450 6731//6731
f 6731//6731 6450//6450 6449//6449
f 6455//6455 6454//6454 6731//6731
f 6454//6454 6453//6453 6731//6731
f 6731//6731 6453//6453 6452//6452
f 6458//6458 6457//6457 6731//6731
f 6457//6457 6456//6456 6731//6731
f 6731//6731 6456//6456 6455//6455
f 6461//6461 6460//6460 6731//6731
f 6460//6460 6459//6459 6731//6731
f 6731//6731 6459//6459 6458//6458
f 6464//6464 6463//6463 6731//6731
f 6463//6463 6462//6462 6731//6731
f 6731//6731 6462//6462 6461//6461
f 6467//6467 6466//6466 6731//6731
f 6466//6466 6465//6465 6731//6731
f 6731//6731 6465//6465 6464//6464
f 6470//6470 6469//6469 6731//6731
f 6469//6469 6468//6468 6731//6731
f 6731//6731 6468//6468 6467//6467
f 6473//6473 6472//6472 6731//6731
f 6472//6472 6471//6471 6731//6731
f 6731//6731 6471//6471 6470//6470
f 6476//6476 6475//6475 6731//6731
f 6475//6475 6474//6474 6731//6731
f 6731//6731 6474//6474 6473//6473
f 6479//6479 6478//6478 6731//6731
f 6478//6478 6477//6477 6731//6731
f 6731//6731 6477//6477 6476//6476
f 6482//6482 6481//6481 6731//6731
f 6481//6481 6480//6480 6731//6731
f 6731//6731 6480//6480 6479//6479
f 6485//6485 6484//6484 6731//6731
f 6484//6484 6483//6483 6731//6731
f 6731//6731 6483//6483 6482//6482
f 6488//6488 6487//6487 6731//6731
f 6487//6487 6486//6486 6731//6731
f 6731//6731 6486//6486 6485//6485
f 6491//6491 6490//6490 6731//6731
f 6490//6490 6489//6489 6731//6731
f 6731//6731 6489//6489 6488//6488
f 6494//6494 6493//6493 6731//6731
f 6493//6493 6492//6492 6731//6731
f 6731//6731 6492//6492 6491//6491
f 6497//6497 6496//6496 6731//6731
f 6496//6496 6495//6495 6731//6731
f 6731//6731 6495//6495 6494//6494
f 6500//6500 6499//6499 6731//6731
f 6499//6499 6498//6498 6731//6731
f 6731//6731 6498//6498 6497//6497
f 6503//6503 6502//6502 6731//6731
f 6502//6502 6501//6501 6731//6731
f 6731//6731 6501//6501 6500//6500
f 6506//6506 6505//6505 6731//6731
f 6505//6505 6504//6504 6731//6731
f 6731//6731 6504//6504 6503//6503
f 6509//6509 6508//6508 6731//6731
f 6508//6508 6507//6507 6731//6731
f 6731//6731 6507//6507 6506//6506
f 6512//6512 6511//6511 6731//6731
f 6511//6511 6510//6510 6731//6731
f 6731//6731 6510//6510 6509//6509
f 6515//6515 6514//6514 6731//6731
f 6514//6514 6513//6513 6731//6731
f 6731//6731 6513//6513 6512//6512
f 6518//6518 6517//6517 6731//6731
f 6517//6517 6516//6516 6731//6731
f 6731//6731 6516//6516 6515//6515
f 6521//6521 6520//6520 6731//6731
f 6520//6520 6519//6519 6731//6731
f 6731//6731 6519//6519 6518//6518
f 6524//6524 6523//6523 6731//6731
f 6523//6523 6522//6522 6731//6731
f 6731//6731 6522//6522 6521//6521
f 6527//6527 6526//6526 6731//6731
f 6526//6526 6525//6525 6731//6731
f 6731//6731 6525//6525 6524//6524
f 6530//6530 6529//6529 6731//6731
f 6529//6529 6528//6528 6731//6731
f 6731//6731 6528//6528 6527//6527
f 6533//6533 6532//6532 6731//6731
f 6532//6532 6531//6531 6731//6731
f 6731//6731 6531//6531 6530//6530
f 6536//6536 6535//6535 6731//6731
f 6535//6535 6534//6534 6731//6731
f 6731//6731 6534//6534 6533//6533
f 6539//6539 6538//6538 6731//6731
f 6538//6538 6537//6537 6731//6731
f 6731//6731 6537//6537 6536//6536
f 6542//6542 6541//6541 6731//6731
f 6541//6541 6540//6540 6731//6731
f 6731//6731 6540//6540 6539//6539
f 6545//6545 6544//6544 6731//6731
f 6544//6544 6543//6543 6731//6731
f 6731//6731 6543//6543 6542//6542
f 6548//6548 6547//6547 6731//6731
f 6547//6547 6546//6546 6731//6731
f 6731//6731 6546//6546 6545//6545
f 6551//6551 6550//6550 6731//6731
f 6550//6550 6549//6549 6731//6731
f 6731//6731 6549//6549 6548//6548
f 6554//6554 6553//6553 6731//6731
f 6553//6553 6552//6552 6731//6731
f 6731//6731 6552//6552 6551//6551
f 6557//6557 6556//6556 6731//6731
f 6556//6556 6555//6555 6731//6731
f 6731//6731 6555//6555 6554//6554
f 6560//6560 6559//6559 6731//6731
f 6559//6559 6558//6558 6731//6731
f 6731//6731 6558//6558 6557//6557
f 6563//6563 6562//6562 6731//6731
f 6562//6562 6561//6561 6731//6731
f 6731//6731 6561//6561 6560//6560
f 6566//6566 6565//6565 6731//6731
f 6565//6565 6564//6564 6731//6731
f 6731//6731 6564//6564 6563//6563
f 6569//6569 6568//6568 6731//6731
f 6568//6568 6567//6567 6731//6731
f 6731//6731 6567//6567 6566//6566
f 6572//6572 6571//6571 6731//6731
f 6571//6571 6570//6570 6731//6731
f 6731//6731 6570//6570 6569//6569
f 6575//6575 6574//6574 6731//6731
f 6574//6574 6573//6573 6731//6731
f 6731//6731 6573//6573 6572//6572
f 6578//6578 6577//6577 6731//6731
f 6577//6577 6576//6576 6731//6731
f 6731//6731 6576//6576 6575//6575
f 6581//6581 6580//6580 6731//6731
f 6580//6580 6579//6579 6731//6731
f 6731//6731 6579//6579 6578//6578
f 6584//6584 6583//6583 6731//6731
f 6583//6583 6582//6582 6731//6731
f 6731//6731 6582//6582 6581//6581
f 5789//5789 5791//5791 6585//6585
f 5787//5787 5788//5788 5045//5045
f 5788//5788 5789//5789 5045//5045
f 4625//4625 4627//4627 6730//6730
f 4625//4625 6730//6730 4623//4623
f 4731//4731 4733//4733 5789//5789
f 4733//4733 4735//4735 5789//5789
f 4627//4627 4629//4629 6730//6730
f 4629//4629 4631//4631 6730//6730
f 6730//6730 4631//4631 4633//4633
f 4735//4735 4737//4737 5789//5789
f 4737//4737 4739//4739 5789//5789
f 5789//5789 4739//4739 4741//4741
f 4741//4741 4743//4743 5789//5789
f 4743//4743 4745//4745 5789//5789
f 5789//5789 4745//4745 4747//4747
f 4723//4723 4725//4725 5789//5789
f 4867//4867 4869//4869 5044//5044
f 4869//4869 4871//4871 5044//5044
f 5044//5044 4871//4871 4873//4873
f 4873//4873 4875//4875 5044//5044
f 4875//4875 4877//4877 5044//5044
f 5044//5044 4877//4877 4879//4879
f 4611//4611 4613//4613 6730//6730
f 4613//4613 4615//4615 6730//6730
f 6730//6730 4615//4615 4617//4617
f 4617//4617 4619//4619 6730//6730
f 4619//4619 4621//4621 6730//6730
f 6730//6730 4621//4621 4623//4623
f 4725//4725 4727//4727 5789//5789
f 4727//4727 4729//4729 5789//5789
f 5789//5789 4729//4729 4731//4731
f 4757//4757 4759//4759 5045//5045
f 4771//4771 4773//4773 5045//5045
f 4773//4773 4775//4775 5045//5045
f 4841//4841 4843//4843 5044//5044
f 4879//4879 4881//4881 5044//5044
f 4881//4881 4883//4883 5044//5044
f 5044//5044 4883//4883 4885//4885
f 4885//4885 4887//4887 5044//5044
f 4887//4887 4889//4889 5044//5044
f 5044//5044 4889//4889 4891//4891
f 4891//4891 4893//4893 5044//5044
f 4893//4893 4607//4607 5044//5044
f 5044//5044 4607//4607 6730//6730
f 4607//4607 4609//4609 6730//6730
f 6730//6730 4609//4609 4611//4611
f 4633//4633 4635//4635 6730//6730
f 4635//4635 4637//4637 6730//6730
f 6730//6730 4637//4637 4639//4639
f 4639//4639 4641//4641 6730//6730
f 4641//4641 4643//4643 6730//6730
f 6730//6730 4643//4643 6585//6585
f 4643//4643 4645//4645 6585//6585
f 4645//4645 4647//4647 6585//6585
f 4647//4647 4649//4649 6585//6585
f 6585//6585 4649//4649 4651//4651
f 4693//4693 4695//4695 6585//6585
f 4695//4695 4697//4697 6585//6585
f 6585//6585 4697//4697 4699//4699
f 4757//4757 5045//5045 4755//4755
f 4759//4759 4761//4761 5045//5045
f 4761//4761 4763//4763 5045//5045
f 5045//5045 4763//4763 4765//4765
f 4765//4765 4767//4767 5045//5045
f 4767//4767 4769//4769 5045//5045
f 5045//5045 4769//4769 4771//4771
f 4775//4775 4777//4777 5045//5045
f 4777//4777 4779//4779 5045//5045
f 5045//5045 4779//4779 4781//4781
f 4651//4651 4653//4653 6585//6585
f 4653//4653 4655//4655 6585//6585
f 6585//6585 4655//4655 4657//4657
f 4747//4747 4749//4749 5789//5789
f 4749//4749 4751//4751 5789//5789
f 5789//5789 4751//4751 5045//5045
f 4751//4751 4753//4753 5045//5045
f 5045//5045 4753//4753 4755//4755
f 4793//4793 4795//4795 5045//5045
f 4795//4795 4797//4797 5045//5045
f 5045//5045 4797//4797 4799//4799
f 4827//4827 4829//4829 5044//5044
f 4843//4843 4845//4845 5044//5044
f 4845//4845 4847//4847 5044//5044
f 5044//5044 4847//4847 4849//4849
f 4855//4855 4857//4857 5044//5044
f 4857//4857 4859//4859 5044//5044
f 5044//5044 4859//4859 4861//4861
f 4861//4861 4863//4863 5044//5044
f 4863//4863 4865//4865 5044//5044
f 5044//5044 4865//4865 4867//4867
f 4681//4681 4683//4683 6585//6585
f 4683//4683 4685//4685 6585//6585
f 6585//6585 4685//4685 4687//4687
f 4687//4687 4689//4689 6585//6585
f 4689//4689 4691//4691 6585//6585
f 6585//6585 4691//4691 4693//4693
f 4705//4705 4707//4707 6585//6585
f 4707//4707 4709//4709 6585//6585
f 4709//4709 4711//4711 6585//6585
f 4711//4711 4713//4713 6585//6585
f 6585//6585 4713//4713 4715//4715
f 4849//4849 4851//4851 5044//5044
f 4851//4851 4853//4853 5044//5044
f 5044//5044 4853//4853 4855//4855
f 4657//4657 4659//4659 6585//6585
f 4659//4659 4661//4661 6585//6585
f 6585//6585 4661//4661 4663//4663
f 4781//4781 4783//4783 5045//5045
f 4783//4783 4785//4785 5045//5045
f 5045//5045 4785//4785 4787//4787
f 4787//4787 4789//4789 5045//5045
f 4789//4789 4791//4791 5045//5045
f 5045//5045 4791//4791 4793//4793
f 4663//4663 4665//4665 6585//6585
f 4665//4665 4667//4667 6585//6585
f 6585//6585 4667//4667 4669//4669
f 4669//4669 4671//4671 6585//6585
f 4671//4671 4673//4673 6585//6585
f 6585//6585 4673//4673 4675//4675
f 4675//4675 4677//4677 6585//6585
f 4677//4677 4679//4679 6585//6585
f 6585//6585 4679//4679 4681//4681
f 4699//4699 4701//4701 6585//6585
f 4701//4701 4703//4703 6585//6585
f 6585//6585 4703//4703 4705//4705
f 4715//4715 4717//4717 6585//6585
f 4717//4717 4719//4719 6585//6585
f 6585//6585 4719//4719 5789//5789
f 4719//4719 4721//4721 5789//5789
f 5789//5789 4721//4721 4723//4723
f 5045//5045 4811//4811 4813//4813
f 4813//4813 4815//4815 5045//5045
f 4815//4815 4817//4817 5045//5045
f 5045//5045 4817//4817 4819//4819
f 4819//4819 4821//4821 5045//5045
f 4821//4821 4823//4823 5045//5045
f 5045//5045 4823//4823 5044//5044
f 4823//4823 4825//4825 5044//5044
f 5044//5044 4825//4825 4827//4827
f 4829//4829 4831//4831 5044//5044
f 4831//4831 4833//4833 5044//5044
f 5044//5044 4833//4833 4835//4835
f 4799//4799 4801//4801 5045//5045
f 4801//4801 4803//4803 5045//5045
f 5045//5045 4803//4803 4805//4805
f 4805//4805 4807//4807 5045//5045
f 4807//4807 4809//4809 5045//5045
f 5045//5045 4809//4809 4811//4811
f 4835//4835 4837//4837 5044//5044
f 4837//4837 4839//4839 5044//5044
f 5044//5044 4839//4839 4841//4841
f 6660//6660 6659//6659 4606//4606
f 6659//6659 6658//6658 4606//4606
f 4606//4606 6658//6658 6657//6657
f 6663//6663 6662//6662 4606//4606
f 6662//6662 6661//6661 4606//4606
f 4606//4606 6661//6661 6660//6660
f 6666//6666 6665//6665 4606//4606
f 6665//6665 6664//6664 4606//4606
f 4606//4606 6664//6664 6663//6663
f 6669//6669 6668//6668 4606//4606
f 6668//6668 6667//6667 4606//4606
f 4606//4606 6667//6667 6666//6666
f 6672//6672 6671//6671 4606//4606
f 6671//6671 6670//6670 4606//4606
f 4606//4606 6670//6670 6669//6669
f 6675//6675 6674//6674 4606//4606
f 6674//6674 6673//6673 4606//4606
f 4606//4606 6673//6673 6672//6672
f 6678//6678 6677//6677 4606//4606
f 6677//6677 6676//6676 4606//4606
f 4606//4606 6676//6676 6675//6675
f 6681//6681 6680//6680 4606//4606
f 6680//6680 6679//6679 4606//4606
f 4606//4606 6679//6679 6678//6678
f 6684//6684 6683//6683 4606//4606
f 6683//6683 6682//6682 4606//4606
f 4606//4606 6682//6682 6681//6681
f 6687//6687 6686//6686 4606//4606
f 6686//6686 6685//6685 4606//4606
f 4606//4606 6685//6685 6684//6684
f 6690//6690 6689//6689 4606//4606
f 6689//6689 6688//6688 4606//4606
f 4606//4606 6688//6688 6687//6687
f 6693//6693 6692//6692 4606//4606
f 6692//6692 6691//6691 4606//4606
f 4606//4606 6691//6691 6690//6690
f 6696//6696 6695//6695 4606//4606
f 6695//6695 6694//6694 4606//4606
f 4606//4606 6694//6694 6693//6693
f 6699//6699 6698//6698 4606//4606
f 6698//6698 6697//6697 4606//4606
f 4606//4606 6697//6697 6696//6696
f 6702//6702 6701//6701 4606//4606
f 6701//6701 6700//6700 4606//4606
f 4606//4606 6700//6700 6699//6699
f 6705//6705 6704//6704 4606//4606
f 6704//6704 6703//6703 4606//4606
f 4606//4606 6703//6703 6702//6702
f 6708//6708 6707//6707 4606//4606
f 6707//6707 6706//6706 4606//4606
f 4606//4606 6706//6706 6705//6705
f 6711//6711 6710//6710 4606//4606
f 6710//6710 6709//6709 4606//4606
f 4606//4606 6709//6709 6708//6708
f 6714//6714 6713//6713 4606//4606
f 6713//6713 6712//6712 4606//4606
f 4606//4606 6712//6712 6711//6711
f 6717//6717 6716//6716 4606//4606
f 6716//6716 6715//6715 4606//4606
f 4606//4606 6715//6715 6714//6714
f 6720//6720 6719//6719 4606//4606
f 6719//6719 6718//6718 4606//4606
f 4606//4606 6718//6718 6717//6717
f 6723//6723 6722//6722 4606//4606
f 6722//6722 6721//6721 4606//4606
f 4606//4606 6721//6721 6720//6720
f 6726//6726 6725//6725 4606//4606
f 6725//6725 6724//6724 4606//4606
f 4606//4606 6724//6724 6723//6723
f 6729//6729 6728//6728 4606//4606
f 6728//6728 6727//6727 4606//4606
f 4606//4606 6727//6727 6726//6726
f 6588//6588 6587//6587 4606//4606
f 6587//6587 6586//6586 4606//4606
f 4606//4606 6586//6586 6729//6729
f 6591//6591 6590//6590 4606//4606
f 6590//6590 6589//6589 4606//4606
f 4606//4606 6589//6589 6588//6588
f 6594//6594 6593//6593 4606//4606
f 6593//6593 6592//6592 4606//4606
f 4606//4606 6592//6592 6591//6591
f 6597//6597 6596//6596 4606//4606
f 6596//6596 6595//6595 4606//4606
f 4606//4606 6595//6595 6594//6594
f 6600//6600 6599//6599 4606//4606
f 6599//6599 6598//6598 4606//4606
f 4606//4606 6598//6598 6597//6597
f 6603//6603 6602//6602 4606//4606
f 6602//6602 6601//6601 4606//4606
f 4606//4606 6601//6601 6600//6600
f 6606//6606 6605//6605 4606//4606
f 6605//6605 6604//6604 4606//4606
f 4606//4606 6604//6604 6603//6603
f 6609//6609 6608//6608 4606//4606
f 6608//6608 6607//6607 4606//4606
f 4606//4606 6607//6607 6606//6606
f 6612//6612 6611//6611 4606//4606
f 6611//6611 6610//6610 4606//4606
f 4606//4606 6610//6610 6609//6609
f 6615//6615 6614//6614 4606//4606
f 6614//6614 6613//6613 4606//4606
f 4606//4606 6613//6613 6612//6612
f 6618//6618 6617//6617 4606//4606
f 6617//6617 6616//6616 4606//4606
f 4606//4606 6616//6616 6615//6615
f 6621//6621 6620//6620 4606//4606
f 6620//6620 6619//6619 4606//4606
f 4606//4606 6619//6619 6618//6618
f 6624//6624 6623//6623 4606//4606
f 6623//6623 6622//6622 4606//4606
f 4606//4606 6622//6622 6621//6621
f 6627//6627 6626//6626 4606//4606
f 6626//6626 6625//6625 4606//4606
f 4606//4606 6625//6625 6624//6624
f 6630//6630 6629//6629 4606//4606
f 6629//6629 6628//6628 4606//4606
f 4606//4606 6628//6628 6627//6627
f 6633//6633 6632//6632 4606//4606
f 6632//6632 6631//6631 4606//4606
f 4606//4606 6631//6631 6630//6630
f 6636//6636 6635//6635 4606//4606
f 6635//6635 6634//6634 4606//4606
f 4606//4606 6634//6634 6633//6633
f 6639//6639 6638//6638 4606//4606
f 6638//6638 6637//6637 4606//4606
f 4606//4606 6637//6637 6636//6636
f 6642//6642 6641//6641 4606//4606
f 6641//6641 6640//6640 4606//4606
f 4606//4606 6640//6640 6639//6639
f 6645//6645 6644//6644 4606//4606
f 6644//6644 6643//6643 4606//4606
f 4606//4606 6643//6643 6642//6642
f 6648//6648 6647//6647 4606//4606
f 6647//6647 6646//6646 4606//4606
f 4606//4606 6646//6646 6645//6645
f 6651//6651 6650//6650 4606//4606
f 6650//6650 6649//6649 4606//4606
f 4606//4606 6649//6649 6648//6648
f 6654//6654 6653//6653 4606//4606
f 6653//6653 6652//6652 4606//4606
f 4606//4606 6652//6652 6651//6651
f 6657//6657 6656//6656 4606//4606
f 6656//6656 6655//6655 4606//4606
f 4606//4606 6655//6655 6654//6654

