# https://github.com/mikedh/trimesh
v 0.00690269 -0.00802010 -0.02823948
v 0.00138094 -0.01649651 -0.02012487
v 0.00138094 -0.00015000 -0.02012487
v 0.01399042 -0.00714584 -0.03865541
v 0.01663719 -0.00015000 -0.04254503
v 0.01663719 -0.00714584 -0.04254503
v 0.03486435 -0.00015000 -0.08033043
v 0.03486435 -0.00714584 -0.08033043
v 0.01489119 -0.01649651 -0.01360772
v 0.01489119 -0.00015000 -0.01360772
v 0.01327228 -0.01675000 -0.01025167
v 0.00458274 -0.01675000 0.00776199
v 0.00458274 -0.01975000 0.00776199
v 0.01327228 -0.01975000 -0.01025167
v -0.00332449 -0.01675000 0.00084419
v -0.00405307 -0.01675000 -0.00195515
v -0.00406298 -0.01675000 -0.00193571
v -0.00430603 -0.01675000 -0.00263177
v -0.00428618 -0.01675000 -0.00262273
v -0.00023797 -0.01675000 -0.01676882
v -0.00407372 -0.01675000 -0.00191672
v -0.00408528 -0.01675000 -0.00189822
v -0.00409764 -0.01675000 -0.00188025
v -0.00411077 -0.01675000 -0.00186282
v -0.00412464 -0.01675000 -0.00184599
v -0.00328450 -0.01675000 0.00098840
v -0.00413924 -0.01675000 -0.00182978
v -0.00415453 -0.01675000 -0.00181422
v -0.00417049 -0.01675000 -0.00179934
v -0.00418708 -0.01675000 -0.00178518
v 0.00470080 -0.01675000 0.00171300
v 0.00472065 -0.01675000 0.00172204
v 0.00278363 -0.01675000 0.00200407
v 0.00269356 -0.01675000 0.00212359
v 0.00417702 -0.01675000 0.00255115
v -0.00312739 -0.01675000 0.00140865
v -0.00450998 -0.01675000 -0.00167243
v -0.00453178 -0.01675000 -0.00167319
v 0.00496280 -0.01675000 0.00236977
v 0.00495376 -0.01675000 0.00238962
v 0.00494385 -0.01675000 0.00240906
v -0.00455353 -0.01675000 -0.00167490
v -0.00457518 -0.01675000 -0.00167756
v -0.00459670 -0.01675000 -0.00168116
v 0.00441014 -0.01675000 0.00266361
v 0.00239333 -0.01675000 0.00245700
v 0.00443165 -0.01675000 0.00266721
v 0.00445330 -0.01675000 0.00266987
v 0.00434682 -0.01675000 0.00264723
v 0.00432625 -0.01675000 0.00263995
v 0.00430603 -0.01675000 0.00263177
v 0.00428618 -0.01675000 0.00262273
v 0.00422925 -0.01675000 0.00259052
v 0.00421128 -0.01675000 0.00257816
v 0.00419385 -0.01675000 0.00256503
v -0.00424032 -0.01675000 -0.00174720
v -0.00425912 -0.01675000 -0.00173613
v -0.00427838 -0.01675000 -0.00172589
v 0.00493311 -0.01675000 0.00242805
v 0.00492155 -0.01675000 0.00244655
v 0.00490919 -0.01675000 0.00246452
v -0.00482981 -0.01675000 -0.00179361
v -0.00892751 -0.01675000 0.00124484
v -0.00481298 -0.01675000 -0.00177974
v -0.00479555 -0.01675000 -0.00176661
v 0.00438880 -0.01675000 0.00265907
v 0.00436768 -0.01675000 0.00265361
v 0.00259837 -0.01675000 0.00223906
v 0.00249823 -0.01675000 0.00235027
v -0.00442306 -0.01675000 -0.00167888
v -0.00318586 -0.01675000 0.00127090
v -0.00440161 -0.01675000 -0.00168286
v -0.00438036 -0.01675000 -0.00168777
v 0.00489606 -0.01675000 0.00248195
v 0.00488219 -0.01675000 0.00249878
v 0.00486759 -0.01675000 0.00251499
v 0.00485230 -0.01675000 0.00253055
v 0.00483634 -0.01675000 0.00254543
v 0.00481976 -0.01675000 0.00255959
v -0.00474009 -0.01675000 -0.00173195
v -0.00475908 -0.01675000 -0.00174269
v -0.00477758 -0.01675000 -0.00175425
v -0.00495930 -0.01675000 -0.00196704
v -0.00496783 -0.01675000 -0.00198712
v -0.00422925 -0.01675000 -0.00259052
v -0.00421127 -0.01675000 -0.00257816
v -0.00419385 -0.01675000 -0.00256503
v 0.00477758 -0.01675000 0.00175425
v 0.00479555 -0.01675000 0.00176661
v 0.00481297 -0.01675000 0.00177974
v 0.00482981 -0.01675000 0.00179361
v 0.00426674 -0.01675000 0.00261282
v 0.00424775 -0.01675000 0.00260208
v -0.00420427 -0.01675000 -0.00177175
v -0.00422203 -0.01675000 -0.00175908
v 0.00464750 -0.01675000 0.00265118
v 0.00462647 -0.01675000 0.00265700
v -0.00436768 -0.01675000 -0.00265361
v -0.00438880 -0.01675000 -0.00265907
v -0.00441014 -0.01675000 -0.00266361
v -0.00434682 -0.01675000 -0.00264723
v -0.00432625 -0.01675000 -0.00263995
v 0.00328450 -0.01675000 -0.00098840
v 0.00332449 -0.01675000 -0.00084419
v 0.00418707 -0.01675000 0.00178518
v -0.00444466 -0.01675000 -0.00167585
v -0.00446638 -0.01675000 -0.00167376
v -0.00448816 -0.01675000 -0.00167262
v 0.00476651 -0.01675000 0.00259757
v 0.00474771 -0.01675000 0.00260864
v 0.00472845 -0.01675000 0.00261888
v 0.00470876 -0.01675000 0.00262827
v -0.00468058 -0.01675000 -0.00170482
v -0.00470080 -0.01675000 -0.00171300
v -0.00472065 -0.01675000 -0.00172204
v -0.00426674 -0.01675000 -0.00261282
v -0.00424775 -0.01675000 -0.00260208
v 0.00410278 -0.01675000 0.00247153
v 0.00409011 -0.01675000 0.00245377
v 0.00308934 -0.01675000 0.00149026
v 0.00463915 -0.01675000 0.00169116
v 0.00461803 -0.01675000 0.00168570
v 0.00459669 -0.01675000 0.00168116
v 0.00466001 -0.01675000 0.00169754
v 0.00468058 -0.01675000 0.00170482
v 0.00474009 -0.01675000 0.00173195
v 0.00475908 -0.01675000 0.00174269
v 0.00499464 -0.01675000 0.00226566
v 0.00499010 -0.01675000 0.00228700
v 0.00286840 -0.01675000 0.00188075
v 0.00416081 -0.01675000 0.00253656
v 0.00294770 -0.01675000 0.00175384
v 0.00414525 -0.01675000 0.00252127
v 0.00302140 -0.01675000 0.00162359
v -0.00429807 -0.01675000 -0.00171650
v -0.00431815 -0.01675000 -0.00170797
v -0.00323827 -0.01675000 0.00113073
v -0.00433859 -0.01675000 -0.00170033
v -0.00435933 -0.01675000 -0.00169359
v 0.00154373 -0.01675000 0.00306297
v 0.00140866 -0.01675000 0.00312739
v 0.00127090 -0.01675000 0.00318586
v 0.00113073 -0.01675000 0.00323827
v -0.00487646 -0.01675000 -0.00183946
v -0.00489062 -0.01675000 -0.00185605
v -0.00497547 -0.01675000 -0.00200756
v -0.00498221 -0.01675000 -0.00202830
v -0.00498803 -0.01675000 -0.00204933
v -0.00499294 -0.01675000 -0.00207058
v -0.00499692 -0.01675000 -0.00209203
v -0.00499995 -0.01675000 -0.00211363
v -0.00468868 -0.01675000 -0.00263680
v -0.00466824 -0.01675000 -0.00264444
v 0.00411621 -0.01675000 0.00248872
v -0.00294770 -0.01675000 -0.00175384
v -0.00286839 -0.01675000 -0.00188075
v -0.00401219 -0.01675000 -0.00207910
v 0.00498464 -0.01675000 0.00230812
v 0.00497826 -0.01675000 0.00232898
v 0.00497098 -0.01675000 0.00234955
v 0.00480256 -0.01675000 0.00257302
v 0.00478480 -0.01675000 0.00258569
v 0.00468868 -0.01675000 0.00263680
v 0.00466824 -0.01675000 0.00264443
v 0.00460522 -0.01675000 0.00266191
v 0.00458377 -0.01675000 0.00266589
v 0.00456217 -0.01675000 0.00266892
v -0.00107427 -0.01675000 0.00325743
v -0.00121533 -0.01675000 0.00320747
v -0.00484602 -0.01675000 -0.00180821
v -0.00486158 -0.01675000 -0.00182350
v -0.00490405 -0.01675000 -0.00187324
v -0.00491672 -0.01675000 -0.00189100
v -0.00492860 -0.01675000 -0.00190929
v -0.00493967 -0.01675000 -0.00192809
v -0.00494991 -0.01675000 -0.00194735
v -0.00500204 -0.01675000 -0.00213535
v -0.00500318 -0.01675000 -0.00215713
v -0.00500337 -0.01675000 -0.00217895
v -0.00500261 -0.01675000 -0.00220075
v -0.00500090 -0.01675000 -0.00222250
v -0.00499824 -0.01675000 -0.00224415
v 0.00405692 -0.01675000 0.00239742
v 0.00404753 -0.01675000 0.00237773
v 0.00403900 -0.01675000 0.00235765
v 0.00403136 -0.01675000 0.00233721
v 0.00402462 -0.01675000 0.00231647
v 0.00401880 -0.01675000 0.00229544
v 0.00401389 -0.01675000 0.00227419
v 0.00484602 -0.01675000 0.00180821
v 0.00486158 -0.01675000 0.00182350
v 0.00487645 -0.01675000 0.00183946
v -0.00200407 -0.01675000 0.00278363
v -0.00188075 -0.01675000 0.00286840
v -0.00175384 -0.01675000 0.00294770
v -0.00499464 -0.01675000 -0.00226567
v -0.00499010 -0.01675000 -0.00228700
v -0.00498464 -0.01675000 -0.00230812
v -0.00497826 -0.01675000 -0.00232898
v -0.00497098 -0.01675000 -0.00234955
v -0.00496280 -0.01675000 -0.00236977
v -0.00495376 -0.01675000 -0.00238962
v -0.00494385 -0.01675000 -0.00240906
v -0.00493311 -0.01675000 -0.00242805
v -0.00492155 -0.01675000 -0.00244655
v -0.00488219 -0.01675000 -0.00249878
v -0.00486759 -0.01675000 -0.00251499
v -0.00485230 -0.01675000 -0.00253055
v -0.00483634 -0.01675000 -0.00254543
v -0.00481975 -0.01675000 -0.00255959
v -0.00480256 -0.01675000 -0.00257302
v -0.00478480 -0.01675000 -0.00258569
v -0.00476651 -0.01675000 -0.00259757
v -0.00474771 -0.01675000 -0.00260864
v -0.00472845 -0.01675000 -0.00261888
v -0.00470876 -0.01675000 -0.00262827
v -0.00464750 -0.01675000 -0.00265118
v -0.00462648 -0.01675000 -0.00265700
v -0.00460522 -0.01675000 -0.00266191
v -0.00458377 -0.01675000 -0.00266589
v -0.00456217 -0.01675000 -0.00266892
v -0.00454045 -0.01675000 -0.00267101
v -0.00451867 -0.01675000 -0.00267215
v -0.00449685 -0.01675000 -0.00267234
v -0.00447505 -0.01675000 -0.00267158
v -0.00445330 -0.01675000 -0.00266987
v -0.00443165 -0.01675000 -0.00266721
v 0.00413037 -0.01675000 0.00250531
v 0.00407823 -0.01675000 0.00243548
v 0.00406716 -0.01675000 0.00241668
v 0.00400365 -0.01675000 0.00218764
v 0.00400346 -0.01675000 0.00216582
v 0.00335815 -0.01675000 -0.00069837
v 0.00400422 -0.01675000 0.00214402
v 0.00400593 -0.01675000 0.00212227
v 0.00400859 -0.01675000 0.00210062
v 0.00412464 -0.01675000 0.00184599
v 0.00413924 -0.01675000 0.00182978
v 0.00489062 -0.01675000 0.00185604
v 0.00490405 -0.01675000 0.00187324
v 0.00491672 -0.01675000 0.00189100
v 0.00494991 -0.01675000 0.00194735
v 0.00495930 -0.01675000 0.00196704
v 0.00496783 -0.01675000 0.00198712
v 0.00497547 -0.01675000 0.00200756
v 0.00500261 -0.01675000 0.00220075
v 0.00500090 -0.01675000 0.00222250
v 0.00499824 -0.01675000 0.00224415
v 0.00454045 -0.01675000 0.00267101
v 0.00451867 -0.01675000 0.00267215
v 0.00449685 -0.01675000 0.00267234
v 0.00228388 -0.01675000 0.00255906
v 0.00217009 -0.01675000 0.00265624
v 0.00205216 -0.01675000 0.00274837
v 0.00193032 -0.01675000 0.00283527
v 0.00180481 -0.01675000 0.00291677
v 0.00167587 -0.01675000 0.00299272
v -0.00135408 -0.01675000 0.00315141
v -0.00149026 -0.01675000 0.00308934
v -0.00162359 -0.01675000 0.00302140
v 0.00400479 -0.01675000 0.00220942
v 0.00339449 -0.01675000 0.00049230
v 0.00336978 -0.01675000 0.00063990
v 0.00401219 -0.01675000 0.00207911
v 0.00401673 -0.01675000 0.00205777
v 0.00402219 -0.01675000 0.00203665
v 0.00402857 -0.01675000 0.00201579
v 0.00403585 -0.01675000 0.00199522
v 0.00404402 -0.01675000 0.00197500
v 0.00405307 -0.01675000 0.00195515
v 0.00406298 -0.01675000 0.00193571
v 0.00407372 -0.01675000 0.00191672
v 0.00408528 -0.01675000 0.00189822
v 0.00415453 -0.01675000 0.00181422
v 0.00417049 -0.01675000 0.00179934
v -0.00335815 -0.01675000 0.00069837
v -0.00338542 -0.01675000 0.00055123
v -0.00340624 -0.01675000 0.00040303
v 0.00498221 -0.01675000 0.00202830
v 0.00498804 -0.01675000 0.00204933
v 0.00499294 -0.01675000 0.00207058
v 0.00447505 -0.01675000 0.00267158
v 0.00098840 -0.01675000 0.00328450
v 0.00084419 -0.01675000 0.00332449
v 0.00069837 -0.01675000 0.00335815
v -0.00063989 -0.01675000 0.00336978
v -0.00078627 -0.01675000 0.00333866
v -0.00093116 -0.01675000 0.00330119
v -0.00212359 -0.01675000 0.00269356
v -0.00223906 -0.01675000 0.00259837
v -0.00235027 -0.01675000 0.00249823
v -0.00245700 -0.01675000 0.00239334
v -0.00255906 -0.01675000 0.00228388
v -0.00265624 -0.01675000 0.00217009
v -0.00490919 -0.01675000 -0.00246452
v -0.00489606 -0.01675000 -0.00248195
v 0.00333866 -0.01675000 0.00078627
v 0.00330119 -0.01675000 0.00093116
v 0.00325743 -0.01675000 0.00107427
v 0.00320747 -0.01675000 0.00121533
v 0.00315141 -0.01675000 0.00135408
v 0.00400688 -0.01675000 0.00223114
v 0.00400991 -0.01675000 0.00225274
v 0.00429807 -0.01675000 0.00171650
v 0.00323827 -0.01675000 -0.00113072
v 0.00427838 -0.01675000 0.00172589
v 0.00425912 -0.01675000 0.00173613
v -0.00410278 -0.01675000 -0.00247153
v -0.00084419 -0.01675000 -0.00332449
v -0.00411621 -0.01675000 -0.00248872
v -0.00413037 -0.01675000 -0.00250531
v 0.00440161 -0.01675000 0.00168286
v 0.00442306 -0.01675000 0.00167888
v 0.00448816 -0.01675000 0.00167262
v 0.00450998 -0.01675000 0.00167243
v 0.00453178 -0.01675000 0.00167319
v 0.00455353 -0.01675000 0.00167490
v 0.00457518 -0.01675000 0.00167756
v -0.00342058 -0.01675000 0.00025407
v -0.00342841 -0.01675000 0.00010463
v -0.00342970 -0.01675000 -0.00004502
v 0.00492860 -0.01675000 0.00190929
v 0.00493967 -0.01675000 0.00192809
v 0.00499692 -0.01675000 0.00209203
v 0.00499995 -0.01675000 0.00211363
v 0.00500204 -0.01675000 0.00213535
v -0.00274837 -0.01675000 0.00205216
v -0.00283527 -0.01675000 0.00193032
v -0.00291677 -0.01675000 0.00180481
v -0.00299272 -0.01675000 0.00167587
v -0.00306297 -0.01675000 0.00154373
v 0.00340624 -0.01675000 -0.00040303
v 0.00342058 -0.01675000 -0.00025407
v 0.00342840 -0.01675000 -0.00010463
v 0.00342970 -0.01675000 0.00004502
v 0.00342448 -0.01675000 0.00019458
v 0.00341273 -0.01675000 0.00034377
v 0.00409764 -0.01675000 0.00188025
v 0.00411077 -0.01675000 0.00186282
v 0.00420427 -0.01675000 0.00177175
v 0.00422203 -0.01675000 0.00175908
v 0.00424032 -0.01675000 0.00174720
v 0.00291677 -0.01675000 -0.00180481
v 0.00299272 -0.01675000 -0.00167587
v 0.00444466 -0.01675000 0.00167585
v 0.00446638 -0.01675000 0.00167376
v -0.00342448 -0.01675000 -0.00019458
v -0.00341273 -0.01675000 -0.00034376
v -0.00339449 -0.01675000 -0.00049230
v -0.00302140 -0.01675000 -0.00162359
v -0.00403585 -0.01675000 -0.00199522
v -0.00308934 -0.01675000 -0.00149026
v -0.00404403 -0.01675000 -0.00197500
v -0.00315141 -0.01675000 -0.00135408
v 0.00500318 -0.01675000 0.00215713
v 0.00500337 -0.01675000 0.00217895
v 0.00055123 -0.01675000 0.00338542
v 0.00040303 -0.01675000 0.00340624
v 0.00025407 -0.01675000 0.00342058
v 0.00010463 -0.01675000 0.00342840
v -0.00004502 -0.01675000 0.00342970
v -0.00019458 -0.01675000 0.00342448
v -0.00034376 -0.01675000 0.00341273
v -0.00049230 -0.01675000 0.00339449
v -0.00461803 -0.01675000 -0.00168570
v -0.00463915 -0.01675000 -0.00169116
v -0.00466001 -0.01675000 -0.00169754
v 0.00338542 -0.01675000 -0.00055123
v -0.00405692 -0.01675000 -0.00239742
v -0.00404753 -0.01675000 -0.00237773
v -0.00098840 -0.01675000 -0.00328450
v -0.00403900 -0.01675000 -0.00235765
v -0.00113073 -0.01675000 -0.00323826
v -0.00401673 -0.01675000 -0.00205777
v -0.00402219 -0.01675000 -0.00203665
v -0.00402857 -0.01675000 -0.00201579
v -0.00336978 -0.01675000 -0.00063990
v -0.00333866 -0.01675000 -0.00078627
v -0.00330119 -0.01675000 -0.00093116
v -0.00325743 -0.01675000 -0.00107427
v -0.00320747 -0.01675000 -0.00121533
v -0.00069837 -0.01675000 -0.00335815
v 0.00265624 -0.01675000 -0.00217009
v 0.00274837 -0.01675000 -0.00205216
v 0.00283527 -0.01675000 -0.00193032
v 0.00306297 -0.01675000 -0.00154373
v 0.00312739 -0.01675000 -0.00140866
v 0.00318586 -0.01675000 -0.00127090
v -0.00401880 -0.01675000 -0.00229544
v -0.00193032 -0.01675000 -0.00283527
v -0.00402462 -0.01675000 -0.00231647
v -0.00180481 -0.01675000 -0.00291677
v -0.00259837 -0.01675000 -0.00223906
v -0.00249823 -0.01675000 -0.00235027
v -0.00400688 -0.01675000 -0.00223114
v -0.00400991 -0.01675000 -0.00225274
v -0.00269356 -0.01675000 -0.00212359
v -0.00400422 -0.01675000 -0.00214402
v -0.00278363 -0.01675000 -0.00200407
v -0.00400593 -0.01675000 -0.00212227
v -0.00400859 -0.01675000 -0.00210062
v -0.00055123 -0.01675000 -0.00338542
v -0.00040303 -0.01675000 -0.00340624
v -0.00025407 -0.01675000 -0.00342058
v 0.00019458 -0.01675000 -0.00342448
v 0.00034377 -0.01675000 -0.00341273
v 0.00049230 -0.01675000 -0.00339449
v 0.00063990 -0.01675000 -0.00336978
v 0.00107427 -0.01675000 -0.00325743
v 0.00121533 -0.01675000 -0.00320747
v 0.00135408 -0.01675000 -0.00315141
v 0.00200407 -0.01675000 -0.00278363
v 0.00188075 -0.01675000 -0.00286839
v 0.00175384 -0.01675000 -0.00294770
v 0.00212359 -0.01675000 -0.00269356
v 0.00223906 -0.01675000 -0.00259837
v 0.00235027 -0.01675000 -0.00249823
v 0.00245700 -0.01675000 -0.00239333
v 0.00255906 -0.01675000 -0.00228388
v 0.00431815 -0.01675000 0.00170797
v 0.00433859 -0.01675000 0.00170033
v 0.00435933 -0.01675000 0.00169359
v 0.00438035 -0.01675000 0.00168777
v -0.00409011 -0.01675000 -0.00245377
v -0.00407823 -0.01675000 -0.00243548
v -0.00406716 -0.01675000 -0.00241668
v -0.00167587 -0.01675000 -0.00299272
v -0.00154373 -0.01675000 -0.00306297
v -0.00403136 -0.01675000 -0.00233721
v -0.00140866 -0.01675000 -0.00312739
v -0.00127090 -0.01675000 -0.00318586
v -0.00239333 -0.01675000 -0.00245700
v -0.00228388 -0.01675000 -0.00255906
v -0.00401389 -0.01675000 -0.00227419
v -0.00217009 -0.01675000 -0.00265624
v -0.00205216 -0.01675000 -0.00274837
v -0.00417702 -0.01675000 -0.00255116
v -0.00416081 -0.01675000 -0.00253656
v -0.00414525 -0.01675000 -0.00252127
v 0.00078627 -0.01675000 -0.00333866
v 0.00093116 -0.01675000 -0.00330119
v -0.00010463 -0.01675000 -0.00342840
v 0.00004502 -0.01675000 -0.00342970
v 0.00149026 -0.01675000 -0.00308934
v 0.00162359 -0.01675000 -0.00302140
v -0.00400479 -0.01675000 -0.00220942
v -0.00400365 -0.01675000 -0.00218764
v -0.00400346 -0.01675000 -0.00216582
v 0.01780504 -0.00802010 -0.02298033
v -0.00023797 -0.01975000 -0.01676882
v -0.00892751 -0.01975000 0.00124484
v 0.02294197 -0.00015000 -0.03950369
v 0.04116913 -0.00015000 -0.07728909
v 0.04116913 -0.00714584 -0.07728909
v 0.02294197 -0.00714584 -0.03950369
v 0.02154526 -0.00714584 -0.03501106
v -0.00405307 -0.01975000 -0.00195515
v -0.00404403 -0.01975000 -0.00197500
v -0.00403585 -0.01975000 -0.00199522
v -0.00402857 -0.01975000 -0.00201579
v -0.00402219 -0.01975000 -0.00203665
v -0.00401673 -0.01975000 -0.00205777
v -0.00401219 -0.01975000 -0.00207910
v -0.00400859 -0.01975000 -0.00210062
v -0.00400593 -0.01975000 -0.00212227
v -0.00400422 -0.01975000 -0.00214402
v -0.00400346 -0.01975000 -0.00216582
v -0.00400365 -0.01975000 -0.00218764
v -0.00400479 -0.01975000 -0.00220942
v -0.00400688 -0.01975000 -0.00223114
v -0.00400991 -0.01975000 -0.00225274
v -0.00401389 -0.01975000 -0.00227419
v -0.00401880 -0.01975000 -0.00229544
v -0.00402462 -0.01975000 -0.00231647
v -0.00403136 -0.01975000 -0.00233721
v -0.00403900 -0.01975000 -0.00235765
v -0.00404753 -0.01975000 -0.00237773
v -0.00405692 -0.01975000 -0.00239742
v -0.00406716 -0.01975000 -0.00241668
v -0.00407823 -0.01975000 -0.00243548
v -0.00409011 -0.01975000 -0.00245377
v -0.00410278 -0.01975000 -0.00247153
v -0.00411621 -0.01975000 -0.00248872
v -0.00413037 -0.01975000 -0.00250531
v -0.00414525 -0.01975000 -0.00252127
v -0.00416081 -0.01975000 -0.00253656
v -0.00417702 -0.01975000 -0.00255116
v -0.00419385 -0.01975000 -0.00256503
v -0.00421127 -0.01975000 -0.00257816
v -0.00422925 -0.01975000 -0.00259052
v -0.00424775 -0.01975000 -0.00260208
v -0.00426674 -0.01975000 -0.00261282
v -0.00428618 -0.01975000 -0.00262273
v -0.00430603 -0.01975000 -0.00263177
v -0.00432625 -0.01975000 -0.00263995
v -0.00434682 -0.01975000 -0.00264723
v -0.00436768 -0.01975000 -0.00265361
v -0.00438880 -0.01975000 -0.00265907
v -0.00441014 -0.01975000 -0.00266361
v -0.00443165 -0.01975000 -0.00266721
v -0.00445330 -0.01975000 -0.00266987
v -0.00447505 -0.01975000 -0.00267158
v -0.00449685 -0.01975000 -0.00267234
v -0.00451867 -0.01975000 -0.00267215
v -0.00454045 -0.01975000 -0.00267101
v -0.00456217 -0.01975000 -0.00266892
v -0.00458377 -0.01975000 -0.00266589
v -0.00460522 -0.01975000 -0.00266191
v -0.00462648 -0.01975000 -0.00265700
v -0.00464750 -0.01975000 -0.00265118
v -0.00466824 -0.01975000 -0.00264444
v -0.00468868 -0.01975000 -0.00263680
v -0.00470876 -0.01975000 -0.00262827
v -0.00472845 -0.01975000 -0.00261888
v -0.00474771 -0.01975000 -0.00260864
v -0.00476651 -0.01975000 -0.00259757
v -0.00478480 -0.01975000 -0.00258569
v -0.00480256 -0.01975000 -0.00257302
v -0.00481975 -0.01975000 -0.00255959
v -0.00483634 -0.01975000 -0.00254543
v -0.00485230 -0.01975000 -0.00253055
v -0.00486759 -0.01975000 -0.00251499
v -0.00488219 -0.01975000 -0.00249878
v -0.00489606 -0.01975000 -0.00248195
v -0.00490919 -0.01975000 -0.00246452
v -0.00492155 -0.01975000 -0.00244655
v -0.00493311 -0.01975000 -0.00242805
v -0.00494385 -0.01975000 -0.00240906
v -0.00495376 -0.01975000 -0.00238962
v -0.00496280 -0.01975000 -0.00236977
v -0.00497098 -0.01975000 -0.00234955
v -0.00497826 -0.01975000 -0.00232898
v -0.00498464 -0.01975000 -0.00230812
v -0.00499010 -0.01975000 -0.00228700
v -0.00499464 -0.01975000 -0.00226567
v -0.00499824 -0.01975000 -0.00224415
v -0.00500090 -0.01975000 -0.00222250
v -0.00500261 -0.01975000 -0.00220075
v -0.00500337 -0.01975000 -0.00217895
v -0.00500318 -0.01975000 -0.00215713
v -0.00500204 -0.01975000 -0.00213535
v -0.00499995 -0.01975000 -0.00211363
v -0.00499692 -0.01975000 -0.00209203
v -0.00499294 -0.01975000 -0.00207058
v -0.00498803 -0.01975000 -0.00204933
v -0.00498221 -0.01975000 -0.00202830
v -0.00497547 -0.01975000 -0.00200756
v -0.00496783 -0.01975000 -0.00198712
v -0.00495930 -0.01975000 -0.00196704
v -0.00494991 -0.01975000 -0.00194735
v -0.00493967 -0.01975000 -0.00192809
v -0.00492860 -0.01975000 -0.00190929
v -0.00491672 -0.01975000 -0.00189100
v -0.00490405 -0.01975000 -0.00187324
v -0.00489062 -0.01975000 -0.00185605
v -0.00487646 -0.01975000 -0.00183946
v -0.00486158 -0.01975000 -0.00182350
v -0.00484602 -0.01975000 -0.00180821
v -0.00482981 -0.01975000 -0.00179361
v -0.00481298 -0.01975000 -0.00177974
v -0.00479555 -0.01975000 -0.00176661
v -0.00477758 -0.01975000 -0.00175425
v -0.00475908 -0.01975000 -0.00174269
v -0.00474009 -0.01975000 -0.00173195
v -0.00472065 -0.01975000 -0.00172204
v -0.00470080 -0.01975000 -0.00171300
v -0.00468058 -0.01975000 -0.00170482
v -0.00466001 -0.01975000 -0.00169754
v -0.00463915 -0.01975000 -0.00169116
v -0.00461803 -0.01975000 -0.00168570
v -0.00459670 -0.01975000 -0.00168116
v -0.00457518 -0.01975000 -0.00167756
v -0.00455353 -0.01975000 -0.00167490
v -0.00453178 -0.01975000 -0.00167319
v -0.00450998 -0.01975000 -0.00167243
v -0.00448816 -0.01975000 -0.00167262
v -0.00446638 -0.01975000 -0.00167376
v -0.00444466 -0.01975000 -0.00167585
v -0.00442306 -0.01975000 -0.00167888
v -0.00440161 -0.01975000 -0.00168286
v -0.00438036 -0.01975000 -0.00168777
v -0.00435933 -0.01975000 -0.00169359
v -0.00433859 -0.01975000 -0.00170033
v -0.00431815 -0.01975000 -0.00170797
v -0.00429807 -0.01975000 -0.00171650
v -0.00427838 -0.01975000 -0.00172589
v -0.00425912 -0.01975000 -0.00173613
v -0.00424032 -0.01975000 -0.00174720
v -0.00422203 -0.01975000 -0.00175908
v -0.00420427 -0.01975000 -0.00177175
v -0.00418708 -0.01975000 -0.00178518
v -0.00417049 -0.01975000 -0.00179934
v -0.00415453 -0.01975000 -0.00181422
v -0.00413924 -0.01975000 -0.00182978
v -0.00412464 -0.01975000 -0.00184599
v -0.00411077 -0.01975000 -0.00186282
v -0.00409764 -0.01975000 -0.00188025
v -0.00408528 -0.01975000 -0.00189822
v -0.00407372 -0.01975000 -0.00191672
v -0.00406298 -0.01975000 -0.00193571
v 0.00495376 -0.01975000 0.00238962
v 0.00496280 -0.01975000 0.00236977
v 0.00497098 -0.01975000 0.00234955
v 0.00497826 -0.01975000 0.00232898
v 0.00498464 -0.01975000 0.00230812
v 0.00499010 -0.01975000 0.00228700
v 0.00499464 -0.01975000 0.00226566
v 0.00499824 -0.01975000 0.00224415
v 0.00500090 -0.01975000 0.00222250
v 0.00500261 -0.01975000 0.00220075
v 0.00500337 -0.01975000 0.00217895
v 0.00500318 -0.01975000 0.00215713
v 0.00500204 -0.01975000 0.00213535
v 0.00499995 -0.01975000 0.00211363
v 0.00499692 -0.01975000 0.00209203
v 0.00499294 -0.01975000 0.00207058
v 0.00498804 -0.01975000 0.00204933
v 0.00498221 -0.01975000 0.00202830
v 0.00497547 -0.01975000 0.00200756
v 0.00496783 -0.01975000 0.00198712
v 0.00495930 -0.01975000 0.00196704
v 0.00494991 -0.01975000 0.00194735
v 0.00493967 -0.01975000 0.00192809
v 0.00492860 -0.01975000 0.00190929
v 0.00491672 -0.01975000 0.00189100
v 0.00490405 -0.01975000 0.00187324
v 0.00489062 -0.01975000 0.00185604
v 0.00487645 -0.01975000 0.00183946
v 0.00486158 -0.01975000 0.00182350
v 0.00484602 -0.01975000 0.00180821
v 0.00482981 -0.01975000 0.00179361
v 0.00481297 -0.01975000 0.00177974
v 0.00479555 -0.01975000 0.00176661
v 0.00477758 -0.01975000 0.00175425
v 0.00475908 -0.01975000 0.00174269
v 0.00474009 -0.01975000 0.00173195
v 0.00472065 -0.01975000 0.00172204
v 0.00470080 -0.01975000 0.00171300
v 0.00468058 -0.01975000 0.00170482
v 0.00466001 -0.01975000 0.00169754
v 0.00463915 -0.01975000 0.00169116
v 0.00461803 -0.01975000 0.00168570
v 0.00459669 -0.01975000 0.00168116
v 0.00457518 -0.01975000 0.00167756
v 0.00455353 -0.01975000 0.00167490
v 0.00453178 -0.01975000 0.00167319
v 0.00450998 -0.01975000 0.00167243
v 0.00448816 -0.01975000 0.00167262
v 0.00446638 -0.01975000 0.00167376
v 0.00444466 -0.01975000 0.00167585
v 0.00442306 -0.01975000 0.00167888
v 0.00440161 -0.01975000 0.00168286
v 0.00438035 -0.01975000 0.00168777
v 0.00435933 -0.01975000 0.00169359
v 0.00433859 -0.01975000 0.00170033
v 0.00431815 -0.01975000 0.00170797
v 0.00429807 -0.01975000 0.00171650
v 0.00427838 -0.01975000 0.00172589
v 0.00425912 -0.01975000 0.00173613
v 0.00424032 -0.01975000 0.00174720
v 0.00422203 -0.01975000 0.00175908
v 0.00420427 -0.01975000 0.00177175
v 0.00418707 -0.01975000 0.00178518
v 0.00417049 -0.01975000 0.00179934
v 0.00415453 -0.01975000 0.00181422
v 0.00413924 -0.01975000 0.00182978
v 0.00412464 -0.01975000 0.00184599
v 0.00411077 -0.01975000 0.00186282
v 0.00409764 -0.01975000 0.00188025
v 0.00408528 -0.01975000 0.00189822
v 0.00407372 -0.01975000 0.00191672
v 0.00406298 -0.01975000 0.00193571
v 0.00405307 -0.01975000 0.00195515
v 0.00404402 -0.01975000 0.00197500
v 0.00403585 -0.01975000 0.00199522
v 0.00402857 -0.01975000 0.00201579
v 0.00402219 -0.01975000 0.00203665
v 0.00401673 -0.01975000 0.00205777
v 0.00401219 -0.01975000 0.00207911
v 0.00400859 -0.01975000 0.00210062
v 0.00400593 -0.01975000 0.00212227
v 0.00400422 -0.01975000 0.00214402
v 0.00400346 -0.01975000 0.00216582
v 0.00400365 -0.01975000 0.00218764
v 0.00400479 -0.01975000 0.00220942
v 0.00400688 -0.01975000 0.00223114
v 0.00400991 -0.01975000 0.00225274
v 0.00401389 -0.01975000 0.00227419
v 0.00401880 -0.01975000 0.00229544
v 0.00402462 -0.01975000 0.00231647
v 0.00403136 -0.01975000 0.00233721
v 0.00403900 -0.01975000 0.00235765
v 0.00404753 -0.01975000 0.00237773
v 0.00405692 -0.01975000 0.00239742
v 0.00406716 -0.01975000 0.00241668
v 0.00407823 -0.01975000 0.00243548
v 0.00409011 -0.01975000 0.00245377
v 0.00410278 -0.01975000 0.00247153
v 0.00411621 -0.01975000 0.00248872
v 0.00413037 -0.01975000 0.00250531
v 0.00414525 -0.01975000 0.00252127
v 0.00416081 -0.01975000 0.00253656
v 0.00417702 -0.01975000 0.00255115
v 0.00419385 -0.01975000 0.00256503
v 0.00421128 -0.01975000 0.00257816
v 0.00422925 -0.01975000 0.00259052
v 0.00424775 -0.01975000 0.00260208
v 0.00426674 -0.01975000 0.00261282
v 0.00428618 -0.01975000 0.00262273
v 0.00430603 -0.01975000 0.00263177
v 0.00432625 -0.01975000 0.00263995
v 0.00434682 -0.01975000 0.00264723
v 0.00436768 -0.01975000 0.00265361
v 0.00438880 -0.01975000 0.00265907
v 0.00441014 -0.01975000 0.00266361
v 0.00443165 -0.01975000 0.00266721
v 0.00445330 -0.01975000 0.00266987
v 0.00447505 -0.01975000 0.00267158
v 0.00449685 -0.01975000 0.00267234
v 0.00451867 -0.01975000 0.00267215
v 0.00454045 -0.01975000 0.00267101
v 0.00456217 -0.01975000 0.00266892
v 0.00458377 -0.01975000 0.00266589
v 0.00460522 -0.01975000 0.00266191
v 0.00462647 -0.01975000 0.00265700
v 0.00464750 -0.01975000 0.00265118
v 0.00466824 -0.01975000 0.00264443
v 0.00468868 -0.01975000 0.00263680
v 0.00470876 -0.01975000 0.00262827
v 0.00472845 -0.01975000 0.00261888
v 0.00474771 -0.01975000 0.00260864
v 0.00476651 -0.01975000 0.00259757
v 0.00478480 -0.01975000 0.00258569
v 0.00480256 -0.01975000 0.00257302
v 0.00481976 -0.01975000 0.00255959
v 0.00483634 -0.01975000 0.00254543
v 0.00485230 -0.01975000 0.00253055
v 0.00486759 -0.01975000 0.00251499
v 0.00488219 -0.01975000 0.00249878
v 0.00489606 -0.01975000 0.00248195
v 0.00490919 -0.01975000 0.00246452
v 0.00492155 -0.01975000 0.00244655
v 0.00493311 -0.01975000 0.00242805
v 0.00494385 -0.01975000 0.00240906
v 0.00308934 -0.01975000 0.00149026
v 0.00315141 -0.01975000 0.00135408
v 0.00320747 -0.01975000 0.00121533
v 0.00325743 -0.01975000 0.00107427
v 0.00330119 -0.01975000 0.00093116
v 0.00333866 -0.01975000 0.00078627
v 0.00336978 -0.01975000 0.00063990
v 0.00339449 -0.01975000 0.00049230
v 0.00341273 -0.01975000 0.00034377
v 0.00342448 -0.01975000 0.00019458
v 0.00342970 -0.01975000 0.00004502
v 0.00342840 -0.01975000 -0.00010463
v 0.00342058 -0.01975000 -0.00025407
v 0.00340624 -0.01975000 -0.00040303
v 0.00338542 -0.01975000 -0.00055123
v 0.00335815 -0.01975000 -0.00069837
v 0.00332449 -0.01975000 -0.00084419
v 0.00328450 -0.01975000 -0.00098840
v 0.00323827 -0.01975000 -0.00113072
v 0.00318586 -0.01975000 -0.00127090
v 0.00312739 -0.01975000 -0.00140866
v 0.00306297 -0.01975000 -0.00154373
v 0.00299272 -0.01975000 -0.00167587
v 0.00291677 -0.01975000 -0.00180481
v 0.00283527 -0.01975000 -0.00193032
v 0.00274837 -0.01975000 -0.00205216
v 0.00265624 -0.01975000 -0.00217009
v 0.00255906 -0.01975000 -0.00228388
v 0.00245700 -0.01975000 -0.00239333
v 0.00235027 -0.01975000 -0.00249823
v 0.00223906 -0.01975000 -0.00259837
v 0.00212359 -0.01975000 -0.00269356
v 0.00200407 -0.01975000 -0.00278363
v 0.00188075 -0.01975000 -0.00286839
v 0.00175384 -0.01975000 -0.00294770
v 0.00162359 -0.01975000 -0.00302140
v 0.00149026 -0.01975000 -0.00308934
v 0.00135408 -0.01975000 -0.00315141
v 0.00121533 -0.01975000 -0.00320747
v 0.00107427 -0.01975000 -0.00325743
v 0.00093116 -0.01975000 -0.00330119
v 0.00078627 -0.01975000 -0.00333866
v 0.00063990 -0.01975000 -0.00336978
v 0.00049230 -0.01975000 -0.00339449
v 0.00034377 -0.01975000 -0.00341273
v 0.00019458 -0.01975000 -0.00342448
v 0.00004502 -0.01975000 -0.00342970
v -0.00010463 -0.01975000 -0.00342840
v -0.00025407 -0.01975000 -0.00342058
v -0.00040303 -0.01975000 -0.00340624
v -0.00055123 -0.01975000 -0.00338542
v -0.00069837 -0.01975000 -0.00335815
v -0.00084419 -0.01975000 -0.00332449
v -0.00098840 -0.01975000 -0.00328450
v -0.00113073 -0.01975000 -0.00323826
v -0.00127090 -0.01975000 -0.00318586
v -0.00140866 -0.01975000 -0.00312739
v -0.00154373 -0.01975000 -0.00306297
v -0.00167587 -0.01975000 -0.00299272
v -0.00180481 -0.01975000 -0.00291677
v -0.00193032 -0.01975000 -0.00283527
v -0.00205216 -0.01975000 -0.00274837
v -0.00217009 -0.01975000 -0.00265624
v -0.00228388 -0.01975000 -0.00255906
v -0.00239333 -0.01975000 -0.00245700
v -0.00249823 -0.01975000 -0.00235027
v -0.00259837 -0.01975000 -0.00223906
v -0.00269356 -0.01975000 -0.00212359
v -0.00278363 -0.01975000 -0.00200407
v -0.00286839 -0.01975000 -0.00188075
v -0.00294770 -0.01975000 -0.00175384
v -0.00302140 -0.01975000 -0.00162359
v -0.00308934 -0.01975000 -0.00149026
v -0.00315141 -0.01975000 -0.00135408
v -0.00320747 -0.01975000 -0.00121533
v -0.00325743 -0.01975000 -0.00107427
v -0.00330119 -0.01975000 -0.00093116
v -0.00333866 -0.01975000 -0.00078627
v -0.00336978 -0.01975000 -0.00063990
v -0.00339449 -0.01975000 -0.00049230
v -0.00341273 -0.01975000 -0.00034376
v -0.00342448 -0.01975000 -0.00019458
v -0.00342970 -0.01975000 -0.00004502
v -0.00342841 -0.01975000 0.00010463
v -0.00342058 -0.01975000 0.00025407
v -0.00340624 -0.01975000 0.00040303
v -0.00338542 -0.01975000 0.00055123
v -0.00335815 -0.01975000 0.00069837
v -0.00332449 -0.01975000 0.00084419
v -0.00328450 -0.01975000 0.00098840
v -0.00323827 -0.01975000 0.00113073
v -0.00318586 -0.01975000 0.00127090
v -0.00312739 -0.01975000 0.00140865
v -0.00306297 -0.01975000 0.00154373
v -0.00299272 -0.01975000 0.00167587
v -0.00291677 -0.01975000 0.00180481
v -0.00283527 -0.01975000 0.00193032
v -0.00274837 -0.01975000 0.00205216
v -0.00265624 -0.01975000 0.00217009
v -0.00255906 -0.01975000 0.00228388
v -0.00245700 -0.01975000 0.00239334
v -0.00235027 -0.01975000 0.00249823
v -0.00223906 -0.01975000 0.00259837
v -0.00212359 -0.01975000 0.00269356
v -0.00200407 -0.01975000 0.00278363
v -0.00188075 -0.01975000 0.00286840
v -0.00175384 -0.01975000 0.00294770
v -0.00162359 -0.01975000 0.00302140
v -0.00149026 -0.01975000 0.00308934
v -0.00135408 -0.01975000 0.00315141
v -0.00121533 -0.01975000 0.00320747
v -0.00107427 -0.01975000 0.00325743
v -0.00093116 -0.01975000 0.00330119
v -0.00078627 -0.01975000 0.00333866
v -0.00063989 -0.01975000 0.00336978
v -0.00049230 -0.01975000 0.00339449
v -0.00034376 -0.01975000 0.00341273
v -0.00019458 -0.01975000 0.00342448
v -0.00004502 -0.01975000 0.00342970
v 0.00010463 -0.01975000 0.00342840
v 0.00025407 -0.01975000 0.00342058
v 0.00040303 -0.01975000 0.00340624
v 0.00055123 -0.01975000 0.00338542
v 0.00069837 -0.01975000 0.00335815
v 0.00084419 -0.01975000 0.00332449
v 0.00098840 -0.01975000 0.00328450
v 0.00113073 -0.01975000 0.00323827
v 0.00127090 -0.01975000 0.00318586
v 0.00140866 -0.01975000 0.00312739
v 0.00154373 -0.01975000 0.00306297
v 0.00167587 -0.01975000 0.00299272
v 0.00180481 -0.01975000 0.00291677
v 0.00193032 -0.01975000 0.00283527
v 0.00205216 -0.01975000 0.00274837
v 0.00217009 -0.01975000 0.00265624
v 0.00228388 -0.01975000 0.00255906
v 0.00239333 -0.01975000 0.00245700
v 0.00249823 -0.01975000 0.00235027
v 0.00259837 -0.01975000 0.00223906
v 0.00269356 -0.01975000 0.00212359
v 0.00278363 -0.01975000 0.00200407
v 0.00286840 -0.01975000 0.00188075
v 0.00294770 -0.01975000 0.00175384
v 0.00302140 -0.01975000 0.00162359
v -0.00401219 -0.01975000 -0.00207910
v -0.00400479 -0.01975000 -0.00220942
v -0.00409011 -0.01975000 -0.00245377
v -0.00413037 -0.01975000 -0.00250531
v -0.00422925 -0.01975000 -0.00259052
v -0.00424775 -0.01975000 -0.00260208
v -0.00443165 -0.01975000 -0.00266721
v -0.00460522 -0.01975000 -0.00266191
v -0.00472845 -0.01975000 -0.00261888
v -0.00480256 -0.01975000 -0.00257302
v -0.00481975 -0.01975000 -0.00255959
v -0.00500318 -0.01975000 -0.00215713
v -0.00484602 -0.01975000 -0.00180821
v -0.00482981 -0.01975000 -0.00179361
v -0.00468058 -0.01975000 -0.00170482
v -0.00453178 -0.01975000 -0.00167319
v -0.00450998 -0.01975000 -0.00167243
v -0.00446638 -0.01975000 -0.00167376
v -0.00422203 -0.01975000 -0.00175908
v -0.00415453 -0.01975000 -0.00181422
v -0.00412464 -0.01975000 -0.00184599
v 0.00496280 -0.01975000 0.00236977
v 0.00497098 -0.01975000 0.00234955
v 0.00497826 -0.01975000 0.00232898
v 0.00499010 -0.01975000 0.00228700
v 0.00499464 -0.01975000 0.00226566
v 0.00499824 -0.01975000 0.00224415
v 0.00500090 -0.01975000 0.00222250
v 0.00499692 -0.01975000 0.00209203
v 0.00498221 -0.01975000 0.00202830
v 0.00497547 -0.01975000 0.00200756
v 0.00495930 -0.01975000 0.00196704
v 0.00492860 -0.01975000 0.00190929
v 0.00491672 -0.01975000 0.00189100
v 0.00490405 -0.01975000 0.00187324
v 0.00487645 -0.01975000 0.00183946
v 0.00486158 -0.01975000 0.00182350
v 0.00479555 -0.01975000 0.00176661
v 0.00477758 -0.01975000 0.00175425
v 0.00475908 -0.01975000 0.00174269
v 0.00459669 -0.01975000 0.00168116
v 0.00457518 -0.01975000 0.00167756
v 0.00455353 -0.01975000 0.00167490
v 0.00450998 -0.01975000 0.00167243
v 0.00444466 -0.01975000 0.00167585
v 0.00442306 -0.01975000 0.00167888
v 0.00440161 -0.01975000 0.00168286
v 0.00435933 -0.01975000 0.00169359
v 0.00431815 -0.01975000 0.00170797
v 0.00429807 -0.01975000 0.00171650
v 0.00425912 -0.01975000 0.00173613
v 0.00420427 -0.01975000 0.00177175
v 0.00411077 -0.01975000 0.00186282
v 0.00409764 -0.01975000 0.00188025
v 0.00406298 -0.01975000 0.00193571
v 0.00405307 -0.01975000 0.00195515
v 0.00403585 -0.01975000 0.00199522
v 0.00402857 -0.01975000 0.00201579
v 0.00402219 -0.01975000 0.00203665
v 0.00400859 -0.01975000 0.00210062
v 0.00400422 -0.01975000 0.00214402
v 0.00400365 -0.01975000 0.00218764
v 0.00401880 -0.01975000 0.00229544
v 0.00402462 -0.01975000 0.00231647
v 0.00403136 -0.01975000 0.00233721
v 0.00403900 -0.01975000 0.00235765
v 0.00405692 -0.01975000 0.00239742
v 0.00406716 -0.01975000 0.00241668
v 0.00407823 -0.01975000 0.00243548
v 0.00414525 -0.01975000 0.00252127
v 0.00416081 -0.01975000 0.00253656
v 0.00421128 -0.01975000 0.00257816
v 0.00430603 -0.01975000 0.00263177
v 0.00432625 -0.01975000 0.00263995
v 0.00447505 -0.01975000 0.00267158
v 0.00449685 -0.01975000 0.00267234
v 0.00451867 -0.01975000 0.00267215
v 0.00454045 -0.01975000 0.00267101
v 0.00464750 -0.01975000 0.00265118
v 0.00466824 -0.01975000 0.00264443
v 0.00468868 -0.01975000 0.00263680
v 0.00478480 -0.01975000 0.00258569
v 0.00483634 -0.01975000 0.00254543
v 0.00486759 -0.01975000 0.00251499
v 0.00488219 -0.01975000 0.00249878
v 0.00489606 -0.01975000 0.00248195
v 0.00492155 -0.01975000 0.00244655
v 0.00493311 -0.01975000 0.00242805
v 0.00494385 -0.01975000 0.00240906
v 0.00090037 -0.01675000 0.00225704
v 0.00122273 -0.01675000 0.00306511
v 0.00099797 -0.01675000 0.00221562
v 0.00135527 -0.01675000 0.00300886
v 0.00109366 -0.01675000 0.00216998
v 0.00148522 -0.01675000 0.00294688
v 0.00118727 -0.01675000 0.00212021
v 0.00161235 -0.01675000 0.00287929
v 0.00127863 -0.01675000 0.00206640
v 0.00173641 -0.01675000 0.00280622
v 0.00136755 -0.01675000 0.00200866
v 0.00185716 -0.01675000 0.00272781
v 0.00145386 -0.01675000 0.00194710
v 0.00197438 -0.01675000 0.00264421
v 0.00153741 -0.01675000 0.00188183
v 0.00208784 -0.01675000 0.00255557
v 0.00161803 -0.01675000 0.00181298
v 0.00219732 -0.01675000 0.00246207
v 0.00169557 -0.01675000 0.00174067
v 0.00230262 -0.01675000 0.00236388
v 0.00176988 -0.01675000 0.00166506
v 0.00240355 -0.01675000 0.00226119
v 0.00184083 -0.01675000 0.00158627
v 0.00249989 -0.01675000 0.00215420
v 0.00190827 -0.01675000 0.00150447
v 0.00259147 -0.01675000 0.00204310
v 0.00197207 -0.01675000 0.00141980
v 0.00267813 -0.01675000 0.00192812
v 0.00203213 -0.01675000 0.00133242
v 0.00275968 -0.01675000 0.00180947
v 0.00208831 -0.01675000 0.00124252
v 0.00283598 -0.01675000 0.00168737
v 0.00214052 -0.01675000 0.00115024
v 0.00290688 -0.01675000 0.00156206
v 0.00218866 -0.01675000 0.00105578
v 0.00297225 -0.01675000 0.00143377
v 0.00223263 -0.01675000 0.00095931
v 0.00303197 -0.01675000 0.00130276
v 0.00227235 -0.01675000 0.00086101
v 0.00308590 -0.01675000 0.00116927
v 0.00230774 -0.01675000 0.00076107
v 0.00313397 -0.01675000 0.00103355
v 0.00233874 -0.01675000 0.00065968
v 0.00317607 -0.01675000 0.00089587
v 0.00236529 -0.01675000 0.00055704
v 0.00321213 -0.01675000 0.00075647
v 0.00238734 -0.01675000 0.00045334
v 0.00324206 -0.01675000 0.00061564
v 0.00240484 -0.01675000 0.00034877
v 0.00326583 -0.01675000 0.00047364
v 0.00241777 -0.01675000 0.00024354
v 0.00328338 -0.01675000 0.00033074
v 0.00242609 -0.01675000 0.00013785
v 0.00329469 -0.01675000 0.00018720
v 0.00242979 -0.01675000 0.00003189
v 0.00329972 -0.01675000 0.00004331
v 0.00242887 -0.01675000 -0.00007412
v 0.00329846 -0.01675000 -0.00010066
v 0.00242332 -0.01675000 -0.00018000
v 0.00329093 -0.01675000 -0.00024444
v 0.00241317 -0.01675000 -0.00028553
v 0.00327714 -0.01675000 -0.00038776
v 0.00239841 -0.01675000 -0.00039052
v 0.00325711 -0.01675000 -0.00053034
v 0.00237910 -0.01675000 -0.00049477
v 0.00323087 -0.01675000 -0.00067190
v 0.00235525 -0.01675000 -0.00059807
v 0.00319849 -0.01675000 -0.00081219
v 0.00232692 -0.01675000 -0.00070023
v 0.00316002 -0.01675000 -0.00095094
v 0.00229416 -0.01675000 -0.00080107
v 0.00311553 -0.01675000 -0.00108787
v 0.00225704 -0.01675000 -0.00090038
v 0.00306511 -0.01675000 -0.00122273
v 0.00221562 -0.01675000 -0.00099797
v 0.00300886 -0.01675000 -0.00135527
v 0.00216998 -0.01675000 -0.00109366
v 0.00294688 -0.01675000 -0.00148522
v 0.00212021 -0.01675000 -0.00118727
v 0.00287929 -0.01675000 -0.00161235
v 0.00206640 -0.01675000 -0.00127863
v 0.00280622 -0.01675000 -0.00173641
v 0.00200866 -0.01675000 -0.00136755
v 0.00272781 -0.01675000 -0.00185716
v 0.00194710 -0.01675000 -0.00145386
v 0.00264421 -0.01675000 -0.00197438
v 0.00188183 -0.01675000 -0.00153741
v 0.00255557 -0.01675000 -0.00208784
v 0.00181298 -0.01675000 -0.00161803
v 0.00246207 -0.01675000 -0.00219732
v 0.00174067 -0.01675000 -0.00169557
v 0.00236388 -0.01675000 -0.00230263
v 0.00166506 -0.01675000 -0.00176988
v 0.00226119 -0.01675000 -0.00240354
v 0.00158627 -0.01675000 -0.00184083
v 0.00215419 -0.01675000 -0.00249989
v 0.00150446 -0.01675000 -0.00190827
v 0.00204310 -0.01675000 -0.00259147
v 0.00141980 -0.01675000 -0.00197207
v 0.00192812 -0.01675000 -0.00267813
v 0.00133242 -0.01675000 -0.00203213
v 0.00180946 -0.01675000 -0.00275968
v 0.00124252 -0.01675000 -0.00208831
v 0.00168737 -0.01675000 -0.00283598
v 0.00115024 -0.01675000 -0.00214052
v 0.00156206 -0.01675000 -0.00290688
v 0.00105578 -0.01675000 -0.00218866
v 0.00143377 -0.01675000 -0.00297225
v 0.00095931 -0.01675000 -0.00223263
v 0.00130276 -0.01675000 -0.00303197
v 0.00086101 -0.01675000 -0.00227235
v 0.00116927 -0.01675000 -0.00308591
v 0.00076107 -0.01675000 -0.00230774
v 0.00103355 -0.01675000 -0.00313397
v 0.00065968 -0.01675000 -0.00233874
v 0.00089587 -0.01675000 -0.00317607
v 0.00055704 -0.01675000 -0.00236529
v 0.00075647 -0.01675000 -0.00321212
v 0.00045334 -0.01675000 -0.00238734
v 0.00061564 -0.01675000 -0.00324206
v 0.00034877 -0.01675000 -0.00240484
v 0.00047364 -0.01675000 -0.00326583
v 0.00024354 -0.01675000 -0.00241776
v 0.00033074 -0.01675000 -0.00328338
v 0.00013785 -0.01675000 -0.00242609
v 0.00018720 -0.01675000 -0.00329469
v 0.00003189 -0.01675000 -0.00242979
v 0.00004331 -0.01675000 -0.00329972
v -0.00007412 -0.01675000 -0.00242887
v -0.00010066 -0.01675000 -0.00329846
v -0.00018000 -0.01675000 -0.00242332
v -0.00024444 -0.01675000 -0.00329093
v -0.00028553 -0.01675000 -0.00241317
v -0.00038776 -0.01675000 -0.00327714
v -0.00039052 -0.01675000 -0.00239841
v -0.00053034 -0.01675000 -0.00325711
v -0.00049477 -0.01675000 -0.00237910
v -0.00067190 -0.01675000 -0.00323087
v -0.00059807 -0.01675000 -0.00235525
v -0.00081219 -0.01675000 -0.00319849
v -0.00070024 -0.01675000 -0.00232692
v -0.00095094 -0.01675000 -0.00316002
v -0.00080107 -0.01675000 -0.00229416
v -0.00108787 -0.01675000 -0.00311553
v -0.00090037 -0.01675000 -0.00225704
v -0.00122273 -0.01675000 -0.00306511
v -0.00099797 -0.01675000 -0.00221562
v -0.00135527 -0.01675000 -0.00300886
v -0.00109366 -0.01675000 -0.00216998
v -0.00148522 -0.01675000 -0.00294688
v -0.00118728 -0.01675000 -0.00212021
v -0.00161235 -0.01675000 -0.00287929
v -0.00127863 -0.01675000 -0.00206640
v -0.00173641 -0.01675000 -0.00280622
v -0.00136754 -0.01675000 -0.00200866
v -0.00185716 -0.01675000 -0.00272781
v -0.00145386 -0.01675000 -0.00194710
v -0.00197438 -0.01675000 -0.00264421
v -0.00153741 -0.01675000 -0.00188183
v -0.00208784 -0.01675000 -0.00255557
v -0.00161803 -0.01675000 -0.00181298
v -0.00219732 -0.01675000 -0.00246207
v -0.00169557 -0.01675000 -0.00174067
v -0.00230263 -0.01675000 -0.00236388
v -0.00176988 -0.01675000 -0.00166506
v -0.00240354 -0.01675000 -0.00226119
v -0.00184083 -0.01675000 -0.00158627
v -0.00249989 -0.01675000 -0.00215419
v -0.00190827 -0.01675000 -0.00150447
v -0.00259147 -0.01675000 -0.00204310
v -0.00197208 -0.01675000 -0.00141980
v -0.00267813 -0.01675000 -0.00192812
v -0.00203213 -0.01675000 -0.00133242
v -0.00275968 -0.01675000 -0.00180946
v -0.00208831 -0.01675000 -0.00124252
v -0.00283598 -0.01675000 -0.00168737
v -0.00214052 -0.01675000 -0.00115024
v -0.00290688 -0.01675000 -0.00156206
v -0.00218866 -0.01675000 -0.00105578
v -0.00297225 -0.01675000 -0.00143377
v -0.00223263 -0.01675000 -0.00095931
v -0.00303196 -0.01675000 -0.00130276
v -0.00227235 -0.01675000 -0.00086101
v -0.00308591 -0.01675000 -0.00116927
v -0.00230774 -0.01675000 -0.00076107
v -0.00313397 -0.01675000 -0.00103355
v -0.00233874 -0.01675000 -0.00065968
v -0.00317607 -0.01675000 -0.00089586
v -0.00236529 -0.01675000 -0.00055704
v -0.00321212 -0.01675000 -0.00075647
v -0.00238734 -0.01675000 -0.00045334
v -0.00324207 -0.01675000 -0.00061564
v -0.00240484 -0.01675000 -0.00034877
v -0.00326583 -0.01675000 -0.00047364
v -0.00241776 -0.01675000 -0.00024354
v -0.00328338 -0.01675000 -0.00033074
v -0.00242609 -0.01675000 -0.00013785
v -0.00329469 -0.01675000 -0.00018720
v -0.00242979 -0.01675000 -0.00003189
v -0.00329972 -0.01675000 -0.00004331
v -0.00242887 -0.01675000 0.00007412
v -0.00329846 -0.01675000 0.00010066
v -0.00242332 -0.01675000 0.00018000
v -0.00329094 -0.01675000 0.00024444
v -0.00241317 -0.01675000 0.00028553
v -0.00327714 -0.01675000 0.00038776
v -0.00239841 -0.01675000 0.00039052
v -0.00325711 -0.01675000 0.00053034
v -0.00237910 -0.01675000 0.00049477
v -0.00323087 -0.01675000 0.00067190
v -0.00235525 -0.01675000 0.00059807
v -0.00319849 -0.01675000 0.00081219
v -0.00232692 -0.01675000 0.00070024
v -0.00316002 -0.01675000 0.00095094
v -0.00229416 -0.01675000 0.00080107
v -0.00311553 -0.01675000 0.00108787
v -0.00225704 -0.01675000 0.00090037
v -0.00306512 -0.01675000 0.00122273
v -0.00221562 -0.01675000 0.00099797
v -0.00300886 -0.01675000 0.00135527
v -0.00216998 -0.01675000 0.00109366
v -0.00294688 -0.01675000 0.00148522
v -0.00212021 -0.01675000 0.00118728
v -0.00287929 -0.01675000 0.00161235
v -0.00206640 -0.01675000 0.00127863
v -0.00280622 -0.01675000 0.00173641
v -0.00200866 -0.01675000 0.00136755
v -0.00272781 -0.01675000 0.00185716
v -0.00194710 -0.01675000 0.00145386
v -0.00264421 -0.01675000 0.00197438
v -0.00188183 -0.01675000 0.00153741
v -0.00255557 -0.01675000 0.00208784
v -0.00181298 -0.01675000 0.00161803
v -0.00246207 -0.01675000 0.00219732
v -0.00174067 -0.01675000 0.00169557
v -0.00236388 -0.01675000 0.00230263
v -0.00166506 -0.01675000 0.00176988
v -0.00226119 -0.01675000 0.00240354
v -0.00158627 -0.01675000 0.00184083
v -0.00215420 -0.01675000 0.00249989
v -0.00150447 -0.01675000 0.00190827
v -0.00204310 -0.01675000 0.00259147
v -0.00141980 -0.01675000 0.00197207
v -0.00192812 -0.01675000 0.00267813
v -0.00133242 -0.01675000 0.00203213
v -0.00180946 -0.01675000 0.00275968
v -0.00124252 -0.01675000 0.00208831
v -0.00168737 -0.01675000 0.00283598
v -0.00115024 -0.01675000 0.00214052
v -0.00156206 -0.01675000 0.00290689
v -0.00105578 -0.01675000 0.00218866
v -0.00143377 -0.01675000 0.00297225
v -0.00095931 -0.01675000 0.00223263
v -0.00130276 -0.01675000 0.00303197
v -0.00086101 -0.01675000 0.00227235
v -0.00116927 -0.01675000 0.00308590
v -0.00076107 -0.01675000 0.00230774
v -0.00103355 -0.01675000 0.00313397
v -0.00065968 -0.01675000 0.00233874
v -0.00089587 -0.01675000 0.00317607
v -0.00055704 -0.01675000 0.00236529
v -0.00075647 -0.01675000 0.00321212
v -0.00045334 -0.01675000 0.00238734
v -0.00061564 -0.01675000 0.00324207
v -0.00034877 -0.01675000 0.00240484
v -0.00047364 -0.01675000 0.00326583
v -0.00024354 -0.01675000 0.00241777
v -0.00033074 -0.01675000 0.00328338
v -0.00013785 -0.01675000 0.00242609
v -0.00018720 -0.01675000 0.00329469
v -0.00003189 -0.01675000 0.00242979
v -0.00004331 -0.01675000 0.00329972
v 0.00007412 -0.01675000 0.00242887
v 0.00010066 -0.01675000 0.00329846
v 0.00018000 -0.01675000 0.00242333
v 0.00024444 -0.01675000 0.00329094
v 0.00028553 -0.01675000 0.00241317
v 0.00038776 -0.01675000 0.00327714
v 0.00039052 -0.01675000 0.00239842
v 0.00053034 -0.01675000 0.00325711
v 0.00049477 -0.01675000 0.00237910
v 0.00067190 -0.01675000 0.00323087
v 0.00059807 -0.01675000 0.00235525
v 0.00081219 -0.01675000 0.00319849
v 0.00070024 -0.01675000 0.00232692
v 0.00095094 -0.01675000 0.00316002
v 0.00080107 -0.01675000 0.00229416
v 0.00108787 -0.01675000 0.00311553
v 0.00297225 -0.01975000 0.00143377
v 0.00290688 -0.01975000 0.00156206
v 0.00283598 -0.01975000 0.00168737
v 0.00275968 -0.01975000 0.00180947
v 0.00267813 -0.01975000 0.00192812
v 0.00259147 -0.01975000 0.00204310
v 0.00249989 -0.01975000 0.00215420
v 0.00240355 -0.01975000 0.00226119
v 0.00230262 -0.01975000 0.00236388
v 0.00219732 -0.01975000 0.00246207
v 0.00208784 -0.01975000 0.00255557
v 0.00197438 -0.01975000 0.00264421
v 0.00185716 -0.01975000 0.00272781
v 0.00173641 -0.01975000 0.00280622
v 0.00161235 -0.01975000 0.00287929
v 0.00148522 -0.01975000 0.00294688
v 0.00135527 -0.01975000 0.00300886
v 0.00122273 -0.01975000 0.00306511
v 0.00108787 -0.01975000 0.00311553
v 0.00095094 -0.01975000 0.00316002
v 0.00081219 -0.01975000 0.00319849
v 0.00067190 -0.01975000 0.00323087
v 0.00053034 -0.01975000 0.00325711
v 0.00038776 -0.01975000 0.00327714
v 0.00024444 -0.01975000 0.00329094
v 0.00010066 -0.01975000 0.00329846
v -0.00004331 -0.01975000 0.00329972
v -0.00018720 -0.01975000 0.00329469
v -0.00033074 -0.01975000 0.00328338
v -0.00047364 -0.01975000 0.00326583
v -0.00061564 -0.01975000 0.00324207
v -0.00075647 -0.01975000 0.00321212
v -0.00089587 -0.01975000 0.00317607
v -0.00103355 -0.01975000 0.00313397
v -0.00116927 -0.01975000 0.00308590
v -0.00130276 -0.01975000 0.00303197
v -0.00143377 -0.01975000 0.00297225
v -0.00156206 -0.01975000 0.00290689
v -0.00168737 -0.01975000 0.00283598
v -0.00180946 -0.01975000 0.00275968
v -0.00192812 -0.01975000 0.00267813
v -0.00204310 -0.01975000 0.00259147
v -0.00215420 -0.01975000 0.00249989
v -0.00226119 -0.01975000 0.00240354
v -0.00236388 -0.01975000 0.00230263
v -0.00246207 -0.01975000 0.00219732
v -0.00255557 -0.01975000 0.00208784
v -0.00264421 -0.01975000 0.00197438
v -0.00272781 -0.01975000 0.00185716
v -0.00280622 -0.01975000 0.00173641
v -0.00287929 -0.01975000 0.00161235
v -0.00294688 -0.01975000 0.00148522
v -0.00300886 -0.01975000 0.00135527
v -0.00306512 -0.01975000 0.00122273
v -0.00311553 -0.01975000 0.00108787
v -0.00316002 -0.01975000 0.00095094
v -0.00319849 -0.01975000 0.00081219
v -0.00323087 -0.01975000 0.00067190
v -0.00325711 -0.01975000 0.00053034
v -0.00327714 -0.01975000 0.00038776
v -0.00329094 -0.01975000 0.00024444
v -0.00329846 -0.01975000 0.00010066
v -0.00329972 -0.01975000 -0.00004331
v -0.00329469 -0.01975000 -0.00018720
v -0.00328338 -0.01975000 -0.00033074
v -0.00326583 -0.01975000 -0.00047364
v -0.00324207 -0.01975000 -0.00061564
v -0.00321212 -0.01975000 -0.00075647
v -0.00317607 -0.01975000 -0.00089586
v -0.00313397 -0.01975000 -0.00103355
v -0.00308591 -0.01975000 -0.00116927
v -0.00303196 -0.01975000 -0.00130276
v -0.00297225 -0.01975000 -0.00143377
v -0.00290688 -0.01975000 -0.00156206
v -0.00283598 -0.01975000 -0.00168737
v -0.00275968 -0.01975000 -0.00180946
v -0.00267813 -0.01975000 -0.00192812
v -0.00259147 -0.01975000 -0.00204310
v -0.00249989 -0.01975000 -0.00215419
v -0.00240354 -0.01975000 -0.00226119
v -0.00230263 -0.01975000 -0.00236388
v -0.00219732 -0.01975000 -0.00246207
v -0.00208784 -0.01975000 -0.00255557
v -0.00197438 -0.01975000 -0.00264421
v -0.00185716 -0.01975000 -0.00272781
v -0.00173641 -0.01975000 -0.00280622
v -0.00161235 -0.01975000 -0.00287929
v -0.00148522 -0.01975000 -0.00294688
v -0.00135527 -0.01975000 -0.00300886
v -0.00122273 -0.01975000 -0.00306511
v -0.00108787 -0.01975000 -0.00311553
v -0.00095094 -0.01975000 -0.00316002
v -0.00081219 -0.01975000 -0.00319849
v -0.00067190 -0.01975000 -0.00323087
v -0.00053034 -0.01975000 -0.00325711
v -0.00038776 -0.01975000 -0.00327714
v -0.00024444 -0.01975000 -0.00329093
v -0.00010066 -0.01975000 -0.00329846
v 0.00004331 -0.01975000 -0.00329972
v 0.00018720 -0.01975000 -0.00329469
v 0.00033074 -0.01975000 -0.00328338
v 0.00047364 -0.01975000 -0.00326583
v 0.00061564 -0.01975000 -0.00324206
v 0.00075647 -0.01975000 -0.00321212
v 0.00089587 -0.01975000 -0.00317607
v 0.00103355 -0.01975000 -0.00313397
v 0.00116927 -0.01975000 -0.00308591
v 0.00130276 -0.01975000 -0.00303197
v 0.00143377 -0.01975000 -0.00297225
v 0.00156206 -0.01975000 -0.00290688
v 0.00168737 -0.01975000 -0.00283598
v 0.00180946 -0.01975000 -0.00275968
v 0.00192812 -0.01975000 -0.00267813
v 0.00204310 -0.01975000 -0.00259147
v 0.00215419 -0.01975000 -0.00249989
v 0.00226119 -0.01975000 -0.00240354
v 0.00236388 -0.01975000 -0.00230263
v 0.00246207 -0.01975000 -0.00219732
v 0.00255557 -0.01975000 -0.00208784
v 0.00264421 -0.01975000 -0.00197438
v 0.00272781 -0.01975000 -0.00185716
v 0.00280622 -0.01975000 -0.00173641
v 0.00287929 -0.01975000 -0.00161235
v 0.00294688 -0.01975000 -0.00148522
v 0.00300886 -0.01975000 -0.00135527
v 0.00306511 -0.01975000 -0.00122273
v 0.00311553 -0.01975000 -0.00108787
v 0.00316002 -0.01975000 -0.00095094
v 0.00319849 -0.01975000 -0.00081219
v 0.00323087 -0.01975000 -0.00067190
v 0.00325711 -0.01975000 -0.00053034
v 0.00327714 -0.01975000 -0.00038776
v 0.00329093 -0.01975000 -0.00024444
v 0.00329846 -0.01975000 -0.00010066
v 0.00329972 -0.01975000 0.00004331
v 0.00329469 -0.01975000 0.00018720
v 0.00328338 -0.01975000 0.00033074
v 0.00326583 -0.01975000 0.00047364
v 0.00324206 -0.01975000 0.00061564
v 0.00321213 -0.01975000 0.00075647
v 0.00317607 -0.01975000 0.00089587
v 0.00313397 -0.01975000 0.00103355
v 0.00308590 -0.01975000 0.00116927
v 0.00303197 -0.01975000 0.00130276
v -0.00405307 -0.01975000 -0.00195515
v -0.00405307 -0.02275000 -0.00195515
v -0.00406298 -0.01975000 -0.00193571
v -0.00406298 -0.02275000 -0.00193571
v -0.00407372 -0.01975000 -0.00191672
v -0.00407372 -0.02275000 -0.00191672
v -0.00408528 -0.01975000 -0.00189822
v -0.00408528 -0.02275000 -0.00189822
v -0.00409764 -0.01975000 -0.00188025
v -0.00409764 -0.02275000 -0.00188025
v -0.00411077 -0.01975000 -0.00186282
v -0.00411077 -0.02275000 -0.00186282
v -0.00412464 -0.02275000 -0.00184599
v -0.00413924 -0.01975000 -0.00182978
v -0.00413924 -0.02275000 -0.00182978
v -0.00415453 -0.02275000 -0.00181422
v -0.00417049 -0.01975000 -0.00179934
v -0.00417049 -0.02275000 -0.00179934
v -0.00418708 -0.01975000 -0.00178518
v -0.00418708 -0.02275000 -0.00178518
v -0.00420427 -0.01975000 -0.00177175
v -0.00420427 -0.02275000 -0.00177175
v -0.00422203 -0.02275000 -0.00175908
v -0.00424032 -0.01975000 -0.00174720
v -0.00424032 -0.02275000 -0.00174720
v -0.00425912 -0.01975000 -0.00173613
v -0.00425912 -0.02275000 -0.00173613
v -0.00427838 -0.01975000 -0.00172589
v -0.00427838 -0.02275000 -0.00172589
v -0.00429807 -0.01975000 -0.00171650
v -0.00429807 -0.02275000 -0.00171650
v -0.00431815 -0.01975000 -0.00170797
v -0.00431815 -0.02275000 -0.00170797
v -0.00433859 -0.01975000 -0.00170033
v -0.00433859 -0.02275000 -0.00170033
v -0.00435933 -0.01975000 -0.00169359
v -0.00435933 -0.02275000 -0.00169359
v -0.00438035 -0.01975000 -0.00168777
v -0.00438035 -0.02275000 -0.00168777
v -0.00440161 -0.01975000 -0.00168286
v -0.00440161 -0.02275000 -0.00168286
v -0.00442306 -0.01975000 -0.00167888
v -0.00442306 -0.02275000 -0.00167888
v -0.00444466 -0.01975000 -0.00167585
v -0.00444466 -0.02275000 -0.00167585
v -0.00446638 -0.02275000 -0.00167376
v -0.00448816 -0.01975000 -0.00167262
v -0.00448816 -0.02275000 -0.00167262
v -0.00450998 -0.02275000 -0.00167243
v -0.00453178 -0.02275000 -0.00167319
v -0.00455353 -0.01975000 -0.00167490
v -0.00455353 -0.02275000 -0.00167490
v -0.00457518 -0.01975000 -0.00167756
v -0.00457518 -0.02275000 -0.00167756
v -0.00459669 -0.01975000 -0.00168116
v -0.00459669 -0.02275000 -0.00168116
v -0.00461803 -0.01975000 -0.00168570
v -0.00461803 -0.02275000 -0.00168570
v -0.00463915 -0.01975000 -0.00169116
v -0.00463915 -0.02275000 -0.00169116
v -0.00466001 -0.01975000 -0.00169754
v -0.00466001 -0.02275000 -0.00169754
v -0.00468058 -0.02275000 -0.00170482
v -0.00470080 -0.01975000 -0.00171300
v -0.00470080 -0.02275000 -0.00171300
v -0.00472065 -0.01975000 -0.00172204
v -0.00472065 -0.02275000 -0.00172204
v -0.00474009 -0.01975000 -0.00173195
v -0.00474009 -0.02275000 -0.00173195
v -0.00475908 -0.01975000 -0.00174269
v -0.00475908 -0.02275000 -0.00174269
v -0.00477758 -0.01975000 -0.00175425
v -0.00477758 -0.02275000 -0.00175425
v -0.00479555 -0.01975000 -0.00176661
v -0.00479555 -0.02275000 -0.00176661
v -0.00481298 -0.01975000 -0.00177974
v -0.00481298 -0.02275000 -0.00177974
v -0.00482981 -0.02275000 -0.00179361
v -0.00484602 -0.02275000 -0.00180821
v -0.00486158 -0.01975000 -0.00182350
v -0.00486158 -0.02275000 -0.00182350
v -0.00487646 -0.01975000 -0.00183946
v -0.00487646 -0.02275000 -0.00183946
v -0.00489062 -0.01975000 -0.00185605
v -0.00489062 -0.02275000 -0.00185605
v -0.00490405 -0.01975000 -0.00187324
v -0.00490405 -0.02275000 -0.00187324
v -0.00491672 -0.01975000 -0.00189100
v -0.00491672 -0.02275000 -0.00189100
v -0.00492860 -0.01975000 -0.00190929
v -0.00492860 -0.02275000 -0.00190929
v -0.00493967 -0.01975000 -0.00192809
v -0.00493967 -0.02275000 -0.00192809
v -0.00494991 -0.01975000 -0.00194735
v -0.00494991 -0.02275000 -0.00194735
v -0.00495930 -0.01975000 -0.00196704
v -0.00495930 -0.02275000 -0.00196704
v -0.00496783 -0.01975000 -0.00198712
v -0.00496783 -0.02275000 -0.00198712
v -0.00497547 -0.01975000 -0.00200756
v -0.00497547 -0.02275000 -0.00200756
v -0.00498221 -0.01975000 -0.00202830
v -0.00498221 -0.02275000 -0.00202830
v -0.00498804 -0.01975000 -0.00204932
v -0.00498804 -0.02275000 -0.00204932
v -0.00499294 -0.01975000 -0.00207058
v -0.00499294 -0.02275000 -0.00207058
v -0.00499692 -0.01975000 -0.00209203
v -0.00499692 -0.02275000 -0.00209203
v -0.00499995 -0.01975000 -0.00211363
v -0.00499995 -0.02275000 -0.00211363
v -0.00500204 -0.01975000 -0.00213535
v -0.00500204 -0.02275000 -0.00213535
v -0.00500318 -0.02275000 -0.00215713
v -0.00500337 -0.01975000 -0.00217895
v -0.00500337 -0.02275000 -0.00217895
v -0.00500261 -0.01975000 -0.00220075
v -0.00500261 -0.02275000 -0.00220075
v -0.00500090 -0.01975000 -0.00222250
v -0.00500090 -0.02275000 -0.00222250
v -0.00499824 -0.01975000 -0.00224415
v -0.00499824 -0.02275000 -0.00224415
v -0.00499464 -0.01975000 -0.00226566
v -0.00499464 -0.02275000 -0.00226566
v -0.00499010 -0.01975000 -0.00228700
v -0.00499010 -0.02275000 -0.00228700
v -0.00498464 -0.01975000 -0.00230812
v -0.00498464 -0.02275000 -0.00230812
v -0.00497826 -0.01975000 -0.00232898
v -0.00497826 -0.02275000 -0.00232898
v -0.00497098 -0.01975000 -0.00234955
v -0.00497098 -0.02275000 -0.00234955
v -0.00496280 -0.01975000 -0.00236977
v -0.00496280 -0.02275000 -0.00236977
v -0.00495376 -0.01975000 -0.00238962
v -0.00495376 -0.02275000 -0.00238962
v -0.00494385 -0.01975000 -0.00240906
v -0.00494385 -0.02275000 -0.00240906
v -0.00493311 -0.01975000 -0.00242805
v -0.00493311 -0.02275000 -0.00242805
v -0.00492155 -0.01975000 -0.00244655
v -0.00492155 -0.02275000 -0.00244655
v -0.00490919 -0.01975000 -0.00246452
v -0.00490919 -0.02275000 -0.00246452
v -0.00489606 -0.01975000 -0.00248194
v -0.00489606 -0.02275000 -0.00248194
v -0.00488219 -0.01975000 -0.00249878
v -0.00488219 -0.02275000 -0.00249878
v -0.00486759 -0.01975000 -0.00251499
v -0.00486759 -0.02275000 -0.00251499
v -0.00485230 -0.01975000 -0.00253055
v -0.00485230 -0.02275000 -0.00253055
v -0.00483634 -0.01975000 -0.00254542
v -0.00483634 -0.02275000 -0.00254542
v -0.00481975 -0.02275000 -0.00255959
v -0.00480256 -0.02275000 -0.00257302
v -0.00478480 -0.01975000 -0.00258569
v -0.00478480 -0.02275000 -0.00258569
v -0.00476651 -0.01975000 -0.00259757
v -0.00476651 -0.02275000 -0.00259757
v -0.00474771 -0.01975000 -0.00260864
v -0.00474771 -0.02275000 -0.00260864
v -0.00472845 -0.02275000 -0.00261888
v -0.00470876 -0.01975000 -0.00262827
v -0.00470876 -0.02275000 -0.00262827
v -0.00468868 -0.01975000 -0.00263680
v -0.00468868 -0.02275000 -0.00263680
v -0.00466824 -0.01975000 -0.00264444
v -0.00466824 -0.02275000 -0.00264444
v -0.00464750 -0.01975000 -0.00265118
v -0.00464750 -0.02275000 -0.00265118
v -0.00462647 -0.01975000 -0.00265700
v -0.00462647 -0.02275000 -0.00265700
v -0.00460522 -0.02275000 -0.00266191
v -0.00458377 -0.01975000 -0.00266589
v -0.00458377 -0.02275000 -0.00266589
v -0.00456217 -0.01975000 -0.00266892
v -0.00456217 -0.02275000 -0.00266892
v -0.00454045 -0.01975000 -0.00267101
v -0.00454045 -0.02275000 -0.00267101
v -0.00451867 -0.01975000 -0.00267215
v -0.00451867 -0.02275000 -0.00267215
v -0.00449685 -0.01975000 -0.00267234
v -0.00449685 -0.02275000 -0.00267234
v -0.00447505 -0.01975000 -0.00267158
v -0.00447505 -0.02275000 -0.00267158
v -0.00445330 -0.01975000 -0.00266987
v -0.00445330 -0.02275000 -0.00266987
v -0.00443165 -0.02275000 -0.00266721
v -0.00441014 -0.01975000 -0.00266361
v -0.00441014 -0.02275000 -0.00266361
v -0.00438880 -0.01975000 -0.00265907
v -0.00438880 -0.02275000 -0.00265907
v -0.00436768 -0.01975000 -0.00265361
v -0.00436768 -0.02275000 -0.00265361
v -0.00434682 -0.01975000 -0.00264723
v -0.00434682 -0.02275000 -0.00264723
v -0.00432625 -0.01975000 -0.00263995
v -0.00432625 -0.02275000 -0.00263995
v -0.00430603 -0.01975000 -0.00263177
v -0.00430603 -0.02275000 -0.00263177
v -0.00428618 -0.01975000 -0.00262273
v -0.00428618 -0.02275000 -0.00262273
v -0.00426674 -0.01975000 -0.00261282
v -0.00426674 -0.02275000 -0.00261282
v -0.00424775 -0.02275000 -0.00260208
v -0.00422925 -0.02275000 -0.00259052
v -0.00421128 -0.01975000 -0.00257816
v -0.00421128 -0.02275000 -0.00257816
v -0.00419385 -0.01975000 -0.00256503
v -0.00419385 -0.02275000 -0.00256503
v -0.00417702 -0.01975000 -0.00255116
v -0.00417702 -0.02275000 -0.00255116
v -0.00416081 -0.01975000 -0.00253656
v -0.00416081 -0.02275000 -0.00253656
v -0.00414525 -0.01975000 -0.00252127
v -0.00414525 -0.02275000 -0.00252127
v -0.00413037 -0.02275000 -0.00250531
v -0.00411621 -0.01975000 -0.00248872
v -0.00411621 -0.02275000 -0.00248872
v -0.00410278 -0.01975000 -0.00247153
v -0.00410278 -0.02275000 -0.00247153
v -0.00409011 -0.02275000 -0.00245377
v -0.00407823 -0.01975000 -0.00243548
v -0.00407823 -0.02275000 -0.00243548
v -0.00406716 -0.01975000 -0.00241668
v -0.00406716 -0.02275000 -0.00241668
v -0.00405692 -0.01975000 -0.00239742
v -0.00405692 -0.02275000 -0.00239742
v -0.00404753 -0.01975000 -0.00237773
v -0.00404753 -0.02275000 -0.00237773
v -0.00403900 -0.01975000 -0.00235765
v -0.00403900 -0.02275000 -0.00235765
v -0.00403136 -0.01975000 -0.00233721
v -0.00403136 -0.02275000 -0.00233721
v -0.00402462 -0.01975000 -0.00231647
v -0.00402462 -0.02275000 -0.00231647
v -0.00401880 -0.01975000 -0.00229544
v -0.00401880 -0.02275000 -0.00229544
v -0.00401389 -0.01975000 -0.00227419
v -0.00401389 -0.02275000 -0.00227419
v -0.00400991 -0.01975000 -0.00225274
v -0.00400991 -0.02275000 -0.00225274
v -0.00400688 -0.01975000 -0.00223114
v -0.00400688 -0.02275000 -0.00223114
v -0.00400479 -0.02275000 -0.00220942
v -0.00400365 -0.01975000 -0.00218764
v -0.00400365 -0.02275000 -0.00218764
v -0.00400346 -0.01975000 -0.00216582
v -0.00400346 -0.02275000 -0.00216582
v -0.00400422 -0.01975000 -0.00214402
v -0.00400422 -0.02275000 -0.00214402
v -0.00400593 -0.01975000 -0.00212227
v -0.00400593 -0.02275000 -0.00212227
v -0.00400859 -0.01975000 -0.00210062
v -0.00400859 -0.02275000 -0.00210062
v -0.00401219 -0.02275000 -0.00207910
v -0.00401673 -0.01975000 -0.00205777
v -0.00401673 -0.02275000 -0.00205777
v -0.00402219 -0.01975000 -0.00203665
v -0.00402219 -0.02275000 -0.00203665
v -0.00402857 -0.01975000 -0.00201579
v -0.00402857 -0.02275000 -0.00201579
v -0.00403585 -0.01975000 -0.00199522
v -0.00403585 -0.02275000 -0.00199522
v -0.00404403 -0.01975000 -0.00197500
v -0.00404403 -0.02275000 -0.00197500
v 0.00495376 -0.01975000 0.00238962
v 0.00495376 -0.02275000 0.00238962
v 0.00494385 -0.02275000 0.00240906
v 0.00493311 -0.02275000 0.00242805
v 0.00492155 -0.02275000 0.00244655
v 0.00490919 -0.01975000 0.00246452
v 0.00490919 -0.02275000 0.00246452
v 0.00489606 -0.02275000 0.00248195
v 0.00488219 -0.02275000 0.00249878
v 0.00486759 -0.02275000 0.00251499
v 0.00485230 -0.01975000 0.00253055
v 0.00485230 -0.02275000 0.00253055
v 0.00483634 -0.02275000 0.00254543
v 0.00481975 -0.01975000 0.00255959
v 0.00481975 -0.02275000 0.00255959
v 0.00480256 -0.01975000 0.00257302
v 0.00480256 -0.02275000 0.00257302
v 0.00478480 -0.02275000 0.00258569
v 0.00476651 -0.01975000 0.00259757
v 0.00476651 -0.02275000 0.00259757
v 0.00474771 -0.01975000 0.00260864
v 0.00474771 -0.02275000 0.00260864
v 0.00472845 -0.01975000 0.00261888
v 0.00472845 -0.02275000 0.00261888
v 0.00470876 -0.01975000 0.00262827
v 0.00470876 -0.02275000 0.00262827
v 0.00468868 -0.02275000 0.00263680
v 0.00466824 -0.02275000 0.00264443
v 0.00464750 -0.02275000 0.00265118
v 0.00462647 -0.01975000 0.00265700
v 0.00462647 -0.02275000 0.00265700
v 0.00460522 -0.01975000 0.00266191
v 0.00460522 -0.02275000 0.00266191
v 0.00458377 -0.01975000 0.00266589
v 0.00458377 -0.02275000 0.00266589
v 0.00456217 -0.01975000 0.00266892
v 0.00456217 -0.02275000 0.00266892
v 0.00454045 -0.02275000 0.00267101
v 0.00451867 -0.02275000 0.00267215
v 0.00449685 -0.02275000 0.00267234
v 0.00447505 -0.02275000 0.00267158
v 0.00445330 -0.01975000 0.00266987
v 0.00445330 -0.02275000 0.00266987
v 0.00443165 -0.01975000 0.00266721
v 0.00443165 -0.02275000 0.00266721
v 0.00441014 -0.01975000 0.00266361
v 0.00441014 -0.02275000 0.00266361
v 0.00438880 -0.01975000 0.00265907
v 0.00438880 -0.02275000 0.00265907
v 0.00436768 -0.01975000 0.00265361
v 0.00436768 -0.02275000 0.00265361
v 0.00434682 -0.01975000 0.00264723
v 0.00434682 -0.02275000 0.00264723
v 0.00432625 -0.02275000 0.00263995
v 0.00430603 -0.02275000 0.00263177
v 0.00428618 -0.01975000 0.00262273
v 0.00428618 -0.02275000 0.00262273
v 0.00426674 -0.01975000 0.00261282
v 0.00426674 -0.02275000 0.00261282
v 0.00424775 -0.01975000 0.00260208
v 0.00424775 -0.02275000 0.00260208
v 0.00422925 -0.01975000 0.00259052
v 0.00422925 -0.02275000 0.00259052
v 0.00421128 -0.02275000 0.00257816
v 0.00419385 -0.01975000 0.00256503
v 0.00419385 -0.02275000 0.00256503
v 0.00417702 -0.01975000 0.00255116
v 0.00417702 -0.02275000 0.00255116
v 0.00416081 -0.02275000 0.00253656
v 0.00414525 -0.02275000 0.00252127
v 0.00413037 -0.01975000 0.00250531
v 0.00413037 -0.02275000 0.00250531
v 0.00411621 -0.01975000 0.00248872
v 0.00411621 -0.02275000 0.00248872
v 0.00410278 -0.01975000 0.00247153
v 0.00410278 -0.02275000 0.00247153
v 0.00409011 -0.01975000 0.00245377
v 0.00409011 -0.02275000 0.00245377
v 0.00407823 -0.02275000 0.00243548
v 0.00406716 -0.02275000 0.00241668
v 0.00405692 -0.02275000 0.00239742
v 0.00404753 -0.01975000 0.00237773
v 0.00404753 -0.02275000 0.00237773
v 0.00403900 -0.02275000 0.00235765
v 0.00403136 -0.02275000 0.00233721
v 0.00402462 -0.02275000 0.00231647
v 0.00401880 -0.02275000 0.00229544
v 0.00401389 -0.01975000 0.00227419
v 0.00401389 -0.02275000 0.00227419
v 0.00400991 -0.01975000 0.00225274
v 0.00400991 -0.02275000 0.00225274
v 0.00400688 -0.01975000 0.00223114
v 0.00400688 -0.02275000 0.00223114
v 0.00400479 -0.01975000 0.00220942
v 0.00400479 -0.02275000 0.00220942
v 0.00400365 -0.02275000 0.00218764
v 0.00400346 -0.01975000 0.00216582
v 0.00400346 -0.02275000 0.00216582
v 0.00400422 -0.02275000 0.00214402
v 0.00400593 -0.01975000 0.00212227
v 0.00400593 -0.02275000 0.00212227
v 0.00400859 -0.02275000 0.00210062
v 0.00401219 -0.01975000 0.00207911
v 0.00401219 -0.02275000 0.00207911
v 0.00401673 -0.01975000 0.00205777
v 0.00401673 -0.02275000 0.00205777
v 0.00402219 -0.02275000 0.00203665
v 0.00402857 -0.02275000 0.00201579
v 0.00403585 -0.02275000 0.00199522
v 0.00404403 -0.01975000 0.00197500
v 0.00404403 -0.02275000 0.00197500
v 0.00405307 -0.02275000 0.00195515
v 0.00406298 -0.02275000 0.00193571
v 0.00407372 -0.01975000 0.00191672
v 0.00407372 -0.02275000 0.00191672
v 0.00408528 -0.01975000 0.00189822
v 0.00408528 -0.02275000 0.00189822
v 0.00409764 -0.02275000 0.00188025
v 0.00411077 -0.02275000 0.00186282
v 0.00412464 -0.01975000 0.00184599
v 0.00412464 -0.02275000 0.00184599
v 0.00413924 -0.01975000 0.00182978
v 0.00413924 -0.02275000 0.00182978
v 0.00415453 -0.01975000 0.00181422
v 0.00415453 -0.02275000 0.00181422
v 0.00417049 -0.01975000 0.00179934
v 0.00417049 -0.02275000 0.00179934
v 0.00418708 -0.01975000 0.00178518
v 0.00418708 -0.02275000 0.00178518
v 0.00420427 -0.02275000 0.00177175
v 0.00422203 -0.01975000 0.00175908
v 0.00422203 -0.02275000 0.00175908
v 0.00424032 -0.01975000 0.00174720
v 0.00424032 -0.02275000 0.00174720
v 0.00425912 -0.02275000 0.00173613
v 0.00427838 -0.01975000 0.00172589
v 0.00427838 -0.02275000 0.00172589
v 0.00429807 -0.02275000 0.00171650
v 0.00431815 -0.02275000 0.00170797
v 0.00433859 -0.01975000 0.00170033
v 0.00433859 -0.02275000 0.00170033
v 0.00435933 -0.02275000 0.00169359
v 0.00438036 -0.01975000 0.00168776
v 0.00438036 -0.02275000 0.00168776
v 0.00440161 -0.02275000 0.00168286
v 0.00442306 -0.02275000 0.00167888
v 0.00444466 -0.02275000 0.00167585
v 0.00446638 -0.01975000 0.00167376
v 0.00446638 -0.02275000 0.00167376
v 0.00448816 -0.01975000 0.00167262
v 0.00448816 -0.02275000 0.00167262
v 0.00450998 -0.02275000 0.00167243
v 0.00453178 -0.01975000 0.00167319
v 0.00453178 -0.02275000 0.00167319
v 0.00455353 -0.02275000 0.00167490
v 0.00457518 -0.02275000 0.00167756
v 0.00459669 -0.02275000 0.00168116
v 0.00461803 -0.01975000 0.00168570
v 0.00461803 -0.02275000 0.00168570
v 0.00463915 -0.01975000 0.00169116
v 0.00463915 -0.02275000 0.00169116
v 0.00466001 -0.01975000 0.00169754
v 0.00466001 -0.02275000 0.00169754
v 0.00468058 -0.01975000 0.00170482
v 0.00468058 -0.02275000 0.00170482
v 0.00470080 -0.01975000 0.00171300
v 0.00470080 -0.02275000 0.00171300
v 0.00472065 -0.01975000 0.00172204
v 0.00472065 -0.02275000 0.00172204
v 0.00474009 -0.01975000 0.00173195
v 0.00474009 -0.02275000 0.00173195
v 0.00475908 -0.02275000 0.00174269
v 0.00477758 -0.02275000 0.00175425
v 0.00479555 -0.02275000 0.00176661
v 0.00481298 -0.01975000 0.00177974
v 0.00481298 -0.02275000 0.00177974
v 0.00482981 -0.01975000 0.00179361
v 0.00482981 -0.02275000 0.00179361
v 0.00484602 -0.01975000 0.00180821
v 0.00484602 -0.02275000 0.00180821
v 0.00486158 -0.02275000 0.00182350
v 0.00487645 -0.02275000 0.00183946
v 0.00489062 -0.01975000 0.00185605
v 0.00489062 -0.02275000 0.00185605
v 0.00490405 -0.02275000 0.00187324
v 0.00491672 -0.02275000 0.00189100
v 0.00492860 -0.02275000 0.00190929
v 0.00493967 -0.01975000 0.00192809
v 0.00493967 -0.02275000 0.00192809
v 0.00494991 -0.01975000 0.00194735
v 0.00494991 -0.02275000 0.00194735
v 0.00495930 -0.02275000 0.00196704
v 0.00496783 -0.01975000 0.00198712
v 0.00496783 -0.02275000 0.00198712
v 0.00497547 -0.02275000 0.00200756
v 0.00498221 -0.02275000 0.00202830
v 0.00498803 -0.01975000 0.00204932
v 0.00498803 -0.02275000 0.00204932
v 0.00499294 -0.01975000 0.00207058
v 0.00499294 -0.02275000 0.00207058
v 0.00499692 -0.02275000 0.00209203
v 0.00499995 -0.01975000 0.00211363
v 0.00499995 -0.02275000 0.00211363
v 0.00500204 -0.01975000 0.00213535
v 0.00500204 -0.02275000 0.00213535
v 0.00500318 -0.01975000 0.00215713
v 0.00500318 -0.02275000 0.00215713
v 0.00500337 -0.01975000 0.00217895
v 0.00500337 -0.02275000 0.00217895
v 0.00500261 -0.01975000 0.00220075
v 0.00500261 -0.02275000 0.00220075
v 0.00500090 -0.02275000 0.00222250
v 0.00499824 -0.02275000 0.00224415
v 0.00499464 -0.02275000 0.00226566
v 0.00499010 -0.02275000 0.00228700
v 0.00498464 -0.01975000 0.00230812
v 0.00498464 -0.02275000 0.00230812
v 0.00497826 -0.02275000 0.00232898
v 0.00497098 -0.02275000 0.00234955
v 0.00496280 -0.02275000 0.00236977
v 0.00675512 -0.02275000 0.00325858
v 0.00660655 -0.01975000 0.00355013
v 0.00660655 -0.02275000 0.00355013
v 0.00644541 -0.01975000 0.00383493
v 0.00644541 -0.02275000 0.00383493
v 0.00627200 -0.01975000 0.00411242
v 0.00627200 -0.02275000 0.00411242
v 0.00608665 -0.01975000 0.00438209
v 0.00608665 -0.02275000 0.00438209
v 0.00588971 -0.01975000 0.00464341
v 0.00588971 -0.02275000 0.00464341
v 0.00568157 -0.01975000 0.00489590
v 0.00568157 -0.02275000 0.00489590
v 0.00546260 -0.01975000 0.00513907
v 0.00546260 -0.02275000 0.00513907
v 0.00523324 -0.01975000 0.00537245
v 0.00523324 -0.02275000 0.00537245
v 0.00499392 -0.01975000 0.00559561
v 0.00499392 -0.02275000 0.00559561
v 0.00474509 -0.01975000 0.00580811
v 0.00474509 -0.02275000 0.00580811
v 0.00448722 -0.01975000 0.00600956
v 0.00448722 -0.02275000 0.00600956
v 0.00422082 -0.01975000 0.00619957
v 0.00422082 -0.02275000 0.00619957
v 0.00394638 -0.01975000 0.00637778
v 0.00394638 -0.02275000 0.00637778
v 0.00366443 -0.01975000 0.00654385
v 0.00366443 -0.02275000 0.00654385
v 0.00337550 -0.01975000 0.00669746
v 0.00337550 -0.02275000 0.00669746
v 0.00308015 -0.01975000 0.00683832
v 0.00308015 -0.02275000 0.00683832
v 0.00277894 -0.01975000 0.00696617
v 0.00277894 -0.02275000 0.00696617
v 0.00247243 -0.01975000 0.00708076
v 0.00247243 -0.02275000 0.00708076
v 0.00216122 -0.01975000 0.00718186
v 0.00216122 -0.02275000 0.00718186
v 0.00184589 -0.01975000 0.00726930
v 0.00184589 -0.02275000 0.00726930
v 0.00152706 -0.01975000 0.00734289
v 0.00152706 -0.02275000 0.00734289
v 0.00120531 -0.01975000 0.00740251
v 0.00120531 -0.02275000 0.00740251
v 0.00088127 -0.01975000 0.00744804
v 0.00088127 -0.02275000 0.00744804
v 0.00055555 -0.01975000 0.00747940
v 0.00055555 -0.02275000 0.00747940
v 0.00022877 -0.01975000 0.00749651
v 0.00022877 -0.02275000 0.00749651
v -0.00009844 -0.01975000 0.00749935
v -0.00009844 -0.02275000 0.00749935
v -0.00042546 -0.01975000 0.00748792
v -0.00042546 -0.02275000 0.00748792
v -0.00075167 -0.01975000 0.00746224
v -0.00075167 -0.02275000 0.00746224
v -0.00107646 -0.01975000 0.00742235
v -0.00107646 -0.02275000 0.00742235
v -0.00139919 -0.01975000 0.00736833
v -0.00139919 -0.02275000 0.00736833
v -0.00171926 -0.01975000 0.00730028
v -0.00171926 -0.02275000 0.00730028
v -0.00203606 -0.01975000 0.00721834
v -0.00203606 -0.02275000 0.00721834
v -0.00234898 -0.01975000 0.00712266
v -0.00234898 -0.02275000 0.00712266
v -0.00265743 -0.01975000 0.00701342
v -0.00265743 -0.02275000 0.00701342
v -0.00296082 -0.01975000 0.00689083
v -0.00296082 -0.02275000 0.00689083
v -0.00325858 -0.01975000 0.00675512
v -0.00325858 -0.02275000 0.00675512
v -0.00355013 -0.01975000 0.00660656
v -0.00355013 -0.02275000 0.00660656
v -0.00383492 -0.01975000 0.00644541
v -0.00383492 -0.02275000 0.00644541
v -0.00411242 -0.01975000 0.00627200
v -0.00411242 -0.02275000 0.00627200
v -0.00438209 -0.01975000 0.00608665
v -0.00438209 -0.02275000 0.00608665
v -0.00464341 -0.01975000 0.00588971
v -0.00464341 -0.02275000 0.00588971
v -0.00489590 -0.01975000 0.00568156
v -0.00489590 -0.02275000 0.00568156
v -0.00513906 -0.01975000 0.00546260
v -0.00513906 -0.02275000 0.00546260
v -0.00537245 -0.01975000 0.00523324
v -0.00537245 -0.02275000 0.00523324
v -0.00559561 -0.01975000 0.00499392
v -0.00559561 -0.02275000 0.00499392
v -0.00580811 -0.01975000 0.00474509
v -0.00580811 -0.02275000 0.00474509
v -0.00600956 -0.01975000 0.00448722
v -0.00600956 -0.02275000 0.00448722
v -0.00619957 -0.01975000 0.00422082
v -0.00619957 -0.02275000 0.00422082
v -0.00637778 -0.01975000 0.00394638
v -0.00637778 -0.02275000 0.00394638
v -0.00654385 -0.01975000 0.00366443
v -0.00654385 -0.02275000 0.00366443
v -0.00669746 -0.01975000 0.00337550
v -0.00669746 -0.02275000 0.00337550
v -0.00683832 -0.01975000 0.00308015
v -0.00683832 -0.02275000 0.00308015
v -0.00696617 -0.01975000 0.00277894
v -0.00696617 -0.02275000 0.00277894
v -0.00708075 -0.01975000 0.00247243
v -0.00708075 -0.02275000 0.00247243
v -0.00718186 -0.01975000 0.00216122
v -0.00718186 -0.02275000 0.00216122
v -0.00726930 -0.01975000 0.00184589
v -0.00726930 -0.02275000 0.00184589
v -0.00734289 -0.01975000 0.00152706
v -0.00734289 -0.02275000 0.00152706
v -0.00740252 -0.01975000 0.00120531
v -0.00740252 -0.02275000 0.00120531
v -0.00744804 -0.01975000 0.00088127
v -0.00744804 -0.02275000 0.00088127
v -0.00747940 -0.01975000 0.00055555
v -0.00747940 -0.02275000 0.00055555
v -0.00749651 -0.01975000 0.00022878
v -0.00749651 -0.02275000 0.00022878
v -0.00749935 -0.01975000 -0.00009844
v -0.00749935 -0.02275000 -0.00009844
v -0.00748792 -0.01975000 -0.00042546
v -0.00748792 -0.02275000 -0.00042546
v -0.00746224 -0.01975000 -0.00075167
v -0.00746224 -0.02275000 -0.00075167
v -0.00742235 -0.01975000 -0.00107646
v -0.00742235 -0.02275000 -0.00107646
v -0.00736833 -0.01975000 -0.00139919
v -0.00736833 -0.02275000 -0.00139919
v -0.00730028 -0.01975000 -0.00171926
v -0.00730028 -0.02275000 -0.00171926
v -0.00721834 -0.01975000 -0.00203606
v -0.00721834 -0.02275000 -0.00203606
v -0.00712266 -0.01975000 -0.00234898
v -0.00712266 -0.02275000 -0.00234898
v -0.00701342 -0.01975000 -0.00265743
v -0.00701342 -0.02275000 -0.00265743
v -0.00689083 -0.01975000 -0.00296082
v -0.00689083 -0.02275000 -0.00296082
v -0.00675512 -0.01975000 -0.00325858
v -0.00675512 -0.02275000 -0.00325858
v -0.00660656 -0.01975000 -0.00355013
v -0.00660656 -0.02275000 -0.00355013
v -0.00644541 -0.01975000 -0.00383492
v -0.00644541 -0.02275000 -0.00383492
v -0.00627200 -0.01975000 -0.00411242
v -0.00627200 -0.02275000 -0.00411242
v -0.00608665 -0.01975000 -0.00438209
v -0.00608665 -0.02275000 -0.00438209
v -0.00588971 -0.01975000 -0.00464341
v -0.00588971 -0.02275000 -0.00464341
v -0.00568156 -0.01975000 -0.00489590
v -0.00568156 -0.02275000 -0.00489590
v -0.00546260 -0.01975000 -0.00513906
v -0.00546260 -0.02275000 -0.00513906
v -0.00523324 -0.01975000 -0.00537245
v -0.00523324 -0.02275000 -0.00537245
v -0.00499392 -0.01975000 -0.00559561
v -0.00499392 -0.02275000 -0.00559561
v -0.00474509 -0.01975000 -0.00580811
v -0.00474509 -0.02275000 -0.00580811
v -0.00448722 -0.01975000 -0.00600956
v -0.00448722 -0.02275000 -0.00600956
v -0.00422082 -0.01975000 -0.00619957
v -0.00422082 -0.02275000 -0.00619957
v -0.00394638 -0.01975000 -0.00637778
v -0.00394638 -0.02275000 -0.00637778
v -0.00366443 -0.01975000 -0.00654385
v -0.00366443 -0.02275000 -0.00654385
v -0.00337550 -0.01975000 -0.00669746
v -0.00337550 -0.02275000 -0.00669746
v -0.00308015 -0.01975000 -0.00683832
v -0.00308015 -0.02275000 -0.00683832
v -0.00277894 -0.01975000 -0.00696617
v -0.00277894 -0.02275000 -0.00696617
v -0.00247243 -0.01975000 -0.00708075
v -0.00247243 -0.02275000 -0.00708075
v -0.00216122 -0.01975000 -0.00718186
v -0.00216122 -0.02275000 -0.00718186
v -0.00184589 -0.01975000 -0.00726930
v -0.00184589 -0.02275000 -0.00726930
v -0.00152705 -0.01975000 -0.00734290
v -0.00152705 -0.02275000 -0.00734290
v -0.00120531 -0.01975000 -0.00740252
v -0.00120531 -0.02275000 -0.00740252
v -0.00088127 -0.01975000 -0.00744804
v -0.00088127 -0.02275000 -0.00744804
v -0.00055555 -0.01975000 -0.00747940
v -0.00055555 -0.02275000 -0.00747940
v -0.00022878 -0.01975000 -0.00749651
v -0.00022878 -0.02275000 -0.00749651
v 0.00009844 -0.01975000 -0.00749935
v 0.00009844 -0.02275000 -0.00749935
v 0.00042546 -0.01975000 -0.00748792
v 0.00042546 -0.02275000 -0.00748792
v 0.00075167 -0.01975000 -0.00746224
v 0.00075167 -0.02275000 -0.00746224
v 0.00107646 -0.01975000 -0.00742235
v 0.00107646 -0.02275000 -0.00742235
v 0.00139919 -0.01975000 -0.00736833
v 0.00139919 -0.02275000 -0.00736833
v 0.00171926 -0.01975000 -0.00730028
v 0.00171926 -0.02275000 -0.00730028
v 0.00203606 -0.01975000 -0.00721834
v 0.00203606 -0.02275000 -0.00721834
v 0.00234898 -0.01975000 -0.00712266
v 0.00234898 -0.02275000 -0.00712266
v 0.00265743 -0.01975000 -0.00701342
v 0.00265743 -0.02275000 -0.00701342
v 0.00296082 -0.01975000 -0.00689083
v 0.00296082 -0.02275000 -0.00689083
v 0.00325858 -0.01975000 -0.00675512
v 0.00325858 -0.02275000 -0.00675512
v 0.00355013 -0.01975000 -0.00660656
v 0.00355013 -0.02275000 -0.00660656
v 0.00383492 -0.01975000 -0.00644541
v 0.00383492 -0.02275000 -0.00644541
v 0.00411242 -0.01975000 -0.00627200
v 0.00411242 -0.02275000 -0.00627200
v 0.00438209 -0.01975000 -0.00608665
v 0.00438209 -0.02275000 -0.00608665
v 0.00464341 -0.01975000 -0.00588971
v 0.00464341 -0.02275000 -0.00588971
v 0.00489590 -0.01975000 -0.00568157
v 0.00489590 -0.02275000 -0.00568157
v 0.00513906 -0.01975000 -0.00546260
v 0.00513906 -0.02275000 -0.00546260
v 0.00537245 -0.01975000 -0.00523324
v 0.00537245 -0.02275000 -0.00523324
v 0.00559561 -0.01975000 -0.00499392
v 0.00559561 -0.02275000 -0.00499392
v 0.00580811 -0.01975000 -0.00474509
v 0.00580811 -0.02275000 -0.00474509
v 0.00600956 -0.01975000 -0.00448722
v 0.00600956 -0.02275000 -0.00448722
v 0.00619957 -0.01975000 -0.00422082
v 0.00619957 -0.02275000 -0.00422082
v 0.00637778 -0.01975000 -0.00394638
v 0.00637778 -0.02275000 -0.00394638
v 0.00654385 -0.01975000 -0.00366443
v 0.00654385 -0.02275000 -0.00366443
v 0.00669746 -0.01975000 -0.00337550
v 0.00669746 -0.02275000 -0.00337550
v 0.00683832 -0.01975000 -0.00308015
v 0.00683832 -0.02275000 -0.00308015
v 0.00696617 -0.01975000 -0.00277894
v 0.00696617 -0.02275000 -0.00277894
v 0.00708075 -0.01975000 -0.00247243
v 0.00708075 -0.02275000 -0.00247243
v 0.00718186 -0.01975000 -0.00216122
v 0.00718186 -0.02275000 -0.00216122
v 0.00726930 -0.01975000 -0.00184589
v 0.00726930 -0.02275000 -0.00184589
v 0.00734289 -0.01975000 -0.00152705
v 0.00734289 -0.02275000 -0.00152705
v 0.00740251 -0.01975000 -0.00120531
v 0.00740251 -0.02275000 -0.00120531
v 0.00744804 -0.01975000 -0.00088127
v 0.00744804 -0.02275000 -0.00088127
v 0.00747939 -0.01975000 -0.00055555
v 0.00747939 -0.02275000 -0.00055555
v 0.00749651 -0.01975000 -0.00022878
v 0.00749651 -0.02275000 -0.00022878
v 0.00749935 -0.01975000 0.00009844
v 0.00749935 -0.02275000 0.00009844
v 0.00748792 -0.01975000 0.00042546
v 0.00748792 -0.02275000 0.00042546
v 0.00746224 -0.01975000 0.00075167
v 0.00746224 -0.02275000 0.00075167
v 0.00742235 -0.01975000 0.00107646
v 0.00742235 -0.02275000 0.00107646
v 0.00736833 -0.01975000 0.00139919
v 0.00736833 -0.02275000 0.00139919
v 0.00730028 -0.01975000 0.00171926
v 0.00730028 -0.02275000 0.00171926
v 0.00721834 -0.01975000 0.00203606
v 0.00721834 -0.02275000 0.00203606
v 0.00712266 -0.01975000 0.00234898
v 0.00712266 -0.02275000 0.00234898
v 0.00701342 -0.01975000 0.00265743
v 0.00701342 -0.02275000 0.00265743
v 0.00689083 -0.01975000 0.00296082
v 0.00689083 -0.02275000 0.00296082
v 0.00675512 -0.01975000 0.00325858
v 0.00218866 -0.02275000 0.00105578
v 0.00214052 -0.02275000 0.00115024
v 0.00208831 -0.02275000 0.00124252
v 0.00203213 -0.02275000 0.00133242
v 0.00197207 -0.02275000 0.00141980
v 0.00190827 -0.02275000 0.00150447
v 0.00184083 -0.02275000 0.00158627
v 0.00176988 -0.02275000 0.00166506
v 0.00169557 -0.02275000 0.00174067
v 0.00161803 -0.02275000 0.00181298
v 0.00153741 -0.02275000 0.00188183
v 0.00145386 -0.02275000 0.00194710
v 0.00136755 -0.02275000 0.00200866
v 0.00127863 -0.02275000 0.00206640
v 0.00118727 -0.02275000 0.00212021
v 0.00109366 -0.02275000 0.00216998
v 0.00099797 -0.02275000 0.00221562
v 0.00090037 -0.02275000 0.00225704
v 0.00080107 -0.02275000 0.00229416
v 0.00070024 -0.02275000 0.00232692
v 0.00059807 -0.02275000 0.00235525
v 0.00049477 -0.02275000 0.00237910
v 0.00039052 -0.02275000 0.00239842
v 0.00028553 -0.02275000 0.00241317
v 0.00018000 -0.02275000 0.00242333
v 0.00007412 -0.02275000 0.00242887
v -0.00003189 -0.02275000 0.00242979
v -0.00013785 -0.02275000 0.00242609
v -0.00024354 -0.02275000 0.00241777
v -0.00034877 -0.02275000 0.00240484
v -0.00045334 -0.02275000 0.00238734
v -0.00055704 -0.02275000 0.00236529
v -0.00065968 -0.02275000 0.00233874
v -0.00076107 -0.02275000 0.00230774
v -0.00086101 -0.02275000 0.00227235
v -0.00095931 -0.02275000 0.00223263
v -0.00105578 -0.02275000 0.00218866
v -0.00115024 -0.02275000 0.00214052
v -0.00124252 -0.02275000 0.00208831
v -0.00133242 -0.02275000 0.00203213
v -0.00141980 -0.02275000 0.00197207
v -0.00150447 -0.02275000 0.00190827
v -0.00158627 -0.02275000 0.00184083
v -0.00166506 -0.02275000 0.00176988
v -0.00174067 -0.02275000 0.00169557
v -0.00181298 -0.02275000 0.00161803
v -0.00188183 -0.02275000 0.00153741
v -0.00194710 -0.02275000 0.00145386
v -0.00200866 -0.02275000 0.00136755
v -0.00206640 -0.02275000 0.00127863
v -0.00212021 -0.02275000 0.00118728
v -0.00216998 -0.02275000 0.00109366
v -0.00221562 -0.02275000 0.00099797
v -0.00225704 -0.02275000 0.00090037
v -0.00229416 -0.02275000 0.00080107
v -0.00232692 -0.02275000 0.00070024
v -0.00235525 -0.02275000 0.00059807
v -0.00237910 -0.02275000 0.00049477
v -0.00239841 -0.02275000 0.00039052
v -0.00241317 -0.02275000 0.00028553
v -0.00242332 -0.02275000 0.00018000
v -0.00242887 -0.02275000 0.00007412
v -0.00242979 -0.02275000 -0.00003189
v -0.00242609 -0.02275000 -0.00013785
v -0.00241776 -0.02275000 -0.00024354
v -0.00240484 -0.02275000 -0.00034877
v -0.00238734 -0.02275000 -0.00045334
v -0.00236529 -0.02275000 -0.00055704
v -0.00233874 -0.02275000 -0.00065968
v -0.00230774 -0.02275000 -0.00076107
v -0.00227235 -0.02275000 -0.00086101
v -0.00223263 -0.02275000 -0.00095931
v -0.00218866 -0.02275000 -0.00105578
v -0.00214052 -0.02275000 -0.00115024
v -0.00208831 -0.02275000 -0.00124252
v -0.00203213 -0.02275000 -0.00133242
v -0.00197208 -0.02275000 -0.00141980
v -0.00190827 -0.02275000 -0.00150447
v -0.00184083 -0.02275000 -0.00158627
v -0.00176988 -0.02275000 -0.00166506
v -0.00169557 -0.02275000 -0.00174067
v -0.00161803 -0.02275000 -0.00181298
v -0.00153741 -0.02275000 -0.00188183
v -0.00145386 -0.02275000 -0.00194710
v -0.00136754 -0.02275000 -0.00200866
v -0.00127863 -0.02275000 -0.00206640
v -0.00118728 -0.02275000 -0.00212021
v -0.00109366 -0.02275000 -0.00216998
v -0.00099797 -0.02275000 -0.00221562
v -0.00090037 -0.02275000 -0.00225704
v -0.00080107 -0.02275000 -0.00229416
v -0.00070024 -0.02275000 -0.00232692
v -0.00059807 -0.02275000 -0.00235525
v -0.00049477 -0.02275000 -0.00237910
v -0.00039052 -0.02275000 -0.00239841
v -0.00028553 -0.02275000 -0.00241317
v -0.00018000 -0.02275000 -0.00242332
v -0.00007412 -0.02275000 -0.00242887
v 0.00003189 -0.02275000 -0.00242979
v 0.00013785 -0.02275000 -0.00242609
v 0.00024354 -0.02275000 -0.00241776
v 0.00034877 -0.02275000 -0.00240484
v 0.00045334 -0.02275000 -0.00238734
v 0.00055704 -0.02275000 -0.00236529
v 0.00065968 -0.02275000 -0.00233874
v 0.00076107 -0.02275000 -0.00230774
v 0.00086101 -0.02275000 -0.00227235
v 0.00095931 -0.02275000 -0.00223263
v 0.00105578 -0.02275000 -0.00218866
v 0.00115024 -0.02275000 -0.00214052
v 0.00124252 -0.02275000 -0.00208831
v 0.00133242 -0.02275000 -0.00203213
v 0.00141980 -0.02275000 -0.00197207
v 0.00150446 -0.02275000 -0.00190827
v 0.00158627 -0.02275000 -0.00184083
v 0.00166506 -0.02275000 -0.00176988
v 0.00174067 -0.02275000 -0.00169557
v 0.00181298 -0.02275000 -0.00161803
v 0.00188183 -0.02275000 -0.00153741
v 0.00194710 -0.02275000 -0.00145386
v 0.00200866 -0.02275000 -0.00136755
v 0.00206640 -0.02275000 -0.00127863
v 0.00212021 -0.02275000 -0.00118727
v 0.00216998 -0.02275000 -0.00109366
v 0.00221562 -0.02275000 -0.00099797
v 0.00225704 -0.02275000 -0.00090038
v 0.00229416 -0.02275000 -0.00080107
v 0.00232692 -0.02275000 -0.00070023
v 0.00235525 -0.02275000 -0.00059807
v 0.00237910 -0.02275000 -0.00049477
v 0.00239841 -0.02275000 -0.00039052
v 0.00241317 -0.02275000 -0.00028553
v 0.00242332 -0.02275000 -0.00018000
v 0.00242887 -0.02275000 -0.00007412
v 0.00242979 -0.02275000 0.00003189
v 0.00242609 -0.02275000 0.00013785
v 0.00241777 -0.02275000 0.00024354
v 0.00240484 -0.02275000 0.00034877
v 0.00238734 -0.02275000 0.00045334
v 0.00236529 -0.02275000 0.00055704
v 0.00233874 -0.02275000 0.00065968
v 0.00230774 -0.02275000 0.00076107
v 0.00227235 -0.02275000 0.00086101
v 0.00223263 -0.02275000 0.00095931
v 0.00088227 0.01245000 -0.00232845
v 0.00098299 0.01245000 -0.00228776
v -0.00000000 0.01245000 0.00000000
v 0.00108185 0.01245000 -0.00224270
v 0.00117864 0.01245000 -0.00219338
v 0.00057079 0.01245000 -0.00242369
v 0.00067597 0.01245000 -0.00239649
v 0.00077986 0.01245000 -0.00236472
v 0.00024956 0.01245000 -0.00247746
v 0.00035738 0.01245000 -0.00246422
v 0.00046453 0.01245000 -0.00244628
v -0.00007595 0.01245000 -0.00248884
v 0.00003268 0.01245000 -0.00248979
v 0.00014125 0.01245000 -0.00248599
v -0.00040016 0.01245000 -0.00245763
v -0.00029258 0.01245000 -0.00247275
v -0.00018444 0.01245000 -0.00248316
v -0.00071752 0.01245000 -0.00238438
v -0.00061284 0.01245000 -0.00241341
v -0.00050698 0.01245000 -0.00243784
v -0.00102261 0.01245000 -0.00227032
v -0.00092261 0.01245000 -0.00231277
v -0.00082085 0.01245000 -0.00235081
v -0.00131020 0.01245000 -0.00211742
v -0.00121659 0.01245000 -0.00217256
v -0.00112067 0.01245000 -0.00222356
v -0.00157537 0.01245000 -0.00192829
v -0.00148976 0.01245000 -0.00199517
v -0.00140131 0.01245000 -0.00205826
v -0.00181358 0.01245000 -0.00170617
v -0.00173744 0.01245000 -0.00178365
v -0.00165798 0.01245000 -0.00185774
v -0.00202077 0.01245000 -0.00145485
v -0.00195539 0.01245000 -0.00154161
v -0.00188628 0.01245000 -0.00162544
v -0.00219338 0.01245000 -0.00117864
v -0.00213988 0.01245000 -0.00127319
v -0.00208231 0.01245000 -0.00136532
v -0.00232846 0.01245000 -0.00088227
v -0.00228776 0.01245000 -0.00098299
v -0.00224270 0.01245000 -0.00108185
v -0.00242369 0.01245000 -0.00057079
v -0.00239649 0.01245000 -0.00067597
v -0.00236472 0.01245000 -0.00077986
v -0.00247746 0.01245000 -0.00024955
v -0.00246422 0.01245000 -0.00035738
v -0.00244629 0.01245000 -0.00046453
v -0.00248884 0.01245000 0.00007595
v -0.00248978 0.01245000 -0.00003268
v -0.00248599 0.01245000 -0.00014125
v -0.00245763 0.01245000 0.00040016
v -0.00247275 0.01245000 0.00029258
v -0.00248316 0.01245000 0.00018444
v -0.00238438 0.01245000 0.00071753
v -0.00241341 0.01245000 0.00061284
v -0.00243784 0.01245000 0.00050698
v -0.00227032 0.01245000 0.00102261
v -0.00231277 0.01245000 0.00092261
v -0.00235081 0.01245000 0.00082085
v -0.00211742 0.01245000 0.00131020
v -0.00217256 0.01245000 0.00121659
v -0.00222356 0.01245000 0.00112067
v -0.00192829 0.01245000 0.00157537
v -0.00199518 0.01245000 0.00148976
v -0.00205826 0.01245000 0.00140131
v -0.00170617 0.01245000 0.00181358
v -0.00178365 0.01245000 0.00173744
v -0.00185774 0.01245000 0.00165798
v -0.00145485 0.01245000 0.00202077
v -0.00154161 0.01245000 0.00195538
v -0.00162544 0.01245000 0.00188628
v -0.00117864 0.01245000 0.00219338
v -0.00127320 0.01245000 0.00213988
v -0.00136532 0.01245000 0.00208231
v -0.00088227 0.01245000 0.00232846
v -0.00098299 0.01245000 0.00228776
v -0.00108185 0.01245000 0.00224270
v -0.00057079 0.01245000 0.00242369
v -0.00067597 0.01245000 0.00239649
v -0.00077986 0.01245000 0.00236472
v -0.00024956 0.01245000 0.00247746
v -0.00035738 0.01245000 0.00246422
v -0.00046453 0.01245000 0.00244629
v 0.00007595 0.01245000 0.00248884
v -0.00003268 0.01245000 0.00248979
v -0.00014125 0.01245000 0.00248599
v 0.00040016 0.01245000 0.00245764
v 0.00029258 0.01245000 0.00247275
v 0.00018444 0.01245000 0.00248316
v 0.00071752 0.01245000 0.00238438
v 0.00061284 0.01245000 0.00241341
v 0.00050698 0.01245000 0.00243784
v 0.00102261 0.01245000 0.00227032
v 0.00092261 0.01245000 0.00231277
v 0.00082085 0.01245000 0.00235081
v 0.00131020 0.01245000 0.00211742
v 0.00121659 0.01245000 0.00217256
v 0.00112067 0.01245000 0.00222356
v 0.00157537 0.01245000 0.00192829
v 0.00148976 0.01245000 0.00199518
v 0.00140131 0.01245000 0.00205826
v 0.00181358 0.01245000 0.00170617
v 0.00173744 0.01245000 0.00178365
v 0.00165798 0.01245000 0.00185774
v 0.00202077 0.01245000 0.00145485
v 0.00195539 0.01245000 0.00154161
v 0.00188628 0.01245000 0.00162544
v 0.00219338 0.01245000 0.00117864
v 0.00213988 0.01245000 0.00127320
v 0.00208230 0.01245000 0.00136532
v 0.00232845 0.01245000 0.00088227
v 0.00228776 0.01245000 0.00098299
v 0.00224270 0.01245000 0.00108185
v 0.00242369 0.01245000 0.00057080
v 0.00239649 0.01245000 0.00067597
v 0.00236472 0.01245000 0.00077986
v 0.00247746 0.01245000 0.00024956
v 0.00246422 0.01245000 0.00035738
v 0.00244628 0.01245000 0.00046453
v 0.00248884 0.01245000 -0.00007595
v 0.00248979 0.01245000 0.00003268
v 0.00248599 0.01245000 0.00014125
v 0.00245764 0.01245000 -0.00040016
v 0.00247275 0.01245000 -0.00029258
v 0.00248316 0.01245000 -0.00018444
v 0.00238438 0.01245000 -0.00071752
v 0.00241341 0.01245000 -0.00061284
v 0.00243784 0.01245000 -0.00050698
v 0.00227032 0.01245000 -0.00102261
v 0.00231277 0.01245000 -0.00092261
v 0.00235081 0.01245000 -0.00082085
v 0.00211742 0.01245000 -0.00131020
v 0.00217256 0.01245000 -0.00121659
v 0.00222356 0.01245000 -0.00112067
v 0.00192829 0.01245000 -0.00157537
v 0.00199517 0.01245000 -0.00148976
v 0.00205826 0.01245000 -0.00140131
v 0.00170617 0.01245000 -0.00181358
v 0.00178365 0.01245000 -0.00173744
v 0.00185774 0.01245000 -0.00165798
v 0.00145485 0.01245000 -0.00202077
v 0.00154161 0.01245000 -0.00195539
v 0.00162544 0.01245000 -0.00188628
v 0.00127319 0.01245000 -0.00213988
v 0.00136532 0.01245000 -0.00208230
v 0.00195515 0.01945000 -0.00405307
v 0.00195515 0.02245000 -0.00405307
v 0.00197500 0.01945000 -0.00404403
v 0.00197500 0.02245000 -0.00404403
v 0.00199522 0.01945000 -0.00403585
v 0.00199522 0.02245000 -0.00403585
v 0.00201579 0.01945000 -0.00402857
v 0.00201579 0.02245000 -0.00402857
v 0.00203665 0.01945000 -0.00402219
v 0.00203665 0.02245000 -0.00402219
v 0.00205777 0.01945000 -0.00401673
v 0.00205777 0.02245000 -0.00401673
v 0.00207911 0.01945000 -0.00401219
v 0.00207911 0.02245000 -0.00401219
v 0.00210062 0.01945000 -0.00400859
v 0.00210062 0.02245000 -0.00400859
v 0.00212227 0.01945000 -0.00400593
v 0.00212227 0.02245000 -0.00400593
v 0.00214402 0.01945000 -0.00400422
v 0.00214402 0.02245000 -0.00400422
v 0.00216582 0.01945000 -0.00400346
v 0.00216582 0.02245000 -0.00400346
v 0.00218764 0.01945000 -0.00400365
v 0.00218764 0.02245000 -0.00400365
v 0.00220942 0.01945000 -0.00400479
v 0.00220942 0.02245000 -0.00400479
v 0.00223114 0.01945000 -0.00400688
v 0.00223114 0.02245000 -0.00400688
v 0.00225274 0.01945000 -0.00400991
v 0.00225274 0.02245000 -0.00400991
v 0.00227419 0.01945000 -0.00401389
v 0.00227419 0.02245000 -0.00401389
v 0.00229544 0.01945000 -0.00401880
v 0.00229544 0.02245000 -0.00401880
v 0.00231647 0.01945000 -0.00402462
v 0.00231647 0.02245000 -0.00402462
v 0.00233721 0.01945000 -0.00403136
v 0.00233721 0.02245000 -0.00403136
v 0.00235765 0.01945000 -0.00403900
v 0.00235765 0.02245000 -0.00403900
v 0.00237773 0.01945000 -0.00404753
v 0.00237773 0.02245000 -0.00404753
v 0.00239742 0.01945000 -0.00405692
v 0.00239742 0.02245000 -0.00405692
v 0.00241668 0.01945000 -0.00406716
v 0.00241668 0.02245000 -0.00406716
v 0.00243548 0.01945000 -0.00407823
v 0.00243548 0.02245000 -0.00407823
v 0.00245377 0.01945000 -0.00409011
v 0.00245377 0.02245000 -0.00409011
v 0.00247153 0.01945000 -0.00410278
v 0.00247153 0.02245000 -0.00410278
v 0.00248872 0.01945000 -0.00411621
v 0.00248872 0.02245000 -0.00411621
v 0.00250531 0.01945000 -0.00413037
v 0.00250531 0.02245000 -0.00413037
v 0.00252127 0.01945000 -0.00414525
v 0.00252127 0.02245000 -0.00414525
v 0.00253656 0.01945000 -0.00416081
v 0.00253656 0.02245000 -0.00416081
v 0.00255116 0.01945000 -0.00417702
v 0.00255116 0.02245000 -0.00417702
v 0.00256503 0.01945000 -0.00419385
v 0.00256503 0.02245000 -0.00419385
v 0.00257816 0.01945000 -0.00421128
v 0.00257816 0.02245000 -0.00421128
v 0.00259052 0.01945000 -0.00422925
v 0.00259052 0.02245000 -0.00422925
v 0.00260208 0.01945000 -0.00424775
v 0.00260208 0.02245000 -0.00424775
v 0.00261282 0.01945000 -0.00426674
v 0.00261282 0.02245000 -0.00426674
v 0.00262273 0.01945000 -0.00428618
v 0.00262273 0.02245000 -0.00428618
v 0.00263177 0.01945000 -0.00430603
v 0.00263177 0.02245000 -0.00430603
v 0.00263995 0.01945000 -0.00432625
v 0.00263995 0.02245000 -0.00432625
v 0.00264723 0.01945000 -0.00434682
v 0.00264723 0.02245000 -0.00434682
v 0.00265361 0.01945000 -0.00436768
v 0.00265361 0.02245000 -0.00436768
v 0.00265907 0.01945000 -0.00438880
v 0.00265907 0.02245000 -0.00438880
v 0.00266361 0.01945000 -0.00441014
v 0.00266361 0.02245000 -0.00441014
v 0.00266721 0.01945000 -0.00443165
v 0.00266721 0.02245000 -0.00443165
v 0.00266987 0.01945000 -0.00445330
v 0.00266987 0.02245000 -0.00445330
v 0.00267158 0.01945000 -0.00447505
v 0.00267158 0.02245000 -0.00447505
v 0.00267234 0.01945000 -0.00449685
v 0.00267234 0.02245000 -0.00449685
v 0.00267215 0.01945000 -0.00451867
v 0.00267215 0.02245000 -0.00451867
v 0.00267101 0.01945000 -0.00454045
v 0.00267101 0.02245000 -0.00454045
v 0.00266892 0.01945000 -0.00456217
v 0.00266892 0.02245000 -0.00456217
v 0.00266589 0.01945000 -0.00458377
v 0.00266589 0.02245000 -0.00458377
v 0.00266191 0.01945000 -0.00460522
v 0.00266191 0.02245000 -0.00460522
v 0.00265700 0.01945000 -0.00462647
v 0.00265700 0.02245000 -0.00462647
v 0.00265118 0.01945000 -0.00464750
v 0.00265118 0.02245000 -0.00464750
v 0.00264443 0.01945000 -0.00466824
v 0.00264443 0.02245000 -0.00466824
v 0.00263680 0.01945000 -0.00468868
v 0.00263680 0.02245000 -0.00468868
v 0.00262827 0.01945000 -0.00470876
v 0.00262827 0.02245000 -0.00470876
v 0.00261888 0.01945000 -0.00472845
v 0.00261888 0.02245000 -0.00472845
v 0.00260864 0.01945000 -0.00474771
v 0.00260864 0.02245000 -0.00474771
v 0.00259757 0.01945000 -0.00476651
v 0.00259757 0.02245000 -0.00476651
v 0.00258569 0.01945000 -0.00478480
v 0.00258569 0.02245000 -0.00478480
v 0.00257302 0.01945000 -0.00480256
v 0.00257302 0.02245000 -0.00480256
v 0.00255959 0.01945000 -0.00481975
v 0.00255959 0.02245000 -0.00481975
v 0.00254542 0.01945000 -0.00483634
v 0.00254542 0.02245000 -0.00483634
v 0.00253055 0.01945000 -0.00485230
v 0.00253055 0.02245000 -0.00485230
v 0.00251499 0.01945000 -0.00486759
v 0.00251499 0.02245000 -0.00486759
v 0.00249878 0.01945000 -0.00488219
v 0.00249878 0.02245000 -0.00488219
v 0.00248194 0.01945000 -0.00489606
v 0.00248194 0.02245000 -0.00489606
v 0.00246452 0.01945000 -0.00490919
v 0.00246452 0.02245000 -0.00490919
v 0.00244655 0.01945000 -0.00492155
v 0.00244655 0.02245000 -0.00492155
v 0.00242805 0.01945000 -0.00493311
v 0.00242805 0.02245000 -0.00493311
v 0.00240906 0.01945000 -0.00494385
v 0.00240906 0.02245000 -0.00494385
v 0.00238962 0.01945000 -0.00495376
v 0.00238962 0.02245000 -0.00495376
v 0.00236977 0.01945000 -0.00496280
v 0.00236977 0.02245000 -0.00496280
v 0.00234955 0.01945000 -0.00497098
v 0.00234955 0.02245000 -0.00497098
v 0.00232898 0.01945000 -0.00497826
v 0.00232898 0.02245000 -0.00497826
v 0.00230812 0.01945000 -0.00498464
v 0.00230812 0.02245000 -0.00498464
v 0.00228700 0.01945000 -0.00499010
v 0.00228700 0.02245000 -0.00499010
v 0.00226566 0.01945000 -0.00499464
v 0.00226566 0.02245000 -0.00499464
v 0.00224415 0.01945000 -0.00499824
v 0.00224415 0.02245000 -0.00499824
v 0.00222250 0.01945000 -0.00500090
v 0.00222250 0.02245000 -0.00500090
v 0.00220075 0.01945000 -0.00500261
v 0.00220075 0.02245000 -0.00500261
v 0.00217895 0.01945000 -0.00500337
v 0.00217895 0.02245000 -0.00500337
v 0.00215713 0.01945000 -0.00500318
v 0.00215713 0.02245000 -0.00500318
v 0.00213535 0.01945000 -0.00500204
v 0.00213535 0.02245000 -0.00500204
v 0.00211363 0.01945000 -0.00499995
v 0.00211363 0.02245000 -0.00499995
v 0.00209203 0.01945000 -0.00499692
v 0.00209203 0.02245000 -0.00499692
v 0.00207058 0.01945000 -0.00499294
v 0.00207058 0.02245000 -0.00499294
v 0.00204933 0.01945000 -0.00498803
v 0.00204933 0.02245000 -0.00498803
v 0.00202830 0.01945000 -0.00498220
v 0.00202830 0.02245000 -0.00498220
v 0.00200756 0.01945000 -0.00497547
v 0.00200756 0.02245000 -0.00497547
v 0.00198712 0.01945000 -0.00496783
v 0.00198712 0.02245000 -0.00496783
v 0.00196704 0.01945000 -0.00495930
v 0.00196704 0.02245000 -0.00495930
v 0.00194735 0.01945000 -0.00494991
v 0.00194735 0.02245000 -0.00494991
v 0.00192809 0.01945000 -0.00493967
v 0.00192809 0.02245000 -0.00493967
v 0.00190929 0.01945000 -0.00492860
v 0.00190929 0.02245000 -0.00492860
v 0.00189100 0.01945000 -0.00491672
v 0.00189100 0.02245000 -0.00491672
v 0.00187324 0.01945000 -0.00490405
v 0.00187324 0.02245000 -0.00490405
v 0.00185605 0.01945000 -0.00489062
v 0.00185605 0.02245000 -0.00489062
v 0.00183946 0.01945000 -0.00487645
v 0.00183946 0.02245000 -0.00487645
v 0.00182350 0.01945000 -0.00486158
v 0.00182350 0.02245000 -0.00486158
v 0.00180821 0.01945000 -0.00484602
v 0.00180821 0.02245000 -0.00484602
v 0.00179361 0.01945000 -0.00482981
v 0.00179361 0.02245000 -0.00482981
v 0.00177974 0.01945000 -0.00481298
v 0.00177974 0.02245000 -0.00481298
v 0.00176661 0.01945000 -0.00479555
v 0.00176661 0.02245000 -0.00479555
v 0.00175425 0.01945000 -0.00477758
v 0.00175425 0.02245000 -0.00477758
v 0.00174269 0.01945000 -0.00475908
v 0.00174269 0.02245000 -0.00475908
v 0.00173195 0.01945000 -0.00474009
v 0.00173195 0.02245000 -0.00474009
v 0.00172204 0.01945000 -0.00472065
v 0.00172204 0.02245000 -0.00472065
v 0.00171300 0.01945000 -0.00470080
v 0.00171300 0.02245000 -0.00470080
v 0.00170482 0.01945000 -0.00468058
v 0.00170482 0.02245000 -0.00468058
v 0.00169754 0.01945000 -0.00466001
v 0.00169754 0.02245000 -0.00466001
v 0.00169116 0.01945000 -0.00463915
v 0.00169116 0.02245000 -0.00463915
v 0.00168570 0.01945000 -0.00461803
v 0.00168570 0.02245000 -0.00461803
v 0.00168116 0.01945000 -0.00459669
v 0.00168116 0.02245000 -0.00459669
v 0.00167756 0.01945000 -0.00457518
v 0.00167756 0.02245000 -0.00457518
v 0.00167490 0.01945000 -0.00455353
v 0.00167490 0.02245000 -0.00455353
v 0.00167319 0.01945000 -0.00453178
v 0.00167319 0.02245000 -0.00453178
v 0.00167243 0.01945000 -0.00450998
v 0.00167243 0.02245000 -0.00450998
v 0.00167262 0.01945000 -0.00448816
v 0.00167262 0.02245000 -0.00448816
v 0.00167376 0.01945000 -0.00446638
v 0.00167376 0.02245000 -0.00446638
v 0.00167585 0.01945000 -0.00444466
v 0.00167585 0.02245000 -0.00444466
v 0.00167888 0.01945000 -0.00442306
v 0.00167888 0.02245000 -0.00442306
v 0.00168286 0.01945000 -0.00440161
v 0.00168286 0.02245000 -0.00440161
v 0.00168777 0.01945000 -0.00438036
v 0.00168777 0.02245000 -0.00438036
v 0.00169359 0.01945000 -0.00435933
v 0.00169359 0.02245000 -0.00435933
v 0.00170033 0.01945000 -0.00433859
v 0.00170033 0.02245000 -0.00433859
v 0.00170797 0.01945000 -0.00431815
v 0.00170797 0.02245000 -0.00431815
v 0.00171650 0.01945000 -0.00429807
v 0.00171650 0.02245000 -0.00429807
v 0.00172589 0.01945000 -0.00427838
v 0.00172589 0.02245000 -0.00427838
v 0.00173613 0.01945000 -0.00425912
v 0.00173613 0.02245000 -0.00425912
v 0.00174720 0.01945000 -0.00424032
v 0.00174720 0.02245000 -0.00424032
v 0.00175908 0.01945000 -0.00422203
v 0.00175908 0.02245000 -0.00422203
v 0.00177175 0.01945000 -0.00420427
v 0.00177175 0.02245000 -0.00420427
v 0.00178518 0.01945000 -0.00418708
v 0.00178518 0.02245000 -0.00418708
v 0.00179934 0.01945000 -0.00417049
v 0.00179934 0.02245000 -0.00417049
v 0.00181422 0.01945000 -0.00415453
v 0.00181422 0.02245000 -0.00415453
v 0.00182978 0.01945000 -0.00413924
v 0.00182978 0.02245000 -0.00413924
v 0.00184599 0.01945000 -0.00412464
v 0.00184599 0.02245000 -0.00412464
v 0.00186282 0.01945000 -0.00411077
v 0.00186282 0.02245000 -0.00411077
v 0.00188025 0.01945000 -0.00409764
v 0.00188025 0.02245000 -0.00409764
v 0.00189822 0.01945000 -0.00408528
v 0.00189822 0.02245000 -0.00408528
v 0.00191672 0.01945000 -0.00407372
v 0.00191672 0.02245000 -0.00407372
v 0.00193571 0.01945000 -0.00406298
v 0.00193571 0.02245000 -0.00406298
v -0.00238962 0.01945000 0.00495376
v -0.00238962 0.02245000 0.00495376
v -0.00236977 0.01945000 0.00496280
v -0.00236977 0.02245000 0.00496280
v -0.00234955 0.01945000 0.00497098
v -0.00234955 0.02245000 0.00497098
v -0.00232898 0.01945000 0.00497826
v -0.00232898 0.02245000 0.00497826
v -0.00230812 0.01945000 0.00498464
v -0.00230812 0.02245000 0.00498464
v -0.00228700 0.01945000 0.00499010
v -0.00228700 0.02245000 0.00499010
v -0.00226566 0.01945000 0.00499464
v -0.00226566 0.02245000 0.00499464
v -0.00224415 0.01945000 0.00499824
v -0.00224415 0.02245000 0.00499824
v -0.00222250 0.01945000 0.00500090
v -0.00222250 0.02245000 0.00500090
v -0.00220075 0.01945000 0.00500261
v -0.00220075 0.02245000 0.00500261
v -0.00217895 0.01945000 0.00500337
v -0.00217895 0.02245000 0.00500337
v -0.00215713 0.01945000 0.00500318
v -0.00215713 0.02245000 0.00500318
v -0.00213535 0.01945000 0.00500204
v -0.00213535 0.02245000 0.00500204
v -0.00211363 0.01945000 0.00499995
v -0.00211363 0.02245000 0.00499995
v -0.00209203 0.01945000 0.00499692
v -0.00209203 0.02245000 0.00499692
v -0.00207058 0.01945000 0.00499294
v -0.00207058 0.02245000 0.00499294
v -0.00204932 0.01945000 0.00498803
v -0.00204932 0.02245000 0.00498803
v -0.00202830 0.01945000 0.00498221
v -0.00202830 0.02245000 0.00498221
v -0.00200756 0.01945000 0.00497547
v -0.00200756 0.02245000 0.00497547
v -0.00198712 0.01945000 0.00496783
v -0.00198712 0.02245000 0.00496783
v -0.00196704 0.01945000 0.00495930
v -0.00196704 0.02245000 0.00495930
v -0.00194735 0.01945000 0.00494991
v -0.00194735 0.02245000 0.00494991
v -0.00192809 0.01945000 0.00493967
v -0.00192809 0.02245000 0.00493967
v -0.00190929 0.01945000 0.00492860
v -0.00190929 0.02245000 0.00492860
v -0.00189100 0.01945000 0.00491672
v -0.00189100 0.02245000 0.00491672
v -0.00187324 0.01945000 0.00490405
v -0.00187324 0.02245000 0.00490405
v -0.00185605 0.01945000 0.00489062
v -0.00185605 0.02245000 0.00489062
v -0.00183946 0.01945000 0.00487646
v -0.00183946 0.02245000 0.00487646
v -0.00182350 0.01945000 0.00486158
v -0.00182350 0.02245000 0.00486158
v -0.00180821 0.01945000 0.00484602
v -0.00180821 0.02245000 0.00484602
v -0.00179361 0.01945000 0.00482981
v -0.00179361 0.02245000 0.00482981
v -0.00177974 0.01945000 0.00481298
v -0.00177974 0.02245000 0.00481298
v -0.00176661 0.01945000 0.00479555
v -0.00176661 0.02245000 0.00479555
v -0.00175425 0.01945000 0.00477758
v -0.00175425 0.02245000 0.00477758
v -0.00174269 0.01945000 0.00475908
v -0.00174269 0.02245000 0.00475908
v -0.00173195 0.01945000 0.00474009
v -0.00173195 0.02245000 0.00474009
v -0.00172204 0.01945000 0.00472065
v -0.00172204 0.02245000 0.00472065
v -0.00171300 0.01945000 0.00470080
v -0.00171300 0.02245000 0.00470080
v -0.00170482 0.01945000 0.00468058
v -0.00170482 0.02245000 0.00468058
v -0.00169754 0.01945000 0.00466001
v -0.00169754 0.02245000 0.00466001
v -0.00169116 0.01945000 0.00463915
v -0.00169116 0.02245000 0.00463915
v -0.00168570 0.01945000 0.00461803
v -0.00168570 0.02245000 0.00461803
v -0.00168116 0.01945000 0.00459669
v -0.00168116 0.02245000 0.00459669
v -0.00167756 0.01945000 0.00457518
v -0.00167756 0.02245000 0.00457518
v -0.00167490 0.01945000 0.00455353
v -0.00167490 0.02245000 0.00455353
v -0.00167319 0.01945000 0.00453178
v -0.00167319 0.02245000 0.00453178
v -0.00167243 0.01945000 0.00450998
v -0.00167243 0.02245000 0.00450998
v -0.00167262 0.01945000 0.00448816
v -0.00167262 0.02245000 0.00448816
v -0.00167376 0.01945000 0.00446638
v -0.00167376 0.02245000 0.00446638
v -0.00167585 0.01945000 0.00444466
v -0.00167585 0.02245000 0.00444466
v -0.00167888 0.01945000 0.00442306
v -0.00167888 0.02245000 0.00442306
v -0.00168286 0.01945000 0.00440161
v -0.00168286 0.02245000 0.00440161
v -0.00168777 0.01945000 0.00438036
v -0.00168777 0.02245000 0.00438036
v -0.00169359 0.01945000 0.00435933
v -0.00169359 0.02245000 0.00435933
v -0.00170033 0.01945000 0.00433859
v -0.00170033 0.02245000 0.00433859
v -0.00170797 0.01945000 0.00431815
v -0.00170797 0.02245000 0.00431815
v -0.00171650 0.01945000 0.00429807
v -0.00171650 0.02245000 0.00429807
v -0.00172589 0.01945000 0.00427838
v -0.00172589 0.02245000 0.00427838
v -0.00173613 0.01945000 0.00425912
v -0.00173613 0.02245000 0.00425912
v -0.00174720 0.01945000 0.00424032
v -0.00174720 0.02245000 0.00424032
v -0.00175908 0.01945000 0.00422203
v -0.00175908 0.02245000 0.00422203
v -0.00177175 0.01945000 0.00420427
v -0.00177175 0.02245000 0.00420427
v -0.00178518 0.01945000 0.00418708
v -0.00178518 0.02245000 0.00418708
v -0.00179934 0.01945000 0.00417049
v -0.00179934 0.02245000 0.00417049
v -0.00181422 0.01945000 0.00415453
v -0.00181422 0.02245000 0.00415453
v -0.00182978 0.01945000 0.00413924
v -0.00182978 0.02245000 0.00413924
v -0.00184599 0.01945000 0.00412464
v -0.00184599 0.02245000 0.00412464
v -0.00186282 0.01945000 0.00411077
v -0.00186282 0.02245000 0.00411077
v -0.00188025 0.01945000 0.00409764
v -0.00188025 0.02245000 0.00409764
v -0.00189822 0.01945000 0.00408528
v -0.00189822 0.02245000 0.00408528
v -0.00191672 0.01945000 0.00407372
v -0.00191672 0.02245000 0.00407372
v -0.00193571 0.01945000 0.00406298
v -0.00193571 0.02245000 0.00406298
v -0.00195515 0.01945000 0.00405307
v -0.00195515 0.02245000 0.00405307
v -0.00197500 0.01945000 0.00404403
v -0.00197500 0.02245000 0.00404403
v -0.00199522 0.01945000 0.00403585
v -0.00199522 0.02245000 0.00403585
v -0.00201579 0.01945000 0.00402857
v -0.00201579 0.02245000 0.00402857
v -0.00203665 0.01945000 0.00402219
v -0.00203665 0.02245000 0.00402219
v -0.00205777 0.01945000 0.00401673
v -0.00205777 0.02245000 0.00401673
v -0.00207911 0.01945000 0.00401219
v -0.00207911 0.02245000 0.00401219
v -0.00210062 0.01945000 0.00400859
v -0.00210062 0.02245000 0.00400859
v -0.00212227 0.01945000 0.00400593
v -0.00212227 0.02245000 0.00400593
v -0.00214402 0.01945000 0.00400422
v -0.00214402 0.02245000 0.00400422
v -0.00216582 0.01945000 0.00400346
v -0.00216582 0.02245000 0.00400346
v -0.00218764 0.01945000 0.00400365
v -0.00218764 0.02245000 0.00400365
v -0.00220942 0.01945000 0.00400479
v -0.00220942 0.02245000 0.00400479
v -0.00223114 0.01945000 0.00400688
v -0.00223114 0.02245000 0.00400688
v -0.00225274 0.01945000 0.00400991
v -0.00225274 0.02245000 0.00400991
v -0.00227419 0.01945000 0.00401389
v -0.00227419 0.02245000 0.00401389
v -0.00229544 0.01945000 0.00401880
v -0.00229544 0.02245000 0.00401880
v -0.00231647 0.01945000 0.00402462
v -0.00231647 0.02245000 0.00402462
v -0.00233721 0.01945000 0.00403136
v -0.00233721 0.02245000 0.00403136
v -0.00235765 0.01945000 0.00403900
v -0.00235765 0.02245000 0.00403900
v -0.00237773 0.01945000 0.00404753
v -0.00237773 0.02245000 0.00404753
v -0.00239742 0.01945000 0.00405692
v -0.00239742 0.02245000 0.00405692
v -0.00241668 0.01945000 0.00406716
v -0.00241668 0.02245000 0.00406716
v -0.00243548 0.01945000 0.00407823
v -0.00243548 0.02245000 0.00407823
v -0.00245377 0.01945000 0.00409011
v -0.00245377 0.02245000 0.00409011
v -0.00247153 0.01945000 0.00410278
v -0.00247153 0.02245000 0.00410278
v -0.00248872 0.01945000 0.00411621
v -0.00248872 0.02245000 0.00411621
v -0.00250531 0.01945000 0.00413037
v -0.00250531 0.02245000 0.00413037
v -0.00252127 0.01945000 0.00414525
v -0.00252127 0.02245000 0.00414525
v -0.00253656 0.01945000 0.00416081
v -0.00253656 0.02245000 0.00416081
v -0.00255116 0.01945000 0.00417702
v -0.00255116 0.02245000 0.00417702
v -0.00256503 0.01945000 0.00419385
v -0.00256503 0.02245000 0.00419385
v -0.00257816 0.01945000 0.00421128
v -0.00257816 0.02245000 0.00421128
v -0.00259052 0.01945000 0.00422925
v -0.00259052 0.02245000 0.00422925
v -0.00260208 0.01945000 0.00424775
v -0.00260208 0.02245000 0.00424775
v -0.00261282 0.01945000 0.00426674
v -0.00261282 0.02245000 0.00426674
v -0.00262273 0.01945000 0.00428618
v -0.00262273 0.02245000 0.00428618
v -0.00263177 0.01945000 0.00430603
v -0.00263177 0.02245000 0.00430603
v -0.00263995 0.01945000 0.00432625
v -0.00263995 0.02245000 0.00432625
v -0.00264723 0.01945000 0.00434682
v -0.00264723 0.02245000 0.00434682
v -0.00265361 0.01945000 0.00436768
v -0.00265361 0.02245000 0.00436768
v -0.00265907 0.01945000 0.00438880
v -0.00265907 0.02245000 0.00438880
v -0.00266361 0.01945000 0.00441013
v -0.00266361 0.02245000 0.00441013
v -0.00266721 0.01945000 0.00443165
v -0.00266721 0.02245000 0.00443165
v -0.00266987 0.01945000 0.00445330
v -0.00266987 0.02245000 0.00445330
v -0.00267158 0.01945000 0.00447505
v -0.00267158 0.02245000 0.00447505
v -0.00267234 0.01945000 0.00449685
v -0.00267234 0.02245000 0.00449685
v -0.00267215 0.01945000 0.00451867
v -0.00267215 0.02245000 0.00451867
v -0.00267101 0.01945000 0.00454045
v -0.00267101 0.02245000 0.00454045
v -0.00266892 0.01945000 0.00456217
v -0.00266892 0.02245000 0.00456217
v -0.00266589 0.01945000 0.00458377
v -0.00266589 0.02245000 0.00458377
v -0.00266191 0.01945000 0.00460522
v -0.00266191 0.02245000 0.00460522
v -0.00265701 0.01945000 0.00462648
v -0.00265701 0.02245000 0.00462648
v -0.00265118 0.01945000 0.00464750
v -0.00265118 0.02245000 0.00464750
v -0.00264444 0.01945000 0.00466824
v -0.00264444 0.02245000 0.00466824
v -0.00263680 0.01945000 0.00468868
v -0.00263680 0.02245000 0.00468868
v -0.00262827 0.01945000 0.00470876
v -0.00262827 0.02245000 0.00470876
v -0.00261888 0.01945000 0.00472845
v -0.00261888 0.02245000 0.00472845
v -0.00260864 0.01945000 0.00474771
v -0.00260864 0.02245000 0.00474771
v -0.00259757 0.01945000 0.00476651
v -0.00259757 0.02245000 0.00476651
v -0.00258569 0.01945000 0.00478480
v -0.00258569 0.02245000 0.00478480
v -0.00257302 0.01945000 0.00480256
v -0.00257302 0.02245000 0.00480256
v -0.00255959 0.01945000 0.00481975
v -0.00255959 0.02245000 0.00481975
v -0.00254543 0.01945000 0.00483634
v -0.00254543 0.02245000 0.00483634
v -0.00253055 0.01945000 0.00485230
v -0.00253055 0.02245000 0.00485230
v -0.00251499 0.01945000 0.00486759
v -0.00251499 0.02245000 0.00486759
v -0.00249878 0.01945000 0.00488219
v -0.00249878 0.02245000 0.00488219
v -0.00248195 0.01945000 0.00489606
v -0.00248195 0.02245000 0.00489606
v -0.00246452 0.01945000 0.00490919
v -0.00246452 0.02245000 0.00490919
v -0.00244655 0.01945000 0.00492155
v -0.00244655 0.02245000 0.00492155
v -0.00242805 0.01945000 0.00493311
v -0.00242805 0.02245000 0.00493311
v -0.00240906 0.01945000 0.00494385
v -0.00240906 0.02245000 0.00494385
v -0.00325858 0.02245000 0.00675512
v -0.00296082 0.01945000 0.00689083
v -0.00296082 0.02245000 0.00689083
v -0.00265743 0.01945000 0.00701342
v -0.00265743 0.02245000 0.00701342
v -0.00234898 0.01945000 0.00712266
v -0.00234898 0.02245000 0.00712266
v -0.00203606 0.01945000 0.00721834
v -0.00203606 0.02245000 0.00721834
v -0.00171926 0.01945000 0.00730028
v -0.00171926 0.02245000 0.00730028
v -0.00139919 0.01945000 0.00736833
v -0.00139919 0.02245000 0.00736833
v -0.00107646 0.01945000 0.00742235
v -0.00107646 0.02245000 0.00742235
v -0.00075167 0.01945000 0.00746224
v -0.00075167 0.02245000 0.00746224
v -0.00042546 0.01945000 0.00748792
v -0.00042546 0.02245000 0.00748792
v -0.00009844 0.01945000 0.00749935
v -0.00009844 0.02245000 0.00749935
v 0.00022877 0.01945000 0.00749651
v 0.00022877 0.02245000 0.00749651
v 0.00055555 0.01945000 0.00747940
v 0.00055555 0.02245000 0.00747940
v 0.00088127 0.01945000 0.00744804
v 0.00088127 0.02245000 0.00744804
v 0.00120531 0.01945000 0.00740251
v 0.00120531 0.02245000 0.00740251
v 0.00152706 0.01945000 0.00734289
v 0.00152706 0.02245000 0.00734289
v 0.00184589 0.01945000 0.00726930
v 0.00184589 0.02245000 0.00726930
v 0.00216122 0.01945000 0.00718186
v 0.00216122 0.02245000 0.00718186
v 0.00247243 0.01945000 0.00708075
v 0.00247243 0.02245000 0.00708075
v 0.00277894 0.01945000 0.00696617
v 0.00277894 0.02245000 0.00696617
v 0.00308015 0.01945000 0.00683832
v 0.00308015 0.02245000 0.00683832
v 0.00337550 0.01945000 0.00669746
v 0.00337550 0.02245000 0.00669746
v 0.00366443 0.01945000 0.00654385
v 0.00366443 0.02245000 0.00654385
v 0.00394638 0.01945000 0.00637778
v 0.00394638 0.02245000 0.00637778
v 0.00422082 0.01945000 0.00619957
v 0.00422082 0.02245000 0.00619957
v 0.00448722 0.01945000 0.00600956
v 0.00448722 0.02245000 0.00600956
v 0.00474509 0.01945000 0.00580811
v 0.00474509 0.02245000 0.00580811
v 0.00499392 0.01945000 0.00559561
v 0.00499392 0.02245000 0.00559561
v 0.00523324 0.01945000 0.00537245
v 0.00523324 0.02245000 0.00537245
v 0.00546260 0.01945000 0.00513907
v 0.00546260 0.02245000 0.00513907
v 0.00568157 0.01945000 0.00489590
v 0.00568157 0.02245000 0.00489590
v 0.00588971 0.01945000 0.00464341
v 0.00588971 0.02245000 0.00464341
v 0.00608665 0.01945000 0.00438209
v 0.00608665 0.02245000 0.00438209
v 0.00627200 0.01945000 0.00411242
v 0.00627200 0.02245000 0.00411242
v 0.00644541 0.01945000 0.00383493
v 0.00644541 0.02245000 0.00383493
v 0.00660656 0.01945000 0.00355013
v 0.00660656 0.02245000 0.00355013
v 0.00675512 0.01945000 0.00325858
v 0.00675512 0.02245000 0.00325858
v 0.00689083 0.01945000 0.00296082
v 0.00689083 0.02245000 0.00296082
v 0.00701342 0.01945000 0.00265743
v 0.00701342 0.02245000 0.00265743
v 0.00712266 0.01945000 0.00234898
v 0.00712266 0.02245000 0.00234898
v 0.00721834 0.01945000 0.00203606
v 0.00721834 0.02245000 0.00203606
v 0.00730028 0.01945000 0.00171926
v 0.00730028 0.02245000 0.00171926
v 0.00736833 0.01945000 0.00139919
v 0.00736833 0.02245000 0.00139919
v 0.00742235 0.01945000 0.00107646
v 0.00742235 0.02245000 0.00107646
v 0.00746224 0.01945000 0.00075167
v 0.00746224 0.02245000 0.00075167
v 0.00748792 0.01945000 0.00042546
v 0.00748792 0.02245000 0.00042546
v 0.00749935 0.01945000 0.00009844
v 0.00749935 0.02245000 0.00009844
v 0.00749651 0.01945000 -0.00022877
v 0.00749651 0.02245000 -0.00022877
v 0.00747940 0.01945000 -0.00055555
v 0.00747940 0.02245000 -0.00055555
v 0.00744804 0.01945000 -0.00088127
v 0.00744804 0.02245000 -0.00088127
v 0.00740251 0.01945000 -0.00120531
v 0.00740251 0.02245000 -0.00120531
v 0.00734289 0.01945000 -0.00152705
v 0.00734289 0.02245000 -0.00152705
v 0.00726930 0.01945000 -0.00184589
v 0.00726930 0.02245000 -0.00184589
v 0.00718186 0.01945000 -0.00216122
v 0.00718186 0.02245000 -0.00216122
v 0.00708075 0.01945000 -0.00247243
v 0.00708075 0.02245000 -0.00247243
v 0.00696617 0.01945000 -0.00277893
v 0.00696617 0.02245000 -0.00277893
v 0.00683832 0.01945000 -0.00308015
v 0.00683832 0.02245000 -0.00308015
v 0.00669746 0.01945000 -0.00337550
v 0.00669746 0.02245000 -0.00337550
v 0.00654385 0.01945000 -0.00366443
v 0.00654385 0.02245000 -0.00366443
v 0.00637778 0.01945000 -0.00394638
v 0.00637778 0.02245000 -0.00394638
v 0.00619957 0.01945000 -0.00422082
v 0.00619957 0.02245000 -0.00422082
v 0.00600956 0.01945000 -0.00448722
v 0.00600956 0.02245000 -0.00448722
v 0.00580811 0.01945000 -0.00474509
v 0.00580811 0.02245000 -0.00474509
v 0.00559561 0.01945000 -0.00499392
v 0.00559561 0.02245000 -0.00499392
v 0.00537245 0.01945000 -0.00523324
v 0.00537245 0.02245000 -0.00523324
v 0.00513906 0.01945000 -0.00546260
v 0.00513906 0.02245000 -0.00546260
v 0.00489590 0.01945000 -0.00568157
v 0.00489590 0.02245000 -0.00568157
v 0.00464341 0.01945000 -0.00588971
v 0.00464341 0.02245000 -0.00588971
v 0.00438209 0.01945000 -0.00608665
v 0.00438209 0.02245000 -0.00608665
v 0.00411242 0.01945000 -0.00627200
v 0.00411242 0.02245000 -0.00627200
v 0.00383492 0.01945000 -0.00644541
v 0.00383492 0.02245000 -0.00644541
v 0.00355013 0.01945000 -0.00660656
v 0.00355013 0.02245000 -0.00660656
v 0.00325858 0.01945000 -0.00675512
v 0.00325858 0.02245000 -0.00675512
v 0.00296082 0.01945000 -0.00689083
v 0.00296082 0.02245000 -0.00689083
v 0.00265743 0.01945000 -0.00701342
v 0.00265743 0.02245000 -0.00701342
v 0.00234898 0.01945000 -0.00712266
v 0.00234898 0.02245000 -0.00712266
v 0.00203606 0.01945000 -0.00721834
v 0.00203606 0.02245000 -0.00721834
v 0.00171926 0.01945000 -0.00730028
v 0.00171926 0.02245000 -0.00730028
v 0.00139919 0.01945000 -0.00736833
v 0.00139919 0.02245000 -0.00736833
v 0.00107646 0.01945000 -0.00742235
v 0.00107646 0.02245000 -0.00742235
v 0.00075167 0.01945000 -0.00746224
v 0.00075167 0.02245000 -0.00746224
v 0.00042546 0.01945000 -0.00748792
v 0.00042546 0.02245000 -0.00748792
v 0.00009844 0.01945000 -0.00749935
v 0.00009844 0.02245000 -0.00749935
v -0.00022878 0.01945000 -0.00749651
v -0.00022878 0.02245000 -0.00749651
v -0.00055555 0.01945000 -0.00747940
v -0.00055555 0.02245000 -0.00747940
v -0.00088127 0.01945000 -0.00744804
v -0.00088127 0.02245000 -0.00744804
v -0.00120531 0.01945000 -0.00740252
v -0.00120531 0.02245000 -0.00740252
v -0.00152705 0.01945000 -0.00734290
v -0.00152705 0.02245000 -0.00734290
v -0.00184589 0.01945000 -0.00726930
v -0.00184589 0.02245000 -0.00726930
v -0.00216122 0.01945000 -0.00718186
v -0.00216122 0.02245000 -0.00718186
v -0.00247243 0.01945000 -0.00708075
v -0.00247243 0.02245000 -0.00708075
v -0.00277894 0.01945000 -0.00696617
v -0.00277894 0.02245000 -0.00696617
v -0.00308015 0.01945000 -0.00683832
v -0.00308015 0.02245000 -0.00683832
v -0.00337550 0.01945000 -0.00669746
v -0.00337550 0.02245000 -0.00669746
v -0.00366443 0.01945000 -0.00654385
v -0.00366443 0.02245000 -0.00654385
v -0.00394638 0.01945000 -0.00637778
v -0.00394638 0.02245000 -0.00637778
v -0.00422082 0.01945000 -0.00619957
v -0.00422082 0.02245000 -0.00619957
v -0.00448722 0.01945000 -0.00600956
v -0.00448722 0.02245000 -0.00600956
v -0.00474509 0.01945000 -0.00580811
v -0.00474509 0.02245000 -0.00580811
v -0.00499392 0.01945000 -0.00559561
v -0.00499392 0.02245000 -0.00559561
v -0.00523324 0.01945000 -0.00537245
v -0.00523324 0.02245000 -0.00537245
v -0.00546260 0.01945000 -0.00513906
v -0.00546260 0.02245000 -0.00513906
v -0.00568156 0.01945000 -0.00489590
v -0.00568156 0.02245000 -0.00489590
v -0.00588971 0.01945000 -0.00464341
v -0.00588971 0.02245000 -0.00464341
v -0.00608665 0.01945000 -0.00438209
v -0.00608665 0.02245000 -0.00438209
v -0.00627200 0.01945000 -0.00411242
v -0.00627200 0.02245000 -0.00411242
v -0.00644541 0.01945000 -0.00383492
v -0.00644541 0.02245000 -0.00383492
v -0.00660656 0.01945000 -0.00355013
v -0.00660656 0.02245000 -0.00355013
v -0.00675512 0.01945000 -0.00325858
v -0.00675512 0.02245000 -0.00325858
v -0.00689083 0.01945000 -0.00296082
v -0.00689083 0.02245000 -0.00296082
v -0.00701342 0.01945000 -0.00265743
v -0.00701342 0.02245000 -0.00265743
v -0.00712266 0.01945000 -0.00234898
v -0.00712266 0.02245000 -0.00234898
v -0.00721834 0.01945000 -0.00203606
v -0.00721834 0.02245000 -0.00203606
v -0.00730028 0.01945000 -0.00171926
v -0.00730028 0.02245000 -0.00171926
v -0.00736833 0.01945000 -0.00139919
v -0.00736833 0.02245000 -0.00139919
v -0.00742235 0.01945000 -0.00107646
v -0.00742235 0.02245000 -0.00107646
v -0.00746224 0.01945000 -0.00075167
v -0.00746224 0.02245000 -0.00075167
v -0.00748792 0.01945000 -0.00042546
v -0.00748792 0.02245000 -0.00042546
v -0.00749935 0.01945000 -0.00009844
v -0.00749935 0.02245000 -0.00009844
v -0.00749651 0.01945000 0.00022878
v -0.00749651 0.02245000 0.00022878
v -0.00747940 0.01945000 0.00055555
v -0.00747940 0.02245000 0.00055555
v -0.00744804 0.01945000 0.00088127
v -0.00744804 0.02245000 0.00088127
v -0.00740252 0.01945000 0.00120531
v -0.00740252 0.02245000 0.00120531
v -0.00734290 0.01945000 0.00152705
v -0.00734290 0.02245000 0.00152705
v -0.00726930 0.01945000 0.00184589
v -0.00726930 0.02245000 0.00184589
v -0.00718186 0.01945000 0.00216122
v -0.00718186 0.02245000 0.00216122
v -0.00708075 0.01945000 0.00247243
v -0.00708075 0.02245000 0.00247243
v -0.00696617 0.01945000 0.00277894
v -0.00696617 0.02245000 0.00277894
v -0.00683832 0.01945000 0.00308015
v -0.00683832 0.02245000 0.00308015
v -0.00669746 0.01945000 0.00337550
v -0.00669746 0.02245000 0.00337550
v -0.00654385 0.01945000 0.00366443
v -0.00654385 0.02245000 0.00366443
v -0.00637778 0.01945000 0.00394638
v -0.00637778 0.02245000 0.00394638
v -0.00619957 0.01945000 0.00422082
v -0.00619957 0.02245000 0.00422082
v -0.00600956 0.01945000 0.00448722
v -0.00600956 0.02245000 0.00448722
v -0.00580811 0.01945000 0.00474509
v -0.00580811 0.02245000 0.00474509
v -0.00559561 0.01945000 0.00499392
v -0.00559561 0.02245000 0.00499392
v -0.00537245 0.01945000 0.00523324
v -0.00537245 0.02245000 0.00523324
v -0.00513906 0.01945000 0.00546260
v -0.00513906 0.02245000 0.00546260
v -0.00489590 0.01945000 0.00568157
v -0.00489590 0.02245000 0.00568157
v -0.00464341 0.01945000 0.00588971
v -0.00464341 0.02245000 0.00588971
v -0.00438209 0.01945000 0.00608665
v -0.00438209 0.02245000 0.00608665
v -0.00411242 0.01945000 0.00627200
v -0.00411242 0.02245000 0.00627200
v -0.00383492 0.01945000 0.00644541
v -0.00383492 0.02245000 0.00644541
v -0.00355013 0.01945000 0.00660655
v -0.00355013 0.02245000 0.00660655
v -0.00325858 0.01945000 0.00675512
v -0.00245763 0.01945000 0.00040016
v -0.00247275 0.01945000 0.00029258
v 0.00108185 0.01945000 -0.00224270
v -0.00248316 0.01945000 0.00018444
v 0.00243784 0.01945000 -0.00050698
v 0.00241341 0.01945000 -0.00061284
v 0.00245764 0.01945000 -0.00040016
v -0.00192829 0.01945000 0.00157537
v -0.00185774 0.01945000 0.00165798
v -0.00178365 0.01945000 0.00173744
v 0.00238438 0.01945000 -0.00071752
v 0.00235081 0.01945000 -0.00082085
v 0.00231277 0.01945000 -0.00092261
v 0.00136532 0.01945000 -0.00208230
v 0.00127319 0.01945000 -0.00213988
v 0.00117864 0.01945000 -0.00219338
v 0.00247275 0.01945000 -0.00029258
v -0.00217256 0.01945000 0.00121659
v -0.00211742 0.01945000 0.00131020
v 0.00205826 0.01945000 -0.00140131
v 0.00211742 0.01945000 -0.00131020
v 0.00217256 0.01945000 -0.00121659
v 0.00199517 0.01945000 -0.00148976
v 0.00192829 0.01945000 -0.00157537
v 0.00185774 0.01945000 -0.00165798
v -0.00243784 0.01945000 0.00050698
v -0.00241341 0.01945000 0.00061284
v -0.00238438 0.01945000 0.00071753
v -0.00235081 0.01945000 0.00082085
v -0.00231277 0.01945000 0.00092261
v -0.00205826 0.01945000 0.00140131
v -0.00199518 0.01945000 0.00148976
v -0.00170617 0.01945000 0.00181358
v -0.00162544 0.01945000 0.00188628
v -0.00154161 0.01945000 0.00195538
v 0.00227032 0.01945000 -0.00102261
v 0.00222356 0.01945000 -0.00112067
v 0.00178365 0.01945000 -0.00173744
v 0.00170617 0.01945000 -0.00181358
v 0.00162544 0.01945000 -0.00188628
v 0.00154161 0.01945000 -0.00195539
v 0.00145485 0.01945000 -0.00202077
v -0.00227032 0.01945000 0.00102261
v -0.00222356 0.01945000 0.00112067
v -0.00145485 0.01945000 0.00202077
v -0.00136532 0.01945000 0.00208231
v -0.00127320 0.01945000 0.00213988
v -0.00067597 0.01945000 0.00239649
v 0.00248316 0.01945000 -0.00018444
v -0.00117864 0.01945000 0.00219338
v -0.00108185 0.01945000 0.00224270
v -0.00098299 0.01945000 0.00228776
v -0.00088227 0.01945000 0.00232846
v -0.00077986 0.01945000 0.00236472
v -0.00236472 0.01945000 -0.00077986
v -0.00232846 0.01945000 -0.00088227
v -0.00228776 0.01945000 -0.00098299
v -0.00213988 0.01945000 -0.00127319
v -0.00208231 0.01945000 -0.00136532
v -0.00202077 0.01945000 -0.00145485
v -0.00219338 0.01945000 -0.00117864
v -0.00224270 0.01945000 -0.00108185
v -0.00239649 0.01945000 -0.00067597
v -0.00242369 0.01945000 -0.00057079
v -0.00244629 0.01945000 -0.00046453
v -0.00057079 0.01945000 0.00242369
v -0.00046453 0.01945000 0.00244629
v -0.00035738 0.01945000 0.00246422
v -0.00246422 0.01945000 -0.00035738
v -0.00247746 0.01945000 -0.00024955
v -0.00248599 0.01945000 -0.00014125
v -0.00248978 0.01945000 -0.00003268
v -0.00248884 0.01945000 0.00007595
v 0.00018444 0.01945000 0.00248316
v 0.00007595 0.01945000 0.00248884
v -0.00003268 0.01945000 0.00248979
v 0.00029258 0.01945000 0.00247275
v 0.00040016 0.01945000 0.00245764
v 0.00050698 0.01945000 0.00243784
v 0.00061284 0.01945000 0.00241341
v 0.00071752 0.01945000 0.00238438
v 0.00082085 0.01945000 0.00235081
v 0.00112067 0.01945000 0.00222356
v 0.00121659 0.01945000 0.00217256
v -0.00024956 0.01945000 0.00247746
v -0.00014125 0.01945000 0.00248599
v 0.00092261 0.01945000 0.00231277
v 0.00102261 0.01945000 0.00227032
v 0.00098299 0.01945000 -0.00228776
v 0.00088227 0.01945000 -0.00232845
v 0.00077986 0.01945000 -0.00236472
v 0.00067597 0.01945000 -0.00239649
v 0.00057079 0.01945000 -0.00242369
v 0.00046453 0.01945000 -0.00244628
v 0.00035738 0.01945000 -0.00246422
v 0.00024956 0.01945000 -0.00247746
v -0.00140131 0.01945000 -0.00205826
v -0.00148976 0.01945000 -0.00199517
v -0.00157537 0.01945000 -0.00192829
v 0.00014125 0.01945000 -0.00248599
v 0.00003268 0.01945000 -0.00248979
v -0.00007595 0.01945000 -0.00248884
v -0.00165798 0.01945000 -0.00185774
v -0.00173744 0.01945000 -0.00178365
v -0.00181358 0.01945000 -0.00170617
v -0.00018444 0.01945000 -0.00248316
v -0.00029258 0.01945000 -0.00247275
v -0.00040016 0.01945000 -0.00245763
v -0.00050698 0.01945000 -0.00243784
v -0.00061284 0.01945000 -0.00241341
v -0.00071752 0.01945000 -0.00238438
v -0.00102261 0.01945000 -0.00227032
v -0.00112067 0.01945000 -0.00222356
v -0.00121659 0.01945000 -0.00217256
v -0.00131020 0.01945000 -0.00211742
v -0.00188628 0.01945000 -0.00162544
v -0.00195539 0.01945000 -0.00154161
v -0.00082085 0.01945000 -0.00235081
v -0.00092261 0.01945000 -0.00231277
v 0.00248884 0.01945000 -0.00007595
v 0.00195539 0.01945000 0.00154161
v 0.00202077 0.01945000 0.00145485
v 0.00131020 0.01945000 0.00211742
v 0.00140131 0.01945000 0.00205826
v 0.00148976 0.01945000 0.00199518
v 0.00157537 0.01945000 0.00192829
v 0.00165798 0.01945000 0.00185774
v 0.00173744 0.01945000 0.00178365
v 0.00181358 0.01945000 0.00170617
v 0.00188628 0.01945000 0.00162544
v 0.00208230 0.01945000 0.00136532
v 0.00213988 0.01945000 0.00127320
v 0.00219338 0.01945000 0.00117864
v 0.00224270 0.01945000 0.00108185
v 0.00228776 0.01945000 0.00098299
v 0.00232845 0.01945000 0.00088227
v 0.00236472 0.01945000 0.00077986
v 0.00239649 0.01945000 0.00067597
v 0.00242369 0.01945000 0.00057080
v 0.00244628 0.01945000 0.00046453
v 0.00246422 0.01945000 0.00035738
v 0.00247746 0.01945000 0.00024956
v 0.00248599 0.01945000 0.00014125
v 0.00248979 0.01945000 0.00003268
v 0.01780504 0.00772010 -0.02298034
v 0.01489119 0.01619651 -0.01360772
v 0.01489119 -0.00015000 -0.01360772
v 0.02154526 0.00684584 -0.03501106
v 0.02294197 -0.00015000 -0.03950369
v 0.02294197 0.00684584 -0.03950369
v 0.04116913 -0.00015000 -0.07728909
v 0.04116913 0.00684584 -0.07728909
v 0.00138094 0.01619651 -0.02012487
v 0.00138094 -0.00015000 -0.02012487
v -0.00023797 0.01645000 -0.01676882
v -0.00892751 0.01645000 0.00124484
v -0.00892751 0.01945000 0.00124484
v -0.00023797 0.01945000 -0.01676882
v 0.00140866 0.01645000 0.00312739
v 0.00405307 0.01645000 0.00195515
v 0.00404403 0.01645000 0.00197500
v 0.00474009 0.01645000 0.00173195
v 0.00472065 0.01645000 0.00172204
v 0.01327228 0.01645000 -0.01025167
v 0.00403585 0.01645000 0.00199522
v 0.00402857 0.01645000 0.00201579
v 0.00402219 0.01645000 0.00203665
v 0.00401673 0.01645000 0.00205777
v 0.00401219 0.01645000 0.00207911
v 0.00127090 0.01645000 0.00318586
v 0.00400859 0.01645000 0.00210062
v 0.00400593 0.01645000 0.00212227
v 0.00400422 0.01645000 0.00214402
v 0.00400346 0.01645000 0.00216582
v -0.00426674 0.01645000 -0.00261282
v -0.00428618 0.01645000 -0.00262273
v -0.00330119 0.01645000 -0.00093116
v -0.00333866 0.01645000 -0.00078627
v -0.00459669 0.01645000 -0.00168116
v 0.00084419 0.01645000 0.00332449
v 0.00411621 0.01645000 0.00248872
v 0.00413037 0.01645000 0.00250531
v -0.00494385 0.01645000 -0.00240906
v -0.00495376 0.01645000 -0.00238962
v -0.00496280 0.01645000 -0.00236977
v 0.00414525 0.01645000 0.00252127
v 0.00416081 0.01645000 0.00253656
v 0.00417702 0.01645000 0.00255116
v -0.00482981 0.01645000 -0.00179361
v -0.00341273 0.01645000 -0.00034376
v -0.00484602 0.01645000 -0.00180821
v -0.00486158 0.01645000 -0.00182350
v -0.00477758 0.01645000 -0.00175425
v -0.00475908 0.01645000 -0.00174269
v -0.00474009 0.01645000 -0.00173195
v -0.00472065 0.01645000 -0.00172204
v -0.00466001 0.01645000 -0.00169754
v -0.00463915 0.01645000 -0.00169116
v -0.00461803 0.01645000 -0.00168570
v 0.00400688 0.01645000 0.00223114
v 0.00400991 0.01645000 0.00225274
v 0.00401389 0.01645000 0.00227419
v -0.00497098 0.01645000 -0.00234955
v -0.00497826 0.01645000 -0.00232898
v -0.00498464 0.01645000 -0.00230812
v 0.00441014 0.01645000 0.00266361
v 0.00458274 0.01645000 0.00776199
v 0.00438880 0.01645000 0.00265907
v 0.00436768 0.01645000 0.00265361
v -0.00481298 0.01645000 -0.00177974
v -0.00479555 0.01645000 -0.00176661
v -0.00336978 0.01645000 -0.00063990
v -0.00339449 0.01645000 -0.00049230
v 0.00406716 0.01645000 0.00241668
v 0.00098840 0.01645000 0.00328450
v 0.00405692 0.01645000 0.00239742
v 0.00404753 0.01645000 0.00237773
v -0.00499010 0.01645000 -0.00228700
v -0.00499464 0.01645000 -0.00226566
v -0.00499824 0.01645000 -0.00224415
v -0.00500090 0.01645000 -0.00222250
v -0.00500261 0.01645000 -0.00220075
v -0.00500337 0.01645000 -0.00217895
v 0.00430603 0.01645000 0.00263177
v 0.00432625 0.01645000 0.00263995
v 0.00434682 0.01645000 0.00264723
v 0.00462647 0.01645000 0.00265700
v 0.00464750 0.01645000 0.00265118
v 0.00466001 0.01645000 0.00169754
v 0.00463915 0.01645000 0.00169116
v 0.00461803 0.01645000 0.00168570
v -0.00434682 0.01645000 -0.00264723
v -0.00436768 0.01645000 -0.00265361
v -0.00438880 0.01645000 -0.00265907
v -0.00441014 0.01645000 -0.00266361
v -0.00470080 0.01645000 -0.00171300
v -0.00468058 0.01645000 -0.00170482
v 0.00400365 0.01645000 0.00218764
v 0.00400479 0.01645000 0.00220942
v -0.00496783 0.01645000 -0.00198712
v -0.00495930 0.01645000 -0.00196704
v 0.00479555 0.01645000 0.00176661
v 0.00481298 0.01645000 0.00177974
v 0.00482981 0.01645000 0.00179361
v 0.00477758 0.01645000 0.00175425
v 0.00475908 0.01645000 0.00174269
v -0.00127090 0.01645000 -0.00318586
v -0.00140866 0.01645000 -0.00312739
v -0.00400346 0.01645000 -0.00216582
v 0.00407823 0.01645000 0.00243548
v 0.00409011 0.01645000 0.00245377
v 0.00410278 0.01645000 0.00247153
v -0.00499995 0.01645000 -0.00211363
v -0.00499692 0.01645000 -0.00209203
v -0.00499294 0.01645000 -0.00207058
v -0.00498804 0.01645000 -0.00204932
v 0.00424775 0.01645000 0.00260208
v 0.00426674 0.01645000 0.00261282
v 0.00428618 0.01645000 0.00262273
v 0.00470080 0.01645000 0.00171300
v 0.00468058 0.01645000 0.00170482
v -0.00448816 0.01645000 -0.00167262
v -0.00446638 0.01645000 -0.00167376
v -0.00308934 0.01645000 -0.00149026
v -0.00421128 0.01645000 -0.00257816
v -0.00419385 0.01645000 -0.00256503
v -0.00417702 0.01645000 -0.00255116
v -0.00422925 0.01645000 -0.00259052
v -0.00424775 0.01645000 -0.00260208
v -0.00430603 0.01645000 -0.00263177
v -0.00432625 0.01645000 -0.00263995
v -0.00488219 0.01645000 -0.00249878
v -0.00489606 0.01645000 -0.00248195
v -0.00325743 0.01645000 -0.00107427
v -0.00457518 0.01645000 -0.00167756
v -0.00320747 0.01645000 -0.00121533
v -0.00455353 0.01645000 -0.00167490
v -0.00315141 0.01645000 -0.00135408
v 0.00401879 0.01645000 0.00229544
v 0.00402462 0.01645000 0.00231647
v 0.00113073 0.01645000 0.00323827
v 0.00403136 0.01645000 0.00233721
v 0.00403900 0.01645000 0.00235765
v -0.00335815 0.01645000 0.00069837
v -0.00332449 0.01645000 0.00084419
v -0.00328451 0.01645000 0.00098840
v -0.00323827 0.01645000 0.00113072
v 0.00447505 0.01645000 0.00267158
v 0.00449685 0.01645000 0.00267234
v 0.00466824 0.01645000 0.00264443
v 0.00468868 0.01645000 0.00263680
v 0.00470876 0.01645000 0.00262827
v 0.00472845 0.01645000 0.00261888
v 0.00474771 0.01645000 0.00260864
v 0.00476651 0.01645000 0.00259757
v 0.00498221 0.01645000 0.00202830
v 0.00497546 0.01645000 0.00200756
v -0.00450998 0.01645000 -0.00167243
v 0.00320747 0.01645000 0.00121533
v 0.00325743 0.01645000 0.00107427
v 0.00412464 0.01645000 0.00184599
v -0.00490919 0.01645000 -0.00246452
v -0.00492155 0.01645000 -0.00244655
v -0.00493311 0.01645000 -0.00242805
v -0.00500318 0.01645000 -0.00215713
v -0.00500204 0.01645000 -0.00213535
v -0.00498221 0.01645000 -0.00202830
v -0.00497547 0.01645000 -0.00200756
v -0.00494991 0.01645000 -0.00194735
v -0.00493967 0.01645000 -0.00192809
v -0.00492860 0.01645000 -0.00190929
v -0.00188075 0.01645000 0.00286840
v -0.00175384 0.01645000 0.00294770
v 0.00443165 0.01645000 0.00266721
v 0.00445330 0.01645000 0.00266987
v 0.00451867 0.01645000 0.00267215
v 0.00454045 0.01645000 0.00267101
v 0.00456217 0.01645000 0.00266892
v 0.00458377 0.01645000 0.00266589
v 0.00460522 0.01645000 0.00266191
v 0.00478480 0.01645000 0.00258569
v 0.00480256 0.01645000 0.00257302
v 0.00481975 0.01645000 0.00255959
v 0.00483634 0.01645000 0.00254543
v 0.00485230 0.01645000 0.00253055
v 0.00486759 0.01645000 0.00251499
v -0.00440161 0.01645000 -0.00168286
v -0.00438035 0.01645000 -0.00168776
v -0.00435933 0.01645000 -0.00169359
v -0.00433859 0.01645000 -0.00170033
v -0.00431815 0.01645000 -0.00170797
v -0.00429807 0.01645000 -0.00171650
v -0.00427838 0.01645000 -0.00172589
v -0.00443165 0.01645000 -0.00266721
v -0.00445330 0.01645000 -0.00266987
v -0.00447505 0.01645000 -0.00267158
v -0.00093116 0.01645000 0.00330119
v -0.00107427 0.01645000 0.00325743
v -0.00121533 0.01645000 0.00320747
v 0.00488219 0.01645000 0.00249878
v 0.00489606 0.01645000 0.00248194
v 0.00490919 0.01645000 0.00246452
v 0.00492155 0.01645000 0.00244655
v 0.00493311 0.01645000 0.00242805
v 0.00494385 0.01645000 0.00240906
v 0.00495376 0.01645000 0.00238962
v 0.00496280 0.01645000 0.00236977
v 0.00497098 0.01645000 0.00234955
v 0.00497826 0.01645000 0.00232898
v 0.00499464 0.01645000 0.00226566
v 0.00499824 0.01645000 0.00224415
v 0.00500090 0.01645000 0.00222250
v 0.00500261 0.01645000 0.00220075
v 0.00500337 0.01645000 0.00217895
v 0.00500318 0.01645000 0.00215713
v 0.00500204 0.01645000 0.00213535
v 0.00499995 0.01645000 0.00211363
v 0.00499691 0.01645000 0.00209203
v 0.00499294 0.01645000 0.00207058
v 0.00498803 0.01645000 0.00204932
v 0.00496783 0.01645000 0.00198712
v 0.00495930 0.01645000 0.00196704
v 0.00494991 0.01645000 0.00194735
v 0.00493967 0.01645000 0.00192809
v 0.00492860 0.01645000 0.00190929
v 0.00491672 0.01645000 0.00189100
v 0.00490405 0.01645000 0.00187324
v 0.00489062 0.01645000 0.00185605
v 0.00487646 0.01645000 0.00183946
v 0.00486158 0.01645000 0.00182350
v 0.00484602 0.01645000 0.00180821
v -0.00453178 0.01645000 -0.00167319
v -0.00444466 0.01645000 -0.00167585
v -0.00442306 0.01645000 -0.00167888
v -0.00420427 0.01645000 -0.00177175
v -0.00418708 0.01645000 -0.00178518
v -0.00154373 0.01645000 -0.00306297
v -0.00417049 0.01645000 -0.00179934
v -0.00415453 0.01645000 -0.00181422
v -0.00413924 0.01645000 -0.00182978
v -0.00401219 0.01645000 -0.00207911
v -0.00400859 0.01645000 -0.00210062
v -0.00449685 0.01645000 -0.00267234
v -0.00451867 0.01645000 -0.00267215
v -0.00454045 0.01645000 -0.00267101
v -0.00460522 0.01645000 -0.00266191
v -0.00462647 0.01645000 -0.00265700
v -0.00464750 0.01645000 -0.00265118
v -0.00466824 0.01645000 -0.00264444
v -0.00483634 0.01645000 -0.00254542
v -0.00485230 0.01645000 -0.00253055
v -0.00486759 0.01645000 -0.00251499
v -0.00491672 0.01645000 -0.00189100
v -0.00490405 0.01645000 -0.00187324
v -0.00489062 0.01645000 -0.00185605
v -0.00342448 0.01645000 -0.00019458
v -0.00342971 0.01645000 -0.00004502
v -0.00342840 0.01645000 0.00010463
v -0.00342058 0.01645000 0.00025407
v -0.00340624 0.01645000 0.00040303
v -0.00338542 0.01645000 0.00055123
v -0.00162359 0.01645000 0.00302140
v -0.00149026 0.01645000 0.00308934
v -0.00135408 0.01645000 0.00315141
v -0.00422203 0.01645000 -0.00175908
v -0.00249823 0.01645000 -0.00235027
v -0.00259837 0.01645000 -0.00223906
v -0.00412464 0.01645000 -0.00184599
v -0.00411077 0.01645000 -0.00186282
v -0.00409764 0.01645000 -0.00188025
v -0.00408528 0.01645000 -0.00189822
v -0.00407372 0.01645000 -0.00191672
v -0.00406298 0.01645000 -0.00193571
v -0.00405307 0.01645000 -0.00195515
v -0.00404403 0.01645000 -0.00197500
v -0.00403585 0.01645000 -0.00199522
v -0.00402857 0.01645000 -0.00201578
v -0.00400593 0.01645000 -0.00212227
v -0.00400422 0.01645000 -0.00214402
v 0.00154373 0.01645000 0.00306297
v 0.00167587 0.01645000 0.00299272
v 0.00180481 0.01645000 0.00291677
v -0.00468868 0.01645000 -0.00263680
v -0.00470876 0.01645000 -0.00262827
v -0.00472845 0.01645000 -0.00261888
v -0.00487646 0.01645000 -0.00183946
v -0.00318586 0.01645000 0.00127090
v -0.00312739 0.01645000 0.00140866
v -0.00306297 0.01645000 0.00154373
v -0.00223906 0.01645000 0.00259837
v -0.00212359 0.01645000 0.00269356
v -0.00200407 0.01645000 0.00278363
v -0.00078627 0.01645000 0.00333866
v -0.00063990 0.01645000 0.00336978
v -0.00049230 0.01645000 0.00339449
v -0.00034377 0.01645000 0.00341273
v -0.00019458 0.01645000 0.00342448
v -0.00004502 0.01645000 0.00342970
v 0.00498464 0.01645000 0.00230812
v 0.00499010 0.01645000 0.00228700
v -0.00269356 0.01645000 -0.00212359
v -0.00278363 0.01645000 -0.00200407
v -0.00286839 0.01645000 -0.00188075
v -0.00294770 0.01645000 -0.00175384
v -0.00302140 0.01645000 -0.00162359
v -0.00424032 0.01645000 -0.00174720
v -0.00425912 0.01645000 -0.00173613
v -0.00401880 0.01645000 -0.00229544
v -0.00113073 0.01645000 -0.00323826
v -0.00401389 0.01645000 -0.00227419
v -0.00400991 0.01645000 -0.00225274
v 0.00448816 0.01645000 0.00167262
v 0.00312739 0.01645000 -0.00140866
v 0.00450998 0.01645000 0.00167243
v 0.00453178 0.01645000 0.00167319
v -0.00405692 0.01645000 -0.00239742
v -0.00406716 0.01645000 -0.00241668
v -0.00410278 0.01645000 -0.00247153
v -0.00411621 0.01645000 -0.00248872
v -0.00413037 0.01645000 -0.00250531
v -0.00414525 0.01645000 -0.00252127
v -0.00416081 0.01645000 -0.00253656
v 0.00193032 0.01645000 0.00283527
v 0.00205216 0.01645000 0.00274837
v 0.00217009 0.01645000 0.00265624
v -0.00456217 0.01645000 -0.00266892
v -0.00458377 0.01645000 -0.00266589
v -0.00474771 0.01645000 -0.00260864
v -0.00476651 0.01645000 -0.00259757
v -0.00478480 0.01645000 -0.00258569
v 0.00010463 0.01645000 0.00342840
v 0.00025407 0.01645000 0.00342058
v 0.00040303 0.01645000 0.00340624
v 0.00055123 0.01645000 0.00338542
v 0.00069837 0.01645000 0.00335815
v -0.00180481 0.01645000 -0.00291677
v -0.00193032 0.01645000 -0.00283527
v -0.00205216 0.01645000 -0.00274837
v -0.00217009 0.01645000 -0.00265624
v -0.00228389 0.01645000 -0.00255906
v -0.00239334 0.01645000 -0.00245700
v -0.00402219 0.01645000 -0.00203665
v -0.00401673 0.01645000 -0.00205777
v -0.00400365 0.01645000 -0.00218764
v -0.00400479 0.01645000 -0.00220942
v -0.00400688 0.01645000 -0.00223114
v -0.00040303 0.01645000 -0.00340624
v -0.00055123 0.01645000 -0.00338542
v -0.00407823 0.01645000 -0.00243548
v -0.00409011 0.01645000 -0.00245377
v 0.00228388 0.01645000 0.00255906
v 0.00239333 0.01645000 0.00245700
v 0.00249823 0.01645000 0.00235027
v 0.00315141 0.01645000 0.00135408
v 0.00407372 0.01645000 0.00191672
v 0.00308934 0.01645000 0.00149026
v 0.00406298 0.01645000 0.00193571
v 0.00302140 0.01645000 0.00162359
v -0.00480256 0.01645000 -0.00257302
v -0.00481975 0.01645000 -0.00255959
v -0.00299272 0.01645000 0.00167586
v -0.00291677 0.01645000 0.00180481
v -0.00283527 0.01645000 0.00193032
v -0.00274837 0.01645000 0.00205216
v -0.00265624 0.01645000 0.00217009
v -0.00255906 0.01645000 0.00228388
v -0.00245700 0.01645000 0.00239333
v -0.00235027 0.01645000 0.00249823
v 0.00419385 0.01645000 0.00256503
v 0.00421127 0.01645000 0.00257816
v 0.00422925 0.01645000 0.00259052
v -0.00167586 0.01645000 -0.00299272
v 0.00440161 0.01645000 0.00168286
v 0.00438036 0.01645000 0.00168776
v 0.00318586 0.01645000 -0.00127090
v 0.00435933 0.01645000 0.00169359
v 0.00323826 0.01645000 -0.00113072
v 0.00411077 0.01645000 0.00186282
v 0.00409764 0.01645000 0.00188025
v 0.00408528 0.01645000 0.00189822
v 0.00259837 0.01645000 0.00223906
v 0.00269356 0.01645000 0.00212359
v 0.00278363 0.01645000 0.00200407
v 0.00286840 0.01645000 0.00188075
v 0.00294770 0.01645000 0.00175384
v 0.00306297 0.01645000 -0.00154373
v 0.00004502 0.01645000 -0.00342970
v -0.00010463 0.01645000 -0.00342840
v -0.00025407 0.01645000 -0.00342058
v -0.00069837 0.01645000 -0.00335815
v -0.00084419 0.01645000 -0.00332449
v -0.00098840 0.01645000 -0.00328450
v 0.00429807 0.01645000 0.00171650
v 0.00342058 0.01645000 -0.00025407
v 0.00431815 0.01645000 0.00170797
v 0.00340624 0.01645000 -0.00040303
v 0.00336978 0.01645000 0.00063990
v 0.00339449 0.01645000 0.00049230
v 0.00424032 0.01645000 0.00174720
v 0.00425912 0.01645000 0.00173613
v 0.00333866 0.01645000 0.00078627
v 0.00417049 0.01645000 0.00179934
v 0.00330119 0.01645000 0.00093116
v 0.00415453 0.01645000 0.00181422
v 0.00413924 0.01645000 0.00182978
v 0.00299272 0.01645000 -0.00167587
v 0.00291677 0.01645000 -0.00180481
v 0.00283527 0.01645000 -0.00193032
v 0.00255906 0.01645000 -0.00228388
v 0.00245700 0.01645000 -0.00239333
v 0.00235027 0.01645000 -0.00249823
v 0.00223906 0.01645000 -0.00259837
v 0.00188075 0.01645000 -0.00286839
v 0.00175384 0.01645000 -0.00294770
v 0.00162359 0.01645000 -0.00302140
v 0.00093116 0.01645000 -0.00330119
v 0.00107427 0.01645000 -0.00325743
v 0.00121533 0.01645000 -0.00320747
v 0.00078627 0.01645000 -0.00333866
v 0.00063990 0.01645000 -0.00336978
v 0.00049230 0.01645000 -0.00339449
v 0.00034377 0.01645000 -0.00341273
v 0.00019458 0.01645000 -0.00342448
v -0.00402462 0.01645000 -0.00231647
v -0.00403136 0.01645000 -0.00233721
v -0.00403900 0.01645000 -0.00235765
v -0.00404753 0.01645000 -0.00237773
v 0.00446638 0.01645000 0.00167376
v 0.00444466 0.01645000 0.00167585
v 0.00442306 0.01645000 0.00167889
v 0.00338542 0.01645000 -0.00055123
v 0.00335815 0.01645000 -0.00069837
v 0.00433859 0.01645000 0.00170033
v 0.00332449 0.01645000 -0.00084419
v 0.00328450 0.01645000 -0.00098840
v 0.00341273 0.01645000 0.00034377
v 0.00342448 0.01645000 0.00019458
v 0.00427838 0.01645000 0.00172589
v 0.00342970 0.01645000 0.00004502
v 0.00342840 0.01645000 -0.00010463
v 0.00459669 0.01645000 0.00168116
v 0.00457518 0.01645000 0.00167756
v 0.00455352 0.01645000 0.00167490
v 0.00212359 0.01645000 -0.00269356
v 0.00200407 0.01645000 -0.00278363
v 0.00274837 0.01645000 -0.00205216
v 0.00265624 0.01645000 -0.00217008
v 0.00149026 0.01645000 -0.00308934
v 0.00135408 0.01645000 -0.00315141
v 0.00422203 0.01645000 0.00175908
v 0.00420427 0.01645000 0.00177175
v 0.00418708 0.01645000 0.00178518
v 0.00690269 0.00772010 -0.02823948
v 0.01327228 0.01945000 -0.01025167
v 0.00458274 0.01945000 0.00776199
v 0.01663719 -0.00015000 -0.04254503
v 0.03486435 -0.00015000 -0.08033043
v 0.03486435 0.00684584 -0.08033043
v 0.01663719 0.00684584 -0.04254503
v 0.01399042 0.00684584 -0.03865541
v 0.00405307 0.01945000 0.00195515
v 0.00406298 0.01945000 0.00193571
v 0.00407372 0.01945000 0.00191672
v 0.00408528 0.01945000 0.00189822
v 0.00409764 0.01945000 0.00188025
v 0.00411077 0.01945000 0.00186282
v 0.00412464 0.01945000 0.00184599
v 0.00413924 0.01945000 0.00182978
v 0.00415453 0.01945000 0.00181422
v 0.00417049 0.01945000 0.00179934
v 0.00418708 0.01945000 0.00178518
v 0.00420427 0.01945000 0.00177175
v 0.00422203 0.01945000 0.00175908
v 0.00424032 0.01945000 0.00174720
v 0.00425912 0.01945000 0.00173613
v 0.00427838 0.01945000 0.00172589
v 0.00429807 0.01945000 0.00171650
v 0.00431815 0.01945000 0.00170797
v 0.00433859 0.01945000 0.00170033
v 0.00435933 0.01945000 0.00169359
v 0.00438036 0.01945000 0.00168776
v 0.00440161 0.01945000 0.00168286
v 0.00442306 0.01945000 0.00167889
v 0.00444466 0.01945000 0.00167585
v 0.00446638 0.01945000 0.00167376
v 0.00448816 0.01945000 0.00167262
v 0.00450998 0.01945000 0.00167243
v 0.00453178 0.01945000 0.00167319
v 0.00455352 0.01945000 0.00167490
v 0.00457518 0.01945000 0.00167756
v 0.00459669 0.01945000 0.00168116
v 0.00461803 0.01945000 0.00168570
v 0.00463915 0.01945000 0.00169116
v 0.00466001 0.01945000 0.00169754
v 0.00468058 0.01945000 0.00170482
v 0.00470080 0.01945000 0.00171300
v 0.00472065 0.01945000 0.00172204
v 0.00474009 0.01945000 0.00173195
v 0.00475908 0.01945000 0.00174269
v 0.00477758 0.01945000 0.00175425
v 0.00479555 0.01945000 0.00176661
v 0.00481298 0.01945000 0.00177974
v 0.00482981 0.01945000 0.00179361
v 0.00484602 0.01945000 0.00180821
v 0.00486158 0.01945000 0.00182350
v 0.00487646 0.01945000 0.00183946
v 0.00489062 0.01945000 0.00185605
v 0.00490405 0.01945000 0.00187324
v 0.00491672 0.01945000 0.00189100
v 0.00492860 0.01945000 0.00190929
v 0.00493967 0.01945000 0.00192809
v 0.00494991 0.01945000 0.00194735
v 0.00495930 0.01945000 0.00196704
v 0.00496783 0.01945000 0.00198712
v 0.00497546 0.01945000 0.00200756
v 0.00498221 0.01945000 0.00202830
v 0.00498803 0.01945000 0.00204932
v 0.00499294 0.01945000 0.00207058
v 0.00499691 0.01945000 0.00209203
v 0.00499995 0.01945000 0.00211363
v 0.00500204 0.01945000 0.00213535
v 0.00500318 0.01945000 0.00215713
v 0.00500337 0.01945000 0.00217895
v 0.00500261 0.01945000 0.00220075
v 0.00500090 0.01945000 0.00222250
v 0.00499824 0.01945000 0.00224415
v 0.00499464 0.01945000 0.00226566
v 0.00499010 0.01945000 0.00228700
v 0.00498464 0.01945000 0.00230812
v 0.00497826 0.01945000 0.00232898
v 0.00497098 0.01945000 0.00234955
v 0.00496280 0.01945000 0.00236977
v 0.00495376 0.01945000 0.00238962
v 0.00494385 0.01945000 0.00240906
v 0.00493311 0.01945000 0.00242805
v 0.00492155 0.01945000 0.00244655
v 0.00490919 0.01945000 0.00246452
v 0.00489606 0.01945000 0.00248194
v 0.00488219 0.01945000 0.00249878
v 0.00486759 0.01945000 0.00251499
v 0.00485230 0.01945000 0.00253055
v 0.00483634 0.01945000 0.00254543
v 0.00481975 0.01945000 0.00255959
v 0.00480256 0.01945000 0.00257302
v 0.00478480 0.01945000 0.00258569
v 0.00476651 0.01945000 0.00259757
v 0.00474771 0.01945000 0.00260864
v 0.00472845 0.01945000 0.00261888
v 0.00470876 0.01945000 0.00262827
v 0.00468868 0.01945000 0.00263680
v 0.00466824 0.01945000 0.00264443
v 0.00464750 0.01945000 0.00265118
v 0.00462647 0.01945000 0.00265700
v 0.00460522 0.01945000 0.00266191
v 0.00458377 0.01945000 0.00266589
v 0.00456217 0.01945000 0.00266892
v 0.00454045 0.01945000 0.00267101
v 0.00451867 0.01945000 0.00267215
v 0.00449685 0.01945000 0.00267234
v 0.00447505 0.01945000 0.00267158
v 0.00445330 0.01945000 0.00266987
v 0.00443165 0.01945000 0.00266721
v 0.00441014 0.01945000 0.00266361
v 0.00438880 0.01945000 0.00265907
v 0.00436768 0.01945000 0.00265361
v 0.00434682 0.01945000 0.00264723
v 0.00432625 0.01945000 0.00263995
v 0.00430603 0.01945000 0.00263177
v 0.00428618 0.01945000 0.00262273
v 0.00426674 0.01945000 0.00261282
v 0.00424775 0.01945000 0.00260208
v 0.00422925 0.01945000 0.00259052
v 0.00421127 0.01945000 0.00257816
v 0.00419385 0.01945000 0.00256503
v 0.00417702 0.01945000 0.00255116
v 0.00416081 0.01945000 0.00253656
v 0.00414525 0.01945000 0.00252127
v 0.00413037 0.01945000 0.00250531
v 0.00411621 0.01945000 0.00248872
v 0.00410278 0.01945000 0.00247153
v 0.00409011 0.01945000 0.00245377
v 0.00407823 0.01945000 0.00243548
v 0.00406716 0.01945000 0.00241668
v 0.00405692 0.01945000 0.00239742
v 0.00404753 0.01945000 0.00237773
v 0.00403900 0.01945000 0.00235765
v 0.00403136 0.01945000 0.00233721
v 0.00402462 0.01945000 0.00231647
v 0.00401879 0.01945000 0.00229544
v 0.00401389 0.01945000 0.00227419
v 0.00400991 0.01945000 0.00225274
v 0.00400688 0.01945000 0.00223114
v 0.00400479 0.01945000 0.00220942
v 0.00400365 0.01945000 0.00218764
v 0.00400346 0.01945000 0.00216582
v 0.00400422 0.01945000 0.00214402
v 0.00400593 0.01945000 0.00212227
v 0.00400859 0.01945000 0.00210062
v 0.00401219 0.01945000 0.00207911
v 0.00401673 0.01945000 0.00205777
v 0.00402219 0.01945000 0.00203665
v 0.00402857 0.01945000 0.00201579
v 0.00403585 0.01945000 0.00199522
v 0.00404403 0.01945000 0.00197500
v -0.00495376 0.01945000 -0.00238962
v -0.00494385 0.01945000 -0.00240906
v -0.00493311 0.01945000 -0.00242805
v -0.00492155 0.01945000 -0.00244655
v -0.00490919 0.01945000 -0.00246452
v -0.00489606 0.01945000 -0.00248195
v -0.00488219 0.01945000 -0.00249878
v -0.00486759 0.01945000 -0.00251499
v -0.00485230 0.01945000 -0.00253055
v -0.00483634 0.01945000 -0.00254542
v -0.00481975 0.01945000 -0.00255959
v -0.00480256 0.01945000 -0.00257302
v -0.00478480 0.01945000 -0.00258569
v -0.00476651 0.01945000 -0.00259757
v -0.00474771 0.01945000 -0.00260864
v -0.00472845 0.01945000 -0.00261888
v -0.00470876 0.01945000 -0.00262827
v -0.00468868 0.01945000 -0.00263680
v -0.00466824 0.01945000 -0.00264444
v -0.00464750 0.01945000 -0.00265118
v -0.00462647 0.01945000 -0.00265700
v -0.00460522 0.01945000 -0.00266191
v -0.00458377 0.01945000 -0.00266589
v -0.00456217 0.01945000 -0.00266892
v -0.00454045 0.01945000 -0.00267101
v -0.00451867 0.01945000 -0.00267215
v -0.00449685 0.01945000 -0.00267234
v -0.00447505 0.01945000 -0.00267158
v -0.00445330 0.01945000 -0.00266987
v -0.00443165 0.01945000 -0.00266721
v -0.00441014 0.01945000 -0.00266361
v -0.00438880 0.01945000 -0.00265907
v -0.00436768 0.01945000 -0.00265361
v -0.00434682 0.01945000 -0.00264723
v -0.00432625 0.01945000 -0.00263995
v -0.00430603 0.01945000 -0.00263177
v -0.00428618 0.01945000 -0.00262273
v -0.00426674 0.01945000 -0.00261282
v -0.00424775 0.01945000 -0.00260208
v -0.00422925 0.01945000 -0.00259052
v -0.00421128 0.01945000 -0.00257816
v -0.00419385 0.01945000 -0.00256503
v -0.00417702 0.01945000 -0.00255116
v -0.00416081 0.01945000 -0.00253656
v -0.00414525 0.01945000 -0.00252127
v -0.00413037 0.01945000 -0.00250531
v -0.00411621 0.01945000 -0.00248872
v -0.00410278 0.01945000 -0.00247153
v -0.00409011 0.01945000 -0.00245377
v -0.00407823 0.01945000 -0.00243548
v -0.00406716 0.01945000 -0.00241668
v -0.00405692 0.01945000 -0.00239742
v -0.00404753 0.01945000 -0.00237773
v -0.00403900 0.01945000 -0.00235765
v -0.00403136 0.01945000 -0.00233721
v -0.00402462 0.01945000 -0.00231647
v -0.00401880 0.01945000 -0.00229544
v -0.00401389 0.01945000 -0.00227419
v -0.00400991 0.01945000 -0.00225274
v -0.00400688 0.01945000 -0.00223114
v -0.00400479 0.01945000 -0.00220942
v -0.00400365 0.01945000 -0.00218764
v -0.00400346 0.01945000 -0.00216582
v -0.00400422 0.01945000 -0.00214402
v -0.00400593 0.01945000 -0.00212227
v -0.00400859 0.01945000 -0.00210062
v -0.00401219 0.01945000 -0.00207911
v -0.00401673 0.01945000 -0.00205777
v -0.00402219 0.01945000 -0.00203665
v -0.00402857 0.01945000 -0.00201578
v -0.00403585 0.01945000 -0.00199522
v -0.00404403 0.01945000 -0.00197500
v -0.00405307 0.01945000 -0.00195515
v -0.00406298 0.01945000 -0.00193571
v -0.00407372 0.01945000 -0.00191672
v -0.00408528 0.01945000 -0.00189822
v -0.00409764 0.01945000 -0.00188025
v -0.00411077 0.01945000 -0.00186282
v -0.00412464 0.01945000 -0.00184599
v -0.00413924 0.01945000 -0.00182978
v -0.00415453 0.01945000 -0.00181422
v -0.00417049 0.01945000 -0.00179934
v -0.00418708 0.01945000 -0.00178518
v -0.00420427 0.01945000 -0.00177175
v -0.00422203 0.01945000 -0.00175908
v -0.00424032 0.01945000 -0.00174720
v -0.00425912 0.01945000 -0.00173613
v -0.00427838 0.01945000 -0.00172589
v -0.00429807 0.01945000 -0.00171650
v -0.00431815 0.01945000 -0.00170797
v -0.00433859 0.01945000 -0.00170033
v -0.00435933 0.01945000 -0.00169359
v -0.00438035 0.01945000 -0.00168776
v -0.00440161 0.01945000 -0.00168286
v -0.00442306 0.01945000 -0.00167888
v -0.00444466 0.01945000 -0.00167585
v -0.00446638 0.01945000 -0.00167376
v -0.00448816 0.01945000 -0.00167262
v -0.00450998 0.01945000 -0.00167243
v -0.00453178 0.01945000 -0.00167319
v -0.00455353 0.01945000 -0.00167490
v -0.00457518 0.01945000 -0.00167756
v -0.00459669 0.01945000 -0.00168116
v -0.00461803 0.01945000 -0.00168570
v -0.00463915 0.01945000 -0.00169116
v -0.00466001 0.01945000 -0.00169754
v -0.00468058 0.01945000 -0.00170482
v -0.00470080 0.01945000 -0.00171300
v -0.00472065 0.01945000 -0.00172204
v -0.00474009 0.01945000 -0.00173195
v -0.00475908 0.01945000 -0.00174269
v -0.00477758 0.01945000 -0.00175425
v -0.00479555 0.01945000 -0.00176661
v -0.00481298 0.01945000 -0.00177974
v -0.00482981 0.01945000 -0.00179361
v -0.00484602 0.01945000 -0.00180821
v -0.00486158 0.01945000 -0.00182350
v -0.00487646 0.01945000 -0.00183946
v -0.00489062 0.01945000 -0.00185605
v -0.00490405 0.01945000 -0.00187324
v -0.00491672 0.01945000 -0.00189100
v -0.00492860 0.01945000 -0.00190929
v -0.00493967 0.01945000 -0.00192809
v -0.00494991 0.01945000 -0.00194735
v -0.00495930 0.01945000 -0.00196704
v -0.00496783 0.01945000 -0.00198712
v -0.00497547 0.01945000 -0.00200756
v -0.00498221 0.01945000 -0.00202830
v -0.00498804 0.01945000 -0.00204932
v -0.00499294 0.01945000 -0.00207058
v -0.00499692 0.01945000 -0.00209203
v -0.00499995 0.01945000 -0.00211363
v -0.00500204 0.01945000 -0.00213535
v -0.00500318 0.01945000 -0.00215713
v -0.00500337 0.01945000 -0.00217895
v -0.00500261 0.01945000 -0.00220075
v -0.00500090 0.01945000 -0.00222250
v -0.00499824 0.01945000 -0.00224415
v -0.00499464 0.01945000 -0.00226566
v -0.00499010 0.01945000 -0.00228700
v -0.00498464 0.01945000 -0.00230812
v -0.00497826 0.01945000 -0.00232898
v -0.00497098 0.01945000 -0.00234955
v -0.00496280 0.01945000 -0.00236977
v -0.00308934 0.01945000 -0.00149026
v -0.00302140 0.01945000 -0.00162359
v -0.00294770 0.01945000 -0.00175384
v -0.00286839 0.01945000 -0.00188075
v -0.00278363 0.01945000 -0.00200407
v -0.00269356 0.01945000 -0.00212359
v -0.00259837 0.01945000 -0.00223906
v -0.00249823 0.01945000 -0.00235027
v -0.00239334 0.01945000 -0.00245700
v -0.00228389 0.01945000 -0.00255906
v -0.00217009 0.01945000 -0.00265624
v -0.00205216 0.01945000 -0.00274837
v -0.00193032 0.01945000 -0.00283527
v -0.00180481 0.01945000 -0.00291677
v -0.00167586 0.01945000 -0.00299272
v -0.00154373 0.01945000 -0.00306297
v -0.00140866 0.01945000 -0.00312739
v -0.00127090 0.01945000 -0.00318586
v -0.00113073 0.01945000 -0.00323826
v -0.00098840 0.01945000 -0.00328450
v -0.00084419 0.01945000 -0.00332449
v -0.00069837 0.01945000 -0.00335815
v -0.00055123 0.01945000 -0.00338542
v -0.00040303 0.01945000 -0.00340624
v -0.00025407 0.01945000 -0.00342058
v -0.00010463 0.01945000 -0.00342840
v 0.00004502 0.01945000 -0.00342970
v 0.00019458 0.01945000 -0.00342448
v 0.00034377 0.01945000 -0.00341273
v 0.00049230 0.01945000 -0.00339449
v 0.00063990 0.01945000 -0.00336978
v 0.00078627 0.01945000 -0.00333866
v 0.00093116 0.01945000 -0.00330119
v 0.00107427 0.01945000 -0.00325743
v 0.00121533 0.01945000 -0.00320747
v 0.00135408 0.01945000 -0.00315141
v 0.00149026 0.01945000 -0.00308934
v 0.00162359 0.01945000 -0.00302140
v 0.00175384 0.01945000 -0.00294770
v 0.00188075 0.01945000 -0.00286839
v 0.00200407 0.01945000 -0.00278363
v 0.00212359 0.01945000 -0.00269356
v 0.00223906 0.01945000 -0.00259837
v 0.00235027 0.01945000 -0.00249823
v 0.00245700 0.01945000 -0.00239333
v 0.00255906 0.01945000 -0.00228388
v 0.00265624 0.01945000 -0.00217008
v 0.00274837 0.01945000 -0.00205216
v 0.00283527 0.01945000 -0.00193032
v 0.00291677 0.01945000 -0.00180481
v 0.00299272 0.01945000 -0.00167587
v 0.00306297 0.01945000 -0.00154373
v 0.00312739 0.01945000 -0.00140866
v 0.00318586 0.01945000 -0.00127090
v 0.00323826 0.01945000 -0.00113072
v 0.00328450 0.01945000 -0.00098840
v 0.00332449 0.01945000 -0.00084419
v 0.00335815 0.01945000 -0.00069837
v 0.00338542 0.01945000 -0.00055123
v 0.00340624 0.01945000 -0.00040303
v 0.00342058 0.01945000 -0.00025407
v 0.00342840 0.01945000 -0.00010463
v 0.00342970 0.01945000 0.00004502
v 0.00342448 0.01945000 0.00019458
v 0.00341273 0.01945000 0.00034377
v 0.00339449 0.01945000 0.00049230
v 0.00336978 0.01945000 0.00063990
v 0.00333866 0.01945000 0.00078627
v 0.00330119 0.01945000 0.00093116
v 0.00325743 0.01945000 0.00107427
v 0.00320747 0.01945000 0.00121533
v 0.00315141 0.01945000 0.00135408
v 0.00308934 0.01945000 0.00149026
v 0.00302140 0.01945000 0.00162359
v 0.00294770 0.01945000 0.00175384
v 0.00286840 0.01945000 0.00188075
v 0.00278363 0.01945000 0.00200407
v 0.00269356 0.01945000 0.00212359
v 0.00259837 0.01945000 0.00223906
v 0.00249823 0.01945000 0.00235027
v 0.00239333 0.01945000 0.00245700
v 0.00228388 0.01945000 0.00255906
v 0.00217009 0.01945000 0.00265624
v 0.00205216 0.01945000 0.00274837
v 0.00193032 0.01945000 0.00283527
v 0.00180481 0.01945000 0.00291677
v 0.00167587 0.01945000 0.00299272
v 0.00154373 0.01945000 0.00306297
v 0.00140866 0.01945000 0.00312739
v 0.00127090 0.01945000 0.00318586
v 0.00113073 0.01945000 0.00323827
v 0.00098840 0.01945000 0.00328450
v 0.00084419 0.01945000 0.00332449
v 0.00069837 0.01945000 0.00335815
v 0.00055123 0.01945000 0.00338542
v 0.00040303 0.01945000 0.00340624
v 0.00025407 0.01945000 0.00342058
v 0.00010463 0.01945000 0.00342840
v -0.00004502 0.01945000 0.00342970
v -0.00019458 0.01945000 0.00342448
v -0.00034377 0.01945000 0.00341273
v -0.00049230 0.01945000 0.00339449
v -0.00063990 0.01945000 0.00336978
v -0.00078627 0.01945000 0.00333866
v -0.00093116 0.01945000 0.00330119
v -0.00107427 0.01945000 0.00325743
v -0.00121533 0.01945000 0.00320747
v -0.00135408 0.01945000 0.00315141
v -0.00149026 0.01945000 0.00308934
v -0.00162359 0.01945000 0.00302140
v -0.00175384 0.01945000 0.00294770
v -0.00188075 0.01945000 0.00286840
v -0.00200407 0.01945000 0.00278363
v -0.00212359 0.01945000 0.00269356
v -0.00223906 0.01945000 0.00259837
v -0.00235027 0.01945000 0.00249823
v -0.00245700 0.01945000 0.00239333
v -0.00255906 0.01945000 0.00228388
v -0.00265624 0.01945000 0.00217009
v -0.00274837 0.01945000 0.00205216
v -0.00283527 0.01945000 0.00193032
v -0.00291677 0.01945000 0.00180481
v -0.00299272 0.01945000 0.00167586
v -0.00306297 0.01945000 0.00154373
v -0.00312739 0.01945000 0.00140866
v -0.00318586 0.01945000 0.00127090
v -0.00323827 0.01945000 0.00113072
v -0.00328451 0.01945000 0.00098840
v -0.00332449 0.01945000 0.00084419
v -0.00335815 0.01945000 0.00069837
v -0.00338542 0.01945000 0.00055123
v -0.00340624 0.01945000 0.00040303
v -0.00342058 0.01945000 0.00025407
v -0.00342840 0.01945000 0.00010463
v -0.00342971 0.01945000 -0.00004502
v -0.00342448 0.01945000 -0.00019458
v -0.00341273 0.01945000 -0.00034376
v -0.00339449 0.01945000 -0.00049230
v -0.00336978 0.01945000 -0.00063990
v -0.00333866 0.01945000 -0.00078627
v -0.00330119 0.01945000 -0.00093116
v -0.00325743 0.01945000 -0.00107427
v -0.00320747 0.01945000 -0.00121533
v -0.00315141 0.01945000 -0.00135408
vn -0.52791400 -0.54459086 -0.65171129
vn -0.43095450 -0.51622071 -0.74013134
vn -0.76668185 0.62611756 0.14204134
vn -0.57787976 -0.69661708 -0.42518188
vn -0.59730127 0.72413723 -0.34475566
vn -0.59730131 -0.72413722 -0.34475561
vn -0.26916415 0.57735027 -0.77085493
vn -0.26916415 -0.57735027 -0.77085493
vn 0.84751699 -0.51622073 -0.12341437
vn 0.36605954 0.62611757 0.68846002
vn 0.66038402 0.37416396 0.65107164
vn 0.26916420 0.57735027 0.77085492
vn 0.26916420 -0.57735027 0.77085492
vn 0.69054690 -0.72257253 0.03215475
vn 0.68052871 0.71205194 -0.17280830
vn -0.63238509 0.71205878 -0.30505965
vn -0.61848743 0.71204332 -0.33236667
vn -0.27719284 0.71204789 0.64509839
vn -0.30505856 0.71204894 0.63239670
vn -0.92062482 0.37416398 -0.11158517
vn -0.60339965 0.71205253 -0.35901262
vn -0.58718528 0.71204134 -0.38498127
vn -0.56981632 0.71205988 -0.41021956
vn -0.55136980 0.71204989 -0.43471404
vn -0.53189419 0.71204605 -0.45834376
vn 0.67234714 0.71204797 -0.20232897
vn -0.51138769 0.71205456 -0.48110387
vn -0.48991096 0.71204921 -0.50296438
vn -0.46750958 0.71204911 -0.52385194
vn -0.44421967 0.71204880 -0.54374202
vn -0.27719445 0.71204968 0.64509572
vn -0.30506187 0.71204725 0.63239701
vn -0.56981617 0.71204947 -0.41023784
vn -0.55137959 0.71205019 -0.43470113
vn 0.45835008 0.71203384 -0.53190509
vn 0.64018379 0.71205069 -0.28835486
vn 0.00919943 0.71205423 -0.70206420
vn 0.03983584 0.71205275 -0.70099500
vn -0.64511024 0.71204591 -0.27717034
vn -0.63238559 0.71205994 -0.30505590
vn -0.61848461 0.71204452 -0.33236935
vn 0.07039319 0.71205323 -0.69858785
vn 0.10077884 0.71203978 -0.69486904
vn 0.13096838 0.71205301 -0.68980272
vn 0.13098508 0.71205548 -0.68979700
vn -0.48992323 0.71204944 -0.50295211
vn 0.10079084 0.71203908 -0.69486801
vn 0.07037857 0.71206231 -0.69858008
vn 0.21992903 0.71204857 -0.66679687
vn 0.24878370 0.71204340 -0.65658272
vn 0.27717739 0.71205497 -0.64509722
vn 0.30506187 0.71204725 -0.63239701
vn 0.38499758 0.71206181 -0.58714976
vn 0.41025268 0.71203632 -0.56982192
vn 0.43470009 0.71206356 -0.55136315
vn -0.36945883 0.71204676 -0.59706748
vn -0.34304537 0.71205792 -0.61261195
vn -0.31601084 0.71204005 -0.62700567
vn -0.60340429 0.71204908 -0.35901165
vn -0.58718256 0.71204540 -0.38497792
vn -0.56981131 0.71205929 -0.41022753
vn 0.45833721 0.71205385 -0.53188939
vn -0.77085492 0.57735027 0.26916419
vn 0.43471187 0.71204393 -0.55137921
vn 0.41023946 0.71205627 -0.56980650
vn 0.16093583 0.71203886 -0.68344738
vn 0.19059448 0.71206353 -0.67575090
vn -0.53189020 0.71205107 -0.45834058
vn -0.51139256 0.71204909 -0.48110680
vn -0.11285010 0.71203808 -0.69301272
vn 0.65215362 0.71204918 -0.26015693
vn -0.14295580 0.71205809 -0.68741321
vn -0.17280004 0.71203888 -0.68054447
vn -0.55136508 0.71204989 -0.43472002
vn -0.53189755 0.71204304 -0.45834453
vn -0.51138656 0.71205758 -0.48110061
vn -0.48991736 0.71204513 -0.50296393
vn -0.46753771 0.71204404 -0.52383373
vn -0.44422597 0.71205919 -0.54372326
vn 0.33234979 0.71205009 -0.61848872
vn 0.35900504 0.71204680 -0.60341092
vn 0.38497688 0.71205155 -0.58717578
vn 0.64017985 0.71205503 -0.28835291
vn 0.65215785 0.71204529 -0.26015696
vn -0.38497440 0.71205533 0.58717282
vn -0.41024244 0.71205307 0.56980836
vn -0.43470765 0.71204532 0.55138074
vn -0.38500653 0.71204432 0.58716511
vn -0.41024136 0.71205370 0.56980835
vn -0.43470988 0.71204610 0.55137797
vn -0.45833898 0.71205224 0.53189001
vn 0.33234633 0.71204947 -0.61849128
vn 0.35900188 0.71204780 -0.60341162
vn -0.42008599 0.71204851 -0.56259638
vn -0.39514399 0.71205161 -0.58038241
vn -0.20231614 0.71206192 -0.67233623
vn -0.17280346 0.71203783 -0.68054471
vn -0.19059719 0.71205198 0.67576230
vn -0.16096542 0.71204026 0.68343895
vn -0.13098976 0.71206210 0.68978928
vn -0.21989919 0.71205025 0.66680491
vn -0.24878473 0.71205334 0.65657155
vn -0.67234495 0.71205019 0.20232845
vn -0.68053083 0.71204981 0.17280870
vn 0.44421002 0.71205004 0.54374829
vn -0.08251323 0.71206123 -0.69725201
vn -0.05199149 0.71204868 -0.70020251
vn -0.02142507 0.71204310 -0.70180880
vn -0.36945228 0.71206160 -0.59705384
vn -0.34305075 0.71204414 -0.61262494
vn -0.31599965 0.71205489 -0.62699446
vn -0.28835173 0.71204576 -0.64019069
vn 0.24877942 0.71206104 -0.65656521
vn 0.27720385 0.71204448 -0.64509743
vn 0.30505856 0.71204894 -0.63239670
vn -0.33235425 0.71205209 0.61848402
vn -0.35900719 0.71204284 0.60341431
vn 0.56261650 0.71204149 -0.42007093
vn 0.58038002 0.71204736 -0.39515515
vn -0.63239402 0.71205048 -0.30506052
vn -0.19062611 0.71204519 0.67576130
vn -0.16095603 0.71205794 0.68342275
vn -0.13098829 0.71204426 0.68980797
vn -0.21990159 0.71204854 0.66680594
vn -0.24878177 0.71205339 0.65657262
vn -0.33233083 0.71204253 0.61850760
vn -0.35899818 0.71206334 0.60339548
vn -0.68979822 0.71205258 -0.13099438
vn -0.68344738 0.71203886 -0.16093583
vn -0.58716649 0.71204962 -0.38499460
vn 0.48108669 0.71206225 -0.51139315
vn -0.60340093 0.71205140 -0.35901269
vn 0.50295722 0.71204054 -0.48993093
vn -0.61848896 0.71204844 -0.33235286
vn -0.28837052 0.71205426 -0.64017277
vn -0.26016260 0.71204967 -0.65215082
vn 0.66287925 0.71205132 -0.23146060
vn -0.23146212 0.71205225 -0.66287773
vn -0.20230117 0.71205628 -0.67234670
vn -0.31600857 0.71205047 -0.62699498
vn -0.28835507 0.71205076 -0.64018362
vn -0.26015384 0.71205015 -0.65215379
vn -0.23146076 0.71204955 -0.66288110
vn 0.52383272 0.71205878 -0.46751639
vn 0.54374424 0.71204425 -0.44422426
vn 0.66287595 0.71205367 -0.23146285
vn 0.67234774 0.71205455 -0.20230381
vn 0.68054221 0.71204064 -0.17280169
vn 0.68741646 0.71205101 -0.14297541
vn 0.69300129 0.71204786 -0.11285858
vn 0.69725673 0.71205755 -0.08250518
vn 0.26016260 0.71204967 0.65215082
vn 0.23146212 0.71205225 0.66287773
vn 0.54375404 0.71205498 -0.44419505
vn 0.60340002 0.71204997 0.35901707
vn 0.58716628 0.71204974 0.38499470
vn -0.68981041 0.71204133 -0.13099137
vn -0.67574716 0.71206559 -0.19060002
vn -0.66679726 0.71204630 -0.21993517
vn -0.65657737 0.71204625 -0.24878968
vn -0.42006755 0.71205053 -0.56260758
vn -0.39515903 0.71203943 -0.58038711
vn -0.26014989 0.71205408 -0.65215108
vn -0.23146975 0.71204248 -0.66288556
vn -0.14298027 0.71205247 -0.68741394
vn -0.11284380 0.71205272 -0.69299870
vn -0.08249594 0.71205135 -0.69726415
vn 0.21990205 0.71204941 -0.66680487
vn 0.24877937 0.71205115 -0.65657595
vn 0.48111633 0.71205217 -0.51137929
vn 0.50295688 0.71204026 -0.48993167
vn 0.56259025 0.71205195 -0.42008836
vn 0.58038933 0.71205618 -0.39512557
vn 0.59708288 0.71204401 -0.36943926
vn 0.61261326 0.71204720 -0.34306528
vn 0.62698846 0.71205082 -0.31602072
vn 0.70020413 0.71204636 -0.05200159
vn 0.70180088 0.71205115 -0.02141715
vn 0.70206837 0.71204987 0.00921852
vn 0.70100268 0.71204601 0.03982113
vn 0.69858495 0.71205817 0.07037212
vn 0.69486540 0.71204284 0.10078230
vn 0.62698806 0.71204999 -0.31602339
vn 0.64017802 0.71205586 -0.28835490
vn 0.65215976 0.71205488 -0.26012594
vn 0.66289438 0.71203576 -0.23146514
vn 0.67233239 0.71206164 -0.20232988
vn 0.68054008 0.71204187 -0.17280505
vn 0.68741294 0.71206064 -0.14294440
vn -0.48109911 0.71204293 0.51140836
vn -0.50294297 0.71206038 0.48991670
vn -0.52384768 0.71203793 0.46753139
vn 0.41023983 0.71204899 -0.56981534
vn 0.38499407 0.71205075 -0.58716547
vn 0.35901375 0.71205016 -0.60340177
vn 0.68979428 0.71205680 0.13099225
vn 0.68343389 0.71204525 0.16096481
vn 0.67577276 0.71204382 0.19059060
vn 0.66679728 0.71205978 0.21989146
vn 0.65657971 0.71204510 0.24878679
vn 0.64509052 0.71205640 0.27718931
vn 0.63240030 0.71204231 0.30506656
vn 0.61848929 0.71205282 0.33234287
vn 0.60340429 0.71204908 0.35901165
vn 0.58716080 0.71205397 0.38499523
vn 0.53188387 0.71206191 0.45833109
vn 0.51140254 0.71203829 0.48111217
vn 0.48992517 0.71205768 0.50293856
vn 0.46750645 0.71205071 0.52385257
vn 0.44421750 0.71204756 0.54374542
vn 0.42008599 0.71204851 0.56259638
vn 0.39514399 0.71205161 0.58038241
vn 0.36943601 0.71205400 0.59707297
vn 0.34305605 0.71204234 0.61262408
vn 0.31599983 0.71205779 0.62699107
vn 0.28834805 0.71204486 0.64019335
vn 0.20232929 0.71204760 0.67234743
vn 0.17280327 0.71205390 0.68052794
vn 0.14295950 0.71204507 0.68742592
vn 0.11284699 0.71205172 0.69299921
vn 0.08248970 0.71205523 0.69726093
vn 0.05201251 0.71204012 0.70020966
vn 0.02142649 0.71205768 0.70179396
vn -0.00922776 0.71204944 0.70206869
vn -0.03983449 0.71204783 0.70100007
vn -0.07037093 0.71205136 0.69859201
vn -0.10076205 0.71204366 0.69486750
vn 0.52383257 0.71205783 -0.46751800
vn 0.59705972 0.71205293 -0.36945949
vn 0.61261251 0.71204751 -0.34306596
vn 0.70181562 0.71203663 -0.02141668
vn 0.70206241 0.71205607 0.00919374
vn -0.68742019 0.71205121 0.14295651
vn 0.70098635 0.71206004 0.03985781
vn 0.69861127 0.71203205 0.07037507
vn 0.69484635 0.71206397 0.10076431
vn 0.53189729 0.71204452 0.45834254
vn 0.51138584 0.71205705 0.48110214
vn -0.54372688 0.71206492 0.44421237
vn -0.56261650 0.71204149 0.42007093
vn -0.58038002 0.71204736 0.39515515
vn -0.62701151 0.71204378 0.31599086
vn -0.64018404 0.71204880 0.28835898
vn -0.65215018 0.71204954 0.26016456
vn -0.66287700 0.71205372 0.23145969
vn -0.70100915 0.71203869 -0.03983825
vn -0.69859334 0.71205224 -0.07034876
vn -0.69485817 0.71205204 -0.10076711
vn -0.05199434 0.71205153 -0.70019941
vn -0.02140605 0.71204738 -0.70180504
vn 0.00921554 0.71204902 -0.70206927
vn -0.46751588 0.71205118 -0.52384352
vn -0.44422064 0.71204950 -0.54374032
vn -0.42008087 0.71205009 -0.56259819
vn -0.39514431 0.71204883 -0.58038559
vn -0.36944650 0.71205257 -0.59706819
vn -0.34305316 0.71204759 -0.61261959
vn 0.27718620 0.71205018 -0.64509871
vn 0.30506028 0.71204936 -0.63239539
vn 0.33235222 0.71204983 -0.61848770
vn 0.70019174 0.71205908 -0.05199421
vn -0.69486108 0.71204860 -0.10077141
vn -0.68979995 0.71205229 -0.13098690
vn 0.68980920 0.71204136 0.13099759
vn 0.68343002 0.71205364 0.16094415
vn 0.67576443 0.71204743 0.19060666
vn 0.66680555 0.71205081 0.21989545
vn 0.65658734 0.71204595 0.24876422
vn 0.64508400 0.71206333 0.27718668
vn 0.63239775 0.71203929 0.30507889
vn 0.61850031 0.71204754 0.33233366
vn 0.60340218 0.71205613 0.35900122
vn 0.58715581 0.71205296 0.38500473
vn 0.48994537 0.71203551 0.50295026
vn 0.46752608 0.71206281 0.52381859
vn 0.68742254 0.71204835 -0.14295944
vn 0.69300079 0.71205161 -0.11283800
vn 0.69726644 0.71204829 -0.08250302
vn -0.67234962 0.71204408 0.20233441
vn -0.68052497 0.71205054 0.17282877
vn -0.68741294 0.71206064 0.14294440
vn 0.03981542 0.71204598 -0.70100304
vn -0.20232761 0.71204987 -0.67234554
vn -0.17280795 0.71205005 -0.68053078
vn -0.14295779 0.71205038 -0.68742078
vn 0.13099033 0.71205007 -0.68980159
vn 0.16095415 0.71204983 -0.68343163
vn 0.19061013 0.71204957 -0.67576120
vn 0.43470002 0.71204929 -0.55138163
vn 0.45833811 0.71205180 -0.53189134
vn 0.48110665 0.71204915 -0.51139261
vn 0.50295319 0.71205017 -0.48992106
vn 0.52384559 0.71205044 -0.46751468
vn 0.54373938 0.71204869 -0.44422310
vn 0.56980578 0.71204963 0.41025199
vn 0.55139233 0.71204133 0.43469948
vn -0.68343180 0.71204922 -0.16095612
vn -0.67576058 0.71204991 -0.19061104
vn -0.66680487 0.71204907 -0.21990316
vn -0.65657574 0.71205126 -0.24877962
vn -0.64509960 0.71204965 -0.27718549
vn 0.69725708 0.71205448 -0.08252867
vn 0.69301683 0.71203598 -0.11283810
vn 0.28835173 0.71204576 0.64019069
vn -0.66287919 0.71205019 0.23146426
vn 0.31599965 0.71205489 0.62699446
vn 0.34305075 0.71204414 0.61262494
vn -0.56259044 0.71205159 0.42008871
vn 0.17280829 0.71205286 0.68052775
vn -0.54374254 0.71204509 0.44422499
vn -0.52386066 0.71204782 0.46750177
vn 0.14295318 0.71205495 0.68741701
vn 0.11282756 0.71204707 0.69300715
vn 0.02142638 0.71205405 0.70179765
vn -0.00922596 0.71205242 0.70206569
vn -0.03981630 0.71203934 0.70100973
vn -0.07035015 0.71205941 0.69858590
vn -0.10078805 0.71205101 0.69485619
vn 0.70019861 0.71205101 -0.05201209
vn 0.70180050 0.71205168 -0.02141205
vn 0.70207105 0.71204725 0.00921718
vn -0.59705972 0.71205293 0.36945949
vn -0.61261842 0.71205705 0.34303562
vn -0.69301683 0.71203598 0.11283810
vn -0.69724802 0.71206852 0.08248409
vn -0.70022016 0.71203096 0.05199646
vn 0.56259691 0.71205174 -0.42007980
vn 0.58038818 0.71204848 -0.39514115
vn 0.59706906 0.71205166 -0.36944685
vn 0.61261906 0.71204882 -0.34305155
vn 0.62699686 0.71204975 -0.31600648
vn -0.69726464 0.71205009 0.08250266
vn -0.70019957 0.71205033 0.05200856
vn -0.70180289 0.71204912 0.02141849
vn -0.70206748 0.71205081 -0.00921389
vn -0.70099775 0.71205024 -0.03983216
vn -0.69859368 0.71204969 -0.07037121
vn 0.56980175 0.71204949 0.41025783
vn 0.55136766 0.71204894 0.43471831
vn 0.42009272 0.71204234 0.56259915
vn 0.39515127 0.71205529 0.58037292
vn 0.36943628 0.71205392 0.59707290
vn -0.59706784 0.71204972 0.36945256
vn -0.61261468 0.71205079 0.34305529
vn 0.08249594 0.71205135 0.69726415
vn 0.05201532 0.71204486 0.70020463
vn 0.70099670 0.71205150 0.03982822
vn 0.69859481 0.71204884 0.07036866
vn 0.69485809 0.71205119 0.10077370
vn 0.61848651 0.71205133 0.33235124
vn -0.65658032 0.71204939 -0.24877289
vn 0.63239708 0.71204831 0.30505924
vn -0.64510806 0.71204822 -0.27716947
vn 0.64509836 0.71205110 0.27718466
vn -0.70179349 0.71205782 0.02143747
vn -0.70206164 0.71205625 -0.00923808
vn -0.11283636 0.71204982 -0.69300290
vn -0.08250117 0.71204999 -0.69726492
vn -0.05201136 0.71204906 -0.70020066
vn -0.02141856 0.71205124 -0.70180074
vn 0.00921568 0.71204932 -0.70206897
vn 0.03983072 0.71205070 -0.70099737
vn 0.07036951 0.71204912 -0.69859443
vn 0.10077424 0.71205077 -0.69485844
vn 0.16094817 0.71205215 -0.68343062
vn 0.19062120 0.71205313 -0.67575431
vn 0.21990318 0.71204127 -0.66681318
vn -0.69300394 0.71204892 0.11283558
vn -0.62698826 0.71205040 0.31602206
vn -0.64017783 0.71205218 0.28836444
vn 0.20233188 0.71204796 0.67234627
vn -0.65215105 0.71204856 0.26016508
vn 0.23146056 0.71205020 0.66288047
vn -0.68343154 0.71205361 -0.16093781
vn -0.67574833 0.71205731 -0.19062684
vn -0.66680554 0.71204201 -0.21992398
vn 0.68980193 0.71204976 0.13099022
vn 0.68343158 0.71205002 0.16095357
vn 0.67576116 0.71204959 0.19061018
vn 0.66680360 0.71205004 0.21990383
vn 0.65657722 0.71204983 0.24877981
vn 0.14295698 0.71204832 0.68742308
vn -0.54373951 0.71204851 0.44422321
vn -0.56259692 0.71205207 0.42007923
vn -0.58038886 0.71204831 0.39514045
vn -0.62699727 0.71205001 0.31600507
vn -0.64018481 0.71205099 0.28835184
vn -0.65215501 0.71204851 0.26015528
vn -0.68054102 0.71204592 0.17278461
vn 0.39513878 0.71205060 0.58038718
vn -0.67234774 0.71205455 0.20230381
vn 0.36944948 0.71204867 0.59707099
vn 0.53189340 0.71205012 0.45833835
vn 0.51139091 0.71205128 0.48110531
vn -0.69727824 0.71203818 0.08249048
vn -0.69298759 0.71206527 0.11283289
vn 0.55137975 0.71204985 0.43470150
vn -0.70100079 0.71204787 -0.03982113
vn 0.56981555 0.71204958 0.41023851
vn -0.69859467 0.71205035 -0.07035476
vn -0.69485127 0.71205682 -0.10078096
vn 0.11283871 0.71205064 0.69300166
vn 0.08250204 0.71204971 0.69726510
vn 0.05200796 0.71205069 0.70019925
vn -0.03982645 0.71204943 0.70099890
vn -0.07036866 0.71205161 0.69859198
vn -0.10077508 0.71204866 0.69486048
vn -0.13098898 0.71205167 0.68980019
vn -0.21990256 0.71205134 0.66680264
vn -0.24878275 0.71204986 0.65657608
vn -0.27718336 0.71204934 0.64510086
vn -0.41023764 0.71205210 0.56981302
vn -0.38499130 0.71204896 0.58716946
vn -0.35901441 0.71205022 0.60340131
vn -0.43470474 0.71204791 0.55137969
vn -0.45833846 0.71205172 0.53189116
vn -0.48110670 0.71204913 0.51139259
vn -0.50295316 0.71205016 0.48992110
vn -0.52384566 0.71205053 0.46751445
vn 0.26014989 0.71205408 0.65215108
vn 0.23145508 0.71204700 0.66288582
vn 0.20233224 0.71204871 0.67234537
vn 0.17281693 0.71204967 0.68052889
vn -0.58038031 0.71204689 0.39515555
vn -0.59706828 0.71206534 0.36942174
vn -0.61264154 0.71203536 0.34303934
vn 0.34305203 0.71205152 0.61261564
vn 0.31600596 0.71204817 0.62699891
vn -0.66287595 0.71205367 0.23146285
vn 0.28835448 0.71205179 0.64018274
vn 0.26015355 0.71204927 0.65215486
vn 0.48992037 0.71204875 0.50295587
vn 0.46751736 0.71205004 0.52384374
vn -0.68742683 0.71204079 0.14297649
vn 0.44422409 0.71204950 0.54373750
vn 0.42008221 0.71205082 0.56259628
vn -0.45833721 0.71205385 0.53188939
vn -0.48110104 0.71204229 0.51140744
vn -0.50294307 0.71206042 0.48991656
vn -0.16095515 0.71204884 0.68343243
vn -0.19060686 0.71204916 0.67576254
vn 0.02141450 0.71204987 0.70180225
vn -0.00921541 0.71204926 0.70206903
vn -0.30505931 0.71205127 0.63239371
vn -0.33235541 0.71204900 0.61848695
vn -0.70019623 0.71205242 0.05202488
vn -0.70179915 0.71205286 0.02141697
vn -0.70207018 0.71204809 -0.00921843
vn 0.83866829 -0.54459078 0.00750899
vn -0.45500354 -0.72257250 -0.52044285
vn -0.77085492 -0.57735027 0.26916419
vn 0.64161955 0.72413729 0.25288248
vn 0.77085493 0.57735027 -0.26916416
vn 0.77085493 -0.57735027 -0.26916416
vn 0.64161956 -0.72413730 0.25288240
vn 0.69247643 -0.69661688 0.18762012
vn -0.63238509 -0.71205878 -0.30505965
vn -0.64510806 -0.71204822 -0.27716947
vn -0.65658032 -0.71204939 -0.24877289
vn -0.66680554 -0.71204201 -0.21992398
vn -0.67574833 -0.71205731 -0.19062684
vn -0.68343154 -0.71205361 -0.16093781
vn -0.68981041 -0.71204133 -0.13099137
vn -0.69485127 -0.71205682 -0.10078096
vn -0.69859467 -0.71205035 -0.07035476
vn -0.70100079 -0.71204787 -0.03982113
vn -0.70207018 -0.71204809 -0.00921843
vn -0.70179915 -0.71205286 0.02141697
vn -0.70019623 -0.71205242 0.05202488
vn -0.69727824 -0.71203818 0.08249048
vn -0.69298759 -0.71206527 0.11283289
vn -0.68742683 -0.71204079 0.14297649
vn -0.68054102 -0.71204592 0.17278461
vn -0.67234774 -0.71205455 0.20230381
vn -0.66287595 -0.71205367 0.23146285
vn -0.65215105 -0.71204856 0.26016508
vn -0.64017783 -0.71205218 0.28836444
vn -0.62698826 -0.71205040 0.31602206
vn -0.61264154 -0.71203536 0.34303934
vn -0.59706828 -0.71206534 0.36942174
vn -0.58038031 -0.71204689 0.39515555
vn -0.56259044 -0.71205159 0.42008871
vn -0.54374254 -0.71204509 0.44422499
vn -0.52386066 -0.71204782 0.46750177
vn -0.50294307 -0.71206042 0.48991656
vn -0.48110104 -0.71204229 0.51140744
vn -0.45833721 -0.71205385 0.53188939
vn -0.43470765 -0.71204532 0.55138074
vn -0.41024244 -0.71205307 0.56980836
vn -0.38497440 -0.71205533 0.58717282
vn -0.35900719 -0.71204284 0.60341431
vn -0.33235425 -0.71205209 0.61848402
vn -0.30505856 -0.71204894 0.63239670
vn -0.27719284 -0.71204789 0.64509839
vn -0.24878473 -0.71205334 0.65657155
vn -0.21989919 -0.71205025 0.66680491
vn -0.19059719 -0.71205198 0.67576230
vn -0.16096542 -0.71204026 0.68343895
vn -0.13098976 -0.71206210 0.68978928
vn -0.10076205 -0.71204366 0.69486750
vn -0.07037093 -0.71205136 0.69859201
vn -0.03983449 -0.71204783 0.70100007
vn -0.00922776 -0.71204944 0.70206869
vn 0.02142649 -0.71205768 0.70179396
vn 0.05201251 -0.71204012 0.70020966
vn 0.08248970 -0.71205523 0.69726093
vn 0.11284699 -0.71205172 0.69299921
vn 0.14295950 -0.71204507 0.68742592
vn 0.17280327 -0.71205390 0.68052794
vn 0.20232929 -0.71204760 0.67234743
vn 0.23146212 -0.71205225 0.66287773
vn 0.26016260 -0.71204967 0.65215082
vn 0.28834805 -0.71204486 0.64019335
vn 0.31599983 -0.71205779 0.62699107
vn 0.34305605 -0.71204234 0.61262408
vn 0.36943601 -0.71205400 0.59707297
vn 0.39514399 -0.71205161 0.58038241
vn 0.42008599 -0.71204851 0.56259638
vn 0.44421750 -0.71204756 0.54374542
vn 0.46750645 -0.71205071 0.52385257
vn 0.48992517 -0.71205768 0.50293856
vn 0.51140254 -0.71203829 0.48111217
vn 0.53188387 -0.71206191 0.45833109
vn 0.55139233 -0.71204133 0.43469948
vn 0.56980578 -0.71204963 0.41025199
vn 0.58716080 -0.71205397 0.38499523
vn 0.60340429 -0.71204908 0.35901165
vn 0.61848929 -0.71205282 0.33234287
vn 0.63240030 -0.71204231 0.30506656
vn 0.64509052 -0.71205640 0.27718931
vn 0.65657971 -0.71204510 0.24878679
vn 0.66679728 -0.71205978 0.21989146
vn 0.67577276 -0.71204382 0.19059060
vn 0.68343389 -0.71204525 0.16096481
vn 0.68979428 -0.71205680 0.13099225
vn 0.69486540 -0.71204284 0.10078230
vn 0.69858495 -0.71205817 0.07037212
vn 0.70100268 -0.71204601 0.03982113
vn 0.70206837 -0.71204987 0.00921852
vn 0.70180088 -0.71205115 -0.02141715
vn 0.70020413 -0.71204636 -0.05200159
vn 0.69725673 -0.71205755 -0.08250518
vn 0.69300129 -0.71204786 -0.11285858
vn 0.68741646 -0.71205101 -0.14297541
vn 0.68054221 -0.71204064 -0.17280169
vn 0.67234774 -0.71205455 -0.20230381
vn 0.66287595 -0.71205367 -0.23146285
vn 0.65215785 -0.71204529 -0.26015696
vn 0.64017985 -0.71205503 -0.28835291
vn 0.62698846 -0.71205082 -0.31602072
vn 0.61261326 -0.71204720 -0.34306528
vn 0.59708288 -0.71204401 -0.36943926
vn 0.58038933 -0.71205618 -0.39512557
vn 0.56259025 -0.71205195 -0.42008836
vn 0.54374424 -0.71204425 -0.44422426
vn 0.52383272 -0.71205878 -0.46751639
vn 0.50295688 -0.71204026 -0.48993167
vn 0.48111633 -0.71205217 -0.51137929
vn 0.45833721 -0.71205385 -0.53188939
vn 0.43471187 -0.71204393 -0.55137921
vn 0.41023946 -0.71205627 -0.56980650
vn 0.38497688 -0.71205155 -0.58717578
vn 0.35900504 -0.71204680 -0.60341092
vn 0.33234979 -0.71205009 -0.61848872
vn 0.30505856 -0.71204894 -0.63239670
vn 0.27720385 -0.71204448 -0.64509743
vn 0.24877942 -0.71206104 -0.65656521
vn 0.21990318 -0.71204127 -0.66681318
vn 0.19062120 -0.71205313 -0.67575431
vn 0.16094817 -0.71205215 -0.68343062
vn 0.13096838 -0.71205301 -0.68980272
vn 0.10077884 -0.71203978 -0.69486904
vn 0.07039319 -0.71205323 -0.69858785
vn 0.03983584 -0.71205275 -0.70099500
vn 0.00919943 -0.71205423 -0.70206420
vn -0.02142507 -0.71204310 -0.70180880
vn -0.05199149 -0.71204868 -0.70020251
vn -0.08251323 -0.71206123 -0.69725201
vn -0.11285010 -0.71203808 -0.69301272
vn -0.14295580 -0.71205809 -0.68741321
vn -0.17280004 -0.71203888 -0.68054447
vn -0.20230117 -0.71205628 -0.67234670
vn -0.23146212 -0.71205225 -0.66287773
vn -0.26016260 -0.71204967 -0.65215082
vn -0.28837052 -0.71205426 -0.64017277
vn -0.31601084 -0.71204005 -0.62700567
vn -0.34304537 -0.71205792 -0.61261195
vn -0.36945883 -0.71204676 -0.59706748
vn -0.39514399 -0.71205161 -0.58038241
vn -0.42008599 -0.71204851 -0.56259638
vn -0.44421967 -0.71204880 -0.54374202
vn -0.46750958 -0.71204911 -0.52385194
vn -0.48991096 -0.71204921 -0.50296438
vn -0.51138769 -0.71205456 -0.48110387
vn -0.53189419 -0.71204605 -0.45834376
vn -0.55136980 -0.71204989 -0.43471404
vn -0.56981632 -0.71205988 -0.41021956
vn -0.58718528 -0.71204134 -0.38498127
vn -0.60339965 -0.71205253 -0.35901262
vn -0.61848743 -0.71204332 -0.33236667
vn -0.63238559 -0.71205994 -0.30505590
vn -0.64511024 -0.71204591 -0.27717034
vn -0.65657737 -0.71204625 -0.24878968
vn -0.66679726 -0.71204630 -0.21993517
vn -0.67574716 -0.71206559 -0.19060002
vn -0.68344738 -0.71203886 -0.16093583
vn -0.68979822 -0.71205258 -0.13099438
vn -0.69485817 -0.71205204 -0.10076711
vn -0.69859334 -0.71205224 -0.07034876
vn -0.70100915 -0.71203869 -0.03983825
vn -0.70206164 -0.71205625 -0.00923808
vn -0.70179349 -0.71205782 0.02143747
vn -0.70022016 -0.71203096 0.05199646
vn -0.69724802 -0.71206852 0.08248409
vn -0.69301683 -0.71203598 0.11283810
vn -0.68741294 -0.71206064 0.14294440
vn -0.68052497 -0.71205054 0.17282877
vn -0.67234962 -0.71204408 0.20233441
vn -0.66287700 -0.71205372 0.23145969
vn -0.65215018 -0.71204954 0.26016456
vn -0.64018404 -0.71204880 0.28835898
vn -0.62701151 -0.71204378 0.31599086
vn -0.61261842 -0.71205705 0.34303562
vn -0.59705972 -0.71205293 0.36945949
vn -0.58038002 -0.71204736 0.39515515
vn -0.56261650 -0.71204149 0.42007093
vn -0.54372688 -0.71206492 0.44421237
vn -0.52384768 -0.71203793 0.46753139
vn -0.50294297 -0.71206038 0.48991670
vn -0.48109911 -0.71204293 0.51140836
vn -0.45833898 -0.71205224 0.53189001
vn -0.43470988 -0.71204610 0.55137797
vn -0.41024136 -0.71205370 0.56980835
vn -0.38500653 -0.71204432 0.58716511
vn -0.35899818 -0.71206334 0.60339548
vn -0.33233083 -0.71204253 0.61850760
vn -0.30506187 -0.71204725 0.63239701
vn -0.27719445 -0.71204968 0.64509572
vn -0.24878177 -0.71205339 0.65657262
vn -0.21990159 -0.71204854 0.66680594
vn -0.19062611 -0.71204519 0.67576130
vn -0.16095603 -0.71205794 0.68342275
vn -0.13098829 -0.71204426 0.68980797
vn -0.10078805 -0.71205101 0.69485619
vn -0.07035015 -0.71205941 0.69858590
vn -0.03981630 -0.71203934 0.70100973
vn -0.00922596 -0.71205242 0.70206569
vn 0.02142638 -0.71205405 0.70179765
vn 0.05201532 -0.71204486 0.70020463
vn 0.08249594 -0.71205135 0.69726415
vn 0.11282756 -0.71204707 0.69300715
vn 0.14295318 -0.71205495 0.68741701
vn 0.17281693 -0.71204967 0.68052889
vn 0.20233224 -0.71204871 0.67234537
vn 0.23145508 -0.71204700 0.66288582
vn 0.26014989 -0.71205408 0.65215108
vn 0.28835173 -0.71204576 0.64019069
vn 0.31599965 -0.71205489 0.62699446
vn 0.34305075 -0.71204414 0.61262494
vn 0.36943628 -0.71205392 0.59707290
vn 0.39515127 -0.71205529 0.58037292
vn 0.42009272 -0.71204234 0.56259915
vn 0.44421002 -0.71205004 0.54374829
vn 0.46752608 -0.71206281 0.52381859
vn 0.48994537 -0.71203551 0.50295026
vn 0.51138584 -0.71205705 0.48110214
vn 0.53189729 -0.71204452 0.45834254
vn 0.55136766 -0.71204894 0.43471831
vn 0.56980175 -0.71204949 0.41025783
vn 0.58715581 -0.71205296 0.38500473
vn 0.60340218 -0.71205613 0.35900122
vn 0.61850031 -0.71204754 0.33233366
vn 0.63239775 -0.71203929 0.30507889
vn 0.64508400 -0.71206333 0.27718668
vn 0.65658734 -0.71204595 0.24876422
vn 0.66680555 -0.71205081 0.21989545
vn 0.67576443 -0.71204743 0.19060666
vn 0.68343002 -0.71205364 0.16094415
vn 0.68980920 -0.71204136 0.13099759
vn 0.69484635 -0.71206397 0.10076431
vn 0.69861127 -0.71203205 0.07037507
vn 0.70098635 -0.71206004 0.03985781
vn 0.70206241 -0.71205607 0.00919374
vn 0.70181562 -0.71203663 -0.02141668
vn 0.70019174 -0.71205908 -0.05199421
vn 0.69725708 -0.71205448 -0.08252867
vn 0.69301683 -0.71203598 -0.11283810
vn 0.68741294 -0.71206064 -0.14294440
vn 0.68054008 -0.71204187 -0.17280505
vn 0.67233239 -0.71206164 -0.20232988
vn 0.66289438 -0.71203576 -0.23146514
vn 0.65215976 -0.71205488 -0.26012594
vn 0.64017802 -0.71205586 -0.28835490
vn 0.62698806 -0.71204999 -0.31602339
vn 0.61261251 -0.71204751 -0.34306596
vn 0.59705972 -0.71205293 -0.36945949
vn 0.58038002 -0.71204736 -0.39515515
vn 0.56261650 -0.71204149 -0.42007093
vn 0.54375404 -0.71205498 -0.44419505
vn 0.52383257 -0.71205783 -0.46751800
vn 0.50295722 -0.71204054 -0.48993093
vn 0.48108669 -0.71206225 -0.51139315
vn 0.45835008 -0.71203384 -0.53190509
vn 0.43470009 -0.71206356 -0.55136315
vn 0.41025268 -0.71203632 -0.56982192
vn 0.38499758 -0.71206181 -0.58714976
vn 0.35900188 -0.71204780 -0.60341162
vn 0.33234633 -0.71204947 -0.61849128
vn 0.30506187 -0.71204725 -0.63239701
vn 0.27717739 -0.71205497 -0.64509722
vn 0.24878370 -0.71204340 -0.65658272
vn 0.21992903 -0.71204857 -0.66679687
vn 0.19059448 -0.71206353 -0.67575090
vn 0.16093583 -0.71203886 -0.68344738
vn 0.13098508 -0.71205548 -0.68979700
vn 0.10079084 -0.71203908 -0.69486801
vn 0.07037857 -0.71206231 -0.69858008
vn 0.03981542 -0.71204598 -0.70100304
vn 0.00921554 -0.71204902 -0.70206927
vn -0.02140605 -0.71204738 -0.70180504
vn -0.05199434 -0.71205153 -0.70019941
vn -0.08249594 -0.71205135 -0.69726415
vn -0.11284380 -0.71205272 -0.69299870
vn -0.14298027 -0.71205247 -0.68741394
vn -0.17280346 -0.71203783 -0.68054471
vn -0.20231614 -0.71206192 -0.67233623
vn -0.23146975 -0.71204248 -0.66288556
vn -0.26014989 -0.71205408 -0.65215108
vn -0.28835173 -0.71204576 -0.64019069
vn -0.31599965 -0.71205489 -0.62699446
vn -0.34305075 -0.71204414 -0.61262494
vn -0.36945228 -0.71206160 -0.59705384
vn -0.39515903 -0.71203943 -0.58038711
vn -0.42006755 -0.71205053 -0.56260758
vn -0.44422597 -0.71205919 -0.54372326
vn -0.46753771 -0.71204404 -0.52383373
vn -0.48991736 -0.71204513 -0.50296393
vn -0.51138656 -0.71205758 -0.48110061
vn -0.53189755 -0.71204304 -0.45834453
vn -0.55136508 -0.71204989 -0.43472002
vn -0.56981131 -0.71205929 -0.41022753
vn -0.58718256 -0.71204540 -0.38497792
vn -0.60340429 -0.71204908 -0.35901165
vn -0.61848461 -0.71204452 -0.33236935
vn -0.63239402 -0.71205048 -0.30506052
vn -0.64509960 -0.71204965 -0.27718549
vn -0.65657574 -0.71205126 -0.24877962
vn -0.66680487 -0.71204907 -0.21990316
vn -0.67576058 -0.71204991 -0.19061104
vn -0.68343180 -0.71204922 -0.16095612
vn -0.68979995 -0.71205229 -0.13098690
vn -0.69486108 -0.71204860 -0.10077141
vn -0.69859368 -0.71204969 -0.07037121
vn -0.70099775 -0.71205024 -0.03983216
vn -0.70206748 -0.71205081 -0.00921389
vn -0.70180289 -0.71204912 0.02141849
vn -0.70019957 -0.71205033 0.05200856
vn -0.69726464 -0.71205009 0.08250266
vn -0.69300394 -0.71204892 0.11283558
vn -0.68742019 -0.71205121 0.14295651
vn -0.68053083 -0.71204981 0.17280870
vn -0.67234495 -0.71205019 0.20232845
vn -0.66287919 -0.71205019 0.23146426
vn -0.65215501 -0.71204851 0.26015528
vn -0.64018481 -0.71205099 0.28835184
vn -0.62699727 -0.71205001 0.31600507
vn -0.61261468 -0.71205079 0.34305529
vn -0.59706784 -0.71204972 0.36945256
vn -0.58038886 -0.71204831 0.39514045
vn -0.56259692 -0.71205207 0.42007923
vn -0.54373951 -0.71204851 0.44422321
vn -0.52384566 -0.71205053 0.46751445
vn -0.50295316 -0.71205016 0.48992110
vn -0.48110670 -0.71204913 0.51139259
vn -0.45833846 -0.71205172 0.53189116
vn -0.43470474 -0.71204791 0.55137969
vn -0.41023764 -0.71205210 0.56981302
vn -0.38499130 -0.71204896 0.58716946
vn -0.35901441 -0.71205022 0.60340131
vn -0.33235541 -0.71204900 0.61848695
vn -0.30505931 -0.71205127 0.63239371
vn -0.27718336 -0.71204934 0.64510086
vn -0.24878275 -0.71204986 0.65657608
vn -0.21990256 -0.71205134 0.66680264
vn -0.19060686 -0.71204916 0.67576254
vn -0.16095515 -0.71204884 0.68343243
vn -0.13098898 -0.71205167 0.68980019
vn -0.10077508 -0.71204866 0.69486048
vn -0.07036866 -0.71205161 0.69859198
vn -0.03982645 -0.71204943 0.70099890
vn -0.00921541 -0.71204926 0.70206903
vn 0.02141450 -0.71204987 0.70180225
vn 0.05200796 -0.71205069 0.70019925
vn 0.08250204 -0.71204971 0.69726510
vn 0.11283871 -0.71205064 0.69300166
vn 0.14295698 -0.71204832 0.68742308
vn 0.17280829 -0.71205286 0.68052775
vn 0.20233188 -0.71204796 0.67234627
vn 0.23146056 -0.71205020 0.66288047
vn 0.26015355 -0.71204927 0.65215486
vn 0.28835448 -0.71205179 0.64018274
vn 0.31600596 -0.71204817 0.62699891
vn 0.34305203 -0.71205152 0.61261564
vn 0.36944948 -0.71204867 0.59707099
vn 0.39513878 -0.71205060 0.58038718
vn 0.42008221 -0.71205082 0.56259628
vn 0.44422409 -0.71204950 0.54373750
vn 0.46751736 -0.71205004 0.52384374
vn 0.48992037 -0.71204875 0.50295587
vn 0.51139091 -0.71205128 0.48110531
vn 0.53189340 -0.71205012 0.45833835
vn 0.55137975 -0.71204985 0.43470150
vn 0.56981555 -0.71204958 0.41023851
vn 0.58716628 -0.71204974 0.38499470
vn 0.60340002 -0.71204997 0.35901707
vn 0.61848651 -0.71205133 0.33235124
vn 0.63239708 -0.71204831 0.30505924
vn 0.64509836 -0.71205110 0.27718466
vn 0.65657722 -0.71204983 0.24877981
vn 0.66680360 -0.71205004 0.21990383
vn 0.67576116 -0.71204959 0.19061018
vn 0.68343158 -0.71205002 0.16095357
vn 0.68980193 -0.71204976 0.13099022
vn 0.69485809 -0.71205119 0.10077370
vn 0.69859481 -0.71204884 0.07036866
vn 0.70099670 -0.71205150 0.03982822
vn 0.70207105 -0.71204725 0.00921718
vn 0.70180050 -0.71205168 -0.02141205
vn 0.70019861 -0.71205101 -0.05201209
vn 0.69726644 -0.71204829 -0.08250302
vn 0.69300079 -0.71205161 -0.11283800
vn 0.68742254 -0.71204835 -0.14295944
vn 0.68052871 -0.71205194 -0.17280830
vn 0.67234714 -0.71204797 -0.20232897
vn 0.66287925 -0.71205132 -0.23146060
vn 0.65215362 -0.71204918 -0.26015693
vn 0.64018379 -0.71205069 -0.28835486
vn 0.62699686 -0.71204975 -0.31600648
vn 0.61261906 -0.71204882 -0.34305155
vn 0.59706906 -0.71205166 -0.36944685
vn 0.58038818 -0.71204848 -0.39514115
vn 0.56259691 -0.71205174 -0.42007980
vn 0.54373938 -0.71204869 -0.44422310
vn 0.52384559 -0.71205044 -0.46751468
vn 0.50295319 -0.71205017 -0.48992106
vn 0.48110665 -0.71204915 -0.51139261
vn 0.45833811 -0.71205180 -0.53189134
vn 0.43470002 -0.71204929 -0.55138163
vn 0.41023983 -0.71204899 -0.56981534
vn 0.38499407 -0.71205075 -0.58716547
vn 0.35901375 -0.71205016 -0.60340177
vn 0.33235222 -0.71204983 -0.61848770
vn 0.30506028 -0.71204936 -0.63239539
vn 0.27718620 -0.71205018 -0.64509871
vn 0.24877937 -0.71205115 -0.65657595
vn 0.21990205 -0.71204941 -0.66680487
vn 0.19061013 -0.71204957 -0.67576120
vn 0.16095415 -0.71204983 -0.68343163
vn 0.13099033 -0.71205007 -0.68980159
vn 0.10077424 -0.71205077 -0.69485844
vn 0.07036951 -0.71204912 -0.69859443
vn 0.03983072 -0.71205070 -0.70099737
vn 0.00921568 -0.71204932 -0.70206897
vn -0.02141856 -0.71205124 -0.70180074
vn -0.05201136 -0.71204906 -0.70020066
vn -0.08250117 -0.71204999 -0.69726492
vn -0.11283636 -0.71204982 -0.69300290
vn -0.14295779 -0.71205038 -0.68742078
vn -0.17280795 -0.71205005 -0.68053078
vn -0.20232761 -0.71204987 -0.67234554
vn -0.23146076 -0.71204955 -0.66288110
vn -0.26015384 -0.71205015 -0.65215379
vn -0.28835507 -0.71205076 -0.64018362
vn -0.31600857 -0.71205047 -0.62699498
vn -0.34305316 -0.71204759 -0.61261959
vn -0.36944650 -0.71205257 -0.59706819
vn -0.39514431 -0.71204883 -0.58038559
vn -0.42008087 -0.71205009 -0.56259819
vn -0.44422064 -0.71204950 -0.54374032
vn -0.46751588 -0.71205118 -0.52384352
vn -0.48992323 -0.71204944 -0.50295211
vn -0.51139256 -0.71204909 -0.48110680
vn -0.53189020 -0.71205107 -0.45834058
vn -0.55137959 -0.71205019 -0.43470113
vn -0.56981617 -0.71204947 -0.41023784
vn -0.58716649 -0.71204962 -0.38499460
vn -0.60340093 -0.71205140 -0.35901269
vn -0.61848896 -0.71204844 -0.33235286
vn -0.68980670 0.71204444 -0.13099403
vn -0.70019950 0.71204917 0.05202538
vn -0.58039026 0.71205722 0.39512234
vn -0.52383208 0.71205786 0.46751851
vn -0.38497302 0.71205465 0.58717455
vn -0.35900508 0.71204351 0.60341478
vn -0.10076660 0.71204362 0.69486688
vn 0.14296213 0.71204821 0.68742212
vn 0.31600463 0.71205425 0.62699268
vn 0.42007843 0.71205096 0.56259891
vn 0.44422400 0.71205129 0.54373523
vn 0.70179730 0.71205452 -0.02142205
vn 0.48111636 0.71205220 -0.51137923
vn 0.45833756 0.71205373 -0.53188924
vn 0.24877870 0.71205953 -0.65656712
vn 0.03984317 0.71205518 -0.70099211
vn 0.00920218 0.71205334 -0.70206506
vn -0.05200304 0.71205064 -0.70019966
vn -0.39514673 0.71204671 -0.58038655
vn -0.48992008 0.71204797 -0.50295726
vn -0.53189227 0.71204853 -0.45834213
vn -0.64510022 0.71205058 -0.27718168
vn -0.65657737 0.71204625 -0.24878968
vn -0.66679728 0.71205538 -0.21990573
vn -0.68343155 0.71204821 -0.16096169
vn -0.68979822 0.71205258 -0.13099438
vn -0.69485817 0.71205204 -0.10076711
vn -0.69859600 0.71204845 -0.07036076
vn -0.69301109 0.71204181 0.11283661
vn -0.67234942 0.71204653 0.20232645
vn -0.66287292 0.71205579 0.23146500
vn -0.64018103 0.71205233 0.28835694
vn -0.59706066 0.71205418 0.36945556
vn -0.58038002 0.71204736 0.39515515
vn -0.56259023 0.71205139 0.42008934
vn -0.52386054 0.71204787 0.46750184
vn -0.50294285 0.71206043 0.48991677
vn -0.41024268 0.71205439 0.56980653
vn -0.38500653 0.71204432 0.58716511
vn -0.35902859 0.71205373 0.60338873
vn -0.13099599 0.71204697 0.68980371
vn -0.10078805 0.71205101 0.69485619
vn -0.07036040 0.71205617 0.69858816
vn -0.00922653 0.71204547 0.70207273
vn 0.08250816 0.71204750 0.69726663
vn 0.11282756 0.71204707 0.69300715
vn 0.14295021 0.71205389 0.68741872
vn 0.20232229 0.71204370 0.67235367
vn 0.26016456 0.71204954 0.65215018
vn 0.28836296 0.71205046 0.64018040
vn 0.34304615 0.71205374 0.61261637
vn 0.42009187 0.71205056 0.56258939
vn 0.55138107 0.71204397 0.43470943
vn 0.56980653 0.71205439 0.41024268
vn 0.61848276 0.71205501 0.33235033
vn 0.63239973 0.71204396 0.30506388
vn 0.65657798 0.71205054 0.24877578
vn 0.66680555 0.71205081 0.21989545
vn 0.67576503 0.71204313 0.19062057
vn 0.69485443 0.71205598 0.10076508
vn 0.70098779 0.71205989 0.03983496
vn 0.70180871 0.71204346 -0.02141598
vn 0.68053948 0.71204451 -0.17279651
vn 0.67233239 0.71206164 -0.20232988
vn 0.66289438 0.71203576 -0.23146514
vn 0.65215587 0.71205674 -0.26013057
vn 0.62698886 0.71205165 -0.31601805
vn 0.61261251 0.71204751 -0.34306596
vn 0.59706229 0.71205189 -0.36945733
vn 0.50295697 0.71204036 -0.48993143
vn 0.48111593 0.71205229 -0.51137950
vn 0.41022387 0.71204452 -0.56983242
vn 0.27717315 0.71205322 -0.64510097
vn 0.24879065 0.71204125 -0.65658242
vn 0.03982518 0.71204922 -0.70099919
vn 0.00921554 0.71204902 -0.70206927
vn -0.02140605 0.71204738 -0.70180504
vn -0.05200586 0.71205538 -0.70019464
vn -0.20233020 0.71205758 -0.67233659
vn -0.23146975 0.71204248 -0.66288556
vn -0.26015209 0.71205496 -0.65214923
vn -0.39514059 0.71204266 -0.58039570
vn -0.46751718 0.71204324 -0.52385313
vn -0.51140076 0.71205259 -0.48109290
vn -0.53189755 0.71204304 -0.45834453
vn -0.55137056 0.71205483 -0.43470499
vn -0.58717013 0.71205030 -0.38498781
vn -0.60340429 0.71204908 -0.35901165
vn -0.61848728 0.71204927 -0.33235422
vn -0.26015396 0.71205203 -0.65215169
vn 0.26379586 0.70223019 0.66127491
vn -0.28835670 0.71204888 -0.64018498
vn 0.29238810 0.70222936 0.64914030
vn -0.31600464 0.71205065 -0.62699676
vn 0.32042569 0.70222942 0.63576821
vn -0.34305458 0.71204974 -0.61261630
vn 0.34785148 0.70222993 0.62118634
vn -0.36944992 0.71205035 -0.59706872
vn 0.37461652 0.70222915 0.60542273
vn -0.39514052 0.71204867 -0.58038838
vn 0.40067037 0.70222908 0.58850452
vn -0.42007870 0.71205117 -0.56259845
vn 0.42595649 0.70223067 0.57046748
vn -0.44422269 0.71205004 -0.54373793
vn 0.45043530 0.70222859 0.55134657
vn -0.46751655 0.71204939 -0.52384534
vn 0.47405706 0.70222971 0.53117167
vn -0.48992130 0.71205113 -0.50295160
vn 0.49677423 0.70222977 0.50998893
vn -0.51139515 0.71204890 -0.48110431
vn 0.51854706 0.70222933 0.48783493
vn -0.53189069 0.71204987 -0.45834188
vn 0.53933306 0.70222946 0.46475116
vn -0.55137726 0.71205052 -0.43470355
vn 0.55909145 0.70222972 0.44078358
vn -0.56981482 0.71204947 -0.41023972
vn 0.57778579 0.70222954 0.41597746
vn -0.58716667 0.71205135 -0.38499114
vn 0.59538033 0.70222961 0.39037909
vn -0.60340344 0.71204893 -0.35901339
vn 0.61184242 0.70222924 0.36403702
vn -0.61848684 0.71205051 -0.33235238
vn 0.62713781 0.70223017 0.33700289
vn -0.63239611 0.71204948 -0.30505852
vn 0.64124177 0.70222895 0.30932748
vn -0.64509962 0.71205022 -0.27718401
vn 0.65412508 0.70222918 0.28105968
vn -0.65657661 0.71204964 -0.24878196
vn 0.66576047 0.70223038 0.25226075
vn -0.66680272 0.71205017 -0.21990610
vn 0.67613112 0.70222907 0.22298218
vn -0.67576053 0.71205008 -0.19061057
vn 0.68521340 0.70222980 0.19327674
vn -0.68343174 0.71205024 -0.16095188
vn 0.69299295 0.70222891 0.16320333
vn -0.68980267 0.71204906 -0.13099016
vn 0.69945158 0.70222978 0.13281875
vn -0.69485774 0.71205130 -0.10077529
vn 0.70457941 0.70222957 0.10218363
vn -0.69859392 0.71204992 -0.07036650
vn 0.70836522 0.70223014 0.07135506
vn -0.70099901 0.71204911 -0.03983032
vn 0.71080443 0.70222913 0.04038942
vn -0.70206814 0.71205011 -0.00921765
vn 0.71188957 0.70222926 0.00934398
vn -0.70180144 0.71205059 0.02141705
vn 0.71161889 0.70222999 -0.02171649
vn -0.70020025 0.71204960 0.05200946
vn 0.70999537 0.70222887 -0.05273693
vn -0.69726369 0.71205091 0.08250365
vn 0.70701785 0.70223040 -0.08365545
vn -0.69300370 0.71204870 0.11283850
vn 0.70269741 0.70222911 -0.11441431
vn -0.68742058 0.71205068 0.14295723
vn 0.69703757 0.70222842 -0.14496160
vn -0.68053038 0.71205021 0.17280883
vn 0.69004879 0.70223124 -0.17522543
vn -0.67234571 0.71204955 0.20232817
vn 0.68175201 0.70222835 -0.20515736
vn -0.66288184 0.71204926 0.23145954
vn 0.67215204 0.70223025 -0.23470049
vn -0.65215160 0.71205161 0.26015534
vn 0.66127624 0.70222925 -0.26379503
vn -0.64018572 0.71204854 0.28835588
vn 0.64913950 0.70222919 -0.29239028
vn -0.62699624 0.71205129 0.31600423
vn 0.63576757 0.70223057 -0.32042445
vn -0.61261435 0.71205017 0.34305715
vn 0.62118805 0.70222923 -0.34784985
vn -0.59707065 0.71204861 0.36945015
vn 0.60542273 0.70222915 -0.37461652
vn -0.58038624 0.71205085 0.39513972
vn 0.58850452 0.70222908 -0.40067037
vn -0.56259757 0.71204986 0.42008209
vn 0.57046656 0.70222986 -0.42595908
vn -0.54373818 0.71205013 0.44422225
vn 0.55134429 0.70222941 -0.45043682
vn -0.52384534 0.71204945 0.46751646
vn 0.53117373 0.70223118 -0.47405257
vn -0.50295452 0.71205008 0.48991982
vn 0.50999099 0.70222682 -0.49677629
vn -0.48110598 0.71204990 0.51139220
vn 0.48783054 0.70223084 -0.51854914
vn -0.45833857 0.71205102 0.53189200
vn 0.46475258 0.70223015 -0.53933093
vn -0.43470198 0.71204925 0.55138013
vn 0.44078578 0.70222894 -0.55909070
vn -0.41024282 0.71204870 0.56981355
vn 0.41597611 0.70222900 -0.57778742
vn -0.38499612 0.71205126 0.58716351
vn 0.39037719 0.70223020 -0.59538088
vn -0.35901239 0.71205091 0.60340169
vn 0.36403795 0.70222965 -0.61184139
vn -0.33235118 0.71204920 0.61848899
vn 0.33700314 0.70222928 -0.62713867
vn -0.30506177 0.71204901 0.63239506
vn 0.30932697 0.70222986 -0.64124103
vn -0.27717981 0.71205289 0.64509847
vn 0.28106359 0.70222972 -0.65412284
vn -0.24877792 0.71204753 0.65658043
vn 0.25226004 0.70222793 -0.66576332
vn -0.21990590 0.71205063 0.66680229
vn 0.22297767 0.70223072 -0.67613088
vn -0.19060908 0.71205010 0.67576093
vn 0.19327626 0.70222926 -0.68521409
vn -0.16095304 0.71204940 0.68343234
vn 0.16320444 0.70223010 -0.69299148
vn -0.13098912 0.71205047 0.68980140
vn 0.13282148 0.70222896 -0.69945189
vn -0.10077545 0.71204966 0.69485941
vn 0.10218324 0.70222944 -0.70457959
vn -0.07037100 0.71205006 0.69859332
vn 0.07135390 0.70223003 -0.70836545
vn -0.03982889 0.71205087 0.70099730
vn 0.04039033 0.70222991 -0.71080361
vn -0.00921760 0.71204794 0.70207034
vn 0.00934403 0.70222820 -0.71189062
vn 0.02141581 0.71205235 0.70179970
vn -0.02171727 0.70223078 -0.71161808
vn 0.05201357 0.71204956 0.70019998
vn -0.05273454 0.70222907 -0.70999536
vn 0.08250211 0.71204902 0.69726579
vn -0.08365790 0.70222875 -0.70701919
vn 0.11283654 0.71205061 0.69300205
vn -0.11441647 0.70223070 -0.70269546
vn 0.14295853 0.71204967 0.68742136
vn -0.14495855 0.70222855 -0.69703808
vn 0.17280778 0.71205054 0.68053031
vn -0.17522479 0.70223042 -0.69004979
vn 0.20232817 0.71204955 0.67234571
vn -0.20515592 0.70222929 -0.68175148
vn 0.23146085 0.71204976 0.66288084
vn -0.23470074 0.70222898 -0.67215327
vn 0.26015462 0.71205015 0.65215348
vn -0.26379570 0.70223013 -0.66127503
vn 0.28835430 0.71205012 0.64018468
vn -0.29238925 0.70222901 -0.64914016
vn 0.31600467 0.71204999 0.62699750
vn -0.32042653 0.70222977 -0.63576741
vn 0.34305333 0.71205010 0.61261657
vn -0.34785144 0.70222994 -0.62118635
vn 0.36944882 0.71204986 0.59706998
vn -0.37461532 0.70222950 -0.60542307
vn 0.39514062 0.71205001 0.58038666
vn -0.40066923 0.70222884 -0.58850558
vn 0.42008224 0.71205083 0.56259623
vn -0.42595741 0.70223019 -0.57046739
vn 0.44422306 0.71204886 0.54373917
vn -0.45043598 0.70222896 -0.55134556
vn 0.46751550 0.71205065 0.52384457
vn -0.47405594 0.70223008 -0.53117218
vn 0.48992147 0.71204952 0.50295372
vn -0.49677478 0.70222902 -0.50998943
vn 0.51139293 0.71205044 0.48110439
vn -0.51854740 0.70222978 -0.48783391
vn 0.53189235 0.71204956 0.45834044
vn -0.53933192 0.70222975 -0.46475205
vn 0.55137748 0.71205003 0.43470407
vn -0.55909101 0.70222936 -0.44078473
vn 0.56981456 0.71205026 0.41023870
vn -0.57778676 0.70222918 -0.41597673
vn 0.58716711 0.71204984 0.38499325
vn -0.59538067 0.70222997 -0.39037793
vn 0.60340134 0.71205042 0.35901395
vn -0.61184252 0.70222920 -0.36403693
vn 0.61848773 0.71204952 0.33235283
vn -0.62713842 0.70222996 -0.33700219
vn 0.63239501 0.71204997 0.30505966
vn -0.64124228 0.70222903 -0.30932625
vn 0.64509975 0.71205069 0.27718248
vn -0.65412316 0.70223027 -0.28106145
vn 0.65657758 0.71204917 0.24878077
vn -0.66576096 0.70222914 -0.25226292
vn 0.66680272 0.71205017 0.21990610
vn -0.67613177 0.70222907 -0.22298018
vn 0.67576053 0.71205008 0.19061057
vn -0.68521416 0.70222970 -0.19327444
vn 0.68343155 0.71205093 0.16094966
vn -0.69299149 0.70223015 -0.16320421
vn 0.68980339 0.71204920 0.13098552
vn -0.69945141 0.70222928 -0.13282231
vn 0.69485941 0.71204966 0.10077545
vn -0.70457998 0.70222898 -0.10218374
vn 0.69859352 0.71204979 0.07037188
vn -0.70836539 0.70223015 -0.07135324
vn 0.70099758 0.71205042 0.03983199
vn -0.71080421 0.70222941 -0.04038851
vn 0.70206781 0.71205048 0.00921420
vn -0.71189012 0.70222873 -0.00934227
vn 0.70180175 0.71205019 -0.02142041
vn -0.71161756 0.70223137 0.02171544
vn 0.70020052 0.71204925 -0.05201054
vn -0.70999623 0.70222826 0.05273352
vn 0.69726551 0.71204958 -0.08249974
vn -0.70701901 0.70222877 0.08365934
vn 0.69300136 0.71205114 -0.11283744
vn -0.70269533 0.70223050 0.11441851
vn 0.68742292 0.71204838 -0.14295745
vn -0.69703718 0.70222967 0.14495743
vn 0.68053055 0.71205116 -0.17280427
vn -0.69005097 0.70222999 0.17522185
vn 0.67234568 0.71204980 -0.20232736
vn -0.68175201 0.70222851 0.20515680
vn 0.66287816 0.71205112 -0.23146435
vn -0.67215235 0.70222993 0.23470055
vn 0.65215519 0.71204784 -0.26015665
vn -0.66127592 0.70222940 0.26379543
vn 0.64018251 0.71205221 -0.28835396
vn -0.64913950 0.70222919 0.29239028
vn 0.62699955 0.71204772 -0.31600572
vn -0.63576757 0.70223057 0.32042445
vn 0.61261578 0.71205186 -0.34305110
vn -0.62118711 0.70222790 0.34785422
vn 0.59707075 0.71204874 -0.36944974
vn -0.60542059 0.70223192 0.37461479
vn 0.58038602 0.71205094 -0.39513989
vn -0.58850817 0.70222752 0.40066774
vn 0.56259748 0.71204978 -0.42008235
vn -0.57046633 0.70223007 0.42595904
vn 0.54373818 0.71205013 -0.44422225
vn -0.55134450 0.70222930 0.45043674
vn 0.52384534 0.71204945 -0.46751646
vn -0.53117159 0.70222974 0.47405711
vn 0.50295452 0.71205008 -0.48991982
vn -0.50998892 0.70222976 0.49677426
vn 0.48110598 0.71204990 -0.51139220
vn -0.48783497 0.70222937 0.51854696
vn 0.45833843 0.71205107 -0.53189206
vn -0.46475252 0.70223012 0.53933103
vn 0.43470189 0.71204921 -0.55138026
vn -0.44078576 0.70222903 0.55909061
vn 0.41023687 0.71205062 -0.56981543
vn -0.41597627 0.70222895 0.57778737
vn 0.38499223 0.71204934 -0.58716839
vn -0.39037719 0.70223020 0.59538088
vn 0.35901865 0.71204894 -0.60340030
vn -0.36403817 0.70222975 0.61184115
vn 0.33235559 0.71205118 -0.61848434
vn -0.33700293 0.70222896 0.62713915
vn 0.30505502 0.71205112 -0.63239595
vn -0.30932685 0.70223034 0.64124055
vn 0.27718210 0.71204850 -0.64510234
vn -0.28106025 0.70222782 0.65412631
vn 0.24878297 0.71205004 -0.65657580
vn -0.25225848 0.70223106 0.66576062
vn 0.21990610 0.71205017 -0.66680272
vn -0.22298312 0.70222941 0.67613045
vn 0.19060888 0.71205060 -0.67576046
vn -0.19327579 0.70222871 0.68521479
vn 0.16095322 0.71204886 -0.68343286
vn -0.16320377 0.70223068 0.69299106
vn 0.13098991 0.71205075 -0.68980096
vn -0.13282214 0.70222876 0.69945196
vn 0.10077344 0.71205029 -0.69485905
vn -0.10218324 0.70222944 0.70457959
vn 0.07037124 0.71204877 -0.69859462
vn -0.07135464 0.70223027 0.70836514
vn 0.03982980 0.71205189 -0.70099622
vn -0.04038615 0.70222809 0.71080565
vn 0.00921095 0.71204939 -0.70206896
vn -0.00934392 0.70223133 0.71188753
vn -0.02141491 0.71204841 -0.70180372
vn 0.02171322 0.70222895 0.71162001
vn -0.05200686 0.71205170 -0.70019831
vn 0.05273846 0.70222841 0.70999572
vn -0.08250331 0.71204943 -0.69726523
vn 0.08365882 0.70223028 0.70701757
vn -0.11283664 0.71204978 -0.69300289
vn 0.11441470 0.70223011 0.70269634
vn -0.14295961 0.71205096 -0.68741980
vn 0.14495751 0.70222886 0.69703798
vn -0.17280815 0.71204878 -0.68053206
vn 0.17522390 0.70223010 0.69005034
vn -0.20232771 0.71205136 -0.67234393
vn 0.20515706 0.70222895 0.68175149
vn -0.23146141 0.71204792 -0.66288263
vn 0.23470186 0.70222926 0.67215259
vn 0.63239434 0.71205059 0.30505958
vn 0.61848714 0.71204934 0.33235431
vn 0.60340112 0.71205030 0.35901457
vn 0.58716678 0.71204991 0.38499363
vn 0.56981485 0.71204999 0.41023877
vn 0.55137869 0.71204980 0.43470291
vn 0.53189247 0.71205007 0.45833949
vn 0.51139304 0.71205021 0.48110462
vn 0.48992122 0.71204975 0.50295362
vn 0.46751735 0.71204981 0.52384405
vn 0.44422003 0.71205096 0.54373890
vn 0.42008150 0.71204882 0.56259933
vn 0.39514233 0.71205046 0.58038494
vn 0.36944801 0.71205039 0.59706985
vn 0.34305302 0.71204959 0.61261735
vn 0.31600510 0.71205011 0.62699714
vn 0.28835425 0.71205018 0.64018464
vn 0.26015710 0.71204932 0.65215339
vn 0.23146380 0.71205028 0.66287926
vn 0.20232643 0.71205060 0.67234512
vn 0.17280685 0.71204941 0.68053173
vn 0.14295744 0.71205069 0.68742053
vn 0.11283645 0.71204940 0.69300331
vn 0.08250487 0.71204923 0.69726526
vn 0.05201072 0.71205115 0.70019857
vn 0.02141363 0.71205059 0.70180155
vn -0.00921506 0.71204815 0.70207016
vn -0.03982883 0.71205148 0.70099669
vn -0.07037040 0.71204924 0.69859422
vn -0.10077353 0.71205009 0.69485924
vn -0.13098948 0.71205079 0.68980101
vn -0.16095279 0.71204882 0.68343301
vn -0.19060897 0.71205084 0.67576018
vn -0.21990684 0.71205012 0.66680252
vn -0.24877949 0.71204843 0.65657886
vn -0.27718147 0.71205176 0.64509901
vn -0.30506018 0.71204917 0.63239566
vn -0.33235319 0.71205059 0.61848631
vn -0.35901624 0.71204977 0.60340075
vn -0.38499241 0.71204931 0.58716831
vn -0.41023690 0.71205059 0.56981544
vn -0.43470419 0.71205052 0.55137676
vn -0.45834170 0.71204940 0.53189147
vn -0.48110472 0.71205016 0.51139301
vn -0.50295359 0.71204976 0.48992124
vn -0.52384402 0.71204978 0.46751744
vn -0.54373795 0.71205024 0.44422235
vn -0.56259721 0.71204945 0.42008328
vn -0.58038595 0.71205206 0.39513797
vn -0.59707248 0.71204754 0.36944925
vn -0.61261453 0.71205168 0.34305372
vn -0.62699858 0.71204893 0.31600491
vn -0.64018354 0.71205035 0.28835627
vn -0.65215291 0.71205013 0.26015609
vn -0.66288029 0.71204959 0.23146295
vn -0.67234480 0.71205104 0.20232593
vn -0.68053213 0.71204952 0.17280477
vn -0.68742134 0.71204986 0.14295770
vn -0.69300309 0.71204900 0.11284034
vn -0.69726366 0.71205078 0.08250502
vn -0.70019878 0.71205130 0.05200583
vn -0.70180399 0.71204811 0.02141598
vn -0.70206747 0.71205083 -0.00921337
vn -0.70099793 0.71205012 -0.03983131
vn -0.69859424 0.71204936 -0.07036900
vn -0.69485870 0.71205057 -0.10077389
vn -0.68980149 0.71205026 -0.13098984
vn -0.68343240 0.71204937 -0.16095298
vn -0.67576147 0.71204983 -0.19060817
vn -0.66680318 0.71205047 -0.21990372
vn -0.65657558 0.71205040 -0.24878250
vn -0.64510044 0.71204924 -0.27718460
vn -0.63239498 0.71205052 -0.30505843
vn -0.61848738 0.71204955 -0.33235342
vn -0.60340114 0.71205034 -0.35901445
vn -0.58716772 0.71204954 -0.38499288
vn -0.56981521 0.71205036 -0.41023762
vn -0.55137768 0.71205018 -0.43470358
vn -0.53189179 0.71204978 -0.45834075
vn -0.51139405 0.71204974 -0.48110425
vn -0.48992071 0.71205052 -0.50295304
vn -0.46751674 0.71204944 -0.52384511
vn -0.44422117 0.71205059 -0.54373847
vn -0.42008182 0.71204932 -0.56259846
vn -0.39514093 0.71205071 -0.58038559
vn -0.36944720 0.71205003 -0.59707078
vn -0.34305299 0.71204957 -0.61261738
vn -0.31600624 0.71204976 -0.62699697
vn -0.28835511 0.71205053 -0.64018386
vn -0.26015691 0.71204938 -0.65215341
vn -0.23146251 0.71205057 -0.66287940
vn -0.20232550 0.71205025 -0.67234577
vn -0.17280788 0.71204909 -0.68053180
vn -0.14295834 0.71205101 -0.68742002
vn -0.11283840 0.71204880 -0.69300361
vn -0.08250360 0.71205080 -0.69726381
vn -0.05200696 0.71205047 -0.70019954
vn -0.02141774 0.71204871 -0.70180333
vn 0.00921509 0.71205137 -0.70206690
vn 0.03983316 0.71204961 -0.70099834
vn 0.07036963 0.71204949 -0.69859405
vn 0.10077353 0.71205009 -0.69485924
vn 0.13098890 0.71205058 -0.68980133
vn 0.16095319 0.71204941 -0.68343230
vn 0.19060973 0.71205028 -0.67576056
vn 0.21990229 0.71204877 -0.66680547
vn 0.24877879 0.71205164 -0.65657564
vn 0.27718627 0.71204981 -0.64509910
vn 0.30505988 0.71204966 -0.63239525
vn 0.33235371 0.71205025 -0.61848642
vn 0.35901592 0.71204987 -0.60340082
vn 0.38499241 0.71204931 -0.58716831
vn 0.41023680 0.71205054 -0.56981558
vn 0.43470409 0.71205061 -0.55137672
vn 0.45834181 0.71204936 -0.53189143
vn 0.48110239 0.71204865 -0.51139732
vn 0.50295140 0.71205278 -0.48991910
vn 0.52384829 0.71204830 -0.46751490
vn 0.54373792 0.71205012 -0.44422258
vn 0.56259709 0.71204966 -0.42008307
vn 0.58038494 0.71205046 -0.39514233
vn 0.59706985 0.71205039 -0.36944801
vn 0.61261779 0.71205031 -0.34305072
vn 0.62699858 0.71204893 -0.31600491
vn 0.64018354 0.71205035 -0.28835627
vn 0.65215294 0.71205029 -0.26015558
vn 0.66288059 0.71204926 -0.23146311
vn 0.67234448 0.71205121 -0.20232638
vn 0.68053242 0.71204824 -0.17280892
vn 0.68741926 0.71205114 -0.14296129
vn 0.69300236 0.71205043 -0.11283575
vn 0.69726577 0.71204911 -0.08250157
vn 0.70019917 0.71205067 -0.05200929
vn 0.70180252 0.71204953 -0.02141692
vn 0.70206801 0.71205028 0.00921506
vn 0.70099758 0.71205041 0.03983217
vn 0.69859405 0.71204937 0.07037079
vn 0.69485931 0.71204996 0.10077394
vn 0.68980265 0.71204974 0.13098652
vn 0.68343142 0.71205063 0.16095154
vn 0.67576093 0.71204972 0.19061050
vn 0.66680252 0.71205048 0.21990569
vn 0.65657745 0.71204912 0.24878124
vn 0.64510033 0.71205035 0.27718199
vn -0.63239428 0.71205053 -0.30505985
vn -0.63239428 -0.71205053 -0.30505985
vn -0.61848728 0.71204927 -0.33235422
vn -0.61848728 -0.71204927 -0.33235422
vn -0.60339881 0.71205133 -0.35901642
vn -0.60339881 -0.71205133 -0.35901642
vn -0.58716664 0.71204869 -0.38499611
vn -0.58716664 -0.71204869 -0.38499611
vn -0.56981886 0.71204882 -0.41023524
vn -0.56981886 -0.71204882 -0.41023524
vn -0.55137726 0.71205235 -0.43470055
vn -0.55137726 -0.71205235 -0.43470055
vn -0.53189227 -0.71204853 -0.45834213
vn -0.51138953 0.71205207 -0.48110560
vn -0.51138953 -0.71205207 -0.48110560
vn -0.48992008 -0.71204797 -0.50295726
vn -0.46751362 0.71205161 -0.52384495
vn -0.46751362 -0.71205161 -0.52384495
vn -0.44421967 0.71204880 -0.54374202
vn -0.44421967 -0.71204880 -0.54374202
vn -0.42007843 0.71205096 -0.56259891
vn -0.42007843 -0.71205096 -0.56259891
vn -0.39514673 -0.71204671 -0.58038655
vn -0.36945250 0.71205282 -0.59706417
vn -0.36945250 -0.71205282 -0.59706417
vn -0.34304881 0.71205072 -0.61261838
vn -0.34304881 -0.71205072 -0.61261838
vn -0.31600773 0.71204715 -0.62699918
vn -0.31600773 -0.71204715 -0.62699918
vn -0.28835092 0.71205420 -0.64018167
vn -0.28835092 -0.71205420 -0.64018167
vn -0.26016133 0.71204394 -0.65215759
vn -0.26016133 -0.71204394 -0.65215759
vn -0.23146075 0.71205674 -0.66287338
vn -0.23146075 -0.71205674 -0.66287338
vn -0.20231987 0.71204647 -0.67235147
vn -0.20231987 -0.71204647 -0.67235147
vn -0.17281739 0.71204753 -0.68053101
vn -0.17281739 -0.71204753 -0.68053101
vn -0.14295945 0.71205498 -0.68741567
vn -0.14295945 -0.71205498 -0.68741567
vn -0.11283370 0.71204710 -0.69300612
vn -0.11283370 -0.71204710 -0.69300612
vn -0.08250192 0.71205138 -0.69726341
vn -0.08250192 -0.71205138 -0.69726341
vn -0.05200304 -0.71205064 -0.70019966
vn -0.02142513 0.71204491 -0.70180696
vn -0.02142513 -0.71204491 -0.70180696
vn 0.00920218 -0.71205334 -0.70206506
vn 0.03984317 -0.71205518 -0.70099211
vn 0.07038951 0.71204697 -0.69859461
vn 0.07038951 -0.71204697 -0.69859461
vn 0.10076240 0.71204217 -0.69486897
vn 0.10076240 -0.71204217 -0.69486897
vn 0.13096565 0.71205514 -0.68980105
vn 0.13096565 -0.71205514 -0.68980105
vn 0.16096260 0.71205590 -0.68342332
vn 0.16096260 -0.71205590 -0.68342332
vn 0.19062768 0.71204578 -0.67576024
vn 0.19062768 -0.71204578 -0.67576024
vn 0.21989510 0.71204474 -0.66681215
vn 0.21989510 -0.71204474 -0.66681215
vn 0.24877870 -0.71205953 -0.65656712
vn 0.27720070 0.71204545 -0.64509770
vn 0.27720070 -0.71204545 -0.64509770
vn 0.30505856 0.71204894 -0.63239670
vn 0.30505856 -0.71204894 -0.63239670
vn 0.33235350 0.71205175 -0.61848480
vn 0.33235350 -0.71205175 -0.61848480
vn 0.35900673 0.71204345 -0.60341386
vn 0.35900673 -0.71204345 -0.60341386
vn 0.38497390 0.71205437 -0.58717431
vn 0.38497390 -0.71205437 -0.58717431
vn 0.41024198 0.71205462 -0.56980675
vn 0.41024198 -0.71205462 -0.56980675
vn 0.43471050 0.71204457 -0.55137946
vn 0.43471050 -0.71204457 -0.55137946
vn 0.45833756 -0.71205373 -0.53188924
vn 0.48111636 -0.71205220 -0.51137923
vn 0.50295731 0.71204050 -0.48993088
vn 0.50295731 -0.71204050 -0.48993088
vn 0.52383244 0.71205773 -0.46751829
vn 0.52383244 -0.71205773 -0.46751829
vn 0.54374227 0.71204519 -0.44422516
vn 0.54374227 -0.71204519 -0.44422516
vn 0.56259044 0.71205159 -0.42008871
vn 0.56259044 -0.71205159 -0.42008871
vn 0.58038996 0.71205768 -0.39512194
vn 0.58038996 -0.71205768 -0.39512194
vn 0.59708609 0.71204271 -0.36943656
vn 0.59708609 -0.71204271 -0.36943656
vn 0.61261326 0.71204720 -0.34306528
vn 0.61261326 -0.71204720 -0.34306528
vn 0.62698866 0.71205124 -0.31601939
vn 0.62698866 -0.71205124 -0.31601939
vn 0.64018028 0.71205321 -0.28835643
vn 0.64018028 -0.71205321 -0.28835643
vn 0.65215483 0.71204617 -0.26016211
vn 0.65215483 -0.71204617 -0.26016211
vn 0.66287493 0.71205419 -0.23146418
vn 0.66287493 -0.71205419 -0.23146418
vn 0.67234842 0.71204649 -0.20232994
vn 0.67234842 -0.71204649 -0.20232994
vn 0.68052597 0.71205848 -0.17279213
vn 0.68052597 -0.71205848 -0.17279213
vn 0.68743281 0.71203982 -0.14295251
vn 0.68743281 -0.71203982 -0.14295251
vn 0.69299477 0.71205799 -0.11283475
vn 0.69299477 -0.71205799 -0.11283475
vn 0.69727208 0.71204352 -0.08249647
vn 0.69727208 -0.71204352 -0.08249647
vn 0.70019950 0.71204917 -0.05202538
vn 0.70019950 -0.71204917 -0.05202538
vn 0.70179730 -0.71205452 -0.02142205
vn 0.70206826 0.71204991 0.00922402
vn 0.70206826 -0.71204991 0.00922402
vn 0.70100344 0.71204510 0.03982398
vn 0.70100344 -0.71204510 0.03982398
vn 0.69858883 0.71205522 0.07036340
vn 0.69858883 -0.71205522 0.07036340
vn 0.69485641 0.71205086 0.10078761
vn 0.69485641 -0.71205086 0.10078761
vn 0.68980627 0.71204545 0.13099077
vn 0.68980627 -0.71204545 0.13099077
vn 0.68343213 0.71205152 0.16094456
vn 0.68343213 -0.71205152 0.16094456
vn 0.67575630 0.71205290 0.19061501
vn 0.67575630 -0.71205290 0.19061501
vn 0.66680554 0.71204641 0.21990972
vn 0.66680554 -0.71204641 0.21990972
vn 0.65657798 0.71205054 0.24877578
vn 0.65657798 -0.71205054 0.24877578
vn 0.64510022 0.71205058 0.27718168
vn 0.64510022 -0.71205058 0.27718168
vn 0.63239428 0.71205053 0.30505985
vn 0.63239428 -0.71205053 0.30505985
vn 0.61848728 0.71204927 0.33235422
vn 0.61848728 -0.71204927 0.33235422
vn 0.60339881 0.71205133 0.35901642
vn 0.60339881 -0.71205133 0.35901642
vn 0.58717285 0.71204624 0.38499116
vn 0.58717285 -0.71204624 0.38499116
vn 0.56981478 0.71205374 0.41023236
vn 0.56981478 -0.71205374 0.41023236
vn 0.55137453 0.71204988 0.43470806
vn 0.55137453 -0.71204988 0.43470806
vn 0.53189227 0.71204853 0.45834213
vn 0.53189227 -0.71204853 0.45834213
vn 0.51139688 0.71204949 0.48110160
vn 0.51139688 -0.71204949 0.48110160
vn 0.48991770 0.71205269 0.50295289
vn 0.48991770 -0.71205269 0.50295289
vn 0.46751753 0.71204698 0.52384775
vn 0.46751753 -0.71204698 0.52384775
vn 0.44422400 -0.71205129 0.54373523
vn 0.42007843 -0.71205096 0.56259891
vn 0.39514028 0.71204878 0.58038840
vn 0.39514028 -0.71204878 0.58038840
vn 0.36944845 0.71205066 0.59706926
vn 0.36944845 -0.71205066 0.59706926
vn 0.34306037 0.71204723 0.61261597
vn 0.34306037 -0.71204723 0.61261597
vn 0.31600463 -0.71205425 0.62699268
vn 0.28834994 0.71204836 0.64018860
vn 0.28834994 -0.71204836 0.64018860
vn 0.26015973 0.71204852 0.65215322
vn 0.26015973 -0.71204852 0.65215322
vn 0.23146212 0.71205225 0.66287773
vn 0.23146212 -0.71205225 0.66287773
vn 0.20231874 0.71205086 0.67234716
vn 0.20231874 -0.71205086 0.67234716
vn 0.17280120 0.71204853 0.68053408
vn 0.17280120 -0.71204853 0.68053408
vn 0.14296213 -0.71204821 0.68742212
vn 0.11284403 0.71205070 0.69300074
vn 0.11284403 -0.71205070 0.69300074
vn 0.08250498 0.71205042 0.69726403
vn 0.08250498 -0.71205042 0.69726403
vn 0.05200301 0.71205253 0.70019775
vn 0.05200301 -0.71205253 0.70019775
vn 0.02142507 0.71204310 0.70180880
vn 0.02142507 -0.71204310 0.70180880
vn -0.00920204 0.71205508 0.70206330
vn -0.00920204 -0.71205508 0.70206330
vn -0.03984095 0.71205271 0.70099475
vn -0.03984095 -0.71205271 0.70099475
vn -0.07038439 0.71204859 0.69859348
vn -0.07038439 -0.71204859 0.69859348
vn -0.10076660 -0.71204362 0.69486688
vn -0.13096645 0.71205233 0.68980379
vn -0.13096645 -0.71205233 0.68980379
vn -0.16095647 0.71205663 0.68342401
vn -0.16095647 -0.71205663 0.68342401
vn -0.19062720 0.71204700 0.67575909
vn -0.19062720 -0.71204700 0.67575909
vn -0.21989839 0.71204469 0.66681111
vn -0.21989839 -0.71204469 0.66681111
vn -0.24878167 0.71205948 0.65656605
vn -0.24878167 -0.71205948 0.65656605
vn -0.27720227 0.71204497 0.64509756
vn -0.27720227 -0.71204497 0.64509756
vn -0.30505856 0.71204894 0.63239670
vn -0.30505856 -0.71204894 0.63239670
vn -0.33235276 0.71205142 0.61848559
vn -0.33235276 -0.71205142 0.61848559
vn -0.35900508 -0.71204351 0.60341478
vn -0.38497302 -0.71205465 0.58717455
vn -0.41024198 0.71205462 0.56980675
vn -0.41024198 -0.71205462 0.56980675
vn -0.43471093 0.71204481 0.55137881
vn -0.43471093 -0.71204481 0.55137881
vn -0.45833806 0.71205336 0.53188931
vn -0.45833806 -0.71205336 0.53188931
vn -0.48111596 0.71205232 0.51137944
vn -0.48111596 -0.71205232 0.51137944
vn -0.50295709 0.71204038 0.48993127
vn -0.50295709 -0.71204038 0.48993127
vn -0.52383208 -0.71205786 0.46751851
vn -0.54374227 0.71204519 0.44422516
vn -0.54374227 -0.71204519 0.44422516
vn -0.56259066 0.71205180 0.42008808
vn -0.56259066 -0.71205180 0.42008808
vn -0.58039026 -0.71205722 0.39512234
vn -0.59708545 0.71204297 0.36943710
vn -0.59708545 -0.71204297 0.36943710
vn -0.61261371 0.71204793 0.34306296
vn -0.61261371 -0.71204793 0.34306296
vn -0.62698993 0.71204968 0.31602038
vn -0.62698993 -0.71204968 0.31602038
vn -0.64017878 0.71205498 0.28835541
vn -0.64017878 -0.71205498 0.28835541
vn -0.65215668 0.71204472 0.26016146
vn -0.65215668 -0.71204472 0.26016146
vn -0.66287394 0.71205527 0.23146368
vn -0.66287394 -0.71205527 0.23146368
vn -0.67234884 0.71205337 0.20230430
vn -0.67234884 -0.71205337 0.20230430
vn -0.68054055 0.71204389 0.17279483
vn -0.68054055 -0.71204389 0.17279483
vn -0.68742177 0.71204555 0.14297709
vn -0.68742177 -0.71204555 0.14297709
vn -0.69299189 0.71206090 0.11283400
vn -0.69299189 -0.71206090 0.11283400
vn -0.69727414 0.71204202 0.08249206
vn -0.69727414 -0.71204202 0.08249206
vn -0.70019950 -0.71204917 0.05202538
vn -0.70179730 0.71205452 0.02142205
vn -0.70179730 -0.71205452 0.02142205
vn -0.70207018 0.71204809 -0.00921843
vn -0.70207018 -0.71204809 -0.00921843
vn -0.70099966 0.71204882 -0.03982399
vn -0.70099966 -0.71204882 -0.03982399
vn -0.69859274 0.71205136 -0.07036358
vn -0.69859274 -0.71205136 -0.07036358
vn -0.69485384 0.71205384 -0.10078429
vn -0.69485384 -0.71205384 -0.10078429
vn -0.68980670 -0.71204444 -0.13099403
vn -0.68343031 0.71205260 -0.16094753
vn -0.68343031 -0.71205260 -0.16094753
vn -0.67576044 0.71204963 -0.19061257
vn -0.67576044 -0.71204963 -0.19061257
vn -0.66680338 0.71204973 -0.21990551
vn -0.66680338 -0.71204973 -0.21990551
vn -0.65658016 0.71204827 -0.24877654
vn -0.65658016 -0.71204827 -0.24877654
vn -0.64510054 0.71205173 -0.27717797
vn -0.64510054 -0.71205173 -0.27717797
vn -0.63239428 0.71205053 -0.30505985
vn -0.63239428 -0.71205053 -0.30505985
vn -0.61848728 -0.71204927 -0.33235422
vn -0.60340429 -0.71204908 -0.35901165
vn -0.58717013 -0.71205030 -0.38498781
vn -0.56981947 0.71204946 -0.41023328
vn -0.56981947 -0.71204946 -0.41023328
vn -0.55137056 -0.71205483 -0.43470499
vn -0.53189755 -0.71204304 -0.45834453
vn -0.51140076 -0.71205259 -0.48109290
vn -0.48991032 0.71205509 -0.50295668
vn -0.48991032 -0.71205509 -0.50295668
vn -0.46751718 -0.71204324 -0.52385313
vn -0.44423365 0.71205006 -0.54372896
vn -0.44423365 -0.71205006 -0.54372896
vn -0.42007170 0.71205713 -0.56259614
vn -0.42007170 -0.71205713 -0.56259614
vn -0.39514059 -0.71204266 -0.58039570
vn -0.36944212 0.71205672 -0.59706595
vn -0.36944212 -0.71205672 -0.59706595
vn -0.34305075 0.71204414 -0.61262494
vn -0.34305075 -0.71204414 -0.61262494
vn -0.31601032 0.71205157 -0.62699286
vn -0.31601032 -0.71205157 -0.62699286
vn -0.28836254 0.71204820 -0.64018310
vn -0.28836254 -0.71204820 -0.64018310
vn -0.26015209 -0.71205496 -0.65214923
vn -0.23146975 -0.71204248 -0.66288556
vn -0.20233020 -0.71205758 -0.67233659
vn -0.17278799 0.71205062 -0.68053525
vn -0.17278799 -0.71205062 -0.68053525
vn -0.14295653 0.71204401 -0.68742763
vn -0.14295653 -0.71204401 -0.68742763
vn -0.11284380 0.71205272 -0.69299870
vn -0.11284380 -0.71205272 -0.69299870
vn -0.08250816 0.71204750 -0.69726663
vn -0.08250816 -0.71204750 -0.69726663
vn -0.05200586 -0.71205538 -0.70019464
vn -0.02140605 -0.71204738 -0.70180504
vn 0.00921554 -0.71204902 -0.70206927
vn 0.03982518 -0.71204922 -0.70099919
vn 0.07036155 0.71204986 -0.69859448
vn 0.07036155 -0.71204986 -0.69859448
vn 0.10078665 0.71205697 -0.69485029
vn 0.10078665 -0.71205697 -0.69485029
vn 0.13099759 0.71204136 -0.68980920
vn 0.13099759 -0.71204136 -0.68980920
vn 0.16093228 0.71204935 -0.68343729
vn 0.16093228 -0.71204935 -0.68343729
vn 0.19059829 0.71205378 -0.67576009
vn 0.19059829 -0.71205378 -0.67576009
vn 0.21991945 0.71205539 -0.66679274
vn 0.21991945 -0.71205539 -0.66679274
vn 0.24879065 -0.71204125 -0.65658242
vn 0.27717315 -0.71205322 -0.64510097
vn 0.30505626 0.71204899 -0.63239775
vn 0.30505626 -0.71204899 -0.63239775
vn 0.33235227 0.71205214 -0.61848502
vn 0.33235227 -0.71205214 -0.61848502
vn 0.35902620 0.71205261 -0.60339147
vn 0.35902620 -0.71205261 -0.60339147
vn 0.38500302 0.71204544 -0.58716605
vn 0.38500302 -0.71204544 -0.58716605
vn 0.41022387 -0.71204452 -0.56983242
vn 0.43468107 0.71205480 -0.55138945
vn 0.43468107 -0.71205480 -0.55138945
vn 0.45833842 0.71205324 -0.53188916
vn 0.45833842 -0.71205324 -0.53188916
vn 0.48111593 -0.71205229 -0.51137950
vn 0.50295697 -0.71204036 -0.48993143
vn 0.52383208 0.71205800 -0.46751829
vn 0.52383208 -0.71205800 -0.46751829
vn 0.54374254 0.71204509 -0.44422499
vn 0.54374254 -0.71204509 -0.44422499
vn 0.56260035 0.71206122 -0.42005912
vn 0.56260035 -0.71206122 -0.42005912
vn 0.58040622 0.71203856 -0.39513251
vn 0.58040622 -0.71203856 -0.39513251
vn 0.59706229 -0.71205189 -0.36945733
vn 0.61261251 -0.71204751 -0.34306596
vn 0.62698886 -0.71205165 -0.31601805
vn 0.64018103 0.71205233 -0.28835694
vn 0.64018103 -0.71205233 -0.28835694
vn 0.65215587 -0.71205674 -0.26013057
vn 0.66289438 -0.71203576 -0.23146514
vn 0.67233239 -0.71206164 -0.20232988
vn 0.68053948 -0.71204451 -0.17279651
vn 0.68742229 0.71204413 -0.14298163
vn 0.68742229 -0.71204413 -0.14298163
vn 0.69298902 0.71206381 -0.11283326
vn 0.69298902 -0.71206381 -0.11283326
vn 0.69727619 0.71204052 -0.08248765
vn 0.69727619 -0.71204052 -0.08248765
vn 0.70019435 0.71205575 -0.05200470
vn 0.70019435 -0.71205575 -0.05200470
vn 0.70180871 -0.71204346 -0.02141598
vn 0.70206965 0.71204893 0.00919337
vn 0.70206965 -0.71204893 0.00919337
vn 0.70098779 -0.71205989 0.03983496
vn 0.69860344 0.71203977 0.07037471
vn 0.69860344 -0.71203977 0.07037471
vn 0.69485443 -0.71205598 0.10076508
vn 0.68980748 0.71204542 0.13098455
vn 0.68980748 -0.71204542 0.13098455
vn 0.68342275 0.71205794 0.16095603
vn 0.68342275 -0.71205794 0.16095603
vn 0.67576503 -0.71204313 0.19062057
vn 0.66680555 -0.71205081 0.21989545
vn 0.65657798 -0.71205054 0.24877578
vn 0.64509272 0.71205407 0.27719016
vn 0.64509272 -0.71205407 0.27719016
vn 0.63239973 -0.71204396 0.30506388
vn 0.61848276 -0.71205501 0.33235033
vn 0.60340242 0.71204642 0.35902008
vn 0.60340242 -0.71204642 0.35902008
vn 0.58717013 0.71205030 0.38498781
vn 0.58717013 -0.71205030 0.38498781
vn 0.56980653 -0.71205439 0.41024268
vn 0.55138107 -0.71204397 0.43470943
vn 0.53190345 0.71204948 0.45832768
vn 0.53190345 -0.71204948 0.45832768
vn 0.51138584 0.71205705 0.48110214
vn 0.51138584 -0.71205705 0.48110214
vn 0.48991635 0.71204548 0.50296443
vn 0.48991635 -0.71204548 0.50296443
vn 0.46750992 0.71205285 0.52384655
vn 0.46750992 -0.71205285 0.52384655
vn 0.44422499 0.71204509 0.54374254
vn 0.44422499 -0.71204509 0.54374254
vn 0.42009187 -0.71205056 0.56258939
vn 0.39513835 0.71205410 0.58038319
vn 0.39513835 -0.71205410 0.58038319
vn 0.36944717 0.71204702 0.59707440
vn 0.36944717 -0.71204702 0.59707440
vn 0.34304615 -0.71205374 0.61261637
vn 0.31600378 0.71204543 0.62700312
vn 0.31600378 -0.71204543 0.62700312
vn 0.28836296 -0.71205046 0.64018040
vn 0.26016456 -0.71204954 0.65215018
vn 0.23145235 0.71205598 0.66287713
vn 0.23145235 -0.71205598 0.66287713
vn 0.20232229 -0.71204370 0.67235367
vn 0.17281508 0.71205130 0.68052766
vn 0.17281508 -0.71205130 0.68052766
vn 0.14295021 -0.71205389 0.68741872
vn 0.11282756 -0.71204707 0.69300715
vn 0.08250816 -0.71204750 0.69726663
vn 0.05202684 0.71204871 0.70019986
vn 0.05202684 -0.71204871 0.70019986
vn 0.02141532 0.71205761 0.70179438
vn 0.02141532 -0.71205761 0.70179438
vn -0.00922653 -0.71204547 0.70207273
vn -0.03981542 0.71204598 0.70100304
vn -0.03981542 -0.71204598 0.70100304
vn -0.07036040 -0.71205617 0.69858816
vn -0.10078805 -0.71205101 0.69485619
vn -0.13099599 -0.71204697 0.68980371
vn -0.16096479 0.71205522 0.68342351
vn -0.16096479 -0.71205522 0.68342351
vn -0.19060245 0.71203639 0.67577725
vn -0.19060245 -0.71203639 0.67577725
vn -0.21988532 0.71206205 0.66679688
vn -0.21988532 -0.71206205 0.66679688
vn -0.24878370 0.71204340 0.65658272
vn -0.24878370 -0.71204340 0.65658272
vn -0.27717315 0.71205322 0.64510097
vn -0.27717315 -0.71205322 0.64510097
vn -0.30505626 0.71204899 0.63239775
vn -0.30505626 -0.71204899 0.63239775
vn -0.33235227 0.71205214 0.61848502
vn -0.33235227 -0.71205214 0.61848502
vn -0.35902859 -0.71205373 0.60338873
vn -0.38500653 -0.71204432 0.58716511
vn -0.41024268 -0.71205439 0.56980653
vn -0.43471029 0.71204445 0.55137978
vn -0.43471029 -0.71204445 0.55137978
vn -0.45833699 0.71205372 0.53188975
vn -0.45833699 -0.71205372 0.53188975
vn -0.48110057 0.71204237 0.51140777
vn -0.48110057 -0.71204237 0.51140777
vn -0.50294285 -0.71206043 0.48991677
vn -0.52386054 -0.71204787 0.46750184
vn -0.54374254 0.71204509 0.44422499
vn -0.54374254 -0.71204509 0.44422499
vn -0.56259023 -0.71205139 0.42008934
vn -0.58038002 -0.71204736 0.39515515
vn -0.59706066 -0.71205418 0.36945556
vn -0.61262140 0.71205580 0.34303289
vn -0.61262140 -0.71205580 0.34303289
vn -0.62701071 0.71204212 0.31599619
vn -0.62701071 -0.71204212 0.31599619
vn -0.64018103 -0.71205233 0.28835694
vn -0.65215366 0.71204560 0.26016661
vn -0.65215366 -0.71204560 0.26016661
vn -0.66287292 -0.71205579 0.23146500
vn -0.67234942 -0.71204653 0.20232645
vn -0.68052925 0.71204809 0.17282206
vn -0.68052925 -0.71204809 0.17282206
vn -0.68741397 0.71205782 0.14295349
vn -0.68741397 -0.71205782 0.14295349
vn -0.69301109 -0.71204181 0.11283661
vn -0.69725622 0.71205918 0.08249542
vn -0.69725622 -0.71205918 0.08249542
vn -0.70020707 0.71204398 0.05199447
vn -0.70020707 -0.71204398 0.05199447
vn -0.70180088 0.71205115 0.02141715
vn -0.70180088 -0.71205115 0.02141715
vn -0.70206933 0.71204896 -0.00921573
vn -0.70206933 -0.71204896 -0.00921573
vn -0.70099854 0.71204977 -0.03982685
vn -0.70099854 -0.71204977 -0.03982685
vn -0.69859600 -0.71204845 -0.07036076
vn -0.69485817 -0.71205204 -0.10076711
vn -0.68979822 -0.71205258 -0.13099438
vn -0.68343155 -0.71204821 -0.16096169
vn -0.67576493 0.71204715 -0.19060591
vn -0.67576493 -0.71204715 -0.19060591
vn -0.66679728 -0.71205538 -0.21990573
vn -0.65657737 -0.71204625 -0.24878968
vn -0.64510022 -0.71205058 -0.27718168
vn 0.64124145 -0.70222954 0.30932679
vn 0.62713867 0.70222976 0.33700216
vn 0.62713867 -0.70222976 0.33700216
vn 0.61184246 0.70222946 0.36403653
vn 0.61184246 -0.70222946 0.36403653
vn 0.59538064 0.70222927 0.39037924
vn 0.59538064 -0.70222927 0.39037924
vn 0.57778548 0.70222981 0.41597744
vn 0.57778548 -0.70222981 0.41597744
vn 0.55909140 0.70222932 0.44078429
vn 0.55909140 -0.70222932 0.44078429
vn 0.53933236 0.70222985 0.46475138
vn 0.53933236 -0.70222985 0.46475138
vn 0.51854745 0.70222929 0.48783456
vn 0.51854745 -0.70222929 0.48783456
vn 0.49677409 0.70222948 0.50998947
vn 0.49677409 -0.70222948 0.50998947
vn 0.47405633 0.70222989 0.53117208
vn 0.47405633 -0.70222989 0.53117208
vn 0.45043618 0.70222916 0.55134513
vn 0.45043618 -0.70222916 0.55134513
vn 0.42595695 0.70222952 0.57046856
vn 0.42595695 -0.70222952 0.57046856
vn 0.40066836 0.70222969 0.58850517
vn 0.40066836 -0.70222969 0.58850517
vn 0.37461691 0.70222936 0.60542224
vn 0.37461691 -0.70222936 0.60542224
vn 0.34785236 0.70222983 0.62118596
vn 0.34785236 -0.70222983 0.62118596
vn 0.32042594 0.70222929 0.63576823
vn 0.32042594 -0.70222929 0.63576823
vn 0.29238916 0.70222986 0.64913928
vn 0.29238916 -0.70222986 0.64913928
vn 0.26379631 0.70222930 0.66127567
vn 0.26379631 -0.70222930 0.66127567
vn 0.23469885 0.70222910 0.67215381
vn 0.23469885 -0.70222910 0.67215381
vn 0.20515665 0.70223010 0.68175042
vn 0.20515665 -0.70223010 0.68175042
vn 0.17522525 0.70222935 0.69005076
vn 0.17522525 -0.70222935 0.69005076
vn 0.14495780 0.70222936 0.69703742
vn 0.14495780 -0.70222936 0.69703742
vn 0.11441623 0.70222996 0.70269624
vn 0.11441623 -0.70222996 0.70269624
vn 0.08365580 0.70222895 0.70701924
vn 0.08365580 -0.70222895 0.70701924
vn 0.05273650 0.70223016 0.70999413
vn 0.05273650 -0.70223016 0.70999413
vn 0.02171757 0.70222913 0.71161970
vn 0.02171757 -0.70222913 0.71161970
vn -0.00934461 0.70222959 0.71188924
vn -0.00934461 -0.70222959 0.71188924
vn -0.04038782 0.70222949 0.71080417
vn -0.04038782 -0.70222949 0.71080417
vn -0.07135321 0.70222987 0.70836567
vn -0.07135321 -0.70222987 0.70836567
vn -0.10218365 0.70222925 0.70457972
vn -0.10218365 -0.70222925 0.70457972
vn -0.13282020 0.70222964 0.69945145
vn -0.13282020 -0.70222964 0.69945145
vn -0.16320474 0.70222904 0.69299248
vn -0.16320474 -0.70222904 0.69299248
vn -0.19327696 0.70223004 0.68521309
vn -0.19327696 -0.70223004 0.68521309
vn -0.22298008 0.70222956 0.67613130
vn -0.22298008 -0.70222956 0.67613130
vn -0.25226072 0.70222938 0.66576154
vn -0.25226072 -0.70222938 0.66576154
vn -0.28106255 0.70222910 0.65412394
vn -0.28106255 -0.70222910 0.65412394
vn -0.30932516 0.70223056 0.64124112
vn -0.30932516 -0.70223056 0.64124112
vn -0.33700149 0.70222873 0.62714018
vn -0.33700149 -0.70222873 0.62714018
vn -0.36403874 0.70222931 0.61184132
vn -0.36403874 -0.70222931 0.61184132
vn -0.39037798 0.70223043 0.59538010
vn -0.39037798 -0.70223043 0.59538010
vn -0.41597719 0.70222875 0.57778694
vn -0.41597719 -0.70222875 0.57778694
vn -0.44078499 0.70222968 0.55909039
vn -0.44078499 -0.70222968 0.55909039
vn -0.46475130 0.70222988 0.53933239
vn -0.46475130 -0.70222988 0.53933239
vn -0.48783452 0.70222927 0.51854753
vn -0.48783452 -0.70222927 0.51854753
vn -0.50998848 0.70222982 0.49677463
vn -0.50998848 -0.70222982 0.49677463
vn -0.53117350 0.70222890 0.47405621
vn -0.53117350 -0.70222890 0.47405621
vn -0.55134417 0.70223046 0.45043533
vn -0.55134417 -0.70223046 0.45043533
vn -0.57046862 0.70222859 0.42595840
vn -0.57046862 -0.70222859 0.42595840
vn -0.58850546 0.70222998 0.40066742
vn -0.58850546 -0.70222998 0.40066742
vn -0.60542214 0.70222940 0.37461700
vn -0.60542214 -0.70222940 0.37461700
vn -0.62118668 0.70222948 0.34785178
vn -0.62118668 -0.70222948 0.34785178
vn -0.63576770 0.70222990 0.32042566
vn -0.63576770 -0.70222990 0.32042566
vn -0.64914009 0.70222913 0.29238912
vn -0.64914009 -0.70222913 0.29238912
vn -0.66127579 0.70222972 0.26379490
vn -0.66127579 -0.70222972 0.26379490
vn -0.67215238 0.70222982 0.23470080
vn -0.67215238 -0.70222982 0.23470080
vn -0.68175074 0.70222921 0.20515863
vn -0.68175074 -0.70222921 0.20515863
vn -0.69005098 0.70222937 0.17522430
vn -0.69005098 -0.70222937 0.17522430
vn -0.69703694 0.70222977 0.14495810
vn -0.69703694 -0.70222977 0.14495810
vn -0.70269689 0.70222934 0.11441605
vn -0.70269689 -0.70222934 0.11441605
vn -0.70701882 0.70222946 0.08365510
vn -0.70701882 -0.70222946 0.08365510
vn -0.70999464 0.70222968 0.05273599
vn -0.70999464 -0.70222968 0.05273599
vn -0.71161879 0.70223003 0.02171833
vn -0.71161879 -0.70223003 0.02171833
vn -0.71189005 0.70222878 -0.00934354
vn -0.71189005 -0.70222878 -0.00934354
vn -0.71080393 0.70222967 -0.04038875
vn -0.71080393 -0.70222967 -0.04038875
vn -0.70836568 0.70222980 -0.07135380
vn -0.70836568 -0.70222980 -0.07135380
vn -0.70457947 0.70222950 -0.10218363
vn -0.70457947 -0.70222950 -0.10218363
vn -0.69945167 0.70222945 -0.13282006
vn -0.69945167 -0.70222945 -0.13282006
vn -0.69299232 0.70222933 -0.16320420
vn -0.69299232 -0.70222933 -0.16320420
vn -0.68521351 0.70222957 -0.19327721
vn -0.68521351 -0.70222957 -0.19327721
vn -0.67613080 0.70222984 -0.22298069
vn -0.67613080 -0.70222984 -0.22298069
vn -0.66576162 0.70222944 -0.25226034
vn -0.66576162 -0.70222944 -0.25226034
vn -0.65412426 0.70222935 -0.28106119
vn -0.65412426 -0.70222935 -0.28106119
vn -0.64124156 0.70222955 -0.30932657
vn -0.64124156 -0.70222955 -0.30932657
vn -0.62713874 0.70222969 -0.33700216
vn -0.62713874 -0.70222969 -0.33700216
vn -0.61184224 0.70222930 -0.36403720
vn -0.61184224 -0.70222930 -0.36403720
vn -0.59538044 0.70222975 -0.39037868
vn -0.59538044 -0.70222975 -0.39037868
vn -0.57778617 0.70222943 -0.41597713
vn -0.57778617 -0.70222943 -0.41597713
vn -0.55909122 0.70222947 -0.44078427
vn -0.55909122 -0.70222947 -0.44078427
vn -0.53933245 0.70222973 -0.46475144
vn -0.53933245 -0.70222973 -0.46475144
vn -0.51854728 0.70222935 -0.48783467
vn -0.51854728 -0.70222935 -0.48783467
vn -0.49677411 0.70222951 -0.50998940
vn -0.49677411 -0.70222951 -0.50998940
vn -0.47405616 0.70222973 -0.53117245
vn -0.47405616 -0.70222973 -0.53117245
vn -0.45043576 0.70222931 -0.55134528
vn -0.45043576 -0.70222931 -0.55134528
vn -0.42595710 0.70222957 -0.57046838
vn -0.42595710 -0.70222957 -0.57046838
vn -0.40066861 0.70222966 -0.58850503
vn -0.40066861 -0.70222966 -0.58850503
vn -0.37461750 0.70222955 -0.60542166
vn -0.37461750 -0.70222955 -0.60542166
vn -0.34785268 0.70222944 -0.62118623
vn -0.34785268 -0.70222944 -0.62118623
vn -0.32042546 0.70222950 -0.63576824
vn -0.32042546 -0.70222950 -0.63576824
vn -0.29238849 0.70222950 -0.64913997
vn -0.29238849 -0.70222950 -0.64913997
vn -0.26379525 0.70222962 -0.66127576
vn -0.26379525 -0.70222962 -0.66127576
vn -0.23470018 0.70222959 -0.67215284
vn -0.23470018 -0.70222959 -0.67215284
vn -0.20515722 0.70222922 -0.68175116
vn -0.20515722 -0.70222922 -0.68175116
vn -0.17522473 0.70223002 -0.69005021
vn -0.17522473 -0.70223002 -0.69005021
vn -0.14495911 0.70222922 -0.69703729
vn -0.14495911 -0.70222922 -0.69703729
vn -0.11441521 0.70222934 -0.70269702
vn -0.11441521 -0.70222934 -0.70269702
vn -0.08365575 0.70222994 -0.70701826
vn -0.08365575 -0.70222994 -0.70701826
vn -0.05273680 0.70222922 -0.70999504
vn -0.05273680 -0.70222922 -0.70999504
vn -0.02171724 0.70222990 -0.71161895
vn -0.02171724 -0.70222990 -0.71161895
vn 0.00934452 0.70222894 -0.71188988
vn 0.00934452 -0.70222894 -0.71188988
vn 0.04038879 0.70222980 -0.71080381
vn 0.04038879 -0.70222980 -0.71080381
vn 0.07135354 0.70222977 -0.70836574
vn 0.07135354 -0.70222977 -0.70836574
vn 0.10218411 0.70222931 -0.70457960
vn 0.10218411 -0.70222931 -0.70457960
vn 0.13282019 0.70222973 -0.69945136
vn 0.13282019 -0.70222973 -0.69945136
vn 0.16320275 0.70222956 -0.69299243
vn 0.16320275 -0.70222956 -0.69299243
vn 0.19327756 0.70222884 -0.68521416
vn 0.19327756 -0.70222884 -0.68521416
vn 0.22298162 0.70223027 -0.67613005
vn 0.22298162 -0.70223027 -0.67613005
vn 0.25226054 0.70222931 -0.66576168
vn 0.25226054 -0.70222931 -0.66576168
vn 0.28106053 0.70222971 -0.65412416
vn 0.28106053 -0.70222971 -0.65412416
vn 0.30932572 0.70222934 -0.64124220
vn 0.30932572 -0.70222934 -0.64124220
vn 0.33700309 0.70222930 -0.62713868
vn 0.33700309 -0.70222930 -0.62713868
vn 0.36403654 0.70223005 -0.61184177
vn 0.36403654 -0.70223005 -0.61184177
vn 0.39037853 0.70222909 -0.59538132
vn 0.39037853 -0.70222909 -0.59538132
vn 0.41597848 0.70222939 -0.57778524
vn 0.41597848 -0.70222939 -0.57778524
vn 0.44078297 0.70223033 -0.55909117
vn 0.44078297 -0.70223033 -0.55909117
vn 0.46475216 0.70222858 -0.53933334
vn 0.46475216 -0.70222858 -0.53933334
vn 0.48783560 0.70222992 -0.51854562
vn 0.48783560 -0.70222992 -0.51854562
vn 0.50998848 0.70222982 -0.49677463
vn 0.50998848 -0.70222982 -0.49677463
vn 0.53117161 0.70222956 -0.47405735
vn 0.53117161 -0.70222956 -0.47405735
vn 0.55134524 0.70222912 -0.45043610
vn 0.55134524 -0.70222912 -0.45043610
vn 0.57046932 0.70222930 -0.42595630
vn 0.57046932 -0.70222930 -0.42595630
vn 0.58850543 0.70222995 -0.40066750
vn 0.58850543 -0.70222995 -0.40066750
vn 0.60542066 0.70222999 -0.37461830
vn 0.60542066 -0.70222999 -0.37461830
vn 0.62118604 0.70222899 -0.34785392
vn 0.62118604 -0.70222899 -0.34785392
vn 0.63576931 0.70222909 -0.32042423
vn 0.63576931 -0.70222909 -0.32042423
vn 0.64913879 0.70223057 -0.29238854
vn 0.64913879 -0.70223057 -0.29238854
vn 0.66127588 0.70222887 -0.26379696
vn 0.66127588 -0.70222887 -0.26379696
vn 0.67215325 0.70222952 -0.23469919
vn 0.67215325 -0.70222952 -0.23469919
vn 0.68175073 0.70222964 -0.20515719
vn 0.68175073 -0.70222964 -0.20515719
vn 0.69005121 0.70222924 -0.17522393
vn 0.69005121 -0.70222924 -0.17522393
vn 0.69703690 0.70222990 -0.14495767
vn 0.69703690 -0.70222990 -0.14495767
vn 0.70269674 0.70222944 -0.11441634
vn 0.70269674 -0.70222944 -0.11441634
vn 0.70701909 0.70222921 -0.08365495
vn 0.70701909 -0.70222921 -0.08365495
vn 0.70999381 0.70223042 -0.05273733
vn 0.70999381 -0.70223042 -0.05273733
vn 0.71161994 0.70222886 -0.02171841
vn 0.71161994 -0.70222886 -0.02171841
vn 0.71188946 0.70222935 0.00934538
vn 0.71188946 -0.70222935 0.00934538
vn 0.71080352 0.70223019 0.04038708
vn 0.71080352 -0.70223019 0.04038708
vn 0.70836653 0.70222902 0.07135311
vn 0.70836653 -0.70222902 0.07135311
vn 0.70457918 0.70222958 0.10218511
vn 0.70457918 -0.70222958 0.10218511
vn 0.69945133 0.70222971 0.13282042
vn 0.69945133 -0.70222971 0.13282042
vn 0.69299246 0.70222916 0.16320436
vn 0.69299246 -0.70222916 0.16320436
vn 0.68521329 0.70223008 0.19327613
vn 0.68521329 -0.70223008 0.19327613
vn 0.67613158 0.70222926 0.22298014
vn 0.67613158 -0.70222926 0.22298014
vn 0.66576128 0.70222965 0.25226067
vn 0.66576128 -0.70222965 0.25226067
vn 0.65412433 0.70222928 0.28106122
vn 0.65412433 -0.70222928 0.28106122
vn 0.64124145 0.70222954 0.30932679
vn -0.63239611 -0.71204948 -0.30505852
vn -0.61848684 -0.71205051 -0.33235238
vn -0.60340344 -0.71204893 -0.35901339
vn -0.58716667 -0.71205135 -0.38499114
vn -0.56981482 -0.71204947 -0.41023972
vn -0.55137726 -0.71205052 -0.43470355
vn -0.53189069 -0.71204987 -0.45834188
vn -0.51139515 -0.71204890 -0.48110431
vn -0.48992130 -0.71205113 -0.50295160
vn -0.46751655 -0.71204939 -0.52384534
vn -0.44422269 -0.71205004 -0.54373793
vn -0.42007870 -0.71205117 -0.56259845
vn -0.39514052 -0.71204867 -0.58038838
vn -0.36944992 -0.71205035 -0.59706872
vn -0.34305458 -0.71204974 -0.61261630
vn -0.31600464 -0.71205065 -0.62699676
vn -0.28835670 -0.71204888 -0.64018498
vn -0.26015396 -0.71205203 -0.65215169
vn -0.23146141 -0.71204792 -0.66288263
vn -0.20232771 -0.71205136 -0.67234393
vn -0.17280815 -0.71204878 -0.68053206
vn -0.14295961 -0.71205096 -0.68741980
vn -0.11283664 -0.71204978 -0.69300289
vn -0.08250331 -0.71204943 -0.69726523
vn -0.05200686 -0.71205170 -0.70019831
vn -0.02141491 -0.71204841 -0.70180372
vn 0.00921095 -0.71204939 -0.70206896
vn 0.03982980 -0.71205189 -0.70099622
vn 0.07037124 -0.71204877 -0.69859462
vn 0.10077344 -0.71205029 -0.69485905
vn 0.13098991 -0.71205075 -0.68980096
vn 0.16095322 -0.71204886 -0.68343286
vn 0.19060888 -0.71205060 -0.67576046
vn 0.21990610 -0.71205017 -0.66680272
vn 0.24878297 -0.71205004 -0.65657580
vn 0.27718210 -0.71204850 -0.64510234
vn 0.30505502 -0.71205112 -0.63239595
vn 0.33235559 -0.71205118 -0.61848434
vn 0.35901865 -0.71204894 -0.60340030
vn 0.38499223 -0.71204934 -0.58716839
vn 0.41023687 -0.71205062 -0.56981543
vn 0.43470189 -0.71204921 -0.55138026
vn 0.45833843 -0.71205107 -0.53189206
vn 0.48110598 -0.71204990 -0.51139220
vn 0.50295452 -0.71205008 -0.48991982
vn 0.52384534 -0.71204945 -0.46751646
vn 0.54373818 -0.71205013 -0.44422225
vn 0.56259748 -0.71204978 -0.42008235
vn 0.58038602 -0.71205094 -0.39513989
vn 0.59707075 -0.71204874 -0.36944974
vn 0.61261578 -0.71205186 -0.34305110
vn 0.62699955 -0.71204772 -0.31600572
vn 0.64018251 -0.71205221 -0.28835396
vn 0.65215519 -0.71204784 -0.26015665
vn 0.66287816 -0.71205112 -0.23146435
vn 0.67234568 -0.71204980 -0.20232736
vn 0.68053055 -0.71205116 -0.17280427
vn 0.68742292 -0.71204838 -0.14295745
vn 0.69300136 -0.71205114 -0.11283744
vn 0.69726551 -0.71204958 -0.08249974
vn 0.70020052 -0.71204925 -0.05201054
vn 0.70180175 -0.71205019 -0.02142041
vn 0.70206781 -0.71205048 0.00921420
vn 0.70099758 -0.71205042 0.03983199
vn 0.69859352 -0.71204979 0.07037188
vn 0.69485941 -0.71204966 0.10077545
vn 0.68980339 -0.71204920 0.13098552
vn 0.68343155 -0.71205093 0.16094966
vn 0.67576053 -0.71205008 0.19061057
vn 0.66680272 -0.71205017 0.21990610
vn 0.65657758 -0.71204917 0.24878077
vn 0.64509975 -0.71205069 0.27718248
vn 0.63239501 -0.71204997 0.30505966
vn 0.61848773 -0.71204952 0.33235283
vn 0.60340134 -0.71205042 0.35901395
vn 0.58716711 -0.71204984 0.38499325
vn 0.56981456 -0.71205026 0.41023870
vn 0.55137748 -0.71205003 0.43470407
vn 0.53189235 -0.71204956 0.45834044
vn 0.51139293 -0.71205044 0.48110439
vn 0.48992147 -0.71204952 0.50295372
vn 0.46751550 -0.71205065 0.52384457
vn 0.44422306 -0.71204886 0.54373917
vn 0.42008224 -0.71205083 0.56259623
vn 0.39514062 -0.71205001 0.58038666
vn 0.36944882 -0.71204986 0.59706998
vn 0.34305333 -0.71205010 0.61261657
vn 0.31600467 -0.71204999 0.62699750
vn 0.28835430 -0.71205012 0.64018468
vn 0.26015462 -0.71205015 0.65215348
vn 0.23146085 -0.71204976 0.66288084
vn 0.20232817 -0.71204955 0.67234571
vn 0.17280778 -0.71205054 0.68053031
vn 0.14295853 -0.71204967 0.68742136
vn 0.11283654 -0.71205061 0.69300205
vn 0.08250211 -0.71204902 0.69726579
vn 0.05201357 -0.71204956 0.70019998
vn 0.02141581 -0.71205235 0.70179970
vn -0.00921760 -0.71204794 0.70207034
vn -0.03982889 -0.71205087 0.70099730
vn -0.07037100 -0.71205006 0.69859332
vn -0.10077545 -0.71204966 0.69485941
vn -0.13098912 -0.71205047 0.68980140
vn -0.16095304 -0.71204940 0.68343234
vn -0.19060908 -0.71205010 0.67576093
vn -0.21990590 -0.71205063 0.66680229
vn -0.24877792 -0.71204753 0.65658043
vn -0.27717981 -0.71205289 0.64509847
vn -0.30506177 -0.71204901 0.63239506
vn -0.33235118 -0.71204920 0.61848899
vn -0.35901239 -0.71205091 0.60340169
vn -0.38499612 -0.71205126 0.58716351
vn -0.41024282 -0.71204870 0.56981355
vn -0.43470198 -0.71204925 0.55138013
vn -0.45833857 -0.71205102 0.53189200
vn -0.48110598 -0.71204990 0.51139220
vn -0.50295452 -0.71205008 0.48991982
vn -0.52384534 -0.71204945 0.46751646
vn -0.54373818 -0.71205013 0.44422225
vn -0.56259757 -0.71204986 0.42008209
vn -0.58038624 -0.71205085 0.39513972
vn -0.59707065 -0.71204861 0.36945015
vn -0.61261435 -0.71205017 0.34305715
vn -0.62699624 -0.71205129 0.31600423
vn -0.64018572 -0.71204854 0.28835588
vn -0.65215160 -0.71205161 0.26015534
vn -0.66288184 -0.71204926 0.23145954
vn -0.67234571 -0.71204955 0.20232817
vn -0.68053038 -0.71205021 0.17280883
vn -0.68742058 -0.71205068 0.14295723
vn -0.69300370 -0.71204870 0.11283850
vn -0.69726369 -0.71205091 0.08250365
vn -0.70020025 -0.71204960 0.05200946
vn -0.70180144 -0.71205059 0.02141705
vn -0.70206814 -0.71205011 -0.00921765
vn -0.70099901 -0.71204911 -0.03983032
vn -0.69859392 -0.71204992 -0.07036650
vn -0.69485774 -0.71205130 -0.10077529
vn -0.68980267 -0.71204906 -0.13099016
vn -0.68343174 -0.71205024 -0.16095188
vn -0.67576053 -0.71205008 -0.19061057
vn -0.66680272 -0.71205017 -0.21990610
vn -0.65657661 -0.71204964 -0.24878196
vn -0.64509962 -0.71205022 -0.27718401
vn 0.25225771 -0.70223085 -0.66576113
vn 0.28105865 -0.70222824 -0.65412655
vn 0.00000000 -1.00000000 0.00000000
vn 0.30932620 -0.70222975 -0.64124152
vn 0.33700435 -0.70222876 -0.62713861
vn 0.16320507 -0.70222806 -0.69299340
vn 0.19327995 -0.70223009 -0.68521221
vn 0.22298242 -0.70222970 -0.67613038
vn 0.07135662 -0.70223019 -0.70836501
vn 0.10218389 -0.70222991 -0.70457903
vn 0.13281780 -0.70222983 -0.69945171
vn -0.02171614 -0.70223018 -0.71161871
vn 0.00934125 -0.70223002 -0.71188885
vn 0.04038778 -0.70222806 -0.71080559
vn -0.11441548 -0.70222947 -0.70269685
vn -0.08365604 -0.70222981 -0.70701836
vn -0.05273577 -0.70222893 -0.70999540
vn -0.20515745 -0.70222890 -0.68175141
vn -0.17522377 -0.70222997 -0.69005050
vn -0.14495846 -0.70222938 -0.69703726
vn -0.29238818 -0.70222931 -0.64914031
vn -0.26379596 -0.70223025 -0.66127480
vn -0.23470226 -0.70222929 -0.67215242
vn -0.37461688 -0.70222964 -0.60542194
vn -0.34785196 -0.70222928 -0.62118681
vn -0.32042479 -0.70222975 -0.63576830
vn -0.45043429 -0.70222962 -0.55134609
vn -0.42595753 -0.70223005 -0.57046747
vn -0.40066951 -0.70222913 -0.58850505
vn -0.51854720 -0.70222936 -0.48783474
vn -0.49677436 -0.70222970 -0.50998891
vn -0.47405597 -0.70222914 -0.53117339
vn -0.57778553 -0.70222996 -0.41597712
vn -0.55909204 -0.70222945 -0.44078327
vn -0.53933297 -0.70222952 -0.46475117
vn -0.62713955 -0.70222880 -0.33700252
vn -0.61184139 -0.70223003 -0.36403721
vn -0.59538090 -0.70222913 -0.39037909
vn -0.66576090 -0.70222976 -0.25226135
vn -0.65412424 -0.70222949 -0.28106087
vn -0.64124206 -0.70222988 -0.30932478
vn -0.69299196 -0.70223007 -0.16320255
vn -0.68521464 -0.70222872 -0.19327628
vn -0.67613032 -0.70222973 -0.22298249
vn -0.70836679 -0.70222853 -0.07135533
vn -0.70457822 -0.70223040 -0.10218608
vn -0.69945178 -0.70222927 -0.13282038
vn -0.71161976 -0.70222922 0.02171263
vn -0.71188750 -0.70223136 -0.00934355
vn -0.71080510 -0.70222880 -0.04038336
vn -0.70269508 -0.70223094 0.11441737
vn -0.70701891 -0.70222881 0.08365978
vn -0.70999554 -0.70222879 0.05273576
vn -0.68175051 -0.70222960 0.20515804
vn -0.69005176 -0.70222882 0.17522345
vn -0.69703770 -0.70222965 0.14495504
vn -0.64913769 -0.70223104 0.29238985
vn -0.66127624 -0.70222814 0.26379798
vn -0.67215297 -0.70222992 0.23469882
vn -0.60542171 -0.70222936 0.37461777
vn -0.62118760 -0.70222895 0.34785121
vn -0.63576955 -0.70222961 0.32042261
vn -0.55134355 -0.70223053 0.45043597
vn -0.57046883 -0.70222826 0.42595865
vn -0.58850520 -0.70223029 0.40066726
vn -0.48783468 -0.70222930 0.51854733
vn -0.50999035 -0.70222922 0.49677356
vn -0.53117407 -0.70222963 0.47405449
vn -0.41598010 -0.70223108 0.57778202
vn -0.44077883 -0.70223109 0.55909348
vn -0.46474833 -0.70222807 0.53933731
vn -0.33700478 -0.70222863 0.62713852
vn -0.36403672 -0.70223098 0.61184060
vn -0.39038213 -0.70222740 0.59538095
vn -0.25226308 -0.70222924 0.66576079
vn -0.28105723 -0.70223150 0.65412366
vn -0.30932213 -0.70222810 0.64124529
vn -0.16320341 -0.70223111 0.69299070
vn -0.19327521 -0.70222841 0.68521526
vn -0.22298242 -0.70222970 0.67613038
vn -0.07135302 -0.70222903 0.70836653
vn -0.10218483 -0.70222963 0.70457917
vn -0.13282320 -0.70222875 0.69945177
vn 0.02171724 -0.70223053 0.71161833
vn -0.00934473 -0.70222825 0.71189056
vn -0.04038846 -0.70223065 0.71080299
vn 0.11441415 -0.70222987 0.70269667
vn 0.08365720 -0.70223019 0.70701785
vn 0.05273700 -0.70222856 0.70999568
vn 0.20515715 -0.70223075 0.68174960
vn 0.17522817 -0.70222943 0.69004994
vn 0.14495866 -0.70222857 0.69703804
vn 0.29238665 -0.70222977 0.64914050
vn 0.26379480 -0.70222981 0.66127573
vn 0.23469838 -0.70222885 0.67215423
vn 0.37461711 -0.70222957 0.60542188
vn 0.34785436 -0.70223031 0.62118430
vn 0.32042711 -0.70222825 0.63576879
vn 0.45043731 -0.70222865 0.55134486
vn 0.42595563 -0.70222909 0.57047008
vn 0.40066658 -0.70223016 0.58850581
vn 0.51854747 -0.70222924 0.48783462
vn 0.49677353 -0.70222923 0.50999037
vn 0.47405617 -0.70223060 0.53117128
vn 0.57778747 -0.70222886 0.41597629
vn 0.55909070 -0.70222924 0.44078530
vn 0.53933173 -0.70223010 0.46475172
vn 0.62713985 -0.70222927 0.33700097
vn 0.61184219 -0.70222909 0.36403770
vn 0.59538045 -0.70223044 0.39037741
vn 0.66576106 -0.70223052 0.25225880
vn 0.65412565 -0.70222805 0.28106119
vn 0.64124050 -0.70223056 0.30932646
vn 0.69299265 -0.70222966 0.16320137
vn 0.68521467 -0.70222829 0.19327772
vn 0.67612949 -0.70223016 0.22298367
vn 0.70836628 -0.70222930 0.07135280
vn 0.70457953 -0.70222923 0.10218507
vn 0.69945101 -0.70223008 0.13282020
vn 0.71161825 -0.70223061 -0.02171705
vn 0.71189052 -0.70222828 0.00934454
vn 0.71080313 -0.70223049 0.04038867
vn 0.70269769 -0.70222807 -0.11441891
vn 0.70701857 -0.70222976 -0.08365466
vn 0.70999530 -0.70222910 -0.05273474
vn 0.68175051 -0.70222983 -0.20515730
vn 0.69005130 -0.70222908 -0.17522419
vn 0.69703518 -0.70223100 -0.14496062
vn 0.64913769 -0.70223104 -0.29238985
vn 0.66127624 -0.70222814 -0.26379798
vn 0.67215341 -0.70222969 -0.23469822
vn 0.60542216 -0.70222892 -0.37461789
vn 0.62118742 -0.70222934 -0.34785074
vn 0.63576947 -0.70222947 -0.32042308
vn 0.55134355 -0.70223053 -0.45043597
vn 0.57046905 -0.70222818 -0.42595849
vn 0.58850475 -0.70223057 -0.40066743
vn 0.48783472 -0.70222933 -0.51854726
vn 0.50999035 -0.70222922 -0.49677356
vn 0.53117407 -0.70222963 -0.47405449
vn 0.41597626 -0.70222901 -0.57778730
vn 0.44078488 -0.70222927 -0.55909100
vn 0.46475179 -0.70222993 -0.53933190
vn 0.36403678 -0.70223074 -0.61184084
vn 0.39037590 -0.70222951 -0.59538254
vn 0.30505906 -0.71204812 -0.63239738
vn 0.30505906 0.71204812 -0.63239738
vn 0.27717213 -0.71205507 -0.64509937
vn 0.27717213 0.71205507 -0.64509937
vn 0.24878472 -0.71204135 -0.65658456
vn 0.24878472 0.71204135 -0.65658456
vn 0.21991665 -0.71205432 -0.66679480
vn 0.21991665 0.71205432 -0.66679480
vn 0.19059829 -0.71205378 -0.67576009
vn 0.19059829 0.71205378 -0.67576009
vn 0.16094105 -0.71204663 -0.68343805
vn 0.16094105 0.71204663 -0.68343805
vn 0.13099599 -0.71204697 -0.68980371
vn 0.13099599 0.71204697 -0.68980371
vn 0.10078315 -0.71205254 -0.69485533
vn 0.10078315 0.71205254 -0.69485533
vn 0.07036098 -0.71205302 -0.69859132
vn 0.07036098 0.71205302 -0.69859132
vn 0.03984313 -0.71204031 -0.70100722
vn 0.03984313 0.71204031 -0.70100722
vn 0.00922178 -0.71206153 -0.70205651
vn 0.00922178 0.71206153 -0.70205651
vn -0.02142225 -0.71204217 -0.70180983
vn -0.02142225 0.71204217 -0.70180983
vn -0.05200010 -0.71205345 -0.70019702
vn -0.05200010 0.71205345 -0.70019702
vn -0.08250205 -0.71204942 -0.69726539
vn -0.08250205 0.71204942 -0.69726539
vn -0.11284380 -0.71205272 -0.69299870
vn -0.11284380 0.71205272 -0.69299870
vn -0.14296840 -0.71204824 -0.68742079
vn -0.14296840 0.71204824 -0.68742079
vn -0.17280166 -0.71204639 -0.68053620
vn -0.17280166 0.71204639 -0.68053620
vn -0.20232430 -0.71205536 -0.67234072
vn -0.20232430 0.71205536 -0.67234072
vn -0.23146839 -0.71204697 -0.66288122
vn -0.23146839 0.71204697 -0.66288122
vn -0.26014795 -0.71204807 -0.65215841
vn -0.26014795 0.71204807 -0.65215841
vn -0.28834530 -0.71205185 -0.64018681
vn -0.28834530 0.71205185 -0.64018681
vn -0.31600840 -0.71205308 -0.62699211
vn -0.31600840 0.71205308 -0.62699211
vn -0.34306301 -0.71204844 -0.61261308
vn -0.34306301 0.71204844 -0.61261308
vn -0.36945225 -0.71204946 -0.59706834
vn -0.36945225 0.71204946 -0.59706834
vn -0.39513785 -0.71204755 -0.58039156
vn -0.39513785 0.71204755 -0.58039156
vn -0.42007465 -0.71205219 -0.56260018
vn -0.42007465 0.71205219 -0.56260018
vn -0.44422183 -0.71205005 -0.54373863
vn -0.44422183 0.71205005 -0.54373863
vn -0.46751787 -0.71205071 -0.52384236
vn -0.46751787 0.71205071 -0.52384236
vn -0.48992483 -0.71205011 -0.50294960
vn -0.48992483 0.71205011 -0.50294960
vn -0.51139393 -0.71204761 -0.48110752
vn -0.51139393 0.71204761 -0.48110752
vn -0.53188988 -0.71205298 -0.45833798
vn -0.53188988 0.71205298 -0.45833798
vn -0.55138123 -0.71204740 -0.43470362
vn -0.55138123 0.71204740 -0.43470362
vn -0.56981061 -0.71204947 -0.41024556
vn -0.56981061 0.71204947 -0.41024556
vn -0.58716391 -0.71205275 -0.38499276
vn -0.58716391 0.71205275 -0.38499276
vn -0.60340598 -0.71205148 -0.35900405
vn -0.60340598 0.71205148 -0.35900405
vn -0.61849159 -0.71204449 -0.33235642
vn -0.61849159 0.71204449 -0.33235642
vn -0.63238994 -0.71205524 -0.30505788
vn -0.63238994 0.71205524 -0.30505788
vn -0.64510523 -0.71204824 -0.27717601
vn -0.64510523 0.71204824 -0.27717601
vn -0.65657737 -0.71204625 -0.24878968
vn -0.65657737 0.71204625 -0.24878968
vn -0.66679728 -0.71205538 -0.21990573
vn -0.66679728 0.71205538 -0.21990573
vn -0.67576493 -0.71204715 -0.19060591
vn -0.67576493 0.71204715 -0.19060591
vn -0.68343155 -0.71204821 -0.16096169
vn -0.68343155 0.71204821 -0.16096169
vn -0.68979737 -0.71205461 -0.13098786
vn -0.68979737 0.71205461 -0.13098786
vn -0.69486221 -0.71204805 -0.10076749
vn -0.69486221 0.71204805 -0.10076749
vn -0.69859341 -0.71205042 -0.07036658
vn -0.69859341 0.71205042 -0.07036658
vn -0.70099854 -0.71204977 -0.03982685
vn -0.70099854 0.71204977 -0.03982685
vn -0.70206933 -0.71204896 -0.00921573
vn -0.70206933 0.71204896 -0.00921573
vn -0.70179903 -0.71205282 0.02142223
vn -0.70179903 0.71205282 0.02142223
vn -0.70020838 -0.71204231 0.05199972
vn -0.70020838 0.71204231 0.05199972
vn -0.69725622 -0.71205918 0.08249542
vn -0.69725622 0.71205918 0.08249542
vn -0.69301109 -0.71204181 0.11283661
vn -0.69301109 0.71204181 0.11283661
vn -0.68741825 -0.71205517 0.14294608
vn -0.68741825 0.71205517 0.14294608
vn -0.68052651 -0.71205196 0.17281688
vn -0.68052651 0.71205196 0.17281688
vn -0.67234742 -0.71204644 0.20233343
vn -0.67234742 0.71204644 0.20233343
vn -0.66287490 -0.71205362 0.23146601
vn -0.66287490 0.71205362 0.23146601
vn -0.65215581 -0.71204570 0.26016095
vn -0.65215581 0.71204570 0.26016095
vn -0.64017953 -0.71205410 0.28835592
vn -0.64017953 0.71205410 0.28835592
vn -0.62701198 -0.71204056 0.31599719
vn -0.62701198 0.71204056 0.31599719
vn -0.61261887 -0.71205778 0.34303330
vn -0.61261887 0.71205778 0.34303330
vn -0.59706100 -0.71205241 0.36945841
vn -0.59706100 0.71205241 0.36945841
vn -0.58038154 -0.71204747 0.39515273
vn -0.58038154 0.71204747 0.39515273
vn -0.56259066 -0.71205180 0.42008808
vn -0.56259066 0.71205180 0.42008808
vn -0.54374254 -0.71204509 0.44422499
vn -0.54374254 0.71204509 0.44422499
vn -0.52386029 -0.71204795 0.46750199
vn -0.52386029 0.71204795 0.46750199
vn -0.50294273 -0.71206034 0.48991702
vn -0.50294273 0.71206034 0.48991702
vn -0.48110057 -0.71204237 0.51140777
vn -0.48110057 0.71204237 0.51140777
vn -0.45833770 -0.71205348 0.53188945
vn -0.45833770 0.71205348 0.53188945
vn -0.43471071 -0.71204469 0.55137914
vn -0.43471071 0.71204469 0.55137914
vn -0.41024268 -0.71205439 0.56980653
vn -0.41024268 0.71205439 0.56980653
vn -0.38500302 -0.71204544 0.58716605
vn -0.38500302 0.71204544 0.58716605
vn -0.35902620 -0.71205261 0.60339147
vn -0.35902620 0.71205261 0.60339147
vn -0.33235473 -0.71205137 0.61848459
vn -0.33235473 0.71205137 0.61848459
vn -0.30505805 -0.71204976 0.63239601
vn -0.30505805 0.71204976 0.63239601
vn -0.27717001 -0.71205419 0.64510124
vn -0.27717001 0.71205419 0.64510124
vn -0.24878472 -0.71204135 0.65658456
vn -0.24878472 0.71204135 0.65658456
vn -0.21989191 -0.71206195 0.66679481
vn -0.21989191 0.71206195 0.66679481
vn -0.19060559 -0.71203756 0.67577513
vn -0.19060559 0.71203756 0.67577513
vn -0.16096041 -0.71205658 0.68342313
vn -0.16096041 0.71205658 0.68342313
vn -0.13099214 -0.71204562 0.68980584
vn -0.13099214 0.71204562 0.68980584
vn -0.10076297 -0.71205887 0.69485178
vn -0.10076297 0.71205887 0.69485178
vn -0.07036625 -0.71203911 0.69860496
vn -0.07036625 0.71203911 0.69860496
vn -0.03983784 -0.71205688 0.70099069
vn -0.03983784 0.71205688 0.70099069
vn -0.00922132 -0.71204377 0.70207453
vn -0.00922132 0.71204377 0.70207453
vn 0.02142097 -0.71205946 0.70179232
vn 0.02142097 0.71205946 0.70179232
vn 0.05202115 -0.71204301 0.70020608
vn 0.05202115 0.71204301 0.70020608
vn 0.08250179 -0.71205334 0.69726143
vn 0.08250179 0.71205334 0.69726143
vn 0.11283393 -0.71204508 0.69300816
vn 0.11283393 0.71204508 0.69300816
vn 0.14294428 -0.71205178 0.68742214
vn 0.14294428 0.71205178 0.68742214
vn 0.17281418 -0.71205559 0.68052340
vn 0.17281418 0.71205559 0.68052340
vn 0.20233522 -0.71204375 0.67234973
vn 0.20233522 0.71204375 0.67234973
vn 0.23146435 -0.71205563 0.66287332
vn 0.23146435 0.71205563 0.66287332
vn 0.26016133 -0.71204394 0.65215759
vn 0.26016133 0.71204394 0.65215759
vn 0.28834530 -0.71205185 0.64018681
vn 0.28834530 0.71205185 0.64018681
vn 0.31600172 -0.71205016 0.62699879
vn 0.31600172 0.71205016 0.62699879
vn 0.34305374 -0.71205135 0.61261489
vn 0.34305374 0.71205135 0.61261489
vn 0.36944717 -0.71204702 0.59707440
vn 0.36944717 0.71204702 0.59707440
vn 0.39513835 -0.71205410 0.58038319
vn 0.39513835 0.71205410 0.58038319
vn 0.42008727 -0.71204809 0.56259595
vn 0.42008727 0.71204809 0.56259595
vn 0.44422183 -0.71205005 0.54373863
vn 0.44422183 0.71205005 0.54373863
vn 0.46751731 -0.71205036 0.52384334
vn 0.46751731 0.71205036 0.52384334
vn 0.48992008 -0.71204797 0.50295726
vn 0.48992008 0.71204797 0.50295726
vn 0.51138953 -0.71205207 0.48110560
vn 0.51138953 0.71205207 0.48110560
vn 0.53189345 -0.71204949 0.45833927
vn 0.53189345 0.71204949 0.45833927
vn 0.55137985 -0.71205139 0.43469884
vn 0.55137985 0.71205139 0.43469884
vn 0.56981708 -0.71204700 0.41024085
vn 0.56981708 0.71204700 0.41024085
vn 0.58716391 -0.71205275 0.38499276
vn 0.58716391 0.71205275 0.38499276
vn 0.60340242 -0.71204642 0.35902008
vn 0.60340242 0.71204642 0.35902008
vn 0.61848276 -0.71205501 0.33235033
vn 0.61848276 0.71205501 0.33235033
vn 0.63239973 -0.71204396 0.30506388
vn 0.63239973 0.71204396 0.30506388
vn 0.64509272 -0.71205407 0.27719016
vn 0.64509272 0.71205407 0.27719016
vn 0.65657798 -0.71205054 0.24877578
vn 0.65657798 0.71205054 0.24877578
vn 0.66680554 -0.71204861 0.21990258
vn 0.66680554 0.71204861 0.21990258
vn 0.67576044 -0.71204963 0.19061257
vn 0.67576044 0.71204963 0.19061257
vn 0.68343061 -0.71205155 0.16095090
vn 0.68343061 0.71205155 0.16095090
vn 0.68980176 -0.71205330 0.13097187
vn 0.68980176 0.71205330 0.13097187
vn 0.69486625 -0.71204406 0.10076787
vn 0.69486625 0.71204406 0.10076787
vn 0.69859403 -0.71204780 0.07038689
vn 0.69859403 0.71204780 0.07038689
vn 0.70099310 -0.71205435 0.03984066
vn 0.70099310 0.71205435 0.03984066
vn 0.70207103 -0.71204721 0.00922113
vn 0.70207103 0.71204721 0.00922113
vn 0.70179742 -0.71205456 -0.02141680
vn 0.70179742 0.71205456 -0.02141680
vn 0.70019885 -0.71205000 -0.05202276
vn 0.70019885 0.71205000 -0.05202276
vn 0.69727208 -0.71204352 -0.08249647
vn 0.69727208 0.71204352 -0.08249647
vn 0.69299477 -0.71205799 -0.11283475
vn 0.69299477 0.71205799 -0.11283475
vn 0.68741912 -0.71204828 -0.14297625
vn 0.68741912 0.71204828 -0.14297625
vn 0.68054192 -0.71204196 -0.17279742
vn 0.68054192 0.71204196 -0.17279742
vn 0.67233228 -0.71206287 -0.20232590
vn 0.67233228 0.71206287 -0.20232590
vn 0.66289030 -0.71203783 -0.23147046
vn 0.66289030 0.71203783 -0.23147046
vn 0.65215740 -0.71205374 -0.26013494
vn 0.65215740 0.71205374 -0.26013494
vn 0.64018135 -0.71205326 -0.28835393
vn 0.64018135 0.71205326 -0.28835393
vn 0.62698886 -0.71205165 -0.31601805
vn 0.62698886 0.71205165 -0.31601805
vn 0.61261400 -0.71204689 -0.34306459
vn 0.61261400 0.71204689 -0.34306459
vn 0.59708569 -0.71204328 -0.36943612
vn 0.59708569 0.71204328 -0.36943612
vn 0.58038920 -0.71205763 -0.39512315
vn 0.58038920 0.71205763 -0.39512315
vn 0.56259023 -0.71205139 -0.42008934
vn 0.56259023 0.71205139 -0.42008934
vn 0.54374254 -0.71204509 -0.44422499
vn 0.54374254 0.71204509 -0.44422499
vn 0.52383233 -0.71205792 -0.46751814
vn 0.52383233 0.71205792 -0.46751814
vn 0.50295716 -0.71204043 -0.48993115
vn 0.50295716 0.71204043 -0.48993115
vn 0.48111635 -0.71205219 -0.51137926
vn 0.48111635 0.71205219 -0.51137926
vn 0.45833792 -0.71205361 -0.53188909
vn 0.45833792 0.71205361 -0.53188909
vn 0.43468064 -0.71205456 -0.55139009
vn 0.43468064 0.71205456 -0.55139009
vn 0.41025277 -0.71203517 -0.56982329
vn 0.41025277 0.71203517 -0.56982329
vn 0.38499323 -0.71206394 -0.58715002
vn 0.38499323 0.71206394 -0.58715002
vn 0.35900673 -0.71204345 -0.60341386
vn 0.35900673 0.71204345 -0.60341386
vn 0.33235227 -0.71205214 -0.61848502
vn 0.33235227 0.71205214 -0.61848502
vn 0.30505626 -0.71204899 -0.63239775
vn 0.30505626 0.71204899 -0.63239775
vn 0.27720279 -0.71204404 -0.64509836
vn 0.27720279 0.71204404 -0.64509836
vn 0.24878463 -0.71205943 -0.65656498
vn 0.24878463 0.71205943 -0.65656498
vn 0.21989600 -0.71204639 -0.66681008
vn 0.21989600 0.71204639 -0.66681008
vn 0.19059829 -0.71205378 -0.67576009
vn 0.19059829 0.71205378 -0.67576009
vn 0.16096805 -0.71203827 -0.68344041
vn 0.16096805 0.71203827 -0.68344041
vn 0.13098431 -0.71206635 -0.68978593
vn 0.13098431 0.71206635 -0.68978593
vn 0.10075610 -0.71204000 -0.69487211
vn 0.10075610 0.71204000 -0.69487211
vn 0.07039464 -0.71204535 -0.69859574
vn 0.07039464 0.71204535 -0.69859574
vn 0.03984805 -0.71205680 -0.70099019
vn 0.03984805 0.71205680 -0.70099019
vn 0.00919393 -0.71205601 -0.70206247
vn 0.00919393 0.71205601 -0.70206247
vn -0.02142777 -0.71204039 -0.70181146
vn -0.02142777 0.71204039 -0.70181146
vn -0.05199434 -0.71205153 -0.70019941
vn -0.05199434 0.71205153 -0.70019941
vn -0.08250764 -0.71205533 -0.69725870
vn -0.08250764 0.71205533 -0.69725870
vn -0.11285655 -0.71204874 -0.69300072
vn -0.11285655 0.71204874 -0.69300072
vn -0.14295653 -0.71204401 -0.68742763
vn -0.14295653 0.71204401 -0.68742763
vn -0.17278799 -0.71205062 -0.68053525
vn -0.17278799 0.71205062 -0.68053525
vn -0.20231818 -0.71205305 -0.67234501
vn -0.20231818 0.71205305 -0.67234501
vn -0.23146571 -0.71205114 -0.66287767
vn -0.23146571 0.71205114 -0.66287767
vn -0.26015399 -0.71204621 -0.65215804
vn -0.26015399 0.71204621 -0.65215804
vn -0.28835092 -0.71205420 -0.64018167
vn -0.28835092 0.71205420 -0.64018167
vn -0.31601047 -0.71204834 -0.62699644
vn -0.31601047 0.71204834 -0.62699644
vn -0.34304996 -0.71204832 -0.61262053
vn -0.34304996 0.71204832 -0.61262053
vn -0.36945378 -0.71205646 -0.59705904
vn -0.36945378 0.71205646 -0.59705904
vn -0.39515676 -0.71204550 -0.58038121
vn -0.39515676 0.71204550 -0.58038121
vn -0.42007761 -0.71204726 -0.56260421
vn -0.42007761 0.71204726 -0.56260421
vn -0.44421002 -0.71205004 -0.54374829
vn -0.44421002 0.71205004 -0.54374829
vn -0.46750992 -0.71205285 -0.52384655
vn -0.46750992 0.71205285 -0.52384655
vn -0.48992381 -0.71205046 -0.50295010
vn -0.48992381 0.71205046 -0.50295010
vn -0.51140004 -0.71205207 -0.48109443
vn -0.51140004 0.71205207 -0.48109443
vn -0.53189610 -0.71204356 -0.45834540
vn -0.53189610 0.71204356 -0.45834540
vn -0.55137056 -0.71205483 -0.43470499
vn -0.55137056 0.71205483 -0.43470499
vn -0.56982125 -0.71205127 -0.41022766
vn -0.56982125 0.71205127 -0.41022766
vn -0.58717285 -0.71204624 -0.38499116
vn -0.58717285 0.71204624 -0.38499116
vn -0.60339881 -0.71205133 -0.35901642
vn -0.60339881 0.71205133 -0.35901642
vn -0.61848461 -0.71204452 -0.33236935
vn -0.61848461 0.71204452 -0.33236935
vn -0.63238559 -0.71205994 -0.30505590
vn -0.63238559 0.71205994 -0.30505590
vn -0.64511024 -0.71204591 -0.27717034
vn -0.64511024 0.71204591 -0.27717034
vn -0.65657798 -0.71205054 -0.24877578
vn -0.65657798 0.71205054 -0.24877578
vn -0.66680554 -0.71204641 -0.21990972
vn -0.66680554 0.71204641 -0.21990972
vn -0.67575645 -0.71205183 -0.19061849
vn -0.67575645 0.71205183 -0.19061849
vn -0.68343002 -0.71205364 -0.16094415
vn -0.68343002 0.71205364 -0.16094415
vn -0.68980920 -0.71204136 -0.13099759
vn -0.68980920 0.71204136 -0.13099759
vn -0.69484980 -0.71205783 -0.10078391
vn -0.69484980 0.71205783 -0.10078391
vn -0.69859600 -0.71204845 -0.07036076
vn -0.69859600 0.71204845 -0.07036076
vn -0.70099854 -0.71204977 -0.03982685
vn -0.70099854 0.71204977 -0.03982685
vn -0.70207273 -0.71204547 -0.00922653
vn -0.70207273 0.71204547 -0.00922653
vn -0.70179397 -0.71205798 0.02141645
vn -0.70179397 0.71205798 0.02141645
vn -0.70020015 -0.71204834 0.05202800
vn -0.70020015 0.71204834 0.05202800
vn -0.69727208 -0.71204352 0.08249647
vn -0.69727208 0.71204352 0.08249647
vn -0.69299477 -0.71205799 0.11283475
vn -0.69299477 0.71205799 0.11283475
vn -0.68742126 -0.71204696 0.14297254
vn -0.68742126 0.71204696 0.14297254
vn -0.68053948 -0.71204451 0.17279651
vn -0.68053948 0.71204451 0.17279651
vn -0.67234890 -0.71205276 0.20230629
vn -0.67234890 0.71205276 0.20230629
vn -0.66287292 -0.71205579 0.23146500
vn -0.66287292 0.71205579 0.23146500
vn -0.65215755 -0.71204374 0.26016198
vn -0.65215755 0.71204374 0.26016198
vn -0.64017802 -0.71205586 0.28835490
vn -0.64017802 0.71205586 0.28835490
vn -0.62699140 -0.71204853 0.31602005
vn -0.62699140 0.71204853 0.31602005
vn -0.61261341 -0.71204897 0.34306132
vn -0.61261341 0.71204897 0.34306132
vn -0.59708393 -0.71204318 0.36943916
vn -0.59708393 0.71204318 0.36943916
vn -0.58039085 -0.71205629 0.39512314
vn -0.58039085 0.71205629 0.39512314
vn -0.56259108 -0.71205221 0.42008681
vn -0.56259108 0.71205221 0.42008681
vn -0.54374254 -0.71204509 0.44422499
vn -0.54374254 0.71204509 0.44422499
vn -0.52383208 -0.71205800 0.46751829
vn -0.52383208 0.71205800 0.46751829
vn -0.50295709 -0.71204032 0.48993137
vn -0.50295709 0.71204032 0.48993137
vn -0.48111600 -0.71205234 0.51137938
vn -0.48111600 0.71205234 0.51137938
vn -0.45833699 -0.71205372 0.53188975
vn -0.45833699 0.71205372 0.53188975
vn -0.43471029 -0.71204445 0.55137978
vn -0.43471029 0.71204445 0.55137978
vn -0.41024268 -0.71205439 0.56980653
vn -0.41024268 0.71205439 0.56980653
vn -0.38497260 -0.71205516 0.58717421
vn -0.38497260 0.71205516 0.58717421
vn -0.35900554 -0.71204289 0.60341523
vn -0.35900554 0.71204289 0.60341523
vn -0.33235719 -0.71205060 0.61848415
vn -0.33235719 0.71205060 0.61848415
vn -0.30505985 -0.71205053 0.63239428
vn -0.30505985 0.71205053 0.63239428
vn -0.27719650 -0.71204599 0.64509891
vn -0.27719650 0.71204599 0.64509891
vn -0.24877972 -0.71205748 0.65656896
vn -0.24877972 0.71205748 0.65656896
vn -0.21989600 -0.71204639 0.66681008
vn -0.21989600 0.71204639 0.66681008
vn -0.19062611 -0.71204519 0.67576130
vn -0.19062611 0.71204519 0.67576130
vn -0.16096479 -0.71205522 0.68342351
vn -0.16096479 0.71205522 0.68342351
vn -0.13096990 -0.71205509 0.68980028
vn -0.13096990 0.71205509 0.68980028
vn -0.10076450 -0.71204289 0.69486793
vn -0.10076450 0.71204289 0.69486793
vn -0.07038439 -0.71204859 0.69859348
vn -0.07038439 0.71204859 0.69859348
vn -0.03983828 -0.71205356 0.70099404
vn -0.03983828 0.71205356 0.70099404
vn -0.00920493 -0.71205246 0.70206593
vn -0.00920493 0.71205246 0.70206593
vn 0.02142801 -0.71204765 0.70180409
vn 0.02142801 0.71204765 0.70180409
vn 0.05200599 -0.71204783 0.70020231
vn 0.05200599 0.71204783 0.70020231
vn 0.08249594 -0.71205135 0.69726415
vn 0.08249594 0.71205135 0.69726415
vn 0.11284380 -0.71205272 0.69299870
vn 0.11284380 0.71205272 0.69299870
vn 0.14296840 -0.71204824 0.68742079
vn 0.14296840 0.71204824 0.68742079
vn 0.17280166 -0.71204639 0.68053620
vn 0.17280166 0.71204639 0.68053620
vn 0.20231818 -0.71205305 0.67234501
vn 0.20231818 0.71205305 0.67234501
vn 0.23146571 -0.71205114 0.66287767
vn 0.23146571 0.71205114 0.66287767
vn 0.26015399 -0.71204621 0.65215804
vn 0.26015399 0.71204621 0.65215804
vn 0.28835092 -0.71205420 0.64018167
vn 0.28835092 0.71205420 0.64018167
vn 0.31601047 -0.71204834 0.62699644
vn 0.31601047 0.71204834 0.62699644
vn 0.34305543 -0.71205082 0.61261456
vn 0.34305543 0.71205082 0.61261456
vn 0.36944717 -0.71204702 0.59707440
vn 0.36944717 0.71204702 0.59707440
vn 0.39513511 -0.71205245 0.58038742
vn 0.39513511 0.71205245 0.58038742
vn 0.42008681 -0.71205221 0.56259108
vn 0.42008681 0.71205221 0.56259108
vn 0.44422499 -0.71204509 0.54374254
vn 0.44422499 0.71204509 0.54374254
vn 0.46750992 -0.71205285 0.52384655
vn 0.46750992 0.71205285 0.52384655
vn 0.48992381 -0.71205046 0.50295010
vn 0.48992381 0.71205046 0.50295010
vn 0.51139322 -0.71204709 0.48110905
vn 0.51139322 0.71204709 0.48110905
vn 0.53188962 -0.71205446 0.45833599
vn 0.53188962 0.71205446 0.45833599
vn 0.55137953 -0.71204259 0.43471365
vn 0.55137953 0.71204259 0.43471365
vn 0.56980467 -0.71205760 0.41023971
vn 0.56980467 0.71205760 0.41023971
vn 0.58717285 -0.71204624 0.38499116
vn 0.58717285 0.71204624 0.38499116
vn 0.60339881 -0.71205133 0.35901642
vn 0.60339881 0.71205133 0.35901642
vn 0.61848728 -0.71204927 0.33235422
vn 0.61848728 0.71204927 0.33235422
vn 0.63239428 -0.71205053 0.30505985
vn 0.63239428 0.71205053 0.30505985
vn 0.64510022 -0.71205058 0.27718168
vn 0.64510022 0.71205058 0.27718168
vn 0.65657798 -0.71205054 0.24877578
vn 0.65657798 0.71205054 0.24877578
vn 0.66680555 -0.71205081 0.21989545
vn 0.66680555 0.71205081 0.21989545
vn 0.67576443 -0.71204743 0.19060666
vn 0.67576443 0.71204743 0.19060666
vn 0.68343119 -0.71204946 0.16095765
vn 0.68343119 0.71204946 0.16095765
vn 0.68980092 -0.71204960 0.13099640
vn 0.68980092 0.71204960 0.13099640
vn 0.69485788 -0.71204984 0.10078467
vn 0.69485788 0.71204984 0.10078467
vn 0.69858816 -0.71205617 0.07036040
vn 0.69858816 0.71205617 0.07036040
vn 0.70100609 -0.71204233 0.03982683
vn 0.70100609 0.71204233 0.03982683
vn 0.70206549 -0.71205261 0.00922691
vn 0.70206549 0.71205261 0.00922691
vn 0.70179718 -0.71205448 -0.02142731
vn 0.70179718 0.71205448 -0.02142731
vn 0.70020015 -0.71204834 -0.05202800
vn 0.70020015 0.71204834 -0.05202800
vn 0.69727208 -0.71204352 -0.08249647
vn 0.69727208 0.71204352 -0.08249647
vn 0.69299477 -0.71205799 -0.11283475
vn 0.69299477 0.71205799 -0.11283475
vn 0.68743495 -0.71203850 -0.14294880
vn 0.68743495 0.71203850 -0.14294880
vn 0.68052247 -0.71206164 -0.17279289
vn 0.68052247 0.71206164 -0.17279289
vn 0.67234962 -0.71204408 -0.20233441
vn 0.67234962 0.71204408 -0.20233441
vn 0.66287700 -0.71205372 -0.23145969
vn 0.66287700 0.71205372 -0.23145969
vn 0.65215407 -0.71204767 -0.26015993
vn 0.65215407 0.71204767 -0.26015993
vn 0.64018103 -0.71205233 -0.28835694
vn 0.64018103 0.71205233 -0.28835694
vn 0.62698886 -0.71205165 -0.31601805
vn 0.62698886 0.71205165 -0.31601805
vn 0.61261251 -0.71204751 -0.34306596
vn 0.61261251 0.71204751 -0.34306596
vn 0.59708650 -0.71204214 -0.36943700
vn 0.59708650 0.71204214 -0.36943700
vn 0.58038966 -0.71205815 -0.39512154
vn 0.58038966 0.71205815 -0.39512154
vn 0.56259023 -0.71205139 -0.42008934
vn 0.56259023 0.71205139 -0.42008934
vn 0.54374254 -0.71204509 -0.44422499
vn 0.54374254 0.71204509 -0.44422499
vn 0.52383208 -0.71205800 -0.46751829
vn 0.52383208 0.71205800 -0.46751829
vn 0.50295697 -0.71204036 -0.48993143
vn 0.50295697 0.71204036 -0.48993143
vn 0.48111670 -0.71205203 -0.51137914
vn 0.48111670 0.71205203 -0.51137914
vn 0.45833742 -0.71205398 -0.53188903
vn 0.45833742 0.71205398 -0.53188903
vn 0.43471029 -0.71204445 -0.55137978
vn 0.43471029 0.71204445 -0.55137978
vn 0.41024268 -0.71205439 -0.56980653
vn 0.41024268 0.71205439 -0.56980653
vn 0.38497260 -0.71205516 -0.58717421
vn 0.38497260 0.71205516 -0.58717421
vn 0.35900554 -0.71204289 -0.60341523
vn 0.35900554 0.71204289 -0.60341523
vn 0.33235227 -0.71205214 -0.61848502
vn 0.33235227 0.71205214 -0.61848502
vn -0.30932776 0.70222873 0.64124189
vn -0.28106053 -0.70222971 0.65412416
vn -0.28106053 0.70222971 0.65412416
vn -0.25226072 -0.70222938 0.66576154
vn -0.25226072 0.70222938 0.66576154
vn -0.22298008 -0.70222956 0.67613130
vn -0.22298008 0.70222956 0.67613130
vn -0.19327696 -0.70223004 0.68521309
vn -0.19327696 0.70223004 0.68521309
vn -0.16320474 -0.70222904 0.69299248
vn -0.16320474 0.70222904 0.69299248
vn -0.13282020 -0.70222964 0.69945145
vn -0.13282020 0.70222964 0.69945145
vn -0.10218365 -0.70222925 0.70457972
vn -0.10218365 0.70222925 0.70457972
vn -0.07135386 -0.70223008 0.70836540
vn -0.07135386 0.70223008 0.70836540
vn -0.04038782 -0.70222906 0.71080459
vn -0.04038782 0.70222906 0.71080459
vn -0.00934389 -0.70222981 0.71188903
vn -0.00934389 0.70222981 0.71188903
vn 0.02171617 -0.70222957 0.71161931
vn 0.02171617 0.70222957 0.71161931
vn 0.05273649 -0.70222931 0.70999497
vn 0.05273649 0.70222931 0.70999497
vn 0.08365707 -0.70222936 0.70701868
vn 0.08365707 0.70222936 0.70701868
vn 0.11441623 -0.70222996 0.70269624
vn 0.11441623 0.70222996 0.70269624
vn 0.14495780 -0.70222936 0.69703742
vn 0.14495780 0.70222936 0.69703742
vn 0.17522525 -0.70222935 0.69005076
vn 0.17522525 0.70222935 0.69005076
vn 0.20515762 -0.70222981 0.68175043
vn 0.20515762 0.70222981 0.68175043
vn 0.23469963 -0.70222938 0.67215324
vn 0.23469963 0.70222938 0.67215324
vn 0.26379531 -0.70222960 0.66127576
vn 0.26379531 0.70222960 0.66127576
vn 0.29238841 -0.70222956 0.64913994
vn 0.29238841 0.70222956 0.64913994
vn 0.32042594 -0.70222929 0.63576823
vn 0.32042594 0.70222929 0.63576823
vn 0.34785236 -0.70222983 0.62118596
vn 0.34785236 0.70222983 0.62118596
vn 0.37461691 -0.70222936 0.60542224
vn 0.37461691 0.70222936 0.60542224
vn 0.40066836 -0.70222969 0.58850517
vn 0.40066836 0.70222969 0.58850517
vn 0.42595695 -0.70222952 0.57046856
vn 0.42595695 0.70222952 0.57046856
vn 0.45043618 -0.70222916 0.55134513
vn 0.45043618 0.70222916 0.55134513
vn 0.47405633 -0.70222989 0.53117208
vn 0.47405633 0.70222989 0.53117208
vn 0.49677409 -0.70222948 0.50998947
vn 0.49677409 0.70222948 0.50998947
vn 0.51854745 -0.70222929 0.48783456
vn 0.51854745 0.70222929 0.48783456
vn 0.53933236 -0.70222985 0.46475138
vn 0.53933236 0.70222985 0.46475138
vn 0.55909140 -0.70222932 0.44078429
vn 0.55909140 0.70222932 0.44078429
vn 0.57778548 -0.70222981 0.41597744
vn 0.57778548 0.70222981 0.41597744
vn 0.59538064 -0.70222927 0.39037924
vn 0.59538064 0.70222927 0.39037924
vn 0.61184203 -0.70222963 0.36403692
vn 0.61184203 0.70222963 0.36403692
vn 0.62713904 -0.70222939 0.33700225
vn 0.62713904 0.70222939 0.33700225
vn 0.64124156 -0.70222974 0.30932613
vn 0.64124156 0.70222974 0.30932613
vn 0.65412433 -0.70222928 0.28106122
vn 0.65412433 0.70222928 0.28106122
vn 0.66576128 -0.70222965 0.25226067
vn 0.66576128 0.70222965 0.25226067
vn 0.67613158 -0.70222926 0.22298014
vn 0.67613158 0.70222926 0.22298014
vn 0.68521329 -0.70223008 0.19327613
vn 0.68521329 0.70223008 0.19327613
vn 0.69299246 -0.70222916 0.16320436
vn 0.69299246 0.70222916 0.16320436
vn 0.69945133 -0.70222971 0.13282042
vn 0.69945133 0.70222971 0.13282042
vn 0.70457918 -0.70222958 0.10218511
vn 0.70457918 0.70222958 0.10218511
vn 0.70836653 -0.70222902 0.07135311
vn 0.70836653 0.70222902 0.07135311
vn 0.71080352 -0.70223019 0.04038708
vn 0.71080352 0.70223019 0.04038708
vn 0.71188993 -0.70222889 0.00934391
vn 0.71188993 0.70222889 0.00934391
vn 0.71161858 -0.70223029 -0.02171677
vn 0.71161858 0.70223029 -0.02171677
vn 0.70999536 -0.70222896 -0.05273595
vn 0.70999536 0.70222896 -0.05273595
vn 0.70701841 -0.70222971 -0.08365648
vn 0.70701841 0.70222971 -0.08365648
vn 0.70269674 -0.70222944 -0.11441634
vn 0.70269674 0.70222944 -0.11441634
vn 0.69703690 -0.70222990 -0.14495767
vn 0.69703690 0.70222990 -0.14495767
vn 0.69005121 -0.70222924 -0.17522393
vn 0.69005121 0.70222924 -0.17522393
vn 0.68175073 -0.70222964 -0.20515719
vn 0.68175073 0.70222964 -0.20515719
vn 0.67215317 -0.70222893 -0.23470116
vn 0.67215317 0.70222893 -0.23470116
vn 0.66127480 -0.70223005 -0.26379649
vn 0.66127480 0.70223005 -0.26379649
vn 0.64914012 -0.70222997 -0.29238703
vn 0.64914012 0.70222997 -0.29238703
vn 0.63576931 -0.70222909 -0.32042423
vn 0.63576931 0.70222909 -0.32042423
vn 0.62118604 -0.70222899 -0.34785392
vn 0.62118604 0.70222899 -0.34785392
vn 0.60542066 -0.70222999 -0.37461830
vn 0.60542066 0.70222999 -0.37461830
vn 0.58850543 -0.70222995 -0.40066750
vn 0.58850543 0.70222995 -0.40066750
vn 0.57046932 -0.70222930 -0.42595630
vn 0.57046932 0.70222930 -0.42595630
vn 0.55134524 -0.70222912 -0.45043610
vn 0.55134524 0.70222912 -0.45043610
vn 0.53117251 -0.70223020 -0.47405538
vn 0.53117251 0.70223020 -0.47405538
vn 0.50998940 -0.70222852 -0.49677552
vn 0.50998940 0.70222852 -0.49677552
vn 0.48783365 -0.70223057 -0.51854658
vn 0.48783365 0.70223057 -0.51854658
vn 0.46475331 -0.70222922 -0.53933151
vn 0.46475331 0.70222922 -0.53933151
vn 0.44078377 -0.70222904 -0.55909216
vn 0.44078377 0.70222904 -0.55909216
vn 0.41597645 -0.70223003 -0.57778593
vn 0.41597645 0.70223003 -0.57778593
vn 0.39037853 -0.70222909 -0.59538132
vn 0.39037853 0.70222909 -0.59538132
vn 0.36403664 -0.70223010 -0.61184166
vn 0.36403664 0.70223010 -0.61184166
vn 0.33700311 -0.70222921 -0.62713877
vn 0.33700311 0.70222921 -0.62713877
vn 0.30932555 -0.70222939 -0.64124222
vn 0.30932555 0.70222939 -0.64124222
vn 0.28106037 -0.70222964 -0.65412430
vn 0.28106037 0.70222964 -0.65412430
vn 0.25226206 -0.70223003 -0.66576035
vn 0.25226206 0.70223003 -0.66576035
vn 0.22298225 -0.70222905 -0.67613111
vn 0.22298225 0.70222905 -0.67613111
vn 0.19327564 -0.70222941 -0.68521411
vn 0.19327564 0.70222941 -0.68521411
vn 0.16320275 -0.70222956 -0.69299243
vn 0.16320275 0.70222956 -0.69299243
vn 0.13282019 -0.70222973 -0.69945136
vn 0.13282019 0.70222973 -0.69945136
vn 0.10218565 -0.70222982 -0.70457887
vn 0.10218565 0.70222982 -0.70457887
vn 0.07135369 -0.70222877 -0.70836672
vn 0.07135369 0.70222877 -0.70836672
vn 0.04038570 -0.70222982 -0.71080396
vn 0.04038570 0.70222982 -0.71080396
vn 0.00934444 -0.70222987 -0.71188896
vn 0.00934444 0.70222987 -0.71188896
vn -0.02171580 -0.70222945 -0.71161944
vn -0.02171580 0.70222945 -0.71161944
vn -0.05273670 -0.70222925 -0.70999501
vn -0.05273670 0.70222925 -0.70999501
vn -0.08365565 -0.70222991 -0.70701831
vn -0.08365565 0.70222991 -0.70701831
vn -0.11441532 -0.70222931 -0.70269704
vn -0.11441532 0.70222931 -0.70269704
vn -0.14495921 -0.70222925 -0.69703723
vn -0.14495921 0.70222925 -0.69703723
vn -0.17522485 -0.70222998 -0.69005022
vn -0.17522485 0.70222998 -0.69005022
vn -0.20515713 -0.70222931 -0.68175109
vn -0.20515713 0.70222931 -0.68175109
vn -0.23470009 -0.70222951 -0.67215294
vn -0.23470009 0.70222951 -0.67215294
vn -0.26379523 -0.70222965 -0.66127573
vn -0.26379523 0.70222965 -0.66127573
vn -0.29238844 -0.70222948 -0.64914001
vn -0.29238844 0.70222948 -0.64914001
vn -0.32042546 -0.70222950 -0.63576824
vn -0.32042546 0.70222950 -0.63576824
vn -0.34785271 -0.70222943 -0.62118622
vn -0.34785271 0.70222943 -0.62118622
vn -0.37461749 -0.70222957 -0.60542164
vn -0.37461749 0.70222957 -0.60542164
vn -0.40066865 -0.70222963 -0.58850504
vn -0.40066865 0.70222963 -0.58850504
vn -0.42595717 -0.70222958 -0.57046832
vn -0.42595717 0.70222958 -0.57046832
vn -0.45043568 -0.70222935 -0.55134529
vn -0.45043568 0.70222935 -0.55134529
vn -0.47405619 -0.70222967 -0.53117250
vn -0.47405619 0.70222967 -0.53117250
vn -0.49677415 -0.70222954 -0.50998933
vn -0.49677415 0.70222954 -0.50998933
vn -0.51854728 -0.70222935 -0.48783467
vn -0.51854728 0.70222935 -0.48783467
vn -0.53933241 -0.70222975 -0.46475147
vn -0.53933241 0.70222975 -0.46475147
vn -0.55909126 -0.70222943 -0.44078428
vn -0.55909126 0.70222943 -0.44078428
vn -0.57778617 -0.70222946 -0.41597708
vn -0.57778617 0.70222946 -0.41597708
vn -0.59538043 -0.70222974 -0.39037871
vn -0.59538043 0.70222974 -0.39037871
vn -0.61184224 -0.70222930 -0.36403720
vn -0.61184224 0.70222930 -0.36403720
vn -0.62713874 -0.70222969 -0.33700216
vn -0.62713874 0.70222969 -0.33700216
vn -0.64124156 -0.70222955 -0.30932657
vn -0.64124156 0.70222955 -0.30932657
vn -0.65412426 -0.70222935 -0.28106119
vn -0.65412426 0.70222935 -0.28106119
vn -0.66576162 -0.70222944 -0.25226034
vn -0.66576162 0.70222944 -0.25226034
vn -0.67613080 -0.70222984 -0.22298069
vn -0.67613080 0.70222984 -0.22298069
vn -0.68521345 -0.70222960 -0.19327731
vn -0.68521345 0.70222960 -0.19327731
vn -0.69299298 -0.70222891 -0.16320320
vn -0.69299298 0.70222891 -0.16320320
vn -0.69945094 -0.70223021 -0.13281989
vn -0.69945094 0.70223021 -0.13281989
vn -0.70457966 -0.70222913 -0.10218488
vn -0.70457966 0.70222913 -0.10218488
vn -0.70836568 -0.70222980 -0.07135380
vn -0.70836568 0.70222980 -0.07135380
vn -0.71080393 -0.70222967 -0.04038875
vn -0.71080393 0.70222967 -0.04038875
vn -0.71189005 -0.70222878 -0.00934354
vn -0.71189005 0.70222878 -0.00934354
vn -0.71161879 -0.70223003 0.02171833
vn -0.71161879 0.70223003 0.02171833
vn -0.70999464 -0.70222968 0.05273599
vn -0.70999464 0.70222968 0.05273599
vn -0.70701879 -0.70222951 0.08365494
vn -0.70701879 0.70222951 0.08365494
vn -0.70269696 -0.70222929 0.11441590
vn -0.70269696 0.70222929 0.11441590
vn -0.69703694 -0.70222977 0.14495810
vn -0.69703694 0.70222977 0.14495810
vn -0.69005099 -0.70222933 0.17522443
vn -0.69005099 0.70222933 0.17522443
vn -0.68175066 -0.70222925 0.20515874
vn -0.68175066 0.70222925 0.20515874
vn -0.67215238 -0.70222989 0.23470058
vn -0.67215238 0.70222989 0.23470058
vn -0.66127590 -0.70222953 0.26379513
vn -0.66127590 0.70222953 0.26379513
vn -0.64913984 -0.70222931 0.29238924
vn -0.64913984 0.70222931 0.29238924
vn -0.63576782 -0.70222985 0.32042553
vn -0.63576782 0.70222985 0.32042553
vn -0.62118668 -0.70222948 0.34785178
vn -0.62118668 0.70222948 0.34785178
vn -0.60542214 -0.70222940 0.37461700
vn -0.60542214 0.70222940 0.37461700
vn -0.58850543 -0.70222995 0.40066750
vn -0.58850543 0.70222995 0.40066750
vn -0.57046857 -0.70222864 0.42595839
vn -0.57046857 0.70222864 0.42595839
vn -0.55134423 -0.70223044 0.45043529
vn -0.55134423 0.70223044 0.45043529
vn -0.53117350 -0.70222890 0.47405621
vn -0.53117350 0.70222890 0.47405621
vn -0.50998848 -0.70222982 0.49677463
vn -0.50998848 0.70222982 0.49677463
vn -0.48783454 -0.70222929 0.51854748
vn -0.48783454 0.70222929 0.51854748
vn -0.46475130 -0.70222983 0.53933246
vn -0.46475130 0.70222983 0.53933246
vn -0.44078489 -0.70222971 0.55909043
vn -0.44078489 0.70222971 0.55909043
vn -0.41597860 -0.70222945 0.57778508
vn -0.41597860 0.70222945 0.57778508
vn -0.39037872 -0.70222903 0.59538126
vn -0.39037872 0.70222903 0.59538126
vn -0.36403504 -0.70222939 0.61184343
vn -0.36403504 0.70222939 0.61184343
vn -0.33700234 -0.70223059 0.62713764
vn -0.33700234 0.70223059 0.62713764
vn -0.30932776 -0.70222873 0.64124189
vn -0.69300371 -0.71204855 0.11283936
vn -0.69726364 -0.71205074 0.08250546
vn 0.30505902 -0.71204977 -0.63239554
vn -0.70019917 -0.71205076 0.05200812
vn 0.68742199 -0.71204849 -0.14296139
vn 0.68053068 -0.71205046 -0.17280663
vn 0.69300059 -0.71205150 -0.11283995
vn -0.54373894 -0.71204897 0.44422317
vn -0.52384630 -0.71204990 0.46751470
vn -0.50295423 -0.71205032 0.48991977
vn 0.67234585 -0.71204970 -0.20232718
vn 0.66288089 -0.71204983 -0.23146050
vn 0.65215086 -0.71205143 -0.26015767
vn 0.38499037 -0.71205002 -0.58716879
vn 0.35901588 -0.71204876 -0.60340215
vn 0.33235441 -0.71205079 -0.61848543
vn 0.69726521 -0.71204976 -0.08250064
vn -0.61261687 -0.71205059 0.34305179
vn -0.59706921 -0.71205017 0.36944948
vn 0.58038764 -0.71204893 -0.39514112
vn 0.59706888 -0.71205063 -0.36944912
vn 0.61261737 -0.71205019 -0.34305171
vn 0.56259686 -0.71205138 -0.42008048
vn 0.54373894 -0.71204897 -0.44422317
vn 0.52384630 -0.71204990 -0.46751470
vn -0.68742182 -0.71204987 0.14295533
vn -0.68053062 -0.71205073 0.17280577
vn -0.67234543 -0.71204992 0.20232779
vn -0.66288088 -0.71204960 0.23146124
vn -0.65215086 -0.71205143 0.26015767
vn -0.58038762 -0.71204922 0.39514063
vn -0.56259677 -0.71205130 0.42008073
vn -0.48110434 -0.71205023 0.51139327
vn -0.45833488 -0.71205150 0.53189454
vn -0.43469992 -0.71204840 0.55138286
vn 0.64018516 -0.71204845 -0.28835737
vn 0.62699848 -0.71205006 -0.31600257
vn 0.50295423 -0.71205032 -0.48991977
vn 0.48110442 -0.71205021 -0.51139324
vn 0.45834074 -0.71204958 -0.53189205
vn 0.43470362 -0.71205027 -0.55137753
vn 0.41023696 -0.71205053 -0.56981548
vn -0.64018516 -0.71204845 0.28835737
vn -0.62699881 -0.71204991 0.31600223
vn -0.41024320 -0.71204840 0.56981365
vn -0.38499418 -0.71205219 0.58716366
vn -0.35901607 -0.71204851 0.60340234
vn -0.19060823 -0.71205115 0.67576006
vn 0.70019956 -0.71205044 -0.05200717
vn -0.33235470 -0.71205092 0.61848512
vn -0.30505355 -0.71205147 0.63239626
vn -0.27718141 -0.71204798 0.64510320
vn -0.24878273 -0.71205029 0.65657561
vn -0.21990633 -0.71204982 0.66680301
vn -0.66680301 -0.71204979 -0.21990642
vn -0.65657669 -0.71204976 -0.24878139
vn -0.64510008 -0.71205004 -0.27718340
vn -0.60340148 -0.71204948 -0.35901558
vn -0.58716653 -0.71205041 -0.38499309
vn -0.56981528 -0.71204956 -0.41023893
vn -0.61848642 -0.71205075 -0.33235264
vn -0.63239631 -0.71204964 -0.30505773
vn -0.67576006 -0.71205083 -0.19060945
vn -0.68343271 -0.71204944 -0.16095131
vn -0.68980184 -0.71205026 -0.13098794
vn -0.16095263 -0.71204837 0.68343351
vn -0.13099052 -0.71205080 0.68980080
vn -0.10077514 -0.71204990 0.69485920
vn -0.69485980 -0.71204911 -0.10077661
vn -0.69859237 -0.71205102 -0.07037073
vn -0.70099759 -0.71205074 -0.03982616
vn -0.70207020 -0.71204812 -0.00921470
vn -0.70180184 -0.71205032 0.02141307
vn 0.05200931 -0.71205100 0.70019883
vn 0.02141770 -0.71204897 0.70180306
vn -0.00921578 -0.71205132 0.70206694
vn 0.08250324 -0.71204932 0.69726536
vn 0.11283583 -0.71204965 0.69300315
vn 0.14295846 -0.71205099 0.68742001
vn 0.17281072 -0.71205011 0.68053001
vn 0.20232757 -0.71204875 0.67234674
vn 0.23146010 -0.71205070 0.66288010
vn 0.31600543 -0.71205131 0.62699561
vn 0.34305624 -0.71204919 0.61261600
vn -0.07036855 -0.71205052 0.69859311
vn -0.03983141 -0.71204885 0.70099921
vn 0.26015577 -0.71204971 0.65215350
vn 0.28835317 -0.71204975 0.64018560
vn 0.27718022 -0.71205133 -0.64510002
vn 0.24877858 -0.71204865 -0.65657897
vn 0.21990633 -0.71204982 -0.66680301
vn 0.19061382 -0.71204943 -0.67576030
vn 0.16095286 -0.71205150 -0.68343019
vn 0.13098560 -0.71204969 -0.68980288
vn 0.10077430 -0.71204961 -0.69485962
vn 0.07037234 -0.71204932 -0.69859395
vn -0.39514154 -0.71205041 -0.58038554
vn -0.42008178 -0.71204946 -0.56259832
vn -0.44422035 -0.71204990 -0.54374003
vn 0.03983043 -0.71205151 -0.70099656
vn 0.00921239 -0.71204950 -0.70206883
vn -0.02141659 -0.71204933 -0.70180274
vn -0.46751552 -0.71205040 -0.52384489
vn -0.48992124 -0.71204983 -0.50295349
vn -0.51139323 -0.71205017 -0.48110448
vn -0.05200815 -0.71205061 -0.70019931
vn -0.08250201 -0.71204971 -0.69726511
vn -0.11283702 -0.71205006 -0.69300254
vn -0.14295860 -0.71205015 -0.68742085
vn -0.17280665 -0.71204955 -0.68053163
vn -0.20232679 -0.71205064 -0.67234496
vn -0.28835430 -0.71205022 -0.64018457
vn -0.31600451 -0.71204977 -0.62699782
vn -0.34305285 -0.71205026 -0.61261666
vn -0.36944889 -0.71204989 -0.59706991
vn -0.53189248 -0.71205001 -0.45833958
vn -0.55137885 -0.71205008 -0.43470226
vn -0.23146422 -0.71205025 -0.66287915
vn -0.26015725 -0.71204926 -0.65215341
vn 0.70180316 -0.71204889 -0.02141751
vn 0.55137719 -0.71205030 0.43470400
vn 0.56981538 -0.71205069 0.41023681
vn 0.36944904 -0.71204996 0.59706973
vn 0.39513982 -0.71204935 0.58038801
vn 0.42007874 -0.71205045 0.56259933
vn 0.44422209 -0.71205090 0.54373730
vn 0.46751767 -0.71204890 0.52384501
vn 0.48991976 -0.71205031 0.50295425
vn 0.51139332 -0.71205030 0.48110420
vn 0.53189215 -0.71204941 0.45834090
vn 0.58716829 -0.71204906 0.38499289
vn 0.60340063 -0.71205045 0.35901509
vn 0.61848756 -0.71205026 0.33235156
vn 0.63239601 -0.71204894 0.30505999
vn 0.64509879 -0.71205152 0.27718258
vn 0.65657829 -0.71204898 0.24877942
vn 0.66680301 -0.71204935 0.21990785
vn 0.67575926 -0.71205127 0.19061064
vn 0.68343259 -0.71204986 0.16094995
vn 0.68980268 -0.71204944 0.13098805
vn 0.69485877 -0.71205031 0.10077527
vn 0.69859341 -0.71205023 0.07036839
vn 0.70099904 -0.71204901 0.03983159
vn 0.70206698 -0.71205128 0.00921559
vn 0.83866827 0.54459080 0.00750905
vn 0.84751699 0.51622070 -0.12341448
vn 0.36605953 -0.62611757 0.68846002
vn 0.69247641 0.69661691 0.18762007
vn 0.64161954 -0.72413729 0.25288247
vn 0.64161955 0.72413731 0.25288240
vn 0.77085493 -0.57735027 -0.26916415
vn 0.77085493 0.57735027 -0.26916415
vn -0.43095452 0.51622068 -0.74013135
vn -0.76668184 -0.62611757 0.14204135
vn -0.92062482 -0.37416399 -0.11158517
vn -0.77085492 -0.57735027 0.26916418
vn -0.77085492 0.57735027 0.26916418
vn -0.45500350 0.72257249 -0.52044289
vn -0.28835507 -0.71205076 -0.64018362
vn 0.63238383 -0.71206627 0.30504477
vn 0.64511916 -0.71203735 0.27717158
vn -0.33237074 -0.71206041 0.61846557
vn -0.30505626 -0.71204899 0.63239775
vn 0.66038411 -0.37416398 0.65107154
vn 0.65657004 -0.71205443 0.24878560
vn 0.66680554 -0.71204201 0.21992398
vn 0.67574848 -0.71205623 0.19063032
vn 0.68343002 -0.71205364 0.16094415
vn 0.68980920 -0.71204136 0.13099759
vn -0.26015598 -0.71204948 -0.65215366
vn 0.69484635 -0.71206397 0.10076431
vn 0.69860596 -0.71203963 0.07035107
vn 0.70098965 -0.71205925 0.03981365
vn 0.70207650 -0.71204216 0.00919489
vn -0.33234904 -0.71204975 0.61848950
vn -0.30505856 -0.71204894 0.63239670
vn 0.67576120 -0.71204927 0.19061119
vn 0.68343097 -0.71205063 0.16095345
vn 0.13099016 -0.71206069 -0.68979065
vn -0.17280796 -0.71205106 -0.68052972
vn 0.54374254 -0.71204509 -0.44422499
vn 0.52383257 -0.71205783 -0.46751800
vn 0.61848676 -0.71204214 0.33237045
vn 0.63238292 -0.71206113 0.30505867
vn 0.64511024 -0.71204591 0.27717034
vn 0.50295747 -0.71204045 -0.48993080
vn 0.48108682 -0.71206234 -0.51139290
vn 0.45835008 -0.71203384 -0.53190509
vn 0.45833895 -0.71205256 -0.53188962
vn 0.69859273 -0.71205054 0.07037203
vn 0.48109968 -0.71204274 -0.51140809
vn 0.50294304 -0.71206043 -0.48991657
vn 0.38497352 -0.71205561 -0.58717306
vn 0.35900764 -0.71204223 -0.60341477
vn 0.33235499 -0.71205242 -0.61848324
vn 0.30505856 -0.71204894 -0.63239670
vn 0.21989969 -0.71204913 -0.66680595
vn 0.19059876 -0.71205257 -0.67576124
vn 0.16096322 -0.71204094 -0.68343876
vn 0.69728234 -0.71203435 -0.08248891
vn 0.69298750 -0.71206681 -0.11282365
vn 0.68742657 -0.71204149 -0.14297422
vn 0.65657814 -0.71205166 0.24877214
vn 0.66680771 -0.71204088 0.21992105
vn 0.67574833 -0.71205731 0.19062684
vn 0.13099759 -0.71204136 -0.68980920
vn 0.26916419 -0.57735027 0.77085492
vn 0.16093228 -0.71204935 -0.68343729
vn 0.19059829 -0.71205378 -0.67576009
vn 0.43470967 -0.71204598 -0.55137829
vn 0.41024277 -0.71205324 -0.56980791
vn 0.68980191 -0.71205064 0.13098555
vn 0.69486061 -0.71204857 0.10077483
vn 0.61261848 -0.71204501 -0.34306049
vn -0.20232767 -0.71204867 -0.67234679
vn 0.62699257 -0.71205939 -0.31599326
vn 0.64019482 -0.71203535 -0.28836825
vn 0.68343154 -0.71205361 0.16093781
vn 0.68981084 -0.71204032 0.13099463
vn 0.69484925 -0.71205881 0.10078077
vn 0.69859596 -0.71204936 0.07035185
vn 0.70100690 -0.71204058 0.03984397
vn 0.70206164 -0.71205625 0.00923808
vn 0.27716057 -0.71205712 -0.64510207
vn 0.24878778 -0.71203521 -0.65659006
vn 0.21992504 -0.71205754 -0.66678860
vn -0.17281352 -0.71205073 -0.68052865
vn -0.20233246 -0.71204880 -0.67234521
vn -0.21990358 -0.71204405 0.66681008
vn -0.19062420 -0.71205006 0.67575670
vn -0.16094903 -0.71205541 0.68342703
vn -0.21990318 -0.71204127 0.66681318
vn -0.19062325 -0.71205250 0.67575440
vn -0.16096526 -0.71204803 0.68343089
vn -0.13096324 -0.71206355 0.68979282
vn 0.27719284 -0.71204789 -0.64509839
vn 0.24878299 -0.71205387 -0.65657163
vn 0.70180908 -0.71204374 -0.02139458
vn 0.70018781 -0.71206225 -0.05200370
vn 0.65215105 -0.71204856 -0.26016508
vn 0.64018511 -0.71204885 -0.28835648
vn -0.41023839 -0.71205690 0.56980649
vn -0.43471240 -0.71204376 0.55137901
vn -0.45833742 -0.71205398 0.53188903
vn -0.38497596 -0.71205110 0.58717693
vn -0.35903649 -0.71203686 0.60340393
vn 0.26015439 -0.71204961 0.65215416
vn 0.28835475 -0.71205111 0.64018338
vn -0.70207018 -0.71204809 -0.00921843
vn 0.59706161 -0.71205543 -0.36945162
vn 0.58040530 -0.71203753 -0.39513574
vn 0.56260035 -0.71206122 -0.42005912
vn 0.69725315 -0.71206310 -0.08248755
vn 0.69301358 -0.71203964 -0.11283495
vn 0.68741345 -0.71205923 -0.14294895
vn 0.68052711 -0.71204932 -0.17282542
vn 0.35902620 -0.71205261 -0.60339147
vn 0.33235719 -0.71205060 -0.61848415
vn 0.30505985 -0.71205053 -0.63239428
vn -0.27717315 -0.71205322 0.64510097
vn -0.24876151 -0.71205025 0.65658370
vn -0.02142507 -0.71204310 -0.70180880
vn -0.05199149 -0.71204868 -0.70020251
vn 0.63239517 -0.71205037 0.30505838
vn -0.41024017 -0.71205605 0.56980628
vn -0.43471187 -0.71204393 0.55137921
vn -0.45833721 -0.71205385 0.53188939
vn -0.38497733 -0.71205178 0.58717520
vn -0.35900398 -0.71204713 0.60341115
vn -0.27720385 -0.71204448 0.64509743
vn -0.24877942 -0.71206104 0.65656521
vn 0.53189610 -0.71204356 0.45834540
vn 0.55136782 -0.71205236 0.43471250
vn 0.66680423 -0.71204972 0.21990297
vn 0.10076170 -0.71204515 -0.69486602
vn 0.65657454 -0.71205150 0.24878212
vn 0.07037729 -0.71204786 -0.69859493
vn 0.64510017 -0.71204875 0.27718650
vn 0.68053889 -0.71204715 -0.17278796
vn 0.67233239 -0.71206164 -0.20232988
vn -0.23146036 -0.71205086 -0.66287984
vn 0.66289030 -0.71203783 -0.23147046
vn 0.65213621 -0.71206392 -0.26016022
vn 0.68742224 -0.71204917 -0.14295679
vn 0.68053060 -0.71205085 -0.17280533
vn 0.67234464 -0.71205035 -0.20232889
vn 0.66287918 -0.71205003 -0.23146480
vn 0.03983649 -0.71205196 -0.70099576
vn 0.00919544 -0.71205650 -0.70206195
vn -0.23146702 -0.71205145 -0.66287687
vn -0.26015529 -0.71204580 -0.65215796
vn -0.28834764 -0.71205283 -0.64018467
vn -0.31601032 -0.71205157 -0.62699286
vn -0.34305075 -0.71204414 -0.61262494
vn -0.36943196 -0.71205184 -0.59707805
vn -0.67234521 -0.71204880 0.20233246
vn -0.66287687 -0.71205145 0.23146702
vn 0.00919943 -0.71205423 -0.70206420
vn -0.65657838 -0.71204926 -0.24877838
vn -0.66680360 -0.71205036 -0.21990279
vn 0.53189729 -0.71204452 0.45834254
vn 0.56981956 -0.71205864 0.41021721
vn 0.58718528 -0.71204134 0.38498127
vn 0.60339965 -0.71205253 0.35901262
vn 0.70179441 -0.71205699 -0.02143493
vn 0.70021558 -0.71203497 -0.05200333
vn 0.67234847 -0.71204587 -0.20233193
vn 0.66287595 -0.71205367 -0.23146285
vn 0.62698986 -0.71205373 -0.31601139
vn 0.61263632 -0.71203755 -0.34304413
vn 0.59706598 -0.71206341 -0.36942917
vn 0.38499432 -0.71205045 -0.58716567
vn 0.35901410 -0.71205032 -0.60340137
vn 0.10078665 -0.71205697 -0.69485029
vn 0.07037180 -0.71204663 -0.69859674
vn -0.02142777 -0.71204039 -0.70181146
vn -0.05199434 -0.71205153 -0.70019941
vn -0.08249594 -0.71205135 -0.69726415
vn -0.11283199 -0.71204861 -0.69300485
vn -0.14295517 -0.71205235 -0.68741928
vn -0.39513835 -0.71205410 -0.58038319
vn -0.42009187 -0.71205056 -0.56258939
vn -0.44422362 -0.71204430 -0.54374468
vn -0.46750816 -0.71205398 -0.52384659
vn -0.48993242 -0.71205518 -0.50293502
vn -0.51140084 -0.71203704 -0.48111582
vn -0.14295619 -0.71204610 -0.68742555
vn -0.17280327 -0.71205390 -0.68052794
vn -0.20232929 -0.71204760 -0.67234743
vn -0.23146212 -0.71205225 -0.66287773
vn -0.26016260 -0.71204967 -0.65215082
vn -0.28834805 -0.71204486 -0.64019335
vn -0.31600257 -0.71205898 -0.62698834
vn -0.10076450 -0.71203322 0.69487784
vn -0.07036891 -0.71206239 0.69858097
vn -0.03983603 -0.71203622 0.70101178
vn 0.19061077 -0.71205062 -0.67575991
vn 0.21990345 -0.71204841 -0.66680547
vn 0.24877836 -0.71205147 -0.65657600
vn -0.53188076 -0.71206344 -0.45833231
vn -0.55139190 -0.71203997 -0.43470226
vn -0.56980175 -0.71204949 -0.41025783
vn -0.58715770 -0.71205520 -0.38499771
vn -0.60340242 -0.71204642 -0.35902008
vn -0.61848543 -0.71205975 -0.33233519
vn -0.63240991 -0.71203804 -0.30505661
vn -0.64509019 -0.71205525 -0.27719302
vn -0.65657737 -0.71204625 -0.24878968
vn -0.66679728 -0.71205978 -0.21989146
vn -0.68978166 -0.71206906 -0.13099200
vn -0.69487432 -0.71203607 -0.10076864
vn -0.69858299 -0.71206010 -0.07037203
vn -0.70100304 -0.71204598 -0.03981542
vn -0.70207273 -0.71204547 -0.00922653
vn -0.70179397 -0.71205798 0.02141645
vn -0.70020969 -0.71204064 0.05200496
vn -0.69725211 -0.71206218 0.08250424
vn -0.69301683 -0.71203598 0.11283810
vn -0.68741294 -0.71206064 0.14294440
vn -0.68052925 -0.71204809 0.17282206
vn -0.65215796 -0.71204580 0.26015529
vn -0.64017802 -0.71205586 0.28835490
vn -0.62700991 -0.71204045 0.31600153
vn -0.61262140 -0.71205580 0.34303289
vn -0.59705809 -0.71205522 0.36945772
vn -0.58037909 -0.71204632 0.39515838
vn -0.56259023 -0.71205139 0.42008934
vn -0.54374468 -0.71204430 0.44422362
vn -0.52386106 -0.71204882 0.46749980
vn -0.50294248 -0.71206030 0.48991734
vn -0.48110127 -0.71204206 0.51140754
vn 0.03983584 -0.71205275 -0.70099500
vn -0.08249276 -0.71205427 -0.69726155
vn -0.11284403 -0.71205070 -0.69300074
vn -0.42008599 -0.71204851 -0.56259638
vn -0.44421750 -0.71204756 -0.54374542
vn 0.31600805 -0.71204990 0.62699589
vn -0.46752204 -0.71206032 -0.52382558
vn -0.48993812 -0.71203800 -0.50295380
vn -0.51138584 -0.71205705 -0.48110214
vn -0.68981041 -0.71204133 -0.13099137
vn -0.69485127 -0.71205682 -0.10078096
vn -0.00922439 -0.71206238 0.70205561
vn 0.02142789 -0.71204402 0.70180778
vn 0.05199152 -0.71204679 0.70020443
vn 0.14298324 -0.71205353 0.68741223
vn 0.17280688 -0.71203677 0.68054494
vn 0.20230117 -0.71205628 0.67234670
vn 0.23146212 -0.71205225 0.66287773
vn 0.46753543 -0.71204042 0.52384069
vn 0.48990909 -0.71204797 0.50296797
vn 0.51138584 -0.71205705 0.48110214
vn 0.58038061 -0.71204643 -0.39515595
vn 0.56259025 -0.71205195 -0.42008836
vn 0.54374237 -0.71204494 -0.44422545
vn 0.70099808 -0.71204997 0.03983132
vn 0.70206773 -0.71205056 0.00921468
vn 0.70180239 -0.71204962 -0.02141844
vn 0.70019976 -0.71205009 -0.05200932
vn 0.69726464 -0.71205009 -0.08250266
vn 0.69300246 -0.71204991 -0.11283843
vn 0.33235078 -0.71205028 -0.61848796
vn 0.30506087 -0.71204840 -0.63239619
vn 0.27718743 -0.71205069 -0.64509762
vn -0.39514399 -0.71205161 -0.58038241
vn 0.51139309 -0.71204836 0.48110730
vn 0.53188964 -0.71205179 0.45834010
vn -0.53189883 -0.71204576 -0.45833882
vn -0.55137085 -0.71204754 -0.43471656
vn -0.56980432 -0.71205268 -0.41024872
vn -0.58716353 -0.71204991 -0.38499859
vn -0.60339881 -0.71205133 -0.35901642
vn -0.61848996 -0.71205401 -0.33233908
vn -0.63240297 -0.71204112 -0.30506380
vn -0.64509019 -0.71205525 -0.27719302
vn -0.65657798 -0.71205054 -0.24877578
vn -0.66680555 -0.71205081 -0.21989545
vn -0.69859932 -0.71204371 -0.07037576
vn -0.70099291 -0.71205451 -0.03984114
vn -0.31600538 -0.71204908 -0.62699817
vn -0.34305182 -0.71205038 -0.61261709
vn -0.36944797 -0.71204974 -0.59707065
vn 0.26016260 -0.71204967 0.65215082
vn 0.28834805 -0.71204486 0.64019335
vn 0.31599983 -0.71205779 0.62699107
vn 0.52386066 -0.71204782 -0.46750177
vn 0.65215277 -0.71204958 -0.26015795
vn 0.64018445 -0.71204992 -0.28835531
vn 0.62699727 -0.71205001 -0.31600507
vn 0.45833842 -0.71205170 -0.53189122
vn 0.43470021 -0.71204940 -0.55138134
vn 0.41023942 -0.71204912 -0.56981547
vn 0.16095058 -0.71205026 -0.68343203
vn 0.13098944 -0.71204886 -0.68980301
vn 0.10077404 -0.71205164 -0.69485757
vn 0.07036819 -0.71204867 -0.69859502
vn 0.03983049 -0.71205077 -0.70099731
vn 0.00921541 -0.71204926 -0.70206903
vn -0.67577231 -0.71204704 -0.19058017
vn -0.68344117 -0.71203556 -0.16097682
vn 0.55138017 -0.71204947 0.43470158
vn 0.56981549 -0.71205009 0.41023771
vn 0.58716689 -0.71204903 0.38499509
vn 0.60340014 -0.71205173 0.35901339
vn 0.61848921 -0.71204889 0.33235143
vn -0.36943221 -0.71205521 -0.59707388
vn -0.34305720 -0.71203994 -0.61262622
vn -0.68054206 -0.71204130 0.17279956
vn 0.23146056 -0.71205020 0.66288047
vn -0.68741753 -0.71205035 0.14297355
vn -0.69300167 -0.71204711 0.11286098
vn 0.02142661 -0.71206131 0.70179027
vn -0.64018447 -0.71205178 0.28835067
vn -0.00922653 -0.71204547 0.70207273
vn -0.03982852 -0.71205032 0.70099788
vn -0.62698846 -0.71205082 0.31602072
vn -0.61263557 -0.71203786 0.34304481
vn -0.56259044 -0.71205159 0.42008871
vn -0.54374254 -0.71204509 0.44422499
vn -0.52383269 -0.71205779 0.46751793
vn -0.50295731 -0.71204057 0.48993078
vn -0.48111633 -0.71205217 0.51137929
vn -0.39513989 -0.71205025 -0.58038687
vn -0.42008221 -0.71205082 -0.56259628
vn -0.44422409 -0.71204950 -0.54373750
vn 0.08248970 -0.71205523 0.69726093
vn 0.11284699 -0.71205172 0.69299921
vn 0.34306152 -0.71204483 0.61261811
vn 0.36945735 -0.71205797 0.59705504
vn 0.39514713 -0.71203654 0.58039875
vn -0.02141532 -0.71205014 -0.70180195
vn -0.05200797 -0.71205014 -0.70019981
vn -0.08250458 -0.71205115 -0.69726333
vn -0.11284008 -0.71204865 -0.69300349
vn -0.14295649 -0.71204991 -0.68742153
vn 0.36944801 -0.71205150 0.59706853
vn 0.39514344 -0.71204930 0.58038561
vn 0.42008022 -0.71204943 0.56259952
vn 0.44421963 -0.71205040 0.54373996
vn 0.46751637 -0.71205045 0.52384407
vn 0.48992272 -0.71205017 0.50295158
vn -0.67576428 -0.71204850 -0.19060318
vn -0.68343154 -0.71205361 -0.16093781
vn -0.70180007 -0.71205202 0.02141443
vn -0.70020413 -0.71204636 0.05200159
vn -0.69725570 -0.71205830 0.08250739
vn 0.08249998 -0.71205093 0.69726410
vn 0.11283816 -0.71204982 0.69300260
vn -0.59706639 -0.71206284 0.36942961
vn -0.58038031 -0.71204689 0.39515555
vn -0.46751685 -0.71204972 -0.52384462
vn -0.48992001 -0.71204943 -0.50295527
vn -0.51139155 -0.71205063 -0.48110559
vn -0.64509852 -0.71205167 -0.27718282
vn 0.60340242 -0.71204642 0.35902008
vn -0.63239684 -0.71204841 -0.30505949
vn 0.61847741 -0.71204553 0.33238060
vn -0.61848645 -0.71205122 -0.33235157
vn 0.42005954 -0.71205711 0.56260524
vn 0.44423482 -0.71205750 0.54371825
vn 0.61261804 -0.71204938 -0.34305221
vn 0.59706891 -0.71205113 -0.36944812
vn 0.58038871 -0.71204837 -0.39514056
vn 0.56259674 -0.71205205 -0.42007950
vn 0.54373953 -0.71204844 -0.44422330
vn 0.52384574 -0.71205055 -0.46751434
vn 0.50295319 -0.71205017 -0.48992106
vn 0.48110665 -0.71204916 -0.51139260
vn 0.43472594 -0.71205507 -0.55135373
vn 0.41021387 -0.71206259 -0.56981703
vn 0.38498507 -0.71203655 -0.58718860
vn 0.34305337 -0.71204873 0.61261815
vn 0.14293834 -0.71204966 0.68742557
vn 0.17278955 -0.71205119 0.68053426
vn -0.65215614 -0.71204796 0.26015393
vn 0.20232003 -0.71205248 0.67234505
vn -0.66287919 -0.71205019 0.23146426
vn 0.55137314 -0.71205387 0.43470328
vn 0.56982426 -0.71205436 0.41021812
vn 0.58718256 -0.71204540 0.38497792
vn -0.53189333 -0.71205099 -0.45833708
vn -0.55138075 -0.71204874 -0.43470203
vn -0.56981429 -0.71205019 -0.41023921
vn -0.58716649 -0.71204962 -0.38499460
vn -0.60339995 -0.71205000 -0.35901713
vn -0.62699667 -0.71204998 0.31600634
vn -0.00921488 -0.71204958 0.70206872
vn 0.02141854 -0.71205071 0.70180128
vn 0.05200858 -0.71204868 0.70020124
vn 0.14295789 -0.71204977 0.68742139
vn 0.17280782 -0.71205067 0.68053016
vn 0.20232778 -0.71204923 0.67234617
vn 0.28836582 -0.71204957 0.64018010
vn -0.70019842 -0.71205126 0.05201132
vn 0.26016547 -0.71205083 0.65214841
vn -0.69726644 -0.71204829 0.08250302
vn -0.68980301 -0.71204886 -0.13098944
vn -0.69485783 -0.71205120 -0.10077547
vn 0.36948191 -0.71203944 0.59706194
vn 0.34305213 -0.71206816 0.61259626
vn -0.68343035 -0.71205125 -0.16095333
vn 0.46750992 -0.71205285 0.52384655
vn -0.67576183 -0.71204864 -0.19061135
vn 0.48991635 -0.71204548 0.50296443
vn 0.51138584 -0.71205705 0.48110214
vn -0.61261585 -0.71205003 0.34305477
vn -0.59707141 -0.71204899 0.36944819
vn -0.58038570 -0.71205125 0.39513979
vn -0.52384555 -0.71205041 0.46751476
vn -0.50295319 -0.71205017 0.48992106
vn -0.48110665 -0.71204915 0.51139261
vn -0.45833811 -0.71205180 0.53189134
vn -0.38499093 -0.71204940 0.58716917
vn -0.35901358 -0.71205007 0.60340197
vn -0.33235663 -0.71204845 0.61848692
vn -0.19060488 -0.71205119 0.67576097
vn -0.21990628 -0.71205103 0.66680173
vn -0.24878463 -0.71204953 0.65657572
vn -0.16095425 -0.71204680 0.68343478
vn -0.13099122 -0.71205246 0.68979895
vn -0.10077437 -0.71204888 0.69486036
vn -0.07036874 -0.71205115 0.69859244
vn -0.03982738 -0.71204960 0.70099868
vn -0.67234774 -0.71205455 0.20230381
vn -0.66287595 -0.71205367 0.23146285
vn -0.65215785 -0.71204529 0.26015696
vn -0.64017985 -0.71205503 0.28835291
vn 0.05201545 -0.71203731 0.70021230
vn 0.08250712 -0.71206316 0.69725077
vn 0.11285305 -0.71203911 0.69301118
vn -0.69300109 -0.71205141 0.11283741
vn -0.68742215 -0.71204875 0.14295932
vn 0.23146571 -0.71205114 0.66287767
vn -0.68053064 -0.71205066 0.17280596
vn -0.67234495 -0.71205019 0.20232845
vn -0.69859404 -0.71204967 -0.07036776
vn -0.70099841 -0.71204969 -0.03983049
vn 0.31599285 -0.71204066 0.62701405
vn -0.70206847 -0.71204979 -0.00921704
vn -0.70180195 -0.71205014 0.02141532
vn -0.13098829 -0.71204426 0.68980797
vn -0.10078256 -0.71205273 0.69485523
vn -0.07036906 -0.71205011 0.69859347
vn -0.43470456 -0.71204780 0.55137997
vn -0.41023825 -0.71205190 0.56981283
vn -0.56259567 -0.71205022 0.42008404
vn -0.54373940 -0.71204880 0.44422288
vn -0.30505872 -0.71205223 0.63239291
vn -0.27718258 -0.71204869 0.64510191
vn 0.39514157 -0.71205038 0.58038557
vn 0.42007761 -0.71204726 0.56260421
vn 0.44421002 -0.71205004 0.54374829
vn -0.52791403 0.54459085 -0.65171127
vn 0.69054693 0.72257250 0.03215469
vn 0.26916419 0.57735027 0.77085492
vn -0.59730124 -0.72413725 -0.34475567
vn -0.26916415 -0.57735027 -0.77085493
vn -0.26916415 0.57735027 -0.77085493
vn -0.59730126 0.72413724 -0.34475566
vn -0.57787977 0.69661703 -0.42518195
vn 0.63238383 0.71206627 0.30504477
vn 0.61847741 0.71204553 0.33238060
vn 0.60340242 0.71204642 0.35902008
vn 0.58718256 0.71204540 0.38497792
vn 0.56982426 0.71205436 0.41021812
vn 0.55137314 0.71205387 0.43470328
vn 0.53189729 0.71204452 0.45834254
vn 0.51138584 0.71205705 0.48110214
vn 0.48991635 0.71204548 0.50296443
vn 0.46750992 0.71205285 0.52384655
vn 0.44421002 0.71205004 0.54374829
vn 0.42007761 0.71204726 0.56260421
vn 0.39514157 0.71205038 0.58038557
vn 0.36948191 0.71203944 0.59706194
vn 0.34305213 0.71206816 0.61259626
vn 0.31599285 0.71204066 0.62701405
vn 0.28836582 0.71204957 0.64018010
vn 0.26016547 0.71205083 0.65214841
vn 0.23146571 0.71205114 0.66287767
vn 0.20232003 0.71205248 0.67234505
vn 0.17278955 0.71205119 0.68053426
vn 0.14293834 0.71204966 0.68742557
vn 0.11285305 0.71203911 0.69301118
vn 0.08250712 0.71206316 0.69725077
vn 0.05201545 0.71203731 0.70021230
vn 0.02142661 0.71206131 0.70179027
vn -0.00922653 0.71204547 0.70207273
vn -0.03982852 0.71205032 0.70099788
vn -0.07036906 0.71205011 0.69859347
vn -0.10078256 0.71205273 0.69485523
vn -0.13098829 0.71204426 0.68980797
vn -0.16094903 0.71205541 0.68342703
vn -0.19062420 0.71205006 0.67575670
vn -0.21990358 0.71204405 0.66681008
vn -0.24876151 0.71205025 0.65658370
vn -0.27717315 0.71205322 0.64510097
vn -0.30505626 0.71204899 0.63239775
vn -0.33237074 0.71206041 0.61846557
vn -0.35903649 0.71203686 0.60340393
vn -0.38497596 0.71205110 0.58717693
vn -0.41023839 0.71205690 0.56980649
vn -0.43471240 0.71204376 0.55137901
vn -0.45833742 0.71205398 0.53188903
vn -0.48110127 0.71204206 0.51140754
vn -0.50294248 0.71206030 0.48991734
vn -0.52386106 0.71204882 0.46749980
vn -0.54374468 0.71204430 0.44422362
vn -0.56259023 0.71205139 0.42008934
vn -0.58037909 0.71204632 0.39515838
vn -0.59705809 0.71205522 0.36945772
vn -0.61262140 0.71205580 0.34303289
vn -0.62700991 0.71204045 0.31600153
vn -0.64017802 0.71205586 0.28835490
vn -0.65215796 0.71204580 0.26015529
vn -0.66287687 0.71205145 0.23146702
vn -0.67234521 0.71204880 0.20233246
vn -0.68052925 0.71204809 0.17282206
vn -0.68741294 0.71206064 0.14294440
vn -0.69301683 0.71203598 0.11283810
vn -0.69725211 0.71206218 0.08250424
vn -0.70020969 0.71204064 0.05200496
vn -0.70179397 0.71205798 0.02141645
vn -0.70207273 0.71204547 -0.00922653
vn -0.70100304 0.71204598 -0.03981542
vn -0.69858299 0.71206010 -0.07037203
vn -0.69487432 0.71203607 -0.10076864
vn -0.68978166 0.71206906 -0.13099200
vn -0.68344117 0.71203556 -0.16097682
vn -0.67577231 0.71204704 -0.19058017
vn -0.66679728 0.71205978 -0.21989146
vn -0.65657737 0.71204625 -0.24878968
vn -0.64509019 0.71205525 -0.27719302
vn -0.63240991 0.71203804 -0.30505661
vn -0.61848543 0.71205975 -0.33233519
vn -0.60340242 0.71204642 -0.35902008
vn -0.58715770 0.71205520 -0.38499771
vn -0.56980175 0.71204949 -0.41025783
vn -0.55139190 0.71203997 -0.43470226
vn -0.53188076 0.71206344 -0.45833231
vn -0.51140084 0.71203704 -0.48111582
vn -0.48993242 0.71205518 -0.50293502
vn -0.46750816 0.71205398 -0.52384659
vn -0.44422362 0.71204430 -0.54374468
vn -0.42009187 0.71205056 -0.56258939
vn -0.39513835 0.71205410 -0.58038319
vn -0.36943196 0.71205184 -0.59707805
vn -0.34305075 0.71204414 -0.61262494
vn -0.31601032 0.71205157 -0.62699286
vn -0.28834764 0.71205283 -0.64018467
vn -0.26015529 0.71204580 -0.65215796
vn -0.23146702 0.71205145 -0.66287687
vn -0.20233246 0.71204880 -0.67234521
vn -0.17281352 0.71205073 -0.68052865
vn -0.14295517 0.71205235 -0.68741928
vn -0.11283199 0.71204861 -0.69300485
vn -0.08249594 0.71205135 -0.69726415
vn -0.05199434 0.71205153 -0.70019941
vn -0.02142777 0.71204039 -0.70181146
vn 0.00919544 0.71205650 -0.70206195
vn 0.03983649 0.71205196 -0.70099576
vn 0.07037180 0.71204663 -0.69859674
vn 0.10078665 0.71205697 -0.69485029
vn 0.13099759 0.71204136 -0.68980920
vn 0.16093228 0.71204935 -0.68343729
vn 0.19059829 0.71205378 -0.67576009
vn 0.21992504 0.71205754 -0.66678860
vn 0.24878778 0.71203521 -0.65659006
vn 0.27716057 0.71205712 -0.64510207
vn 0.30505985 0.71205053 -0.63239428
vn 0.33235719 0.71205060 -0.61848415
vn 0.35902620 0.71205261 -0.60339147
vn 0.38498507 0.71203655 -0.58718860
vn 0.41021387 0.71206259 -0.56981703
vn 0.43472594 0.71205507 -0.55135373
vn 0.45835008 0.71203384 -0.53190509
vn 0.48108682 0.71206234 -0.51139290
vn 0.50295747 0.71204045 -0.48993080
vn 0.52383257 0.71205783 -0.46751800
vn 0.54374254 0.71204509 -0.44422499
vn 0.56260035 0.71206122 -0.42005912
vn 0.58040530 0.71203753 -0.39513574
vn 0.59706161 0.71205543 -0.36945162
vn 0.61261848 0.71204501 -0.34306049
vn 0.62699257 0.71205939 -0.31599326
vn 0.64019482 0.71203535 -0.28836825
vn 0.65213621 0.71206392 -0.26016022
vn 0.66289030 0.71203783 -0.23147046
vn 0.67233239 0.71206164 -0.20232988
vn 0.68053889 0.71204715 -0.17278796
vn 0.68742657 0.71204149 -0.14297422
vn 0.69298750 0.71206681 -0.11282365
vn 0.69728234 0.71203435 -0.08248891
vn 0.70018781 0.71206225 -0.05200370
vn 0.70180908 0.71204374 -0.02139458
vn 0.70207650 0.71204216 0.00919489
vn 0.70098965 0.71205925 0.03981365
vn 0.69860596 0.71203963 0.07035107
vn 0.69484635 0.71206397 0.10076431
vn 0.68980920 0.71204136 0.13099759
vn 0.68343002 0.71205364 0.16094415
vn 0.67574848 0.71205623 0.19063032
vn 0.66680554 0.71204201 0.21992398
vn 0.65657004 0.71205443 0.24878560
vn 0.64511916 0.71203735 0.27717158
vn 0.63238292 0.71206113 0.30505867
vn 0.61848676 0.71204214 0.33237045
vn 0.60339965 0.71205253 0.35901262
vn 0.58718528 0.71204134 0.38498127
vn 0.56981956 0.71205864 0.41021721
vn 0.55136782 0.71205236 0.43471250
vn 0.53189610 0.71204356 0.45834540
vn 0.51138584 0.71205705 0.48110214
vn 0.48990909 0.71204797 0.50296797
vn 0.46753543 0.71204042 0.52384069
vn 0.44423482 0.71205750 0.54371825
vn 0.42005954 0.71205711 0.56260524
vn 0.39514713 0.71203654 0.58039875
vn 0.36945735 0.71205797 0.59705504
vn 0.34306152 0.71204483 0.61261811
vn 0.31599983 0.71205779 0.62699107
vn 0.28834805 0.71204486 0.64019335
vn 0.26016260 0.71204967 0.65215082
vn 0.23146212 0.71205225 0.66287773
vn 0.20230117 0.71205628 0.67234670
vn 0.17280688 0.71203677 0.68054494
vn 0.14298324 0.71205353 0.68741223
vn 0.11284699 0.71205172 0.69299921
vn 0.08248970 0.71205523 0.69726093
vn 0.05199152 0.71204679 0.70020443
vn 0.02142789 0.71204402 0.70180778
vn -0.00922439 0.71206238 0.70205561
vn -0.03983603 0.71203622 0.70101178
vn -0.07036891 0.71206239 0.69858097
vn -0.10076450 0.71203322 0.69487784
vn -0.13096324 0.71206355 0.68979282
vn -0.16096526 0.71204803 0.68343089
vn -0.19062325 0.71205250 0.67575440
vn -0.21990318 0.71204127 0.66681318
vn -0.24877942 0.71206104 0.65656521
vn -0.27720385 0.71204448 0.64509743
vn -0.30505856 0.71204894 0.63239670
vn -0.33234904 0.71204975 0.61848950
vn -0.35900398 0.71204713 0.60341115
vn -0.38497733 0.71205178 0.58717520
vn -0.41024017 0.71205605 0.56980628
vn -0.43471187 0.71204393 0.55137921
vn -0.45833721 0.71205385 0.53188939
vn -0.48111633 0.71205217 0.51137929
vn -0.50295731 0.71204057 0.48993078
vn -0.52383269 0.71205779 0.46751793
vn -0.54374254 0.71204509 0.44422499
vn -0.56259044 0.71205159 0.42008871
vn -0.58038031 0.71204689 0.39515555
vn -0.59706639 0.71206284 0.36942961
vn -0.61263557 0.71203786 0.34304481
vn -0.62698846 0.71205082 0.31602072
vn -0.64017985 0.71205503 0.28835291
vn -0.65215785 0.71204529 0.26015696
vn -0.66287595 0.71205367 0.23146285
vn -0.67234774 0.71205455 0.20230381
vn -0.68054206 0.71204130 0.17279956
vn -0.68741753 0.71205035 0.14297355
vn -0.69300167 0.71204711 0.11286098
vn -0.69725570 0.71205830 0.08250739
vn -0.70020413 0.71204636 0.05200159
vn -0.70180007 0.71205202 0.02141443
vn -0.70207018 0.71204809 -0.00921843
vn -0.70099291 0.71205451 -0.03984114
vn -0.69859932 0.71204371 -0.07037576
vn -0.69485127 0.71205682 -0.10078096
vn -0.68981041 0.71204133 -0.13099137
vn -0.68343154 0.71205361 -0.16093781
vn -0.67576428 0.71204850 -0.19060318
vn -0.66680555 0.71205081 -0.21989545
vn -0.65657798 0.71205054 -0.24877578
vn -0.64509019 0.71205525 -0.27719302
vn -0.63240297 0.71204112 -0.30506380
vn -0.61848996 0.71205401 -0.33233908
vn -0.60339881 0.71205133 -0.35901642
vn -0.58716353 0.71204991 -0.38499859
vn -0.56980432 0.71205268 -0.41024872
vn -0.55137085 0.71204754 -0.43471656
vn -0.53189883 0.71204576 -0.45833882
vn -0.51138584 0.71205705 -0.48110214
vn -0.48993812 0.71203800 -0.50295380
vn -0.46752204 0.71206032 -0.52382558
vn -0.44421750 0.71204756 -0.54374542
vn -0.42008599 0.71204851 -0.56259638
vn -0.39514399 0.71205161 -0.58038241
vn -0.36943221 0.71205521 -0.59707388
vn -0.34305720 0.71203994 -0.61262622
vn -0.31600257 0.71205898 -0.62698834
vn -0.28834805 0.71204486 -0.64019335
vn -0.26016260 0.71204967 -0.65215082
vn -0.23146212 0.71205225 -0.66287773
vn -0.20232929 0.71204760 -0.67234743
vn -0.17280327 0.71205390 -0.68052794
vn -0.14295619 0.71204610 -0.68742555
vn -0.11284403 0.71205070 -0.69300074
vn -0.08249276 0.71205427 -0.69726155
vn -0.05199149 0.71204868 -0.70020251
vn -0.02142507 0.71204310 -0.70180880
vn 0.00919943 0.71205423 -0.70206420
vn 0.03983584 0.71205275 -0.70099500
vn 0.07037729 0.71204786 -0.69859493
vn 0.10076170 0.71204515 -0.69486602
vn 0.13099016 0.71206069 -0.68979065
vn 0.16096322 0.71204094 -0.68343876
vn 0.19059876 0.71205257 -0.67576124
vn 0.21989969 0.71204913 -0.66680595
vn 0.24878299 0.71205387 -0.65657163
vn 0.27719284 0.71204789 -0.64509839
vn 0.30505856 0.71204894 -0.63239670
vn 0.33235499 0.71205242 -0.61848324
vn 0.35900764 0.71204223 -0.60341477
vn 0.38497352 0.71205561 -0.58717306
vn 0.41024277 0.71205324 -0.56980791
vn 0.43470967 0.71204598 -0.55137829
vn 0.45833895 0.71205256 -0.53188962
vn 0.48109968 0.71204274 -0.51140809
vn 0.50294304 0.71206043 -0.48991657
vn 0.52386066 0.71204782 -0.46750177
vn 0.54374237 0.71204494 -0.44422545
vn 0.56259025 0.71205195 -0.42008836
vn 0.58038061 0.71204643 -0.39515595
vn 0.59706598 0.71206341 -0.36942917
vn 0.61263632 0.71203755 -0.34304413
vn 0.62698986 0.71205373 -0.31601139
vn 0.64018511 0.71204885 -0.28835648
vn 0.65215105 0.71204856 -0.26016508
vn 0.66287595 0.71205367 -0.23146285
vn 0.67234847 0.71204587 -0.20233193
vn 0.68052711 0.71204932 -0.17282542
vn 0.68741345 0.71205923 -0.14294895
vn 0.69301358 0.71203964 -0.11283495
vn 0.69725315 0.71206310 -0.08248755
vn 0.70021558 0.71203497 -0.05200333
vn 0.70179441 0.71205699 -0.02143493
vn 0.70206164 0.71205625 0.00923808
vn 0.70100690 0.71204058 0.03984397
vn 0.69859596 0.71204936 0.07035185
vn 0.69484925 0.71205881 0.10078077
vn 0.68981084 0.71204032 0.13099463
vn 0.68343154 0.71205361 0.16093781
vn 0.67574833 0.71205731 0.19062684
vn 0.66680771 0.71204088 0.21992105
vn 0.65657814 0.71205166 0.24877214
vn 0.64511024 0.71204591 0.27717034
vn 0.63239517 0.71205037 0.30505838
vn 0.61848921 0.71204889 0.33235143
vn 0.60340014 0.71205173 0.35901339
vn 0.58716689 0.71204903 0.38499509
vn 0.56981549 0.71205009 0.41023771
vn 0.55138017 0.71204947 0.43470158
vn 0.53188964 0.71205179 0.45834010
vn 0.51139309 0.71204836 0.48110730
vn 0.48992272 0.71205017 0.50295158
vn 0.46751637 0.71205045 0.52384407
vn 0.44421963 0.71205040 0.54373996
vn 0.42008022 0.71204943 0.56259952
vn 0.39514344 0.71204930 0.58038561
vn 0.36944801 0.71205150 0.59706853
vn 0.34305337 0.71204873 0.61261815
vn 0.31600805 0.71204990 0.62699589
vn 0.28835475 0.71205111 0.64018338
vn 0.26015439 0.71204961 0.65215416
vn 0.23146056 0.71205020 0.66288047
vn 0.20232778 0.71204923 0.67234617
vn 0.17280782 0.71205067 0.68053016
vn 0.14295789 0.71204977 0.68742139
vn 0.11283816 0.71204982 0.69300260
vn 0.08249998 0.71205093 0.69726410
vn 0.05200858 0.71204868 0.70020124
vn 0.02141854 0.71205071 0.70180128
vn -0.00921488 0.71204958 0.70206872
vn -0.03982738 0.71204960 0.70099868
vn -0.07036874 0.71205115 0.69859244
vn -0.10077437 0.71204888 0.69486036
vn -0.13099122 0.71205246 0.68979895
vn -0.16095425 0.71204680 0.68343478
vn -0.19060488 0.71205119 0.67576097
vn -0.21990628 0.71205103 0.66680173
vn -0.24878463 0.71204953 0.65657572
vn -0.27718258 0.71204869 0.64510191
vn -0.30505872 0.71205223 0.63239291
vn -0.33235663 0.71204845 0.61848692
vn -0.35901358 0.71205007 0.60340197
vn -0.38499093 0.71204940 0.58716917
vn -0.41023825 0.71205190 0.56981283
vn -0.43470456 0.71204780 0.55137997
vn -0.45833811 0.71205180 0.53189134
vn -0.48110665 0.71204915 0.51139261
vn -0.50295319 0.71205017 0.48992106
vn -0.52384555 0.71205041 0.46751476
vn -0.54373940 0.71204880 0.44422288
vn -0.56259567 0.71205022 0.42008404
vn -0.58038570 0.71205125 0.39513979
vn -0.59707141 0.71204899 0.36944819
vn -0.61261585 0.71205003 0.34305477
vn -0.62699667 0.71204998 0.31600634
vn -0.64018447 0.71205178 0.28835067
vn -0.65215614 0.71204796 0.26015393
vn -0.66287919 0.71205019 0.23146426
vn -0.67234495 0.71205019 0.20232845
vn -0.68053064 0.71205066 0.17280596
vn -0.68742215 0.71204875 0.14295932
vn -0.69300109 0.71205141 0.11283741
vn -0.69726644 0.71204829 0.08250302
vn -0.70019842 0.71205126 0.05201132
vn -0.70180195 0.71205014 0.02141532
vn -0.70206847 0.71204979 -0.00921704
vn -0.70099841 0.71204969 -0.03983049
vn -0.69859404 0.71204967 -0.07036776
vn -0.69485783 0.71205120 -0.10077547
vn -0.68980301 0.71204886 -0.13098944
vn -0.68343035 0.71205125 -0.16095333
vn -0.67576183 0.71204864 -0.19061135
vn -0.66680360 0.71205036 -0.21990279
vn -0.65657838 0.71204926 -0.24877838
vn -0.64509852 0.71205167 -0.27718282
vn -0.63239684 0.71204841 -0.30505949
vn -0.61848645 0.71205122 -0.33235157
vn -0.60339995 0.71205000 -0.35901713
vn -0.58716649 0.71204962 -0.38499460
vn -0.56981429 0.71205019 -0.41023921
vn -0.55138075 0.71204874 -0.43470203
vn -0.53189333 0.71205099 -0.45833708
vn -0.51139155 0.71205063 -0.48110559
vn -0.48992001 0.71204943 -0.50295527
vn -0.46751685 0.71204972 -0.52384462
vn -0.44422409 0.71204950 -0.54373750
vn -0.42008221 0.71205082 -0.56259628
vn -0.39513989 0.71205025 -0.58038687
vn -0.36944797 0.71204974 -0.59707065
vn -0.34305182 0.71205038 -0.61261709
vn -0.31600538 0.71204908 -0.62699817
vn -0.28835507 0.71205076 -0.64018362
vn -0.26015598 0.71204948 -0.65215366
vn -0.23146036 0.71205086 -0.66287984
vn -0.20232767 0.71204867 -0.67234679
vn -0.17280796 0.71205106 -0.68052972
vn -0.14295649 0.71204991 -0.68742153
vn -0.11284008 0.71204865 -0.69300349
vn -0.08250458 0.71205115 -0.69726333
vn -0.05200797 0.71205014 -0.70019981
vn -0.02141532 0.71205014 -0.70180195
vn 0.00921541 0.71204926 -0.70206903
vn 0.03983049 0.71205077 -0.70099731
vn 0.07036819 0.71204867 -0.69859502
vn 0.10077404 0.71205164 -0.69485757
vn 0.13098944 0.71204886 -0.68980301
vn 0.16095058 0.71205026 -0.68343203
vn 0.19061077 0.71205062 -0.67575991
vn 0.21990345 0.71204841 -0.66680547
vn 0.24877836 0.71205147 -0.65657600
vn 0.27718743 0.71205069 -0.64509762
vn 0.30506087 0.71204840 -0.63239619
vn 0.33235078 0.71205028 -0.61848796
vn 0.35901410 0.71205032 -0.60340137
vn 0.38499432 0.71205045 -0.58716567
vn 0.41023942 0.71204912 -0.56981547
vn 0.43470021 0.71204940 -0.55138134
vn 0.45833842 0.71205170 -0.53189122
vn 0.48110665 0.71204916 -0.51139260
vn 0.50295319 0.71205017 -0.48992106
vn 0.52384574 0.71205055 -0.46751434
vn 0.54373953 0.71204844 -0.44422330
vn 0.56259674 0.71205205 -0.42007950
vn 0.58038871 0.71204837 -0.39514056
vn 0.59706891 0.71205113 -0.36944812
vn 0.61261804 0.71204938 -0.34305221
vn 0.62699727 0.71205001 -0.31600507
vn 0.64018445 0.71204992 -0.28835531
vn 0.65215277 0.71204958 -0.26015795
vn 0.66287918 0.71205003 -0.23146480
vn 0.67234464 0.71205035 -0.20232889
vn 0.68053060 0.71205085 -0.17280533
vn 0.68742224 0.71204917 -0.14295679
vn 0.69300246 0.71204991 -0.11283843
vn 0.69726464 0.71205009 -0.08250266
vn 0.70019976 0.71205009 -0.05200932
vn 0.70180239 0.71204962 -0.02141844
vn 0.70206773 0.71205056 0.00921468
vn 0.70099808 0.71204997 0.03983132
vn 0.69859273 0.71205054 0.07037203
vn 0.69486061 0.71204857 0.10077483
vn 0.68980191 0.71205064 0.13098555
vn 0.68343097 0.71205063 0.16095345
vn 0.67576120 0.71204927 0.19061119
vn 0.66680423 0.71204972 0.21990297
vn 0.65657454 0.71205150 0.24878212
vn 0.64510017 0.71204875 0.27718650
f 1//1 2//2 3//3
f 1//1 3//3 4//4
f 3//3 5//5 4//4
f 4//4 5//5 6//6
f 5//5 7//7 6//6
f 7//7 8//8 6//6
f 9//9 10//10 11//11
f 12//12 13//13 11//11
f 13//13 14//14 11//11
f 11//11 14//14 9//9
f 15//15 16//16 17//17
f 18//18 19//19 20//20
f 17//17 21//21 15//15
f 21//21 22//22 15//15
f 15//15 22//22 23//23
f 23//23 24//24 15//15
f 24//24 25//25 15//15
f 15//15 25//25 26//26
f 25//25 27//27 26//26
f 27//27 28//28 26//26
f 28//28 29//29 26//26
f 26//26 29//29 30//30
f 31//31 32//32 11//11
f 33//33 34//34 35//35
f 36//36 37//37 38//38
f 39//39 40//40 12//12
f 40//40 41//41 12//12
f 38//38 42//42 36//36
f 42//42 43//43 36//36
f 36//36 43//43 44//44
f 45//45 46//46 47//47
f 46//46 48//48 47//47
f 49//49 50//50 46//46
f 50//50 51//51 46//46
f 46//46 51//51 52//52
f 53//53 54//54 46//46
f 54//54 55//55 46//46
f 46//46 55//55 35//35
f 56//56 57//57 26//26
f 57//57 58//58 26//26
f 41//41 59//59 12//12
f 59//59 60//60 12//12
f 12//12 60//60 61//61
f 62//62 63//63 64//64
f 63//63 65//65 64//64
f 45//45 66//66 46//46
f 66//66 67//67 46//46
f 46//46 67//67 49//49
f 34//34 68//68 35//35
f 68//68 69//69 35//35
f 35//35 69//69 46//46
f 70//70 71//71 72//72
f 71//71 73//73 72//72
f 61//61 74//74 12//12
f 74//74 75//75 12//12
f 12//12 75//75 76//76
f 76//76 77//77 12//12
f 77//77 78//78 12//12
f 12//12 78//78 79//79
f 80//80 81//81 63//63
f 81//81 82//82 63//63
f 63//63 82//82 65//65
f 83//83 84//84 63//63
f 85//85 86//86 20//20
f 86//86 87//87 20//20
f 88//88 89//89 11//11
f 89//89 90//90 11//11
f 11//11 90//90 91//91
f 52//52 92//92 46//46
f 92//92 93//93 46//46
f 46//46 93//93 53//53
f 30//30 94//94 26//26
f 94//94 95//95 26//26
f 26//26 95//95 56//56
f 96//96 97//97 12//12
f 98//98 20//20 99//99
f 20//20 100//100 99//99
f 98//98 101//101 20//20
f 101//101 102//102 20//20
f 20//20 102//102 18//18
f 103//103 104//104 105//105
f 70//70 106//106 71//71
f 106//106 107//107 71//71
f 71//71 107//107 36//36
f 107//107 108//108 36//36
f 36//36 108//108 37//37
f 109//109 110//110 12//12
f 110//110 111//111 12//12
f 12//12 111//111 112//112
f 113//113 114//114 63//63
f 114//114 115//115 63//63
f 63//63 115//115 80//80
f 19//19 116//116 20//20
f 116//116 117//117 20//20
f 20//20 117//117 85//85
f 118//118 119//119 120//120
f 121//121 11//11 122//122
f 11//11 123//123 122//122
f 121//121 124//124 11//11
f 124//124 125//125 11//11
f 11//11 125//125 31//31
f 32//32 126//126 11//11
f 126//126 127//127 11//11
f 11//11 127//127 88//88
f 11//11 128//128 129//129
f 33//33 35//35 130//130
f 35//35 131//131 130//130
f 130//130 131//131 132//132
f 131//131 133//133 132//132
f 132//132 133//133 134//134
f 58//58 135//135 26//26
f 135//135 136//136 26//26
f 26//26 136//136 137//137
f 136//136 138//138 137//137
f 137//137 138//138 71//71
f 138//138 139//139 71//71
f 71//71 139//139 73//73
f 140//140 141//141 12//12
f 141//141 142//142 12//12
f 12//12 142//142 143//143
f 63//63 144//144 145//145
f 84//84 146//146 63//63
f 146//146 147//147 63//63
f 63//63 147//147 148//148
f 148//148 149//149 63//63
f 149//149 150//150 63//63
f 63//63 150//150 151//151
f 20//20 152//152 153//153
f 118//118 120//120 154//154
f 155//155 156//156 157//157
f 129//129 158//158 11//11
f 158//158 159//159 11//11
f 11//11 159//159 12//12
f 159//159 160//160 12//12
f 12//12 160//160 39//39
f 79//79 161//161 12//12
f 161//161 162//162 12//12
f 12//12 162//162 109//109
f 112//112 163//163 12//12
f 163//163 164//164 12//12
f 12//12 164//164 96//96
f 97//97 165//165 12//12
f 165//165 166//166 12//12
f 12//12 166//166 167//167
f 168//168 169//169 12//12
f 62//62 170//170 63//63
f 170//170 171//171 63//63
f 63//63 171//171 144//144
f 145//145 172//172 63//63
f 172//172 173//173 63//63
f 63//63 173//173 174//174
f 174//174 175//175 63//63
f 175//175 176//176 63//63
f 63//63 176//176 83//83
f 151//151 177//177 63//63
f 177//177 178//178 63//63
f 63//63 178//178 179//179
f 179//179 180//180 63//63
f 180//180 181//181 63//63
f 63//63 181//181 182//182
f 183//183 184//184 120//120
f 184//184 185//185 120//120
f 120//120 185//185 186//186
f 186//186 187//187 120//120
f 187//187 188//188 120//120
f 120//120 188//188 189//189
f 91//91 190//190 11//11
f 190//190 191//191 11//11
f 11//11 191//191 192//192
f 193//193 63//63 194//194
f 63//63 195//195 194//194
f 182//182 196//196 63//63
f 196//196 197//197 63//63
f 63//63 197//197 198//198
f 198//198 199//199 63//63
f 199//199 200//200 63//63
f 63//63 200//200 20//20
f 200//200 201//201 20//20
f 20//20 201//201 202//202
f 202//202 203//203 20//20
f 203//203 204//204 20//20
f 20//20 204//204 205//205
f 206//206 207//207 20//20
f 207//207 208//208 20//20
f 208//208 209//209 20//20
f 209//209 210//210 20//20
f 20//20 210//210 211//211
f 211//211 212//212 20//20
f 212//212 213//213 20//20
f 20//20 213//213 214//214
f 214//214 215//215 20//20
f 215//215 216//216 20//20
f 20//20 216//216 152//152
f 153//153 217//217 20//20
f 217//217 218//218 20//20
f 20//20 218//218 219//219
f 219//219 220//220 20//20
f 220//220 221//221 20//20
f 20//20 221//221 222//222
f 222//222 223//223 20//20
f 223//223 224//224 20//20
f 20//20 224//224 225//225
f 225//225 226//226 20//20
f 226//226 227//227 20//20
f 20//20 227//227 100//100
f 134//134 133//133 120//120
f 133//133 228//228 120//120
f 120//120 228//228 154//154
f 119//119 229//229 120//120
f 229//229 230//230 120//120
f 120//120 230//230 183//183
f 231//231 232//232 233//233
f 232//232 234//234 233//233
f 234//234 235//235 233//233
f 233//233 235//235 236//236
f 237//237 238//238 104//104
f 192//192 239//239 11//11
f 239//239 240//240 11//11
f 11//11 240//240 241//241
f 242//242 243//243 11//11
f 243//243 244//244 11//11
f 11//11 244//244 245//245
f 246//246 247//247 11//11
f 247//247 248//248 11//11
f 11//11 248//248 128//128
f 167//167 249//249 12//12
f 249//249 250//250 12//12
f 12//12 250//250 251//251
f 252//252 253//253 12//12
f 253//253 254//254 12//12
f 12//12 254//254 255//255
f 255//255 256//256 12//12
f 256//256 257//257 12//12
f 12//12 257//257 140//140
f 169//169 258//258 12//12
f 258//258 259//259 12//12
f 12//12 259//259 63//63
f 259//259 260//260 63//63
f 63//63 260//260 195//195
f 261//261 262//262 263//263
f 236//236 264//264 233//233
f 264//264 265//265 233//233
f 233//233 265//265 104//104
f 265//265 266//266 104//104
f 104//104 266//266 267//267
f 267//267 268//268 104//104
f 268//268 269//269 104//104
f 104//104 269//269 270//270
f 270//270 271//271 104//104
f 271//271 272//272 104//104
f 104//104 272//272 273//273
f 238//238 274//274 104//104
f 274//274 275//275 104//104
f 104//104 275//275 105//105
f 15//15 276//276 16//16
f 276//276 277//277 16//16
f 16//16 277//277 278//278
f 245//245 279//279 11//11
f 279//279 280//280 11//11
f 11//11 280//280 281//281
f 251//251 282//282 12//12
f 282//282 48//48 12//12
f 12//12 48//48 252//252
f 48//48 46//46 252//252
f 143//143 283//283 12//12
f 283//283 284//284 12//12
f 12//12 284//284 285//285
f 286//286 287//287 12//12
f 287//287 288//288 12//12
f 12//12 288//288 168//168
f 193//193 289//289 63//63
f 289//289 290//290 63//63
f 63//63 290//290 291//291
f 291//291 292//292 63//63
f 292//292 293//293 63//63
f 63//63 293//293 294//294
f 205//205 295//295 20//20
f 295//295 296//296 20//20
f 20//20 296//296 206//206
f 263//263 297//297 261//261
f 297//297 298//298 261//261
f 261//261 298//298 299//299
f 299//299 300//300 261//261
f 300//300 301//301 261//261
f 261//261 301//301 302//302
f 301//301 120//120 302//302
f 302//302 120//120 303//303
f 120//120 189//189 303//303
f 304//304 305//305 306//306
f 305//305 307//307 306//306
f 308//308 309//309 310//310
f 309//309 311//311 310//310
f 20//20 312//312 313//313
f 20//20 314//314 11//11
f 314//314 315//315 11//11
f 11//11 315//315 316//316
f 316//316 317//317 11//11
f 317//317 318//318 11//11
f 11//11 318//318 123//123
f 278//278 319//319 16//16
f 319//319 320//320 16//16
f 16//16 320//320 321//321
f 241//241 322//322 11//11
f 322//322 323//323 11//11
f 11//11 323//323 242//242
f 281//281 324//324 11//11
f 324//324 325//325 11//11
f 11//11 325//325 326//326
f 294//294 327//327 63//63
f 327//327 328//328 63//63
f 63//63 328//328 329//329
f 329//329 330//330 63//63
f 330//330 331//331 63//63
f 63//63 331//331 36//36
f 332//332 333//333 261//261
f 333//333 334//334 261//261
f 261//261 334//334 335//335
f 335//335 336//336 261//261
f 336//336 337//337 261//261
f 261//261 337//337 262//262
f 273//273 338//338 104//104
f 338//338 339//339 104//104
f 104//104 339//339 237//237
f 105//105 340//340 103//103
f 340//340 341//341 103//103
f 103//103 341//341 305//305
f 341//341 342//342 305//305
f 305//305 342//342 307//307
f 343//343 344//344 20//20
f 313//313 345//345 20//20
f 345//345 346//346 20//20
f 20//20 346//346 314//314
f 321//321 347//347 16//16
f 347//347 348//348 16//16
f 16//16 348//348 349//349
f 350//350 351//351 352//352
f 351//351 353//353 352//352
f 352//352 353//353 354//354
f 353//353 16//16 354//354
f 326//326 355//355 11//11
f 355//355 356//356 11//11
f 11//11 356//356 246//246
f 285//285 357//357 12//12
f 357//357 358//358 12//12
f 12//12 358//358 359//359
f 359//359 360//360 12//12
f 360//360 361//361 12//12
f 12//12 361//361 362//362
f 362//362 363//363 12//12
f 363//363 364//364 12//12
f 12//12 364//364 286//286
f 44//44 365//365 36//36
f 365//365 366//366 36//36
f 36//36 366//366 63//63
f 366//366 367//367 63//63
f 63//63 367//367 113//113
f 231//231 233//233 261//261
f 233//233 368//368 261//261
f 261//261 368//368 332//332
f 369//369 370//370 371//371
f 370//370 372//372 371//371
f 371//371 372//372 373//373
f 157//157 374//374 155//155
f 374//374 375//375 155//155
f 155//155 375//375 350//350
f 375//375 376//376 350//350
f 350//350 376//376 351//351
f 349//349 377//377 16//16
f 377//377 378//378 16//16
f 16//16 378//378 379//379
f 379//379 380//380 16//16
f 380//380 381//381 16//16
f 16//16 381//381 354//354
f 309//309 382//382 20//20
f 383//383 384//384 20//20
f 384//384 385//385 20//20
f 20//20 385//385 343//343
f 344//344 386//386 20//20
f 386//386 387//387 20//20
f 20//20 387//387 388//388
f 389//389 390//390 391//391
f 390//390 392//392 391//391
f 393//393 394//394 395//395
f 394//394 396//396 395//395
f 397//397 398//398 399//399
f 398//398 400//400 399//399
f 399//399 400//400 156//156
f 400//400 401//401 156//156
f 156//156 401//401 157//157
f 382//382 402//402 20//20
f 402//402 403//403 20//20
f 20//20 403//403 404//404
f 405//405 406//406 20//20
f 406//406 407//407 20//20
f 20//20 407//407 408//408
f 409//409 410//410 20//20
f 410//410 411//411 20//20
f 412//412 20//20 413//413
f 20//20 414//414 413//413
f 412//412 415//415 20//20
f 415//415 416//416 20//20
f 20//20 416//416 417//417
f 417//417 418//418 20//20
f 418//418 419//419 20//20
f 20//20 419//419 383//383
f 304//304 420//420 305//305
f 420//420 421//421 305//305
f 305//305 421//421 388//388
f 421//421 422//422 388//388
f 388//388 422//422 20//20
f 422//422 423//423 20//20
f 20//20 423//423 312//312
f 308//308 424//424 309//309
f 424//424 425//425 309//309
f 309//309 425//425 371//371
f 425//425 426//426 371//371
f 371//371 426//426 369//369
f 392//392 427//427 391//391
f 427//427 428//428 391//391
f 391//391 428//428 429//429
f 428//428 430//430 429//429
f 429//429 430//430 372//372
f 430//430 431//431 372//372
f 372//372 431//431 373//373
f 394//394 432//432 396//396
f 432//432 433//433 396//396
f 396//396 433//433 434//434
f 433//433 435//435 434//434
f 434//434 435//435 389//389
f 435//435 436//436 389//389
f 389//389 436//436 390//390
f 87//87 437//437 20//20
f 437//437 438//438 20//20
f 20//20 438//438 309//309
f 438//438 439//439 309//309
f 309//309 439//439 311//311
f 408//408 440//440 20//20
f 440//440 441//441 20//20
f 20//20 441//441 409//409
f 404//404 442//442 20//20
f 442//442 443//443 20//20
f 20//20 443//443 405//405
f 411//411 444//444 20//20
f 444//444 445//445 20//20
f 20//20 445//445 414//414
f 395//395 446//446 393//393
f 446//446 447//447 393//393
f 393//393 447//447 397//397
f 447//447 448//448 397//397
f 397//397 448//448 398//398
f 1//1 449//449 2//2
f 449//449 9//9 2//2
f 2//2 9//9 450//450
f 9//9 14//14 450//450
f 451//451 13//13 63//63
f 13//13 12//12 63//63
f 3//3 10//10 5//5
f 10//10 452//452 5//5
f 5//5 452//452 7//7
f 452//452 453//453 7//7
f 8//8 454//454 6//6
f 454//454 455//455 6//6
f 6//6 455//455 4//4
f 455//455 456//456 4//4
f 7//7 453//453 8//8
f 453//453 454//454 8//8
f 4//4 456//456 1//1
f 456//456 449//449 1//1
f 457//457 16//16 458//458
f 16//16 353//353 458//458
f 458//458 353//353 459//459
f 353//353 351//351 459//459
f 459//459 351//351 460//460
f 351//351 376//376 460//460
f 460//460 376//376 461//461
f 376//376 375//375 461//461
f 461//461 375//375 462//462
f 375//375 374//374 462//462
f 462//462 374//374 463//463
f 374//374 157//157 463//463
f 463//463 157//157 464//464
f 157//157 401//401 464//464
f 464//464 401//401 465//465
f 401//401 400//400 465//465
f 465//465 400//400 466//466
f 400//400 398//398 466//466
f 466//466 398//398 467//467
f 398//398 448//448 467//467
f 467//467 448//448 468//468
f 448//448 447//447 468//468
f 468//468 447//447 469//469
f 447//447 446//446 469//469
f 469//469 446//446 470//470
f 446//446 395//395 470//470
f 470//470 395//395 471//471
f 395//395 396//396 471//471
f 471//471 396//396 472//472
f 396//396 434//434 472//472
f 472//472 434//434 473//473
f 434//434 389//389 473//473
f 473//473 389//389 474//474
f 389//389 391//391 474//474
f 474//474 391//391 475//475
f 391//391 429//429 475//475
f 475//475 429//429 476//476
f 429//429 372//372 476//476
f 476//476 372//372 477//477
f 372//372 370//370 477//477
f 477//477 370//370 478//478
f 370//370 369//369 478//478
f 478//478 369//369 479//479
f 369//369 426//426 479//479
f 479//479 426//426 480//480
f 426//426 425//425 480//480
f 480//480 425//425 481//481
f 425//425 424//424 481//481
f 481//481 424//424 482//482
f 424//424 308//308 482//482
f 482//482 308//308 483//483
f 308//308 310//310 483//483
f 483//483 310//310 484//484
f 310//310 311//311 484//484
f 484//484 311//311 485//485
f 311//311 439//439 485//485
f 485//485 439//439 486//486
f 439//439 438//438 486//486
f 486//486 438//438 487//487
f 438//438 437//437 487//487
f 487//487 437//437 488//488
f 437//437 87//87 488//488
f 488//488 87//87 489//489
f 87//87 86//86 489//489
f 489//489 86//86 490//490
f 86//86 85//85 490//490
f 490//490 85//85 491//491
f 85//85 117//117 491//491
f 491//491 117//117 492//492
f 117//117 116//116 492//492
f 492//492 116//116 493//493
f 116//116 19//19 493//493
f 493//493 19//19 494//494
f 19//19 18//18 494//494
f 494//494 18//18 495//495
f 18//18 102//102 495//495
f 495//495 102//102 496//496
f 102//102 101//101 496//496
f 496//496 101//101 497//497
f 101//101 98//98 497//497
f 497//497 98//98 498//498
f 98//98 99//99 498//498
f 498//498 99//99 499//499
f 99//99 100//100 499//499
f 499//499 100//100 500//500
f 100//100 227//227 500//500
f 500//500 227//227 501//501
f 227//227 226//226 501//501
f 501//501 226//226 502//502
f 226//226 225//225 502//502
f 502//502 225//225 503//503
f 225//225 224//224 503//503
f 503//503 224//224 504//504
f 224//224 223//223 504//504
f 504//504 223//223 505//505
f 223//223 222//222 505//505
f 505//505 222//222 506//506
f 222//222 221//221 506//506
f 506//506 221//221 507//507
f 221//221 220//220 507//507
f 507//507 220//220 508//508
f 220//220 219//219 508//508
f 508//508 219//219 509//509
f 219//219 218//218 509//509
f 509//509 218//218 510//510
f 218//218 217//217 510//510
f 510//510 217//217 511//511
f 217//217 153//153 511//511
f 511//511 153//153 512//512
f 153//153 152//152 512//512
f 512//512 152//152 513//513
f 152//152 216//216 513//513
f 513//513 216//216 514//514
f 216//216 215//215 514//514
f 514//514 215//215 515//515
f 215//215 214//214 515//515
f 515//515 214//214 516//516
f 214//214 213//213 516//516
f 516//516 213//213 517//517
f 213//213 212//212 517//517
f 517//517 212//212 518//518
f 212//212 211//211 518//518
f 518//518 211//211 519//519
f 211//211 210//210 519//519
f 519//519 210//210 520//520
f 210//210 209//209 520//520
f 520//520 209//209 521//521
f 209//209 208//208 521//521
f 521//521 208//208 522//522
f 208//208 207//207 522//522
f 522//522 207//207 523//523
f 207//207 206//206 523//523
f 523//523 206//206 524//524
f 206//206 296//296 524//524
f 524//524 296//296 525//525
f 296//296 295//295 525//525
f 525//525 295//295 526//526
f 295//295 205//205 526//526
f 526//526 205//205 527//527
f 205//205 204//204 527//527
f 527//527 204//204 528//528
f 204//204 203//203 528//528
f 528//528 203//203 529//529
f 203//203 202//202 529//529
f 529//529 202//202 530//530
f 202//202 201//201 530//530
f 530//530 201//201 531//531
f 201//201 200//200 531//531
f 531//531 200//200 532//532
f 200//200 199//199 532//532
f 532//532 199//199 533//533
f 199//199 198//198 533//533
f 533//533 198//198 534//534
f 198//198 197//197 534//534
f 534//534 197//197 535//535
f 197//197 196//196 535//535
f 535//535 196//196 536//536
f 196//196 182//182 536//536
f 536//536 182//182 537//537
f 182//182 181//181 537//537
f 537//537 181//181 538//538
f 181//181 180//180 538//538
f 538//538 180//180 539//539
f 180//180 179//179 539//539
f 539//539 179//179 540//540
f 179//179 178//178 540//540
f 540//540 178//178 541//541
f 178//178 177//177 541//541
f 541//541 177//177 542//542
f 177//177 151//151 542//542
f 542//542 151//151 543//543
f 151//151 150//150 543//543
f 543//543 150//150 544//544
f 150//150 149//149 544//544
f 544//544 149//149 545//545
f 149//149 148//148 545//545
f 545//545 148//148 546//546
f 148//148 147//147 546//546
f 546//546 147//147 547//547
f 147//147 146//146 547//547
f 547//547 146//146 548//548
f 146//146 84//84 548//548
f 548//548 84//84 549//549
f 84//84 83//83 549//549
f 549//549 83//83 550//550
f 83//83 176//176 550//550
f 550//550 176//176 551//551
f 176//176 175//175 551//551
f 551//551 175//175 552//552
f 175//175 174//174 552//552
f 552//552 174//174 553//553
f 174//174 173//173 553//553
f 553//553 173//173 554//554
f 173//173 172//172 554//554
f 554//554 172//172 555//555
f 172//172 145//145 555//555
f 555//555 145//145 556//556
f 145//145 144//144 556//556
f 556//556 144//144 557//557
f 144//144 171//171 557//557
f 557//557 171//171 558//558
f 171//171 170//170 558//558
f 558//558 170//170 559//559
f 170//170 62//62 559//559
f 559//559 62//62 560//560
f 62//62 64//64 560//560
f 560//560 64//64 561//561
f 64//64 65//65 561//561
f 561//561 65//65 562//562
f 65//65 82//82 562//562
f 562//562 82//82 563//563
f 82//82 81//81 563//563
f 563//563 81//81 564//564
f 81//81 80//80 564//564
f 564//564 80//80 565//565
f 80//80 115//115 565//565
f 565//565 115//115 566//566
f 115//115 114//114 566//566
f 566//566 114//114 567//567
f 114//114 113//113 567//567
f 567//567 113//113 568//568
f 113//113 367//367 568//568
f 568//568 367//367 569//569
f 367//367 366//366 569//569
f 569//569 366//366 570//570
f 366//366 365//365 570//570
f 570//570 365//365 571//571
f 365//365 44//44 571//571
f 571//571 44//44 572//572
f 44//44 43//43 572//572
f 572//572 43//43 573//573
f 43//43 42//42 573//573
f 573//573 42//42 574//574
f 42//42 38//38 574//574
f 574//574 38//38 575//575
f 38//38 37//37 575//575
f 575//575 37//37 576//576
f 37//37 108//108 576//576
f 576//576 108//108 577//577
f 108//108 107//107 577//577
f 577//577 107//107 578//578
f 107//107 106//106 578//578
f 578//578 106//106 579//579
f 106//106 70//70 579//579
f 579//579 70//70 580//580
f 70//70 72//72 580//580
f 580//580 72//72 581//581
f 72//72 73//73 581//581
f 581//581 73//73 582//582
f 73//73 139//139 582//582
f 582//582 139//139 583//583
f 139//139 138//138 583//583
f 583//583 138//138 584//584
f 138//138 136//136 584//584
f 584//584 136//136 585//585
f 136//136 135//135 585//585
f 585//585 135//135 586//586
f 135//135 58//58 586//586
f 586//586 58//58 587//587
f 58//58 57//57 587//587
f 587//587 57//57 588//588
f 57//57 56//56 588//588
f 588//588 56//56 589//589
f 56//56 95//95 589//589
f 589//589 95//95 590//590
f 95//95 94//94 590//590
f 590//590 94//94 591//591
f 94//94 30//30 591//591
f 591//591 30//30 592//592
f 30//30 29//29 592//592
f 592//592 29//29 593//593
f 29//29 28//28 593//593
f 593//593 28//28 594//594
f 28//28 27//27 594//594
f 594//594 27//27 595//595
f 27//27 25//25 595//595
f 595//595 25//25 596//596
f 25//25 24//24 596//596
f 596//596 24//24 597//597
f 24//24 23//23 597//597
f 597//597 23//23 598//598
f 23//23 22//22 598//598
f 598//598 22//22 599//599
f 22//22 21//21 599//599
f 599//599 21//21 600//600
f 21//21 17//17 600//600
f 600//600 17//17 457//457
f 17//17 16//16 457//457
f 601//601 40//40 602//602
f 40//40 39//39 602//602
f 602//602 39//39 603//603
f 39//39 160//160 603//603
f 603//603 160//160 604//604
f 160//160 159//159 604//604
f 604//604 159//159 605//605
f 159//159 158//158 605//605
f 605//605 158//158 606//606
f 158//158 129//129 606//606
f 606//606 129//129 607//607
f 129//129 128//128 607//607
f 607//607 128//128 608//608
f 128//128 248//248 608//608
f 608//608 248//248 609//609
f 248//248 247//247 609//609
f 609//609 247//247 610//610
f 247//247 246//246 610//610
f 610//610 246//246 611//611
f 246//246 356//356 611//611
f 611//611 356//356 612//612
f 356//356 355//355 612//612
f 612//612 355//355 613//613
f 355//355 326//326 613//613
f 613//613 326//326 614//614
f 326//326 325//325 614//614
f 614//614 325//325 615//615
f 325//325 324//324 615//615
f 615//615 324//324 616//616
f 324//324 281//281 616//616
f 616//616 281//281 617//617
f 281//281 280//280 617//617
f 617//617 280//280 618//618
f 280//280 279//279 618//618
f 618//618 279//279 619//619
f 279//279 245//245 619//619
f 619//619 245//245 620//620
f 245//245 244//244 620//620
f 620//620 244//244 621//621
f 244//244 243//243 621//621
f 621//621 243//243 622//622
f 243//243 242//242 622//622
f 622//622 242//242 623//623
f 242//242 323//323 623//623
f 623//623 323//323 624//624
f 323//323 322//322 624//624
f 624//624 322//322 625//625
f 322//322 241//241 625//625
f 625//625 241//241 626//626
f 241//241 240//240 626//626
f 626//626 240//240 627//627
f 240//240 239//239 627//627
f 627//627 239//239 628//628
f 239//239 192//192 628//628
f 628//628 192//192 629//629
f 192//192 191//191 629//629
f 629//629 191//191 630//630
f 191//191 190//190 630//630
f 630//630 190//190 631//631
f 190//190 91//91 631//631
f 631//631 91//91 632//632
f 91//91 90//90 632//632
f 632//632 90//90 633//633
f 90//90 89//89 633//633
f 633//633 89//89 634//634
f 89//89 88//88 634//634
f 634//634 88//88 635//635
f 88//88 127//127 635//635
f 635//635 127//127 636//636
f 127//127 126//126 636//636
f 636//636 126//126 637//637
f 126//126 32//32 637//637
f 637//637 32//32 638//638
f 32//32 31//31 638//638
f 638//638 31//31 639//639
f 31//31 125//125 639//639
f 639//639 125//125 640//640
f 125//125 124//124 640//640
f 640//640 124//124 641//641
f 124//124 121//121 641//641
f 641//641 121//121 642//642
f 121//121 122//122 642//642
f 642//642 122//122 643//643
f 122//122 123//123 643//643
f 643//643 123//123 644//644
f 123//123 318//318 644//644
f 644//644 318//318 645//645
f 318//318 317//317 645//645
f 645//645 317//317 646//646
f 317//317 316//316 646//646
f 646//646 316//316 647//647
f 316//316 315//315 647//647
f 647//647 315//315 648//648
f 315//315 314//314 648//648
f 648//648 314//314 649//649
f 314//314 346//346 649//649
f 649//649 346//346 650//650
f 346//346 345//345 650//650
f 650//650 345//345 651//651
f 345//345 313//313 651//651
f 651//651 313//313 652//652
f 313//313 312//312 652//652
f 652//652 312//312 653//653
f 312//312 423//423 653//653
f 653//653 423//423 654//654
f 423//423 422//422 654//654
f 654//654 422//422 655//655
f 422//422 421//421 655//655
f 655//655 421//421 656//656
f 421//421 420//420 656//656
f 656//656 420//420 657//657
f 420//420 304//304 657//657
f 657//657 304//304 658//658
f 304//304 306//306 658//658
f 658//658 306//306 659//659
f 306//306 307//307 659//659
f 659//659 307//307 660//660
f 307//307 342//342 660//660
f 660//660 342//342 661//661
f 342//342 341//341 661//661
f 661//661 341//341 662//662
f 341//341 340//340 662//662
f 662//662 340//340 663//663
f 340//340 105//105 663//663
f 663//663 105//105 664//664
f 105//105 275//275 664//664
f 664//664 275//275 665//665
f 275//275 274//274 665//665
f 665//665 274//274 666//666
f 274//274 238//238 666//666
f 666//666 238//238 667//667
f 238//238 237//237 667//667
f 667//667 237//237 668//668
f 237//237 339//339 668//668
f 668//668 339//339 669//669
f 339//339 338//338 669//669
f 669//669 338//338 670//670
f 338//338 273//273 670//670
f 670//670 273//273 671//671
f 273//273 272//272 671//671
f 671//671 272//272 672//672
f 272//272 271//271 672//672
f 672//672 271//271 673//673
f 271//271 270//270 673//673
f 673//673 270//270 674//674
f 270//270 269//269 674//674
f 674//674 269//269 675//675
f 269//269 268//268 675//675
f 675//675 268//268 676//676
f 268//268 267//267 676//676
f 676//676 267//267 677//677
f 267//267 266//266 677//677
f 677//677 266//266 678//678
f 266//266 265//265 678//678
f 678//678 265//265 679//679
f 265//265 264//264 679//679
f 679//679 264//264 680//680
f 264//264 236//236 680//680
f 680//680 236//236 681//681
f 236//236 235//235 681//681
f 681//681 235//235 682//682
f 235//235 234//234 682//682
f 682//682 234//234 683//683
f 234//234 232//232 683//683
f 683//683 232//232 684//684
f 232//232 231//231 684//684
f 684//684 231//231 685//685
f 231//231 261//261 685//685
f 685//685 261//261 686//686
f 261//261 302//302 686//686
f 686//686 302//302 687//687
f 302//302 303//303 687//687
f 687//687 303//303 688//688
f 303//303 189//189 688//688
f 688//688 189//189 689//689
f 189//189 188//188 689//689
f 689//689 188//188 690//690
f 188//188 187//187 690//690
f 690//690 187//187 691//691
f 187//187 186//186 691//691
f 691//691 186//186 692//692
f 186//186 185//185 692//692
f 692//692 185//185 693//693
f 185//185 184//184 693//693
f 693//693 184//184 694//694
f 184//184 183//183 694//694
f 694//694 183//183 695//695
f 183//183 230//230 695//695
f 695//695 230//230 696//696
f 230//230 229//229 696//696
f 696//696 229//229 697//697
f 229//229 119//119 697//697
f 697//697 119//119 698//698
f 119//119 118//118 698//698
f 698//698 118//118 699//699
f 118//118 154//154 699//699
f 699//699 154//154 700//700
f 154//154 228//228 700//700
f 700//700 228//228 701//701
f 228//228 133//133 701//701
f 701//701 133//133 702//702
f 133//133 131//131 702//702
f 702//702 131//131 703//703
f 131//131 35//35 703//703
f 703//703 35//35 704//704
f 35//35 55//55 704//704
f 704//704 55//55 705//705
f 55//55 54//54 705//705
f 705//705 54//54 706//706
f 54//54 53//53 706//706
f 706//706 53//53 707//707
f 53//53 93//93 707//707
f 707//707 93//93 708//708
f 93//93 92//92 708//708
f 708//708 92//92 709//709
f 92//92 52//52 709//709
f 709//709 52//52 710//710
f 52//52 51//51 710//710
f 710//710 51//51 711//711
f 51//51 50//50 711//711
f 711//711 50//50 712//712
f 50//50 49//49 712//712
f 712//712 49//49 713//713
f 49//49 67//67 713//713
f 713//713 67//67 714//714
f 67//67 66//66 714//714
f 714//714 66//66 715//715
f 66//66 45//45 715//715
f 715//715 45//45 716//716
f 45//45 47//47 716//716
f 716//716 47//47 717//717
f 47//47 48//48 717//717
f 717//717 48//48 718//718
f 48//48 282//282 718//718
f 718//718 282//282 719//719
f 282//282 251//251 719//719
f 719//719 251//251 720//720
f 251//251 250//250 720//720
f 720//720 250//250 721//721
f 250//250 249//249 721//721
f 721//721 249//249 722//722
f 249//249 167//167 722//722
f 722//722 167//167 723//723
f 167//167 166//166 723//723
f 723//723 166//166 724//724
f 166//166 165//165 724//724
f 724//724 165//165 725//725
f 165//165 97//97 725//725
f 725//725 97//97 726//726
f 97//97 96//96 726//726
f 726//726 96//96 727//727
f 96//96 164//164 727//727
f 727//727 164//164 728//728
f 164//164 163//163 728//728
f 728//728 163//163 729//729
f 163//163 112//112 729//729
f 729//729 112//112 730//730
f 112//112 111//111 730//730
f 730//730 111//111 731//731
f 111//111 110//110 731//731
f 731//731 110//110 732//732
f 110//110 109//109 732//732
f 732//732 109//109 733//733
f 109//109 162//162 733//733
f 733//733 162//162 734//734
f 162//162 161//161 734//734
f 734//734 161//161 735//735
f 161//161 79//79 735//735
f 735//735 79//79 736//736
f 79//79 78//78 736//736
f 736//736 78//78 737//737
f 78//78 77//77 737//737
f 737//737 77//77 738//738
f 77//77 76//76 738//738
f 738//738 76//76 739//739
f 76//76 75//75 739//739
f 739//739 75//75 740//740
f 75//75 74//74 740//740
f 740//740 74//74 741//741
f 74//74 61//61 741//741
f 741//741 61//61 742//742
f 61//61 60//60 742//742
f 742//742 60//60 743//743
f 60//60 59//59 743//743
f 743//743 59//59 744//744
f 59//59 41//41 744//744
f 744//744 41//41 601//601
f 41//41 40//40 601//601
f 745//745 120//120 746//746
f 120//120 301//301 746//746
f 746//746 301//301 747//747
f 301//301 300//300 747//747
f 747//747 300//300 748//748
f 300//300 299//299 748//748
f 748//748 299//299 749//749
f 299//299 298//298 749//749
f 749//749 298//298 750//750
f 298//298 297//297 750//750
f 750//750 297//297 751//751
f 297//297 263//263 751//751
f 751//751 263//263 752//752
f 263//263 262//262 752//752
f 752//752 262//262 753//753
f 262//262 337//337 753//753
f 753//753 337//337 754//754
f 337//337 336//336 754//754
f 754//754 336//336 755//755
f 336//336 335//335 755//755
f 755//755 335//335 756//756
f 335//335 334//334 756//756
f 756//756 334//334 757//757
f 334//334 333//333 757//757
f 757//757 333//333 758//758
f 333//333 332//332 758//758
f 758//758 332//332 759//759
f 332//332 368//368 759//759
f 759//759 368//368 760//760
f 368//368 233//233 760//760
f 760//760 233//233 761//761
f 233//233 104//104 761//761
f 761//761 104//104 762//762
f 104//104 103//103 762//762
f 762//762 103//103 763//763
f 103//103 305//305 763//763
f 763//763 305//305 764//764
f 305//305 388//388 764//764
f 764//764 388//388 765//765
f 388//388 387//387 765//765
f 765//765 387//387 766//766
f 387//387 386//386 766//766
f 766//766 386//386 767//767
f 386//386 344//344 767//767
f 767//767 344//344 768//768
f 344//344 343//343 768//768
f 768//768 343//343 769//769
f 343//343 385//385 769//769
f 769//769 385//385 770//770
f 385//385 384//384 770//770
f 770//770 384//384 771//771
f 384//384 383//383 771//771
f 771//771 383//383 772//772
f 383//383 419//419 772//772
f 772//772 419//419 773//773
f 419//419 418//418 773//773
f 773//773 418//418 774//774
f 418//418 417//417 774//774
f 774//774 417//417 775//775
f 417//417 416//416 775//775
f 775//775 416//416 776//776
f 416//416 415//415 776//776
f 776//776 415//415 777//777
f 415//415 412//412 777//777
f 777//777 412//412 778//778
f 412//412 413//413 778//778
f 778//778 413//413 779//779
f 413//413 414//414 779//779
f 779//779 414//414 780//780
f 414//414 445//445 780//780
f 780//780 445//445 781//781
f 445//445 444//444 781//781
f 781//781 444//444 782//782
f 444//444 411//411 782//782
f 782//782 411//411 783//783
f 411//411 410//410 783//783
f 783//783 410//410 784//784
f 410//410 409//409 784//784
f 784//784 409//409 785//785
f 409//409 441//441 785//785
f 785//785 441//441 786//786
f 441//441 440//440 786//786
f 786//786 440//440 787//787
f 440//440 408//408 787//787
f 787//787 408//408 788//788
f 408//408 407//407 788//788
f 788//788 407//407 789//789
f 407//407 406//406 789//789
f 789//789 406//406 790//790
f 406//406 405//405 790//790
f 790//790 405//405 791//791
f 405//405 443//443 791//791
f 791//791 443//443 792//792
f 443//443 442//442 792//792
f 792//792 442//442 793//793
f 442//442 404//404 793//793
f 793//793 404//404 794//794
f 404//404 403//403 794//794
f 794//794 403//403 795//795
f 403//403 402//402 795//795
f 795//795 402//402 796//796
f 402//402 382//382 796//796
f 796//796 382//382 797//797
f 382//382 309//309 797//797
f 797//797 309//309 798//798
f 309//309 371//371 798//798
f 798//798 371//371 799//799
f 371//371 373//373 799//799
f 799//799 373//373 800//800
f 373//373 431//431 800//800
f 800//800 431//431 801//801
f 431//431 430//430 801//801
f 801//801 430//430 802//802
f 430//430 428//428 802//802
f 802//802 428//428 803//803
f 428//428 427//427 803//803
f 803//803 427//427 804//804
f 427//427 392//392 804//804
f 804//804 392//392 805//805
f 392//392 390//390 805//805
f 805//805 390//390 806//806
f 390//390 436//436 806//806
f 806//806 436//436 807//807
f 436//436 435//435 807//807
f 807//807 435//435 808//808
f 435//435 433//433 808//808
f 808//808 433//433 809//809
f 433//433 432//432 809//809
f 809//809 432//432 810//810
f 432//432 394//394 810//810
f 810//810 394//394 811//811
f 394//394 393//393 811//811
f 811//811 393//393 812//812
f 393//393 397//397 812//812
f 812//812 397//397 813//813
f 397//397 399//399 813//813
f 813//813 399//399 814//814
f 399//399 156//156 814//814
f 814//814 156//156 815//815
f 156//156 155//155 815//815
f 815//815 155//155 816//816
f 155//155 350//350 816//816
f 816//816 350//350 817//817
f 350//350 352//352 817//817
f 817//817 352//352 818//818
f 352//352 354//354 818//818
f 818//818 354//354 819//819
f 354//354 381//381 819//819
f 819//819 381//381 820//820
f 381//381 380//380 820//820
f 820//820 380//380 821//821
f 380//380 379//379 821//821
f 821//821 379//379 822//822
f 379//379 378//378 822//822
f 822//822 378//378 823//823
f 378//378 377//377 823//823
f 823//823 377//377 824//824
f 377//377 349//349 824//824
f 824//824 349//349 825//825
f 349//349 348//348 825//825
f 825//825 348//348 826//826
f 348//348 347//347 826//826
f 826//826 347//347 827//827
f 347//347 321//321 827//827
f 827//827 321//321 828//828
f 321//321 320//320 828//828
f 828//828 320//320 829//829
f 320//320 319//319 829//829
f 829//829 319//319 830//830
f 319//319 278//278 830//830
f 830//830 278//278 831//831
f 278//278 277//277 831//831
f 831//831 277//277 832//832
f 277//277 276//276 832//832
f 832//832 276//276 833//833
f 276//276 15//15 833//833
f 833//833 15//15 834//834
f 15//15 26//26 834//834
f 834//834 26//26 835//835
f 26//26 137//137 835//835
f 835//835 137//137 836//836
f 137//137 71//71 836//836
f 836//836 71//71 837//837
f 71//71 36//36 837//837
f 837//837 36//36 838//838
f 36//36 331//331 838//838
f 838//838 331//331 839//839
f 331//331 330//330 839//839
f 839//839 330//330 840//840
f 330//330 329//329 840//840
f 840//840 329//329 841//841
f 329//329 328//328 841//841
f 841//841 328//328 842//842
f 328//328 327//327 842//842
f 842//842 327//327 843//843
f 327//327 294//294 843//843
f 843//843 294//294 844//844
f 294//294 293//293 844//844
f 844//844 293//293 845//845
f 293//293 292//292 845//845
f 845//845 292//292 846//846
f 292//292 291//291 846//846
f 846//846 291//291 847//847
f 291//291 290//290 847//847
f 847//847 290//290 848//848
f 290//290 289//289 848//848
f 848//848 289//289 849//849
f 289//289 193//193 849//849
f 849//849 193//193 850//850
f 193//193 194//194 850//850
f 850//850 194//194 851//851
f 194//194 195//195 851//851
f 851//851 195//195 852//852
f 195//195 260//260 852//852
f 852//852 260//260 853//853
f 260//260 259//259 853//853
f 853//853 259//259 854//854
f 259//259 258//258 854//854
f 854//854 258//258 855//855
f 258//258 169//169 855//855
f 855//855 169//169 856//856
f 169//169 168//168 856//856
f 856//856 168//168 857//857
f 168//168 288//288 857//857
f 857//857 288//288 858//858
f 288//288 287//287 858//858
f 858//858 287//287 859//859
f 287//287 286//286 859//859
f 859//859 286//286 860//860
f 286//286 364//364 860//860
f 860//860 364//364 861//861
f 364//364 363//363 861//861
f 861//861 363//363 862//862
f 363//363 362//362 862//862
f 862//862 362//362 863//863
f 362//362 361//361 863//863
f 863//863 361//361 864//864
f 361//361 360//360 864//864
f 864//864 360//360 865//865
f 360//360 359//359 865//865
f 865//865 359//359 866//866
f 359//359 358//358 866//866
f 866//866 358//358 867//867
f 358//358 357//357 867//867
f 867//867 357//357 868//868
f 357//357 285//285 868//868
f 868//868 285//285 869//869
f 285//285 284//284 869//869
f 869//869 284//284 870//870
f 284//284 283//283 870//870
f 870//870 283//283 871//871
f 283//283 143//143 871//871
f 871//871 143//143 872//872
f 143//143 142//142 872//872
f 872//872 142//142 873//873
f 142//142 141//141 873//873
f 873//873 141//141 874//874
f 141//141 140//140 874//874
f 874//874 140//140 875//875
f 140//140 257//257 875//875
f 875//875 257//257 876//876
f 257//257 256//256 876//876
f 876//876 256//256 877//877
f 256//256 255//255 877//877
f 877//877 255//255 878//878
f 255//255 254//254 878//878
f 878//878 254//254 879//879
f 254//254 253//253 879//879
f 879//879 253//253 880//880
f 253//253 252//252 880//880
f 880//880 252//252 881//881
f 252//252 46//46 881//881
f 881//881 46//46 882//882
f 46//46 69//69 882//882
f 882//882 69//69 883//883
f 69//69 68//68 883//883
f 883//883 68//68 884//884
f 68//68 34//34 884//884
f 884//884 34//34 885//885
f 34//34 33//33 885//885
f 885//885 33//33 886//886
f 33//33 130//130 886//886
f 886//886 130//130 887//887
f 130//130 132//132 887//887
f 887//887 132//132 888//888
f 132//132 134//134 888//888
f 888//888 134//134 745//745
f 134//134 120//120 745//745
f 3//3 2//2 20//20
f 2//2 450//450 20//20
f 20//20 450//450 63//63
f 450//450 451//451 63//63
f 528//528 529//529 451//451
f 716//716 717//717 13//13
f 636//636 637//637 14//14
f 819//819 820//820 595//595
f 572//572 573//573 837//837
f 492//492 493//493 450//450
f 831//831 832//832 584//584
f 712//712 713//713 13//13
f 640//640 641//641 14//14
f 496//496 497//497 450//450
f 516//516 517//517 450//450
f 573//573 574//574 837//837
f 574//574 575//575 837//837
f 837//837 575//575 576//576
f 822//822 592//592 821//821
f 592//592 593//593 821//821
f 821//821 593//593 820//820
f 593//593 594//594 820//820
f 820//820 594//594 595//595
f 600//600 817//817 599//599
f 817//817 818//818 599//599
f 559//559 560//560 451//451
f 560//560 561//561 451//451
f 451//451 561//561 562//562
f 562//562 563//563 451//451
f 563//563 564//564 451//451
f 451//451 564//564 565//565
f 872//872 873//873 683//683
f 713//713 714//714 13//13
f 714//714 715//715 13//13
f 13//13 715//715 716//716
f 736//736 737//737 13//13
f 737//737 738//738 13//13
f 595//595 596//596 819//819
f 596//596 597//597 819//819
f 819//819 597//597 818//818
f 597//597 598//598 818//818
f 818//818 598//598 599//599
f 529//529 530//530 451//451
f 530//530 531//531 451//451
f 451//451 531//531 532//532
f 555//555 556//556 451//451
f 675//675 676//676 873//873
f 568//568 569//569 451//451
f 717//717 718//718 13//13
f 718//718 719//719 13//13
f 13//13 719//719 720//720
f 738//738 739//739 13//13
f 739//739 740//740 13//13
f 13//13 740//740 741//741
f 633//633 14//14 632//632
f 14//14 631//631 632//632
f 633//633 634//634 14//14
f 634//634 635//635 14//14
f 14//14 635//635 636//636
f 580//580 581//581 836//836
f 581//581 582//582 836//836
f 836//836 582//582 835//835
f 588//588 823//823 587//587
f 823//823 824//824 587//587
f 535//535 536//536 451//451
f 536//536 537//537 451//451
f 537//537 538//538 451//451
f 538//538 539//539 451//451
f 451//451 539//539 540//540
f 540//540 541//541 451//451
f 541//541 542//542 451//451
f 451//451 542//542 543//543
f 543//543 544//544 451//451
f 544//544 545//545 451//451
f 451//451 545//545 546//546
f 546//546 547//547 451//451
f 547//547 548//548 451//451
f 451//451 548//548 549//549
f 709//709 13//13 708//708
f 13//13 707//707 708//708
f 709//709 710//710 13//13
f 710//710 711//711 13//13
f 13//13 711//711 712//712
f 601//601 602//602 14//14
f 637//637 638//638 14//14
f 638//638 639//639 14//14
f 14//14 639//639 640//640
f 653//653 654//654 450//450
f 663//663 664//664 747//747
f 489//489 450//450 488//488
f 450//450 487//487 488//488
f 489//489 490//490 450//450
f 490//490 491//491 450//450
f 450//450 491//491 492//492
f 493//493 494//494 450//450
f 494//494 495//495 450//450
f 450//450 495//495 496//496
f 824//824 825//825 587//587
f 825//825 826//826 587//587
f 587//587 826//826 586//586
f 826//826 827//827 586//586
f 586//586 827//827 585//585
f 549//549 550//550 451//451
f 550//550 551//551 451//451
f 451//451 551//551 552//552
f 552//552 553//553 451//451
f 553//553 554//554 451//451
f 451//451 554//554 555//555
f 556//556 557//557 451//451
f 557//557 558//558 451//451
f 451//451 558//558 559//559
f 679//679 680//680 873//873
f 699//699 700//700 869//869
f 13//13 723//723 724//724
f 724//724 725//725 13//13
f 725//725 726//726 13//13
f 13//13 726//726 727//727
f 727//727 728//728 13//13
f 728//728 729//729 13//13
f 13//13 729//729 730//730
f 730//730 731//731 13//13
f 731//731 732//732 13//13
f 13//13 732//732 733//733
f 733//733 734//734 13//13
f 734//734 735//735 13//13
f 13//13 735//735 736//736
f 741//741 742//742 13//13
f 742//742 743//743 13//13
f 13//13 743//743 14//14
f 743//743 744//744 14//14
f 14//14 744//744 601//601
f 663//663 747//747 662//662
f 503//503 504//504 450//450
f 504//504 505//505 450//450
f 510//510 450//450 509//509
f 450//450 508//508 509//509
f 513//513 514//514 450//450
f 514//514 515//515 450//450
f 450//450 515//515 516//516
f 450//450 526//526 451//451
f 526//526 527//527 451//451
f 451//451 527//527 528//528
f 576//576 577//577 837//837
f 577//577 578//578 837//837
f 837//837 578//578 836//836
f 578//578 579//579 836//836
f 836//836 579//579 580//580
f 532//532 533//533 451//451
f 533//533 534//534 451//451
f 451//451 534//534 535//535
f 680//680 681//681 873//873
f 681//681 682//682 873//873
f 873//873 682//682 683//683
f 689//689 871//871 688//688
f 871//871 687//687 688//688
f 565//565 566//566 451//451
f 566//566 567//567 451//451
f 451//451 567//567 568//568
f 850//850 851//851 451//451
f 720//720 721//721 13//13
f 721//721 722//722 13//13
f 13//13 722//722 723//723
f 628//628 14//14 627//627
f 14//14 626//626 627//627
f 628//628 629//629 14//14
f 629//629 630//630 14//14
f 14//14 630//630 631//631
f 645//645 646//646 450//450
f 653//653 450//450 652//652
f 664//664 665//665 747//747
f 665//665 666//666 747//747
f 747//747 666//666 667//667
f 880//880 881//881 673//673
f 497//497 498//498 450//450
f 498//498 499//499 450//450
f 450//450 499//499 500//500
f 510//510 511//511 450//450
f 511//511 512//512 450//450
f 450//450 512//512 513//513
f 517//517 518//518 450//450
f 518//518 519//519 450//450
f 450//450 519//519 520//520
f 520//520 521//521 450//450
f 521//521 522//522 450//450
f 450//450 522//522 523//523
f 584//584 832//832 583//583
f 832//832 833//833 583//583
f 583//583 833//833 582//582
f 833//833 834//834 582//582
f 582//582 834//834 835//835
f 827//827 828//828 585//585
f 828//828 829//829 585//585
f 585//585 829//829 584//584
f 829//829 830//830 584//584
f 584//584 830//830 831//831
f 588//588 589//589 823//823
f 589//589 590//590 823//823
f 823//823 590//590 822//822
f 590//590 591//591 822//822
f 822//822 591//591 592//592
f 692//692 870//870 691//691
f 870//870 871//871 691//691
f 691//691 871//871 690//690
f 871//871 689//689 690//690
f 692//692 693//693 870//870
f 693//693 694//694 870//870
f 870//870 694//694 695//695
f 700//700 701//701 869//869
f 701//701 702//702 869//869
f 869//869 702//702 703//703
f 857//857 13//13 856//856
f 13//13 855//855 856//856
f 602//602 603//603 14//14
f 603//603 604//604 14//14
f 14//14 604//604 605//605
f 605//605 606//606 14//14
f 606//606 607//607 14//14
f 14//14 607//607 608//608
f 658//658 659//659 747//747
f 746//746 671//671 745//745
f 671//671 672//672 745//745
f 745//745 672//672 888//888
f 672//672 673//673 888//888
f 888//888 673//673 887//887
f 500//500 501//501 450//450
f 501//501 502//502 450//450
f 450//450 502//502 503//503
f 505//505 506//506 450//450
f 506//506 507//507 450//450
f 450//450 507//507 508//508
f 523//523 524//524 450//450
f 524//524 525//525 450//450
f 450//450 525//525 526//526
f 676//676 677//677 873//873
f 677//677 678//678 873//873
f 873//873 678//678 679//679
f 683//683 684//684 872//872
f 684//684 685//685 872//872
f 872//872 685//685 871//871
f 685//685 686//686 871//871
f 871//871 686//686 687//687
f 695//695 696//696 870//870
f 696//696 697//697 870//870
f 870//870 697//697 869//869
f 697//697 698//698 869//869
f 869//869 698//698 699//699
f 840//840 841//841 451//451
f 841//841 842//842 451//451
f 845//845 846//846 451//451
f 846//846 847//847 451//451
f 851//851 852//852 451//451
f 852//852 853//853 451//451
f 451//451 853//853 13//13
f 853//853 854//854 13//13
f 13//13 854//854 855//855
f 857//857 858//858 13//13
f 858//858 859//859 13//13
f 13//13 859//859 860//860
f 608//608 609//609 14//14
f 609//609 610//610 14//14
f 14//14 610//610 611//611
f 611//611 612//612 14//14
f 612//612 613//613 14//14
f 14//14 613//613 614//614
f 614//614 615//615 14//14
f 615//615 616//616 14//14
f 14//14 616//616 617//617
f 617//617 618//618 14//14
f 618//618 619//619 14//14
f 14//14 619//619 620//620
f 623//623 624//624 14//14
f 624//624 625//625 14//14
f 14//14 625//625 626//626
f 810//810 811//811 460//460
f 811//811 812//812 460//460
f 460//460 812//812 813//813
f 813//813 814//814 460//460
f 814//814 815//815 460//460
f 460//460 815//815 816//816
f 600//600 457//457 817//817
f 457//457 458//458 817//817
f 817//817 458//458 816//816
f 458//458 459//459 816//816
f 816//816 459//459 460//460
f 641//641 642//642 14//14
f 642//642 643//643 14//14
f 14//14 643//643 450//450
f 643//643 644//644 450//450
f 450//450 644//644 645//645
f 646//646 647//647 450//450
f 647//647 648//648 450//450
f 450//450 648//648 649//649
f 801//801 460//460 461//461
f 659//659 660//660 747//747
f 660//660 661//661 747//747
f 747//747 661//661 662//662
f 874//874 673//673 873//873
f 673//673 674//674 873//873
f 873//873 674//674 675//675
f 881//881 882//882 673//673
f 882//882 883//883 673//673
f 673//673 883//883 884//884
f 842//842 843//843 451//451
f 843//843 844//844 451//451
f 451//451 844//844 845//845
f 847//847 848//848 451//451
f 848//848 849//849 451//451
f 451//451 849//849 850//850
f 860//860 861//861 13//13
f 861//861 862//862 13//13
f 13//13 862//862 863//863
f 620//620 621//621 14//14
f 621//621 622//622 14//14
f 14//14 622//622 623//623
f 465//465 466//466 800//800
f 466//466 467//467 800//800
f 667//667 668//668 747//747
f 668//668 669//669 747//747
f 747//747 669//669 746//746
f 669//669 670//670 746//746
f 746//746 670//670 671//671
f 884//884 885//885 673//673
f 885//885 886//886 673//673
f 673//673 886//886 887//887
f 569//569 570//570 838//838
f 838//838 570//570 837//837
f 570//570 571//571 837//837
f 837//837 571//571 572//572
f 569//569 838//838 451//451
f 838//838 839//839 451//451
f 451//451 839//839 840//840
f 863//863 864//864 13//13
f 864//864 865//865 13//13
f 13//13 865//865 866//866
f 801//801 802//802 460//460
f 802//802 803//803 460//460
f 460//460 803//803 804//804
f 804//804 805//805 460//460
f 805//805 806//806 460//460
f 460//460 806//806 807//807
f 807//807 808//808 460//460
f 808//808 809//809 460//460
f 460//460 809//809 810//810
f 649//649 650//650 450//450
f 650//650 651//651 450//450
f 450//450 651//651 652//652
f 461//461 462//462 801//801
f 462//462 463//463 801//801
f 801//801 463//463 800//800
f 463//463 464//464 800//800
f 800//800 464//464 465//465
f 874//874 875//875 673//673
f 875//875 876//876 673//673
f 673//673 876//876 877//877
f 877//877 878//878 673//673
f 878//878 879//879 673//673
f 673//673 879//879 880//880
f 866//866 867//867 13//13
f 867//867 868//868 13//13
f 13//13 868//868 869//869
f 470//470 471//471 800//800
f 471//471 472//472 800//800
f 477//477 478//478 798//798
f 478//478 479//479 798//798
f 703//703 704//704 869//869
f 704//704 705//705 869//869
f 869//869 705//705 13//13
f 705//705 706//706 13//13
f 13//13 706//706 707//707
f 472//472 473//473 800//800
f 473//473 474//474 800//800
f 800//800 474//474 799//799
f 474//474 475//475 799//799
f 799//799 475//475 798//798
f 475//475 476//476 798//798
f 798//798 476//476 477//477
f 654//654 748//748 749//749
f 450//450 763//763 764//764
f 450//450 767//767 768//768
f 768//768 769//769 450//450
f 769//769 770//770 450//450
f 450//450 770//770 771//771
f 771//771 772//772 450//450
f 772//772 773//773 450//450
f 450//450 773//773 774//774
f 774//774 775//775 450//450
f 775//775 776//776 450//450
f 450//450 776//776 777//777
f 467//467 468//468 800//800
f 468//468 469//469 800//800
f 800//800 469//469 470//470
f 479//479 480//480 798//798
f 480//480 481//481 798//798
f 798//798 481//481 797//797
f 481//481 482//482 797//797
f 797//797 482//482 483//483
f 654//654 655//655 748//748
f 655//655 656//656 748//748
f 748//748 656//656 747//747
f 656//656 657//657 747//747
f 747//747 657//657 658//658
f 749//749 750//750 654//654
f 750//750 751//751 654//654
f 654//654 751//751 752//752
f 763//763 450//450 762//762
f 450//450 654//654 762//762
f 762//762 654//654 761//761
f 764//764 765//765 450//450
f 765//765 766//766 450//450
f 450//450 766//766 767//767
f 777//777 778//778 450//450
f 778//778 779//779 450//450
f 450//450 779//779 780//780
f 785//785 450//450 784//784
f 450//450 783//783 784//784
f 780//780 781//781 450//450
f 781//781 782//782 450//450
f 450//450 782//782 783//783
f 785//785 786//786 450//450
f 786//786 787//787 450//450
f 450//450 787//787 788//788
f 788//788 789//789 450//450
f 789//789 790//790 450//450
f 450//450 790//790 791//791
f 794//794 795//795 450//450
f 795//795 796//796 450//450
f 450//450 796//796 797//797
f 752//752 753//753 654//654
f 753//753 754//754 654//654
f 654//654 754//754 755//755
f 755//755 756//756 654//654
f 756//756 757//757 654//654
f 654//654 757//757 758//758
f 791//791 792//792 450//450
f 792//792 793//793 450//450
f 450//450 793//793 794//794
f 483//483 484//484 797//797
f 484//484 485//485 797//797
f 797//797 485//485 450//450
f 485//485 486//486 450//450
f 450//450 486//486 487//487
f 758//758 759//759 654//654
f 759//759 760//760 654//654
f 654//654 760//760 761//761
f 3//3 20//20 10//10
f 20//20 11//11 10//10
f 10//10 9//9 449//449
f 10//10 449//449 452//452
f 449//449 456//456 452//452
f 452//452 456//456 455//455
f 452//452 455//455 453//453
f 455//455 454//454 453//453
f 978//978 979//979 980//980
f 979//979 981//981 980//980
f 980//980 981//981 982//982
f 981//981 983//983 982//982
f 982//982 983//983 984//984
f 983//983 985//985 984//984
f 984//984 985//985 986//986
f 985//985 987//987 986//986
f 986//986 987//987 988//988
f 987//987 989//989 988//988
f 988//988 989//989 990//990
f 989//989 991//991 990//990
f 990//990 991//991 992//992
f 991//991 993//993 992//992
f 992//992 993//993 994//994
f 993//993 995//995 994//994
f 994//994 995//995 996//996
f 995//995 997//997 996//996
f 996//996 997//997 998//998
f 997//997 999//999 998//998
f 998//998 999//999 1000//1000
f 999//999 1001//1001 1000//1000
f 1000//1000 1001//1001 1002//1002
f 1001//1001 1003//1003 1002//1002
f 1002//1002 1003//1003 1004//1004
f 1003//1003 1005//1005 1004//1004
f 1004//1004 1005//1005 1006//1006
f 1005//1005 1007//1007 1006//1006
f 1006//1006 1007//1007 1008//1008
f 1007//1007 1009//1009 1008//1008
f 1008//1008 1009//1009 1010//1010
f 1009//1009 1011//1011 1010//1010
f 1010//1010 1011//1011 1012//1012
f 1011//1011 1013//1013 1012//1012
f 1012//1012 1013//1013 1014//1014
f 1013//1013 1015//1015 1014//1014
f 1014//1014 1015//1015 1016//1016
f 1015//1015 1017//1017 1016//1016
f 1016//1016 1017//1017 1018//1018
f 1017//1017 1019//1019 1018//1018
f 1018//1018 1019//1019 1020//1020
f 1019//1019 1021//1021 1020//1020
f 1020//1020 1021//1021 1022//1022
f 1021//1021 1023//1023 1022//1022
f 1022//1022 1023//1023 1024//1024
f 1023//1023 1025//1025 1024//1024
f 1024//1024 1025//1025 1026//1026
f 1025//1025 1027//1027 1026//1026
f 1026//1026 1027//1027 1028//1028
f 1027//1027 1029//1029 1028//1028
f 1028//1028 1029//1029 1030//1030
f 1029//1029 1031//1031 1030//1030
f 1030//1030 1031//1031 1032//1032
f 1031//1031 1033//1033 1032//1032
f 1032//1032 1033//1033 1034//1034
f 1033//1033 1035//1035 1034//1034
f 1034//1034 1035//1035 1036//1036
f 1035//1035 1037//1037 1036//1036
f 1036//1036 1037//1037 1038//1038
f 1037//1037 1039//1039 1038//1038
f 1038//1038 1039//1039 1040//1040
f 1039//1039 1041//1041 1040//1040
f 1040//1040 1041//1041 1042//1042
f 1041//1041 1043//1043 1042//1042
f 1042//1042 1043//1043 1044//1044
f 1043//1043 1045//1045 1044//1044
f 1044//1044 1045//1045 1046//1046
f 1045//1045 1047//1047 1046//1046
f 1046//1046 1047//1047 1048//1048
f 1047//1047 1049//1049 1048//1048
f 1048//1048 1049//1049 1050//1050
f 1049//1049 1051//1051 1050//1050
f 1050//1050 1051//1051 1052//1052
f 1051//1051 1053//1053 1052//1052
f 1052//1052 1053//1053 1054//1054
f 1053//1053 1055//1055 1054//1054
f 1054//1054 1055//1055 1056//1056
f 1055//1055 1057//1057 1056//1056
f 1056//1056 1057//1057 1058//1058
f 1057//1057 1059//1059 1058//1058
f 1058//1058 1059//1059 1060//1060
f 1059//1059 1061//1061 1060//1060
f 1060//1060 1061//1061 1062//1062
f 1061//1061 1063//1063 1062//1062
f 1062//1062 1063//1063 1064//1064
f 1063//1063 1065//1065 1064//1064
f 1064//1064 1065//1065 1066//1066
f 1065//1065 1067//1067 1066//1066
f 1066//1066 1067//1067 1068//1068
f 1067//1067 1069//1069 1068//1068
f 1068//1068 1069//1069 1070//1070
f 1069//1069 1071//1071 1070//1070
f 1070//1070 1071//1071 1072//1072
f 1071//1071 1073//1073 1072//1072
f 1072//1072 1073//1073 1074//1074
f 1073//1073 1075//1075 1074//1074
f 1074//1074 1075//1075 1076//1076
f 1075//1075 1077//1077 1076//1076
f 1076//1076 1077//1077 1078//1078
f 1077//1077 1079//1079 1078//1078
f 1078//1078 1079//1079 1080//1080
f 1079//1079 1081//1081 1080//1080
f 1080//1080 1081//1081 1082//1082
f 1081//1081 1083//1083 1082//1082
f 1082//1082 1083//1083 1084//1084
f 1083//1083 1085//1085 1084//1084
f 1084//1084 1085//1085 1086//1086
f 1085//1085 1087//1087 1086//1086
f 1086//1086 1087//1087 1088//1088
f 1087//1087 1089//1089 1088//1088
f 1088//1088 1089//1089 1090//1090
f 1089//1089 1091//1091 1090//1090
f 1090//1090 1091//1091 1092//1092
f 1091//1091 1093//1093 1092//1092
f 1092//1092 1093//1093 1094//1094
f 1093//1093 1095//1095 1094//1094
f 1094//1094 1095//1095 1096//1096
f 1095//1095 1097//1097 1096//1096
f 1096//1096 1097//1097 1098//1098
f 1097//1097 1099//1099 1098//1098
f 1098//1098 1099//1099 1100//1100
f 1099//1099 1101//1101 1100//1100
f 1100//1100 1101//1101 1102//1102
f 1101//1101 1103//1103 1102//1102
f 1102//1102 1103//1103 1104//1104
f 1103//1103 1105//1105 1104//1104
f 1104//1104 1105//1105 1106//1106
f 1105//1105 1107//1107 1106//1106
f 1106//1106 1107//1107 1108//1108
f 1107//1107 1109//1109 1108//1108
f 1108//1108 1109//1109 1110//1110
f 1109//1109 1111//1111 1110//1110
f 1110//1110 1111//1111 1112//1112
f 1111//1111 1113//1113 1112//1112
f 1112//1112 1113//1113 1114//1114
f 1113//1113 1115//1115 1114//1114
f 1114//1114 1115//1115 1116//1116
f 1115//1115 1117//1117 1116//1116
f 1116//1116 1117//1117 1118//1118
f 1117//1117 1119//1119 1118//1118
f 1118//1118 1119//1119 1120//1120
f 1119//1119 1121//1121 1120//1120
f 1120//1120 1121//1121 1122//1122
f 1121//1121 1123//1123 1122//1122
f 1122//1122 1123//1123 1124//1124
f 1123//1123 1125//1125 1124//1124
f 1124//1124 1125//1125 1126//1126
f 1125//1125 1127//1127 1126//1126
f 1126//1126 1127//1127 1128//1128
f 1127//1127 1129//1129 1128//1128
f 1128//1128 1129//1129 1130//1130
f 1129//1129 1131//1131 1130//1130
f 1130//1130 1131//1131 1132//1132
f 1131//1131 1133//1133 1132//1132
f 1132//1132 1133//1133 1134//1134
f 1133//1133 1135//1135 1134//1134
f 1134//1134 1135//1135 1136//1136
f 1135//1135 1137//1137 1136//1136
f 1136//1136 1137//1137 1138//1138
f 1137//1137 1139//1139 1138//1138
f 1138//1138 1139//1139 1140//1140
f 1139//1139 1141//1141 1140//1140
f 1140//1140 1141//1141 1142//1142
f 1141//1141 1143//1143 1142//1142
f 1142//1142 1143//1143 1144//1144
f 1143//1143 1145//1145 1144//1144
f 1144//1144 1145//1145 1146//1146
f 1145//1145 1147//1147 1146//1146
f 1146//1146 1147//1147 1148//1148
f 1147//1147 1149//1149 1148//1148
f 1148//1148 1149//1149 1150//1150
f 1149//1149 1151//1151 1150//1150
f 1150//1150 1151//1151 1152//1152
f 1151//1151 1153//1153 1152//1152
f 1152//1152 1153//1153 1154//1154
f 1153//1153 1155//1155 1154//1154
f 1154//1154 1155//1155 1156//1156
f 1155//1155 1157//1157 1156//1156
f 1156//1156 1157//1157 1158//1158
f 1157//1157 1159//1159 1158//1158
f 1158//1158 1159//1159 1160//1160
f 1159//1159 1161//1161 1160//1160
f 1160//1160 1161//1161 1162//1162
f 1161//1161 1163//1163 1162//1162
f 1162//1162 1163//1163 1164//1164
f 1163//1163 1165//1165 1164//1164
f 1164//1164 1165//1165 1166//1166
f 1165//1165 1167//1167 1166//1166
f 1166//1166 1167//1167 1168//1168
f 1167//1167 1169//1169 1168//1168
f 1168//1168 1169//1169 1170//1170
f 1169//1169 1171//1171 1170//1170
f 1170//1170 1171//1171 1172//1172
f 1171//1171 1173//1173 1172//1172
f 1172//1172 1173//1173 1174//1174
f 1173//1173 1175//1175 1174//1174
f 1174//1174 1175//1175 1176//1176
f 1175//1175 1177//1177 1176//1176
f 1176//1176 1177//1177 1178//1178
f 1177//1177 1179//1179 1178//1178
f 1178//1178 1179//1179 1180//1180
f 1179//1179 1181//1181 1180//1180
f 1180//1180 1181//1181 1182//1182
f 1181//1181 1183//1183 1182//1182
f 1182//1182 1183//1183 1184//1184
f 1183//1183 1185//1185 1184//1184
f 1184//1184 1185//1185 1186//1186
f 1185//1185 1187//1187 1186//1186
f 1186//1186 1187//1187 1188//1188
f 1187//1187 1189//1189 1188//1188
f 1188//1188 1189//1189 1190//1190
f 1189//1189 1191//1191 1190//1190
f 1190//1190 1191//1191 1192//1192
f 1191//1191 1193//1193 1192//1192
f 1192//1192 1193//1193 1194//1194
f 1193//1193 1195//1195 1194//1194
f 1194//1194 1195//1195 1196//1196
f 1195//1195 1197//1197 1196//1196
f 1196//1196 1197//1197 1198//1198
f 1197//1197 1199//1199 1198//1198
f 1198//1198 1199//1199 1200//1200
f 1199//1199 1201//1201 1200//1200
f 1200//1200 1201//1201 1202//1202
f 1201//1201 1203//1203 1202//1202
f 1202//1202 1203//1203 1204//1204
f 1203//1203 1205//1205 1204//1204
f 1204//1204 1205//1205 1206//1206
f 1205//1205 1207//1207 1206//1206
f 1206//1206 1207//1207 1208//1208
f 1207//1207 1209//1209 1208//1208
f 1208//1208 1209//1209 1210//1210
f 1209//1209 1211//1211 1210//1210
f 1210//1210 1211//1211 1212//1212
f 1211//1211 1213//1213 1212//1212
f 1212//1212 1213//1213 1214//1214
f 1213//1213 1215//1215 1214//1214
f 1214//1214 1215//1215 1216//1216
f 1215//1215 1217//1217 1216//1216
f 1216//1216 1217//1217 1218//1218
f 1217//1217 1219//1219 1218//1218
f 1218//1218 1219//1219 1220//1220
f 1219//1219 1221//1221 1220//1220
f 1220//1220 1221//1221 1222//1222
f 1221//1221 1223//1223 1222//1222
f 1222//1222 1223//1223 1224//1224
f 1223//1223 1225//1225 1224//1224
f 1224//1224 1225//1225 1226//1226
f 1225//1225 1227//1227 1226//1226
f 1226//1226 1227//1227 1228//1228
f 1227//1227 1229//1229 1228//1228
f 1228//1228 1229//1229 1230//1230
f 1229//1229 1231//1231 1230//1230
f 1230//1230 1231//1231 1232//1232
f 1231//1231 1233//1233 1232//1232
f 1232//1232 1233//1233 1234//1234
f 1233//1233 1235//1235 1234//1234
f 1234//1234 1235//1235 1236//1236
f 1235//1235 1237//1237 1236//1236
f 1236//1236 1237//1237 1238//1238
f 1237//1237 1239//1239 1238//1238
f 1238//1238 1239//1239 1240//1240
f 1239//1239 1241//1241 1240//1240
f 1240//1240 1241//1241 1242//1242
f 1241//1241 1243//1243 1242//1242
f 1242//1242 1243//1243 1244//1244
f 1243//1243 1245//1245 1244//1244
f 1244//1244 1245//1245 1246//1246
f 1245//1245 1247//1247 1246//1246
f 1246//1246 1247//1247 1248//1248
f 1247//1247 1249//1249 1248//1248
f 1248//1248 1249//1249 1250//1250
f 1249//1249 1251//1251 1250//1250
f 1250//1250 1251//1251 1252//1252
f 1251//1251 1253//1253 1252//1252
f 1252//1252 1253//1253 1254//1254
f 1253//1253 1255//1255 1254//1254
f 1254//1254 1255//1255 1256//1256
f 1255//1255 1257//1257 1256//1256
f 1256//1256 1257//1257 1258//1258
f 1257//1257 1259//1259 1258//1258
f 1258//1258 1259//1259 1260//1260
f 1259//1259 1261//1261 1260//1260
f 1260//1260 1261//1261 1262//1262
f 1261//1261 1263//1263 1262//1262
f 1262//1262 1263//1263 1264//1264
f 1263//1263 1265//1265 1264//1264
f 1264//1264 1265//1265 978//978
f 1265//1265 979//979 978//978
f 1266//1266 1011//1011 1267//1267
f 1011//1011 1009//1009 1267//1267
f 1267//1267 1009//1009 1268//1268
f 1009//1009 1007//1007 1268//1268
f 1268//1268 1007//1007 1269//1269
f 1007//1007 1005//1005 1269//1269
f 1269//1269 1005//1005 1270//1270
f 1005//1005 1003//1003 1270//1270
f 1270//1270 1003//1003 1271//1271
f 1003//1003 1001//1001 1271//1271
f 1271//1271 1001//1001 1272//1272
f 1001//1001 999//999 1272//1272
f 1272//1272 999//999 1273//1273
f 999//999 997//997 1273//1273
f 1273//1273 997//997 1274//1274
f 997//997 995//995 1274//1274
f 1274//1274 995//995 1275//1275
f 995//995 993//993 1275//1275
f 1275//1275 993//993 1276//1276
f 993//993 991//991 1276//1276
f 1276//1276 991//991 1277//1277
f 991//991 989//989 1277//1277
f 1277//1277 989//989 1278//1278
f 989//989 987//987 1278//1278
f 1278//1278 987//987 1279//1279
f 987//987 985//985 1279//1279
f 1279//1279 985//985 1280//1280
f 985//985 983//983 1280//1280
f 1280//1280 983//983 1281//1281
f 983//983 981//981 1281//1281
f 1281//1281 981//981 1282//1282
f 981//981 979//979 1282//1282
f 1282//1282 979//979 1283//1283
f 979//979 1265//1265 1283//1283
f 1283//1283 1265//1265 1284//1284
f 1265//1265 1263//1263 1284//1284
f 1284//1284 1263//1263 1285//1285
f 1263//1263 1261//1261 1285//1285
f 1285//1285 1261//1261 1286//1286
f 1261//1261 1259//1259 1286//1286
f 1286//1286 1259//1259 1287//1287
f 1259//1259 1257//1257 1287//1287
f 1287//1287 1257//1257 1288//1288
f 1257//1257 1255//1255 1288//1288
f 1288//1288 1255//1255 1289//1289
f 1255//1255 1253//1253 1289//1289
f 1289//1289 1253//1253 1290//1290
f 1253//1253 1251//1251 1290//1290
f 1290//1290 1251//1251 1291//1291
f 1251//1251 1249//1249 1291//1291
f 1291//1291 1249//1249 1292//1292
f 1249//1249 1247//1247 1292//1292
f 1292//1292 1247//1247 1293//1293
f 1247//1247 1245//1245 1293//1293
f 1293//1293 1245//1245 1294//1294
f 1245//1245 1243//1243 1294//1294
f 1294//1294 1243//1243 1295//1295
f 1243//1243 1241//1241 1295//1295
f 1295//1295 1241//1241 1296//1296
f 1241//1241 1239//1239 1296//1296
f 1296//1296 1239//1239 1297//1297
f 1239//1239 1237//1237 1297//1297
f 1297//1297 1237//1237 1298//1298
f 1237//1237 1235//1235 1298//1298
f 1298//1298 1235//1235 1299//1299
f 1235//1235 1233//1233 1299//1299
f 1299//1299 1233//1233 1300//1300
f 1233//1233 1231//1231 1300//1300
f 1300//1300 1231//1231 1301//1301
f 1231//1231 1229//1229 1301//1301
f 1301//1301 1229//1229 1302//1302
f 1229//1229 1227//1227 1302//1302
f 1302//1302 1227//1227 1303//1303
f 1227//1227 1225//1225 1303//1303
f 1303//1303 1225//1225 1304//1304
f 1225//1225 1223//1223 1304//1304
f 1304//1304 1223//1223 1305//1305
f 1223//1223 1221//1221 1305//1305
f 1305//1305 1221//1221 1306//1306
f 1221//1221 1219//1219 1306//1306
f 1306//1306 1219//1219 1307//1307
f 1219//1219 1217//1217 1307//1307
f 1307//1307 1217//1217 1308//1308
f 1217//1217 1215//1215 1308//1308
f 1308//1308 1215//1215 1309//1309
f 1215//1215 1213//1213 1309//1309
f 1309//1309 1213//1213 1310//1310
f 1213//1213 1211//1211 1310//1310
f 1310//1310 1211//1211 1311//1311
f 1211//1211 1209//1209 1311//1311
f 1311//1311 1209//1209 1312//1312
f 1209//1209 1207//1207 1312//1312
f 1312//1312 1207//1207 1313//1313
f 1207//1207 1205//1205 1313//1313
f 1313//1313 1205//1205 1314//1314
f 1205//1205 1203//1203 1314//1314
f 1314//1314 1203//1203 1315//1315
f 1203//1203 1201//1201 1315//1315
f 1315//1315 1201//1201 1316//1316
f 1201//1201 1199//1199 1316//1316
f 1316//1316 1199//1199 1317//1317
f 1199//1199 1197//1197 1317//1317
f 1317//1317 1197//1197 1318//1318
f 1197//1197 1195//1195 1318//1318
f 1318//1318 1195//1195 1319//1319
f 1195//1195 1193//1193 1319//1319
f 1319//1319 1193//1193 1320//1320
f 1193//1193 1191//1191 1320//1320
f 1320//1320 1191//1191 1321//1321
f 1191//1191 1189//1189 1321//1321
f 1321//1321 1189//1189 1322//1322
f 1189//1189 1187//1187 1322//1322
f 1322//1322 1187//1187 1323//1323
f 1187//1187 1185//1185 1323//1323
f 1323//1323 1185//1185 1324//1324
f 1185//1185 1183//1183 1324//1324
f 1324//1324 1183//1183 1325//1325
f 1183//1183 1181//1181 1325//1325
f 1325//1325 1181//1181 1326//1326
f 1181//1181 1179//1179 1326//1326
f 1326//1326 1179//1179 1327//1327
f 1179//1179 1177//1177 1327//1327
f 1327//1327 1177//1177 1328//1328
f 1177//1177 1175//1175 1328//1328
f 1328//1328 1175//1175 1329//1329
f 1175//1175 1173//1173 1329//1329
f 1329//1329 1173//1173 1330//1330
f 1173//1173 1171//1171 1330//1330
f 1330//1330 1171//1171 1331//1331
f 1171//1171 1169//1169 1331//1331
f 1331//1331 1169//1169 1332//1332
f 1169//1169 1167//1167 1332//1332
f 1332//1332 1167//1167 1333//1333
f 1167//1167 1165//1165 1333//1333
f 1333//1333 1165//1165 1334//1334
f 1165//1165 1163//1163 1334//1334
f 1334//1334 1163//1163 1335//1335
f 1163//1163 1161//1161 1335//1335
f 1335//1335 1161//1161 1336//1336
f 1161//1161 1159//1159 1336//1336
f 1336//1336 1159//1159 1337//1337
f 1159//1159 1157//1157 1337//1337
f 1337//1337 1157//1157 1338//1338
f 1157//1157 1155//1155 1338//1338
f 1338//1338 1155//1155 1339//1339
f 1155//1155 1153//1153 1339//1339
f 1339//1339 1153//1153 1340//1340
f 1153//1153 1151//1151 1340//1340
f 1340//1340 1151//1151 1341//1341
f 1151//1151 1149//1149 1341//1341
f 1341//1341 1149//1149 1342//1342
f 1149//1149 1147//1147 1342//1342
f 1342//1342 1147//1147 1343//1343
f 1147//1147 1145//1145 1343//1343
f 1343//1343 1145//1145 1344//1344
f 1145//1145 1143//1143 1344//1344
f 1344//1344 1143//1143 1345//1345
f 1143//1143 1141//1141 1345//1345
f 1345//1345 1141//1141 1346//1346
f 1141//1141 1139//1139 1346//1346
f 1346//1346 1139//1139 1347//1347
f 1139//1139 1137//1137 1347//1347
f 1347//1347 1137//1137 1348//1348
f 1137//1137 1135//1135 1348//1348
f 1348//1348 1135//1135 1349//1349
f 1135//1135 1133//1133 1349//1349
f 1349//1349 1133//1133 1350//1350
f 1133//1133 1131//1131 1350//1350
f 1350//1350 1131//1131 1351//1351
f 1131//1131 1129//1129 1351//1351
f 1351//1351 1129//1129 1352//1352
f 1129//1129 1127//1127 1352//1352
f 1352//1352 1127//1127 1353//1353
f 1127//1127 1125//1125 1353//1353
f 1353//1353 1125//1125 1354//1354
f 1125//1125 1123//1123 1354//1354
f 1354//1354 1123//1123 1355//1355
f 1123//1123 1121//1121 1355//1355
f 1355//1355 1121//1121 1356//1356
f 1121//1121 1119//1119 1356//1356
f 1356//1356 1119//1119 1357//1357
f 1119//1119 1117//1117 1357//1357
f 1357//1357 1117//1117 1358//1358
f 1117//1117 1115//1115 1358//1358
f 1358//1358 1115//1115 1359//1359
f 1115//1115 1113//1113 1359//1359
f 1359//1359 1113//1113 1360//1360
f 1113//1113 1111//1111 1360//1360
f 1360//1360 1111//1111 1361//1361
f 1111//1111 1109//1109 1361//1361
f 1361//1361 1109//1109 1362//1362
f 1109//1109 1107//1107 1362//1362
f 1362//1362 1107//1107 1363//1363
f 1107//1107 1105//1105 1363//1363
f 1363//1363 1105//1105 1364//1364
f 1105//1105 1103//1103 1364//1364
f 1364//1364 1103//1103 1365//1365
f 1103//1103 1101//1101 1365//1365
f 1365//1365 1101//1101 1366//1366
f 1101//1101 1099//1099 1366//1366
f 1366//1366 1099//1099 1367//1367
f 1099//1099 1097//1097 1367//1367
f 1367//1367 1097//1097 1368//1368
f 1097//1097 1095//1095 1368//1368
f 1368//1368 1095//1095 1369//1369
f 1095//1095 1093//1093 1369//1369
f 1369//1369 1093//1093 1370//1370
f 1093//1093 1091//1091 1370//1370
f 1370//1370 1091//1091 1371//1371
f 1091//1091 1089//1089 1371//1371
f 1371//1371 1089//1089 1372//1372
f 1089//1089 1087//1087 1372//1372
f 1372//1372 1087//1087 1373//1373
f 1087//1087 1085//1085 1373//1373
f 1373//1373 1085//1085 1374//1374
f 1085//1085 1083//1083 1374//1374
f 1374//1374 1083//1083 1375//1375
f 1083//1083 1081//1081 1375//1375
f 1375//1375 1081//1081 1376//1376
f 1081//1081 1079//1079 1376//1376
f 1376//1376 1079//1079 1377//1377
f 1079//1079 1077//1077 1377//1377
f 1377//1377 1077//1077 1378//1378
f 1077//1077 1075//1075 1378//1378
f 1378//1378 1075//1075 1379//1379
f 1075//1075 1073//1073 1379//1379
f 1379//1379 1073//1073 1380//1380
f 1073//1073 1071//1071 1380//1380
f 1380//1380 1071//1071 1381//1381
f 1071//1071 1069//1069 1381//1381
f 1381//1381 1069//1069 1382//1382
f 1069//1069 1067//1067 1382//1382
f 1382//1382 1067//1067 1383//1383
f 1067//1067 1065//1065 1383//1383
f 1383//1383 1065//1065 1384//1384
f 1065//1065 1063//1063 1384//1384
f 1384//1384 1063//1063 1385//1385
f 1063//1063 1061//1061 1385//1385
f 1385//1385 1061//1061 1386//1386
f 1061//1061 1059//1059 1386//1386
f 1386//1386 1059//1059 1387//1387
f 1059//1059 1057//1057 1387//1387
f 1387//1387 1057//1057 1388//1388
f 1057//1057 1055//1055 1388//1388
f 1388//1388 1055//1055 1389//1389
f 1055//1055 1053//1053 1389//1389
f 1389//1389 1053//1053 1390//1390
f 1053//1053 1051//1051 1390//1390
f 1390//1390 1051//1051 1391//1391
f 1051//1051 1049//1049 1391//1391
f 1391//1391 1049//1049 1392//1392
f 1049//1049 1047//1047 1392//1392
f 1392//1392 1047//1047 1393//1393
f 1047//1047 1045//1045 1393//1393
f 1393//1393 1045//1045 1394//1394
f 1045//1045 1043//1043 1394//1394
f 1394//1394 1043//1043 1395//1395
f 1043//1043 1041//1041 1395//1395
f 1395//1395 1041//1041 1396//1396
f 1041//1041 1039//1039 1396//1396
f 1396//1396 1039//1039 1397//1397
f 1039//1039 1037//1037 1397//1397
f 1397//1397 1037//1037 1398//1398
f 1037//1037 1035//1035 1398//1398
f 1398//1398 1035//1035 1399//1399
f 1035//1035 1033//1033 1399//1399
f 1399//1399 1033//1033 1400//1400
f 1033//1033 1031//1031 1400//1400
f 1400//1400 1031//1031 1401//1401
f 1031//1031 1029//1029 1401//1401
f 1401//1401 1029//1029 1402//1402
f 1029//1029 1027//1027 1402//1402
f 1402//1402 1027//1027 1403//1403
f 1027//1027 1025//1025 1403//1403
f 1403//1403 1025//1025 1404//1404
f 1025//1025 1023//1023 1404//1404
f 1404//1404 1023//1023 1405//1405
f 1023//1023 1021//1021 1405//1405
f 1405//1405 1021//1021 1406//1406
f 1021//1021 1019//1019 1406//1406
f 1406//1406 1019//1019 1407//1407
f 1019//1019 1017//1017 1407//1407
f 1407//1407 1017//1017 1408//1408
f 1017//1017 1015//1015 1408//1408
f 1408//1408 1015//1015 1409//1409
f 1015//1015 1013//1013 1409//1409
f 1409//1409 1013//1013 1266//1266
f 1013//1013 1011//1011 1266//1266
f 1410//1410 1411//1411 1412//1412
f 1411//1411 1413//1413 1412//1412
f 1412//1412 1413//1413 1414//1414
f 1413//1413 1415//1415 1414//1414
f 1414//1414 1415//1415 1416//1416
f 1415//1415 1417//1417 1416//1416
f 1416//1416 1417//1417 1418//1418
f 1417//1417 1419//1419 1418//1418
f 1418//1418 1419//1419 1420//1420
f 1419//1419 1421//1421 1420//1420
f 1420//1420 1421//1421 909//909
f 1421//1421 1422//1422 909//909
f 909//909 1422//1422 1423//1423
f 1422//1422 1424//1424 1423//1423
f 1423//1423 1424//1424 908//908
f 1424//1424 1425//1425 908//908
f 908//908 1425//1425 1426//1426
f 1425//1425 1427//1427 1426//1426
f 1426//1426 1427//1427 1428//1428
f 1427//1427 1429//1429 1428//1428
f 1428//1428 1429//1429 1430//1430
f 1429//1429 1431//1431 1430//1430
f 1430//1430 1431//1431 907//907
f 1431//1431 1432//1432 907//907
f 907//907 1432//1432 1433//1433
f 1432//1432 1434//1434 1433//1433
f 1433//1433 1434//1434 1435//1435
f 1434//1434 1436//1436 1435//1435
f 1435//1435 1436//1436 1437//1437
f 1436//1436 1438//1438 1437//1437
f 1437//1437 1438//1438 1439//1439
f 1438//1438 1440//1440 1439//1439
f 1439//1439 1440//1440 1441//1441
f 1440//1440 1442//1442 1441//1441
f 1441//1441 1442//1442 1443//1443
f 1442//1442 1444//1444 1443//1443
f 1443//1443 1444//1444 1445//1445
f 1444//1444 1446//1446 1445//1445
f 1445//1445 1446//1446 1447//1447
f 1446//1446 1448//1448 1447//1447
f 1447//1447 1448//1448 1449//1449
f 1448//1448 1450//1450 1449//1449
f 1449//1449 1450//1450 1451//1451
f 1450//1450 1452//1452 1451//1451
f 1451//1451 1452//1452 1453//1453
f 1452//1452 1454//1454 1453//1453
f 1453//1453 1454//1454 906//906
f 1454//1454 1455//1455 906//906
f 906//906 1455//1455 1456//1456
f 1455//1455 1457//1457 1456//1456
f 1456//1456 1457//1457 905//905
f 1457//1457 1458//1458 905//905
f 905//905 1458//1458 904//904
f 1458//1458 1459//1459 904//904
f 904//904 1459//1459 1460//1460
f 1459//1459 1461//1461 1460//1460
f 1460//1460 1461//1461 1462//1462
f 1461//1461 1463//1463 1462//1462
f 1462//1462 1463//1463 1464//1464
f 1463//1463 1465//1465 1464//1464
f 1464//1464 1465//1465 1466//1466
f 1465//1465 1467//1467 1466//1466
f 1466//1466 1467//1467 1468//1468
f 1467//1467 1469//1469 1468//1468
f 1468//1468 1469//1469 1470//1470
f 1469//1469 1471//1471 1470//1470
f 1470//1470 1471//1471 903//903
f 1471//1471 1472//1472 903//903
f 903//903 1472//1472 1473//1473
f 1472//1472 1474//1474 1473//1473
f 1473//1473 1474//1474 1475//1475
f 1474//1474 1476//1476 1475//1475
f 1475//1475 1476//1476 1477//1477
f 1476//1476 1478//1478 1477//1477
f 1477//1477 1478//1478 1479//1479
f 1478//1478 1480//1480 1479//1479
f 1479//1479 1480//1480 1481//1481
f 1480//1480 1482//1482 1481//1481
f 1481//1481 1482//1482 1483//1483
f 1482//1482 1484//1484 1483//1483
f 1483//1483 1484//1484 1485//1485
f 1484//1484 1486//1486 1485//1485
f 1485//1485 1486//1486 902//902
f 1486//1486 1487//1487 902//902
f 902//902 1487//1487 901//901
f 1487//1487 1488//1488 901//901
f 901//901 1488//1488 1489//1489
f 1488//1488 1490//1490 1489//1489
f 1489//1489 1490//1490 1491//1491
f 1490//1490 1492//1492 1491//1491
f 1491//1491 1492//1492 1493//1493
f 1492//1492 1494//1494 1493//1493
f 1493//1493 1494//1494 1495//1495
f 1494//1494 1496//1496 1495//1495
f 1495//1495 1496//1496 1497//1497
f 1496//1496 1498//1498 1497//1497
f 1497//1497 1498//1498 1499//1499
f 1498//1498 1500//1500 1499//1499
f 1499//1499 1500//1500 1501//1501
f 1500//1500 1502//1502 1501//1501
f 1501//1501 1502//1502 1503//1503
f 1502//1502 1504//1504 1503//1503
f 1503//1503 1504//1504 1505//1505
f 1504//1504 1506//1506 1505//1505
f 1505//1505 1506//1506 1507//1507
f 1506//1506 1508//1508 1507//1507
f 1507//1507 1508//1508 1509//1509
f 1508//1508 1510//1510 1509//1509
f 1509//1509 1510//1510 1511//1511
f 1510//1510 1512//1512 1511//1511
f 1511//1511 1512//1512 1513//1513
f 1512//1512 1514//1514 1513//1513
f 1513//1513 1514//1514 1515//1515
f 1514//1514 1516//1516 1515//1515
f 1515//1515 1516//1516 1517//1517
f 1516//1516 1518//1518 1517//1517
f 1517//1517 1518//1518 1519//1519
f 1518//1518 1520//1520 1519//1519
f 1519//1519 1520//1520 1521//1521
f 1520//1520 1522//1522 1521//1521
f 1521//1521 1522//1522 900//900
f 1522//1522 1523//1523 900//900
f 900//900 1523//1523 1524//1524
f 1523//1523 1525//1525 1524//1524
f 1524//1524 1525//1525 1526//1526
f 1525//1525 1527//1527 1526//1526
f 1526//1526 1527//1527 1528//1528
f 1527//1527 1529//1529 1528//1528
f 1528//1528 1529//1529 1530//1530
f 1529//1529 1531//1531 1530//1530
f 1530//1530 1531//1531 1532//1532
f 1531//1531 1533//1533 1532//1532
f 1532//1532 1533//1533 1534//1534
f 1533//1533 1535//1535 1534//1534
f 1534//1534 1535//1535 1536//1536
f 1535//1535 1537//1537 1536//1536
f 1536//1536 1537//1537 1538//1538
f 1537//1537 1539//1539 1538//1538
f 1538//1538 1539//1539 1540//1540
f 1539//1539 1541//1541 1540//1540
f 1540//1540 1541//1541 1542//1542
f 1541//1541 1543//1543 1542//1542
f 1542//1542 1543//1543 1544//1544
f 1543//1543 1545//1545 1544//1544
f 1544//1544 1545//1545 1546//1546
f 1545//1545 1547//1547 1546//1546
f 1546//1546 1547//1547 1548//1548
f 1547//1547 1549//1549 1548//1548
f 1548//1548 1549//1549 1550//1550
f 1549//1549 1551//1551 1550//1550
f 1550//1550 1551//1551 1552//1552
f 1551//1551 1553//1553 1552//1552
f 1552//1552 1553//1553 1554//1554
f 1553//1553 1555//1555 1554//1554
f 1554//1554 1555//1555 1556//1556
f 1555//1555 1557//1557 1556//1556
f 1556//1556 1557//1557 1558//1558
f 1557//1557 1559//1559 1558//1558
f 1558//1558 1559//1559 1560//1560
f 1559//1559 1561//1561 1560//1560
f 1560//1560 1561//1561 1562//1562
f 1561//1561 1563//1563 1562//1562
f 1562//1562 1563//1563 899//899
f 1563//1563 1564//1564 899//899
f 899//899 1564//1564 898//898
f 1564//1564 1565//1565 898//898
f 898//898 1565//1565 1566//1566
f 1565//1565 1567//1567 1566//1566
f 1566//1566 1567//1567 1568//1568
f 1567//1567 1569//1569 1568//1568
f 1568//1568 1569//1569 1570//1570
f 1569//1569 1571//1571 1570//1570
f 1570//1570 1571//1571 897//897
f 1571//1571 1572//1572 897//897
f 897//897 1572//1572 1573//1573
f 1572//1572 1574//1574 1573//1573
f 1573//1573 1574//1574 1575//1575
f 1574//1574 1576//1576 1575//1575
f 1575//1575 1576//1576 1577//1577
f 1576//1576 1578//1578 1577//1577
f 1577//1577 1578//1578 1579//1579
f 1578//1578 1580//1580 1579//1579
f 1579//1579 1580//1580 1581//1581
f 1580//1580 1582//1582 1581//1581
f 1581//1581 1582//1582 896//896
f 1582//1582 1583//1583 896//896
f 896//896 1583//1583 1584//1584
f 1583//1583 1585//1585 1584//1584
f 1584//1584 1585//1585 1586//1586
f 1585//1585 1587//1587 1586//1586
f 1586//1586 1587//1587 1588//1588
f 1587//1587 1589//1589 1588//1588
f 1588//1588 1589//1589 1590//1590
f 1589//1589 1591//1591 1590//1590
f 1590//1590 1591//1591 1592//1592
f 1591//1591 1593//1593 1592//1592
f 1592//1592 1593//1593 1594//1594
f 1593//1593 1595//1595 1594//1594
f 1594//1594 1595//1595 1596//1596
f 1595//1595 1597//1597 1596//1596
f 1596//1596 1597//1597 895//895
f 1597//1597 1598//1598 895//895
f 895//895 1598//1598 1599//1599
f 1598//1598 1600//1600 1599//1599
f 1599//1599 1600//1600 1601//1601
f 1600//1600 1602//1602 1601//1601
f 1601//1601 1602//1602 1603//1603
f 1602//1602 1604//1604 1603//1603
f 1603//1603 1604//1604 1605//1605
f 1604//1604 1606//1606 1605//1605
f 1605//1605 1606//1606 1607//1607
f 1606//1606 1608//1608 1607//1607
f 1607//1607 1608//1608 1609//1609
f 1608//1608 1610//1610 1609//1609
f 1609//1609 1610//1610 1611//1611
f 1610//1610 1612//1612 1611//1611
f 1611//1611 1612//1612 1613//1613
f 1612//1612 1614//1614 1613//1613
f 1613//1613 1614//1614 894//894
f 1614//1614 1615//1615 894//894
f 894//894 1615//1615 893//893
f 1615//1615 1616//1616 893//893
f 893//893 1616//1616 1617//1617
f 1616//1616 1618//1618 1617//1617
f 1617//1617 1618//1618 1619//1619
f 1618//1618 1620//1620 1619//1619
f 1619//1619 1620//1620 1621//1621
f 1620//1620 1622//1622 1621//1621
f 1621//1621 1622//1622 1623//1623
f 1622//1622 1624//1624 1623//1623
f 1623//1623 1624//1624 1625//1625
f 1624//1624 1626//1626 1625//1625
f 1625//1625 1626//1626 892//892
f 1626//1626 1627//1627 892//892
f 892//892 1627//1627 1628//1628
f 1627//1627 1629//1629 1628//1628
f 1628//1628 1629//1629 1630//1630
f 1629//1629 1631//1631 1630//1630
f 1630//1630 1631//1631 891//891
f 1631//1631 1632//1632 891//891
f 891//891 1632//1632 1633//1633
f 1632//1632 1634//1634 1633//1633
f 1633//1633 1634//1634 1635//1635
f 1634//1634 1636//1636 1635//1635
f 1635//1635 1636//1636 1637//1637
f 1636//1636 1638//1638 1637//1637
f 1637//1637 1638//1638 1639//1639
f 1638//1638 1640//1640 1639//1639
f 1639//1639 1640//1640 1641//1641
f 1640//1640 1642//1642 1641//1641
f 1641//1641 1642//1642 1643//1643
f 1642//1642 1644//1644 1643//1643
f 1643//1643 1644//1644 1645//1645
f 1644//1644 1646//1646 1645//1645
f 1645//1645 1646//1646 1647//1647
f 1646//1646 1648//1648 1647//1647
f 1647//1647 1648//1648 1649//1649
f 1648//1648 1650//1650 1649//1649
f 1649//1649 1650//1650 1651//1651
f 1650//1650 1652//1652 1651//1651
f 1651//1651 1652//1652 1653//1653
f 1652//1652 1654//1654 1653//1653
f 1653//1653 1654//1654 890//890
f 1654//1654 1655//1655 890//890
f 890//890 1655//1655 1656//1656
f 1655//1655 1657//1657 1656//1656
f 1656//1656 1657//1657 1658//1658
f 1657//1657 1659//1659 1658//1658
f 1658//1658 1659//1659 1660//1660
f 1659//1659 1661//1661 1660//1660
f 1660//1660 1661//1661 1662//1662
f 1661//1661 1663//1663 1662//1662
f 1662//1662 1663//1663 1664//1664
f 1663//1663 1665//1665 1664//1664
f 1664//1664 1665//1665 889//889
f 1665//1665 1666//1666 889//889
f 889//889 1666//1666 1667//1667
f 1666//1666 1668//1668 1667//1667
f 1667//1667 1668//1668 1669//1669
f 1668//1668 1670//1670 1669//1669
f 1669//1669 1670//1670 1671//1671
f 1670//1670 1672//1672 1671//1671
f 1671//1671 1672//1672 1673//1673
f 1672//1672 1674//1674 1673//1673
f 1673//1673 1674//1674 1675//1675
f 1674//1674 1676//1676 1675//1675
f 1675//1675 1676//1676 1410//1410
f 1676//1676 1411//1411 1410//1410
f 1677//1677 1678//1678 977//977
f 1678//1678 1679//1679 977//977
f 977//977 1679//1679 976//976
f 1679//1679 1680//1680 976//976
f 976//976 1680//1680 975//975
f 1680//1680 1681//1681 975//975
f 975//975 1681//1681 1682//1682
f 1681//1681 1683//1683 1682//1682
f 1682//1682 1683//1683 974//974
f 1683//1683 1684//1684 974//974
f 974//974 1684//1684 973//973
f 1684//1684 1685//1685 973//973
f 973//973 1685//1685 972//972
f 1685//1685 1686//1686 972//972
f 972//972 1686//1686 1687//1687
f 1686//1686 1688//1688 1687//1687
f 1687//1687 1688//1688 971//971
f 1688//1688 1689//1689 971//971
f 971//971 1689//1689 1690//1690
f 1689//1689 1691//1691 1690//1690
f 1690//1690 1691//1691 1692//1692
f 1691//1691 1693//1693 1692//1692
f 1692//1692 1693//1693 970//970
f 1693//1693 1694//1694 970//970
f 970//970 1694//1694 1695//1695
f 1694//1694 1696//1696 1695//1695
f 1695//1695 1696//1696 1697//1697
f 1696//1696 1698//1698 1697//1697
f 1697//1697 1698//1698 1699//1699
f 1698//1698 1700//1700 1699//1699
f 1699//1699 1700//1700 1701//1701
f 1700//1700 1702//1702 1701//1701
f 1701//1701 1702//1702 969//969
f 1702//1702 1703//1703 969//969
f 969//969 1703//1703 968//968
f 1703//1703 1704//1704 968//968
f 968//968 1704//1704 967//967
f 1704//1704 1705//1705 967//967
f 967//967 1705//1705 1706//1706
f 1705//1705 1707//1707 1706//1706
f 1706//1706 1707//1707 1708//1708
f 1707//1707 1709//1709 1708//1708
f 1708//1708 1709//1709 1710//1710
f 1709//1709 1711//1711 1710//1710
f 1710//1710 1711//1711 1712//1712
f 1711//1711 1713//1713 1712//1712
f 1712//1712 1713//1713 966//966
f 1713//1713 1714//1714 966//966
f 966//966 1714//1714 965//965
f 1714//1714 1715//1715 965//965
f 965//965 1715//1715 964//964
f 1715//1715 1716//1716 964//964
f 964//964 1716//1716 963//963
f 1716//1716 1717//1717 963//963
f 963//963 1717//1717 1718//1718
f 1717//1717 1719//1719 1718//1718
f 1718//1718 1719//1719 1720//1720
f 1719//1719 1721//1721 1720//1720
f 1720//1720 1721//1721 1722//1722
f 1721//1721 1723//1723 1722//1722
f 1722//1722 1723//1723 1724//1724
f 1723//1723 1725//1725 1724//1724
f 1724//1724 1725//1725 1726//1726
f 1725//1725 1727//1727 1726//1726
f 1726//1726 1727//1727 1728//1728
f 1727//1727 1729//1729 1728//1728
f 1728//1728 1729//1729 962//962
f 1729//1729 1730//1730 962//962
f 962//962 1730//1730 961//961
f 1730//1730 1731//1731 961//961
f 961//961 1731//1731 1732//1732
f 1731//1731 1733//1733 1732//1732
f 1732//1732 1733//1733 1734//1734
f 1733//1733 1735//1735 1734//1734
f 1734//1734 1735//1735 1736//1736
f 1735//1735 1737//1737 1736//1736
f 1736//1736 1737//1737 1738//1738
f 1737//1737 1739//1739 1738//1738
f 1738//1738 1739//1739 960//960
f 1739//1739 1740//1740 960//960
f 960//960 1740//1740 1741//1741
f 1740//1740 1742//1742 1741//1741
f 1741//1741 1742//1742 1743//1743
f 1742//1742 1744//1744 1743//1743
f 1743//1743 1744//1744 959//959
f 1744//1744 1745//1745 959//959
f 959//959 1745//1745 958//958
f 1745//1745 1746//1746 958//958
f 958//958 1746//1746 1747//1747
f 1746//1746 1748//1748 1747//1747
f 1747//1747 1748//1748 1749//1749
f 1748//1748 1750//1750 1749//1749
f 1749//1749 1750//1750 1751//1751
f 1750//1750 1752//1752 1751//1751
f 1751//1751 1752//1752 1753//1753
f 1752//1752 1754//1754 1753//1753
f 1753//1753 1754//1754 957//957
f 1754//1754 1755//1755 957//957
f 957//957 1755//1755 956//956
f 1755//1755 1756//1756 956//956
f 956//956 1756//1756 955//955
f 1756//1756 1757//1757 955//955
f 955//955 1757//1757 1758//1758
f 1757//1757 1759//1759 1758//1758
f 1758//1758 1759//1759 954//954
f 1759//1759 1760//1760 954//954
f 954//954 1760//1760 953//953
f 1760//1760 1761//1761 953//953
f 953//953 1761//1761 952//952
f 1761//1761 1762//1762 952//952
f 952//952 1762//1762 951//951
f 1762//1762 1763//1763 951//951
f 951//951 1763//1763 1764//1764
f 1763//1763 1765//1765 1764//1764
f 1764//1764 1765//1765 1766//1766
f 1765//1765 1767//1767 1766//1766
f 1766//1766 1767//1767 1768//1768
f 1767//1767 1769//1769 1768//1768
f 1768//1768 1769//1769 1770//1770
f 1769//1769 1771//1771 1770//1770
f 1770//1770 1771//1771 950//950
f 1771//1771 1772//1772 950//950
f 950//950 1772//1772 1773//1773
f 1772//1772 1774//1774 1773//1773
f 1773//1773 1774//1774 949//949
f 1774//1774 1775//1775 949//949
f 949//949 1775//1775 1776//1776
f 1775//1775 1777//1777 1776//1776
f 1776//1776 1777//1777 948//948
f 1777//1777 1778//1778 948//948
f 948//948 1778//1778 1779//1779
f 1778//1778 1780//1780 1779//1779
f 1779//1779 1780//1780 1781//1781
f 1780//1780 1782//1782 1781//1781
f 1781//1781 1782//1782 947//947
f 1782//1782 1783//1783 947//947
f 947//947 1783//1783 946//946
f 1783//1783 1784//1784 946//946
f 946//946 1784//1784 945//945
f 1784//1784 1785//1785 945//945
f 945//945 1785//1785 1786//1786
f 1785//1785 1787//1787 1786//1786
f 1786//1786 1787//1787 944//944
f 1787//1787 1788//1788 944//944
f 944//944 1788//1788 943//943
f 1788//1788 1789//1789 943//943
f 943//943 1789//1789 1790//1790
f 1789//1789 1791//1791 1790//1790
f 1790//1790 1791//1791 1792//1792
f 1791//1791 1793//1793 1792//1792
f 1792//1792 1793//1793 942//942
f 1793//1793 1794//1794 942//942
f 942//942 1794//1794 941//941
f 1794//1794 1795//1795 941//941
f 941//941 1795//1795 1796//1796
f 1795//1795 1797//1797 1796//1796
f 1796//1796 1797//1797 1798//1798
f 1797//1797 1799//1799 1798//1798
f 1798//1798 1799//1799 1800//1800
f 1799//1799 1801//1801 1800//1800
f 1800//1800 1801//1801 1802//1802
f 1801//1801 1803//1803 1802//1802
f 1802//1802 1803//1803 1804//1804
f 1803//1803 1805//1805 1804//1804
f 1804//1804 1805//1805 940//940
f 1805//1805 1806//1806 940//940
f 940//940 1806//1806 1807//1807
f 1806//1806 1808//1808 1807//1807
f 1807//1807 1808//1808 1809//1809
f 1808//1808 1810//1810 1809//1809
f 1809//1809 1810//1810 939//939
f 1810//1810 1811//1811 939//939
f 939//939 1811//1811 1812//1812
f 1811//1811 1813//1813 1812//1812
f 1812//1812 1813//1813 938//938
f 1813//1813 1814//1814 938//938
f 938//938 1814//1814 937//937
f 1814//1814 1815//1815 937//937
f 937//937 1815//1815 1816//1816
f 1815//1815 1817//1817 1816//1816
f 1816//1816 1817//1817 936//936
f 1817//1817 1818//1818 936//936
f 936//936 1818//1818 1819//1819
f 1818//1818 1820//1820 1819//1819
f 1819//1819 1820//1820 935//935
f 1820//1820 1821//1821 935//935
f 935//935 1821//1821 934//934
f 1821//1821 1822//1822 934//934
f 934//934 1822//1822 933//933
f 1822//1822 1823//1823 933//933
f 933//933 1823//1823 1824//1824
f 1823//1823 1825//1825 1824//1824
f 1824//1824 1825//1825 1826//1826
f 1825//1825 1827//1827 1826//1826
f 1826//1826 1827//1827 932//932
f 1827//1827 1828//1828 932//932
f 932//932 1828//1828 1829//1829
f 1828//1828 1830//1830 1829//1829
f 1829//1829 1830//1830 931//931
f 1830//1830 1831//1831 931//931
f 931//931 1831//1831 930//930
f 1831//1831 1832//1832 930//930
f 930//930 1832//1832 929//929
f 1832//1832 1833//1833 929//929
f 929//929 1833//1833 1834//1834
f 1833//1833 1835//1835 1834//1834
f 1834//1834 1835//1835 1836//1836
f 1835//1835 1837//1837 1836//1836
f 1836//1836 1837//1837 1838//1838
f 1837//1837 1839//1839 1838//1838
f 1838//1838 1839//1839 1840//1840
f 1839//1839 1841//1841 1840//1840
f 1840//1840 1841//1841 1842//1842
f 1841//1841 1843//1843 1842//1842
f 1842//1842 1843//1843 1844//1844
f 1843//1843 1845//1845 1844//1844
f 1844//1844 1845//1845 1846//1846
f 1845//1845 1847//1847 1846//1846
f 1846//1846 1847//1847 928//928
f 1847//1847 1848//1848 928//928
f 928//928 1848//1848 927//927
f 1848//1848 1849//1849 927//927
f 927//927 1849//1849 926//926
f 1849//1849 1850//1850 926//926
f 926//926 1850//1850 1851//1851
f 1850//1850 1852//1852 1851//1851
f 1851//1851 1852//1852 1853//1853
f 1852//1852 1854//1854 1853//1853
f 1853//1853 1854//1854 1855//1855
f 1854//1854 1856//1856 1855//1855
f 1855//1855 1856//1856 925//925
f 1856//1856 1857//1857 925//925
f 925//925 1857//1857 924//924
f 1857//1857 1858//1858 924//924
f 924//924 1858//1858 1859//1859
f 1858//1858 1860//1860 1859//1859
f 1859//1859 1860//1860 923//923
f 1860//1860 1861//1861 923//923
f 923//923 1861//1861 922//922
f 1861//1861 1862//1862 922//922
f 922//922 1862//1862 921//921
f 1862//1862 1863//1863 921//921
f 921//921 1863//1863 1864//1864
f 1863//1863 1865//1865 1864//1864
f 1864//1864 1865//1865 1866//1866
f 1865//1865 1867//1867 1866//1866
f 1866//1866 1867//1867 920//920
f 1867//1867 1868//1868 920//920
f 920//920 1868//1868 1869//1869
f 1868//1868 1870//1870 1869//1869
f 1869//1869 1870//1870 919//919
f 1870//1870 1871//1871 919//919
f 919//919 1871//1871 918//918
f 1871//1871 1872//1872 918//918
f 918//918 1872//1872 1873//1873
f 1872//1872 1874//1874 1873//1873
f 1873//1873 1874//1874 1875//1875
f 1874//1874 1876//1876 1875//1875
f 1875//1875 1876//1876 917//917
f 1876//1876 1877//1877 917//917
f 917//917 1877//1877 1878//1878
f 1877//1877 1879//1879 1878//1878
f 1878//1878 1879//1879 1880//1880
f 1879//1879 1881//1881 1880//1880
f 1880//1880 1881//1881 1882//1882
f 1881//1881 1883//1883 1882//1882
f 1882//1882 1883//1883 1884//1884
f 1883//1883 1885//1885 1884//1884
f 1884//1884 1885//1885 1886//1886
f 1885//1885 1887//1887 1886//1886
f 1886//1886 1887//1887 916//916
f 1887//1887 1888//1888 916//916
f 916//916 1888//1888 915//915
f 1888//1888 1889//1889 915//915
f 915//915 1889//1889 914//914
f 1889//1889 1890//1890 914//914
f 914//914 1890//1890 913//913
f 1890//1890 1891//1891 913//913
f 913//913 1891//1891 1892//1892
f 1891//1891 1893//1893 1892//1892
f 1892//1892 1893//1893 912//912
f 1893//1893 1894//1894 912//912
f 912//912 1894//1894 911//911
f 1894//1894 1895//1895 911//911
f 911//911 1895//1895 910//910
f 1895//1895 1896//1896 910//910
f 910//910 1896//1896 1677//1677
f 1896//1896 1678//1678 1677//1677
f 1897//1897 1898//1898 1899//1899
f 1898//1898 1900//1900 1899//1899
f 1899//1899 1900//1900 1901//1901
f 1900//1900 1902//1902 1901//1901
f 1901//1901 1902//1902 1903//1903
f 1902//1902 1904//1904 1903//1903
f 1903//1903 1904//1904 1905//1905
f 1904//1904 1906//1906 1905//1905
f 1905//1905 1906//1906 1907//1907
f 1906//1906 1908//1908 1907//1907
f 1907//1907 1908//1908 1909//1909
f 1908//1908 1910//1910 1909//1909
f 1909//1909 1910//1910 1911//1911
f 1910//1910 1912//1912 1911//1911
f 1911//1911 1912//1912 1913//1913
f 1912//1912 1914//1914 1913//1913
f 1913//1913 1914//1914 1915//1915
f 1914//1914 1916//1916 1915//1915
f 1915//1915 1916//1916 1917//1917
f 1916//1916 1918//1918 1917//1917
f 1917//1917 1918//1918 1919//1919
f 1918//1918 1920//1920 1919//1919
f 1919//1919 1920//1920 1921//1921
f 1920//1920 1922//1922 1921//1921
f 1921//1921 1922//1922 1923//1923
f 1922//1922 1924//1924 1923//1923
f 1923//1923 1924//1924 1925//1925
f 1924//1924 1926//1926 1925//1925
f 1925//1925 1926//1926 1927//1927
f 1926//1926 1928//1928 1927//1927
f 1927//1927 1928//1928 1929//1929
f 1928//1928 1930//1930 1929//1929
f 1929//1929 1930//1930 1931//1931
f 1930//1930 1932//1932 1931//1931
f 1931//1931 1932//1932 1933//1933
f 1932//1932 1934//1934 1933//1933
f 1933//1933 1934//1934 1935//1935
f 1934//1934 1936//1936 1935//1935
f 1935//1935 1936//1936 1937//1937
f 1936//1936 1938//1938 1937//1937
f 1937//1937 1938//1938 1939//1939
f 1938//1938 1940//1940 1939//1939
f 1939//1939 1940//1940 1941//1941
f 1940//1940 1942//1942 1941//1941
f 1941//1941 1942//1942 1943//1943
f 1942//1942 1944//1944 1943//1943
f 1943//1943 1944//1944 1945//1945
f 1944//1944 1946//1946 1945//1945
f 1945//1945 1946//1946 1947//1947
f 1946//1946 1948//1948 1947//1947
f 1947//1947 1948//1948 1949//1949
f 1948//1948 1950//1950 1949//1949
f 1949//1949 1950//1950 1951//1951
f 1950//1950 1952//1952 1951//1951
f 1951//1951 1952//1952 1953//1953
f 1952//1952 1954//1954 1953//1953
f 1953//1953 1954//1954 1955//1955
f 1954//1954 1956//1956 1955//1955
f 1955//1955 1956//1956 1957//1957
f 1956//1956 1958//1958 1957//1957
f 1957//1957 1958//1958 1959//1959
f 1958//1958 1960//1960 1959//1959
f 1959//1959 1960//1960 1961//1961
f 1960//1960 1962//1962 1961//1961
f 1961//1961 1962//1962 1963//1963
f 1962//1962 1964//1964 1963//1963
f 1963//1963 1964//1964 1965//1965
f 1964//1964 1966//1966 1965//1965
f 1965//1965 1966//1966 1967//1967
f 1966//1966 1968//1968 1967//1967
f 1967//1967 1968//1968 1969//1969
f 1968//1968 1970//1970 1969//1969
f 1969//1969 1970//1970 1971//1971
f 1970//1970 1972//1972 1971//1971
f 1971//1971 1972//1972 1973//1973
f 1972//1972 1974//1974 1973//1973
f 1973//1973 1974//1974 1975//1975
f 1974//1974 1976//1976 1975//1975
f 1975//1975 1976//1976 1977//1977
f 1976//1976 1978//1978 1977//1977
f 1977//1977 1978//1978 1979//1979
f 1978//1978 1980//1980 1979//1979
f 1979//1979 1980//1980 1981//1981
f 1980//1980 1982//1982 1981//1981
f 1981//1981 1982//1982 1983//1983
f 1982//1982 1984//1984 1983//1983
f 1983//1983 1984//1984 1985//1985
f 1984//1984 1986//1986 1985//1985
f 1985//1985 1986//1986 1987//1987
f 1986//1986 1988//1988 1987//1987
f 1987//1987 1988//1988 1989//1989
f 1988//1988 1990//1990 1989//1989
f 1989//1989 1990//1990 1991//1991
f 1990//1990 1992//1992 1991//1991
f 1991//1991 1992//1992 1993//1993
f 1992//1992 1994//1994 1993//1993
f 1993//1993 1994//1994 1995//1995
f 1994//1994 1996//1996 1995//1995
f 1995//1995 1996//1996 1997//1997
f 1996//1996 1998//1998 1997//1997
f 1997//1997 1998//1998 1999//1999
f 1998//1998 2000//2000 1999//1999
f 1999//1999 2000//2000 2001//2001
f 2000//2000 2002//2002 2001//2001
f 2001//2001 2002//2002 2003//2003
f 2002//2002 2004//2004 2003//2003
f 2003//2003 2004//2004 2005//2005
f 2004//2004 2006//2006 2005//2005
f 2005//2005 2006//2006 2007//2007
f 2006//2006 2008//2008 2007//2007
f 2007//2007 2008//2008 2009//2009
f 2008//2008 2010//2010 2009//2009
f 2009//2009 2010//2010 2011//2011
f 2010//2010 2012//2012 2011//2011
f 2011//2011 2012//2012 2013//2013
f 2012//2012 2014//2014 2013//2013
f 2013//2013 2014//2014 2015//2015
f 2014//2014 2016//2016 2015//2015
f 2015//2015 2016//2016 2017//2017
f 2016//2016 2018//2018 2017//2017
f 2017//2017 2018//2018 2019//2019
f 2018//2018 2020//2020 2019//2019
f 2019//2019 2020//2020 2021//2021
f 2020//2020 2022//2022 2021//2021
f 2021//2021 2022//2022 2023//2023
f 2022//2022 2024//2024 2023//2023
f 2023//2023 2024//2024 2025//2025
f 2024//2024 2026//2026 2025//2025
f 2025//2025 2026//2026 2027//2027
f 2026//2026 2028//2028 2027//2027
f 2027//2027 2028//2028 2029//2029
f 2028//2028 2030//2030 2029//2029
f 2029//2029 2030//2030 2031//2031
f 2030//2030 2032//2032 2031//2031
f 2031//2031 2032//2032 2033//2033
f 2032//2032 2034//2034 2033//2033
f 2033//2033 2034//2034 2035//2035
f 2034//2034 2036//2036 2035//2035
f 2035//2035 2036//2036 2037//2037
f 2036//2036 2038//2038 2037//2037
f 2037//2037 2038//2038 2039//2039
f 2038//2038 2040//2040 2039//2039
f 2039//2039 2040//2040 2041//2041
f 2040//2040 2042//2042 2041//2041
f 2041//2041 2042//2042 2043//2043
f 2042//2042 2044//2044 2043//2043
f 2043//2043 2044//2044 2045//2045
f 2044//2044 2046//2046 2045//2045
f 2045//2045 2046//2046 2047//2047
f 2046//2046 2048//2048 2047//2047
f 2047//2047 2048//2048 2049//2049
f 2048//2048 2050//2050 2049//2049
f 2049//2049 2050//2050 2051//2051
f 2050//2050 2052//2052 2051//2051
f 2051//2051 2052//2052 2053//2053
f 2052//2052 2054//2054 2053//2053
f 2053//2053 2054//2054 2055//2055
f 2054//2054 2056//2056 2055//2055
f 2055//2055 2056//2056 2057//2057
f 2056//2056 2058//2058 2057//2057
f 2057//2057 2058//2058 2059//2059
f 2058//2058 2060//2060 2059//2059
f 2059//2059 2060//2060 2061//2061
f 2060//2060 2062//2062 2061//2061
f 2061//2061 2062//2062 2063//2063
f 2062//2062 2064//2064 2063//2063
f 2063//2063 2064//2064 2065//2065
f 2064//2064 2066//2066 2065//2065
f 2065//2065 2066//2066 2067//2067
f 2066//2066 2068//2068 2067//2067
f 2067//2067 2068//2068 2069//2069
f 2068//2068 2070//2070 2069//2069
f 2069//2069 2070//2070 2071//2071
f 2070//2070 2072//2072 2071//2071
f 2071//2071 2072//2072 2073//2073
f 2072//2072 2074//2074 2073//2073
f 2073//2073 2074//2074 2075//2075
f 2074//2074 2076//2076 2075//2075
f 2075//2075 2076//2076 2077//2077
f 2076//2076 2078//2078 2077//2077
f 2077//2077 2078//2078 2079//2079
f 2078//2078 2080//2080 2079//2079
f 2079//2079 2080//2080 2081//2081
f 2080//2080 2082//2082 2081//2081
f 2081//2081 2082//2082 2083//2083
f 2082//2082 2084//2084 2083//2083
f 2083//2083 2084//2084 2085//2085
f 2084//2084 2086//2086 2085//2085
f 2085//2085 2086//2086 2087//2087
f 2086//2086 2088//2088 2087//2087
f 2087//2087 2088//2088 2089//2089
f 2088//2088 2090//2090 2089//2089
f 2089//2089 2090//2090 2091//2091
f 2090//2090 2092//2092 2091//2091
f 2091//2091 2092//2092 2093//2093
f 2092//2092 2094//2094 2093//2093
f 2093//2093 2094//2094 2095//2095
f 2094//2094 2096//2096 2095//2095
f 2095//2095 2096//2096 2097//2097
f 2096//2096 2098//2098 2097//2097
f 2097//2097 2098//2098 2099//2099
f 2098//2098 2100//2100 2099//2099
f 2099//2099 2100//2100 2101//2101
f 2100//2100 2102//2102 2101//2101
f 2101//2101 2102//2102 2103//2103
f 2102//2102 2104//2104 2103//2103
f 2103//2103 2104//2104 2105//2105
f 2104//2104 2106//2106 2105//2105
f 2105//2105 2106//2106 2107//2107
f 2106//2106 2108//2108 2107//2107
f 2107//2107 2108//2108 2109//2109
f 2108//2108 2110//2110 2109//2109
f 2109//2109 2110//2110 2111//2111
f 2110//2110 2112//2112 2111//2111
f 2111//2111 2112//2112 2113//2113
f 2112//2112 2114//2114 2113//2113
f 2113//2113 2114//2114 2115//2115
f 2114//2114 2116//2116 2115//2115
f 2115//2115 2116//2116 2117//2117
f 2116//2116 2118//2118 2117//2117
f 2117//2117 2118//2118 2119//2119
f 2118//2118 2120//2120 2119//2119
f 2119//2119 2120//2120 2121//2121
f 2120//2120 2122//2122 2121//2121
f 2121//2121 2122//2122 2123//2123
f 2122//2122 2124//2124 2123//2123
f 2123//2123 2124//2124 2125//2125
f 2124//2124 2126//2126 2125//2125
f 2125//2125 2126//2126 2127//2127
f 2126//2126 2128//2128 2127//2127
f 2127//2127 2128//2128 2129//2129
f 2128//2128 2130//2130 2129//2129
f 2129//2129 2130//2130 2131//2131
f 2130//2130 2132//2132 2131//2131
f 2131//2131 2132//2132 2133//2133
f 2132//2132 2134//2134 2133//2133
f 2133//2133 2134//2134 2135//2135
f 2134//2134 2136//2136 2135//2135
f 2135//2135 2136//2136 2137//2137
f 2136//2136 2138//2138 2137//2137
f 2137//2137 2138//2138 2139//2139
f 2138//2138 2140//2140 2139//2139
f 2139//2139 2140//2140 2141//2141
f 2140//2140 2142//2142 2141//2141
f 2141//2141 2142//2142 2143//2143
f 2142//2142 2144//2144 2143//2143
f 2143//2143 2144//2144 2145//2145
f 2144//2144 2146//2146 2145//2145
f 2145//2145 2146//2146 2147//2147
f 2146//2146 2148//2148 2147//2147
f 2147//2147 2148//2148 2149//2149
f 2148//2148 2150//2150 2149//2149
f 2149//2149 2150//2150 2151//2151
f 2150//2150 2152//2152 2151//2151
f 2151//2151 2152//2152 2153//2153
f 2152//2152 2154//2154 2153//2153
f 2153//2153 2154//2154 2155//2155
f 2154//2154 2156//2156 2155//2155
f 2155//2155 2156//2156 2157//2157
f 2156//2156 2158//2158 2157//2157
f 2157//2157 2158//2158 2159//2159
f 2158//2158 2160//2160 2159//2159
f 2159//2159 2160//2160 2161//2161
f 2160//2160 2162//2162 2161//2161
f 2161//2161 2162//2162 2163//2163
f 2162//2162 2164//2164 2163//2163
f 2163//2163 2164//2164 2165//2165
f 2164//2164 2166//2166 2165//2165
f 2165//2165 2166//2166 2167//2167
f 2166//2166 2168//2168 2167//2167
f 2167//2167 2168//2168 2169//2169
f 2168//2168 2170//2170 2169//2169
f 2169//2169 2170//2170 2171//2171
f 2170//2170 2172//2172 2171//2171
f 2171//2171 2172//2172 2173//2173
f 2172//2172 2174//2174 2173//2173
f 2173//2173 2174//2174 2175//2175
f 2174//2174 2176//2176 2175//2175
f 2175//2175 2176//2176 2177//2177
f 2176//2176 2178//2178 2177//2177
f 2177//2177 2178//2178 2179//2179
f 2178//2178 2180//2180 2179//2179
f 2179//2179 2180//2180 2181//2181
f 2180//2180 2182//2182 2181//2181
f 2181//2181 2182//2182 2183//2183
f 2182//2182 2184//2184 2183//2183
f 2183//2183 2184//2184 1897//1897
f 2184//2184 1898//1898 1897//1897
f 1012//1012 2185//2185 1010//1010
f 2185//2185 2186//2186 1010//1010
f 1010//1010 2186//2186 1008//1008
f 2186//2186 2187//2187 1008//1008
f 1008//1008 2187//2187 1006//1006
f 2187//2187 2188//2188 1006//1006
f 1006//1006 2188//2188 1004//1004
f 2188//2188 2189//2189 1004//1004
f 1004//1004 2189//2189 1002//1002
f 2189//2189 2190//2190 1002//1002
f 1002//1002 2190//2190 1000//1000
f 2190//2190 2191//2191 1000//1000
f 1000//1000 2191//2191 998//998
f 2191//2191 2192//2192 998//998
f 998//998 2192//2192 996//996
f 2192//2192 2193//2193 996//996
f 996//996 2193//2193 994//994
f 2193//2193 2194//2194 994//994
f 994//994 2194//2194 992//992
f 2194//2194 2195//2195 992//992
f 992//992 2195//2195 990//990
f 2195//2195 2196//2196 990//990
f 990//990 2196//2196 988//988
f 2196//2196 2197//2197 988//988
f 988//988 2197//2197 986//986
f 2197//2197 2198//2198 986//986
f 986//986 2198//2198 984//984
f 2198//2198 2199//2199 984//984
f 984//984 2199//2199 982//982
f 2199//2199 2200//2200 982//982
f 982//982 2200//2200 980//980
f 2200//2200 2201//2201 980//980
f 980//980 2201//2201 978//978
f 2201//2201 2202//2202 978//978
f 978//978 2202//2202 1264//1264
f 2202//2202 2203//2203 1264//1264
f 1264//1264 2203//2203 1262//1262
f 2203//2203 2204//2204 1262//1262
f 1262//1262 2204//2204 1260//1260
f 2204//2204 2205//2205 1260//1260
f 1260//1260 2205//2205 1258//1258
f 2205//2205 2206//2206 1258//1258
f 1258//1258 2206//2206 1256//1256
f 2206//2206 2207//2207 1256//1256
f 1256//1256 2207//2207 1254//1254
f 2207//2207 2208//2208 1254//1254
f 1254//1254 2208//2208 1252//1252
f 2208//2208 2209//2209 1252//1252
f 1252//1252 2209//2209 1250//1250
f 2209//2209 2210//2210 1250//1250
f 1250//1250 2210//2210 1248//1248
f 2210//2210 2211//2211 1248//1248
f 1248//1248 2211//2211 1246//1246
f 2211//2211 2212//2212 1246//1246
f 1246//1246 2212//2212 1244//1244
f 2212//2212 2213//2213 1244//1244
f 1244//1244 2213//2213 1242//1242
f 2213//2213 2214//2214 1242//1242
f 1242//1242 2214//2214 1240//1240
f 2214//2214 2215//2215 1240//1240
f 1240//1240 2215//2215 1238//1238
f 2215//2215 2216//2216 1238//1238
f 1238//1238 2216//2216 1236//1236
f 2216//2216 2217//2217 1236//1236
f 1236//1236 2217//2217 1234//1234
f 2217//2217 2218//2218 1234//1234
f 1234//1234 2218//2218 1232//1232
f 2218//2218 2219//2219 1232//1232
f 1232//1232 2219//2219 1230//1230
f 2219//2219 2220//2220 1230//1230
f 1230//1230 2220//2220 1228//1228
f 2220//2220 2221//2221 1228//1228
f 1228//1228 2221//2221 1226//1226
f 2221//2221 2222//2222 1226//1226
f 1226//1226 2222//2222 1224//1224
f 2222//2222 2223//2223 1224//1224
f 1224//1224 2223//2223 1222//1222
f 2223//2223 2224//2224 1222//1222
f 1222//1222 2224//2224 1220//1220
f 2224//2224 2225//2225 1220//1220
f 1220//1220 2225//2225 1218//1218
f 2225//2225 2226//2226 1218//1218
f 1218//1218 2226//2226 1216//1216
f 2226//2226 2227//2227 1216//1216
f 1216//1216 2227//2227 1214//1214
f 2227//2227 2228//2228 1214//1214
f 1214//1214 2228//2228 1212//1212
f 2228//2228 2229//2229 1212//1212
f 1212//1212 2229//2229 1210//1210
f 2229//2229 2230//2230 1210//1210
f 1210//1210 2230//2230 1208//1208
f 2230//2230 2231//2231 1208//1208
f 1208//1208 2231//2231 1206//1206
f 2231//2231 2232//2232 1206//1206
f 1206//1206 2232//2232 1204//1204
f 2232//2232 2233//2233 1204//1204
f 1204//1204 2233//2233 1202//1202
f 2233//2233 2234//2234 1202//1202
f 1202//1202 2234//2234 1200//1200
f 2234//2234 2235//2235 1200//1200
f 1200//1200 2235//2235 1198//1198
f 2235//2235 2236//2236 1198//1198
f 1198//1198 2236//2236 1196//1196
f 2236//2236 2237//2237 1196//1196
f 1196//1196 2237//2237 1194//1194
f 2237//2237 2238//2238 1194//1194
f 1194//1194 2238//2238 1192//1192
f 2238//2238 2239//2239 1192//1192
f 1192//1192 2239//2239 1190//1190
f 2239//2239 2240//2240 1190//1190
f 1190//1190 2240//2240 1188//1188
f 2240//2240 2241//2241 1188//1188
f 1188//1188 2241//2241 1186//1186
f 2241//2241 2242//2242 1186//1186
f 1186//1186 2242//2242 1184//1184
f 2242//2242 2243//2243 1184//1184
f 1184//1184 2243//2243 1182//1182
f 2243//2243 2244//2244 1182//1182
f 1182//1182 2244//2244 1180//1180
f 2244//2244 2245//2245 1180//1180
f 1180//1180 2245//2245 1178//1178
f 2245//2245 2246//2246 1178//1178
f 1178//1178 2246//2246 1176//1176
f 2246//2246 2247//2247 1176//1176
f 1176//1176 2247//2247 1174//1174
f 2247//2247 2248//2248 1174//1174
f 1174//1174 2248//2248 1172//1172
f 2248//2248 2249//2249 1172//1172
f 1172//1172 2249//2249 1170//1170
f 2249//2249 2250//2250 1170//1170
f 1170//1170 2250//2250 1168//1168
f 2250//2250 2251//2251 1168//1168
f 1168//1168 2251//2251 1166//1166
f 2251//2251 2252//2252 1166//1166
f 1166//1166 2252//2252 1164//1164
f 2252//2252 2253//2253 1164//1164
f 1164//1164 2253//2253 1162//1162
f 2253//2253 2254//2254 1162//1162
f 1162//1162 2254//2254 1160//1160
f 2254//2254 2255//2255 1160//1160
f 1160//1160 2255//2255 1158//1158
f 2255//2255 2256//2256 1158//1158
f 1158//1158 2256//2256 1156//1156
f 2256//2256 2257//2257 1156//1156
f 1156//1156 2257//2257 1154//1154
f 2257//2257 2258//2258 1154//1154
f 1154//1154 2258//2258 1152//1152
f 2258//2258 2259//2259 1152//1152
f 1152//1152 2259//2259 1150//1150
f 2259//2259 2260//2260 1150//1150
f 1150//1150 2260//2260 1148//1148
f 2260//2260 2261//2261 1148//1148
f 1148//1148 2261//2261 1146//1146
f 2261//2261 2262//2262 1146//1146
f 1146//1146 2262//2262 1144//1144
f 2262//2262 2263//2263 1144//1144
f 1144//1144 2263//2263 1142//1142
f 2263//2263 2264//2264 1142//1142
f 1142//1142 2264//2264 1140//1140
f 2264//2264 2265//2265 1140//1140
f 1140//1140 2265//2265 1138//1138
f 2265//2265 2266//2266 1138//1138
f 1138//1138 2266//2266 1136//1136
f 2266//2266 2267//2267 1136//1136
f 1136//1136 2267//2267 1134//1134
f 2267//2267 2268//2268 1134//1134
f 1134//1134 2268//2268 1132//1132
f 2268//2268 2269//2269 1132//1132
f 1132//1132 2269//2269 1130//1130
f 2269//2269 2270//2270 1130//1130
f 1130//1130 2270//2270 1128//1128
f 2270//2270 2271//2271 1128//1128
f 1128//1128 2271//2271 1126//1126
f 2271//2271 2272//2272 1126//1126
f 1126//1126 2272//2272 1124//1124
f 2272//2272 2273//2273 1124//1124
f 1124//1124 2273//2273 1122//1122
f 2273//2273 2274//2274 1122//1122
f 1122//1122 2274//2274 1120//1120
f 2274//2274 2275//2275 1120//1120
f 1120//1120 2275//2275 1118//1118
f 2275//2275 2276//2276 1118//1118
f 1118//1118 2276//2276 1116//1116
f 2276//2276 2277//2277 1116//1116
f 1116//1116 2277//2277 1114//1114
f 2277//2277 2278//2278 1114//1114
f 1114//1114 2278//2278 1112//1112
f 2278//2278 2279//2279 1112//1112
f 1112//1112 2279//2279 1110//1110
f 2279//2279 2280//2280 1110//1110
f 1110//1110 2280//2280 1108//1108
f 2280//2280 2281//2281 1108//1108
f 1108//1108 2281//2281 1106//1106
f 2281//2281 2282//2282 1106//1106
f 1106//1106 2282//2282 1104//1104
f 2282//2282 2283//2283 1104//1104
f 1104//1104 2283//2283 1102//1102
f 2283//2283 2284//2284 1102//1102
f 1102//1102 2284//2284 1100//1100
f 2284//2284 2285//2285 1100//1100
f 1100//1100 2285//2285 1098//1098
f 2285//2285 2286//2286 1098//1098
f 1098//1098 2286//2286 1096//1096
f 2286//2286 2287//2287 1096//1096
f 1096//1096 2287//2287 1094//1094
f 2287//2287 2288//2288 1094//1094
f 1094//1094 2288//2288 1092//1092
f 2288//2288 2289//2289 1092//1092
f 1092//1092 2289//2289 1090//1090
f 2289//2289 2290//2290 1090//1090
f 1090//1090 2290//2290 1088//1088
f 2290//2290 2291//2291 1088//1088
f 1088//1088 2291//2291 1086//1086
f 2291//2291 2292//2292 1086//1086
f 1086//1086 2292//2292 1084//1084
f 2292//2292 2293//2293 1084//1084
f 1084//1084 2293//2293 1082//1082
f 2293//2293 2294//2294 1082//1082
f 1082//1082 2294//2294 1080//1080
f 2294//2294 2295//2295 1080//1080
f 1080//1080 2295//2295 1078//1078
f 2295//2295 2296//2296 1078//1078
f 1078//1078 2296//2296 1076//1076
f 2296//2296 2297//2297 1076//1076
f 1076//1076 2297//2297 1074//1074
f 2297//2297 2298//2298 1074//1074
f 1074//1074 2298//2298 1072//1072
f 2298//2298 2299//2299 1072//1072
f 1072//1072 2299//2299 1070//1070
f 2299//2299 2300//2300 1070//1070
f 1070//1070 2300//2300 1068//1068
f 2300//2300 2301//2301 1068//1068
f 1068//1068 2301//2301 1066//1066
f 2301//2301 2302//2302 1066//1066
f 1066//1066 2302//2302 1064//1064
f 2302//2302 2303//2303 1064//1064
f 1064//1064 2303//2303 1062//1062
f 2303//2303 2304//2304 1062//1062
f 1062//1062 2304//2304 1060//1060
f 2304//2304 2305//2305 1060//1060
f 1060//1060 2305//2305 1058//1058
f 2305//2305 2306//2306 1058//1058
f 1058//1058 2306//2306 1056//1056
f 2306//2306 2307//2307 1056//1056
f 1056//1056 2307//2307 1054//1054
f 2307//2307 2308//2308 1054//1054
f 1054//1054 2308//2308 1052//1052
f 2308//2308 2309//2309 1052//1052
f 1052//1052 2309//2309 1050//1050
f 2309//2309 2310//2310 1050//1050
f 1050//1050 2310//2310 1048//1048
f 2310//2310 2311//2311 1048//1048
f 1048//1048 2311//2311 1046//1046
f 2311//2311 2312//2312 1046//1046
f 1046//1046 2312//2312 1044//1044
f 2312//2312 2313//2313 1044//1044
f 1044//1044 2313//2313 1042//1042
f 2313//2313 2314//2314 1042//1042
f 1042//1042 2314//2314 1040//1040
f 2314//2314 2315//2315 1040//1040
f 1040//1040 2315//2315 1038//1038
f 2315//2315 2316//2316 1038//1038
f 1038//1038 2316//2316 1036//1036
f 2316//2316 2317//2317 1036//1036
f 1036//1036 2317//2317 1034//1034
f 2317//2317 2318//2318 1034//1034
f 1034//1034 2318//2318 1032//1032
f 2318//2318 2319//2319 1032//1032
f 1032//1032 2319//2319 1030//1030
f 2319//2319 2320//2320 1030//1030
f 1030//1030 2320//2320 1028//1028
f 2320//2320 2321//2321 1028//1028
f 1028//1028 2321//2321 1026//1026
f 2321//2321 2322//2322 1026//1026
f 1026//1026 2322//2322 1024//1024
f 2322//2322 2323//2323 1024//1024
f 1024//1024 2323//2323 1022//1022
f 2323//2323 2324//2324 1022//1022
f 1022//1022 2324//2324 1020//1020
f 2324//2324 2325//2325 1020//1020
f 1020//1020 2325//2325 1018//1018
f 2325//2325 2326//2326 1018//1018
f 1018//1018 2326//2326 1016//1016
f 2326//2326 2327//2327 1016//1016
f 1016//1016 2327//2327 1014//1014
f 2327//2327 2328//2328 1014//1014
f 1014//1014 2328//2328 1012//1012
f 2328//2328 2185//2185 1012//1012
f 1542//1542 1544//1544 2040//2040
f 1544//1544 1546//1546 2040//2040
f 2040//2040 1546//1546 2042//2042
f 1546//1546 1548//1548 2042//2042
f 1393//1393 943//943 1790//1790
f 1790//1790 1792//1792 1393//1393
f 1792//1792 942//942 1393//1393
f 1393//1393 942//942 1392//1392
f 2048//2048 1566//1566 2050//2050
f 1566//1566 1568//1568 2050//2050
f 942//942 941//941 1392//1392
f 941//941 1796//1796 1392//1392
f 1392//1392 1796//1796 1798//1798
f 1798//1798 1800//1800 1392//1392
f 1800//1800 1802//1802 1392//1392
f 1392//1392 1802//1802 1804//1804
f 1568//1568 1570//1570 2050//2050
f 1570//1570 897//897 2050//2050
f 2050//2050 897//897 2052//2052
f 1617//1617 1619//1619 2090//2090
f 2162//2162 939//939 1812//1812
f 1548//1548 1550//1550 2042//2042
f 1550//1550 1552//1552 2042//2042
f 2042//2042 1552//1552 2044//2044
f 1552//1552 1554//1554 2044//2044
f 1560//1560 2046//2046 1558//1558
f 2046//2046 2044//2044 1558//1558
f 1558//1558 2044//2044 1556//1556
f 2044//2044 1554//1554 1556//1556
f 1350//1350 1351//1351 2090//2090
f 914//914 913//913 2180//2180
f 910//910 2184//2184 911//911
f 2184//2184 2182//2182 911//911
f 911//911 2182//2182 912//912
f 1647//1647 1649//1649 1338//1338
f 1649//1649 1651//1651 1338//1338
f 1338//1338 1651//1651 1653//1653
f 1430//1430 907//907 1320//1320
f 1560//1560 1562//1562 2046//2046
f 1562//1562 899//899 2046//2046
f 2046//2046 899//899 2048//2048
f 899//899 898//898 2048//2048
f 2048//2048 898//898 1566//1566
f 2058//2058 2056//2056 896//896
f 1357//1357 1358//1358 2090//2090
f 1875//1875 2174//2174 1873//1873
f 2174//2174 2172//2172 1873//1873
f 1875//1875 917//917 2174//2174
f 917//917 1878//1878 2174//2174
f 2174//2174 1878//1878 2176//2176
f 1687//1687 1902//1902 972//972
f 1902//1902 1900//1900 972//972
f 972//972 1900//1900 973//973
f 1338//1338 1623//1623 1625//1625
f 1673//1673 1675//1675 1338//1338
f 1675//1675 1410//1410 1338//1338
f 1338//1338 1410//1410 1337//1337
f 1430//1430 1320//1320 1428//1428
f 1395//1395 1396//1396 944//944
f 1530//1530 2036//2036 1528//1528
f 2036//2036 2034//2034 1528//1528
f 1528//1528 2034//2034 1526//1526
f 897//897 1573//1573 2052//2052
f 1573//1573 1575//1575 2052//2052
f 2052//2052 1575//1575 2054//2054
f 1575//1575 1577//1577 2054//2054
f 1577//1577 1579//1579 2054//2054
f 2054//2054 1579//1579 2056//2056
f 1579//1579 1581//1581 2056//2056
f 2056//2056 1581//1581 896//896
f 2162//2162 1812//1812 2164//2164
f 1812//1812 938//938 2164//2164
f 2164//2164 938//938 937//937
f 937//937 1816//1816 2164//2164
f 1816//1816 936//936 2164//2164
f 2164//2164 936//936 1819//1819
f 1878//1878 1880//1880 2176//2176
f 1880//1880 1882//1882 2176//2176
f 2176//2176 1882//1882 2178//2178
f 1882//1882 1884//1884 2178//2178
f 2180//2180 913//913 2182//2182
f 913//913 1892//1892 2182//2182
f 2182//2182 1892//1892 912//912
f 910//910 1677//1677 2184//2184
f 1677//1677 977//977 2184//2184
f 2184//2184 977//977 1898//1898
f 977//977 976//976 1898//1898
f 1625//1625 892//892 1338//1338
f 892//892 1628//1628 1338//1338
f 1338//1338 1628//1628 1630//1630
f 1635//1635 1637//1637 1338//1338
f 1637//1637 1639//1639 1338//1338
f 1338//1338 1639//1639 1641//1641
f 1641//1641 1643//1643 1338//1338
f 1643//1643 1645//1645 1338//1338
f 1338//1338 1645//1645 1647//1647
f 1653//1653 890//890 1338//1338
f 890//890 1656//1656 1338//1338
f 1338//1338 1656//1656 1658//1658
f 1667//1667 1338//1338 889//889
f 1338//1338 1664//1664 889//889
f 1667//1667 1669//1669 1338//1338
f 1669//1669 1671//1671 1338//1338
f 1338//1338 1671//1671 1673//1673
f 1267//1267 1268//1268 946//946
f 1542//1542 2040//2040 1540//1540
f 2040//2040 2038//2038 1540//1540
f 1540//1540 2038//2038 1538//1538
f 896//896 1584//1584 2058//2058
f 1584//1584 1586//1586 2058//2058
f 2058//2058 1586//1586 2060//2060
f 1586//1586 1588//1588 2060//2060
f 2060//2060 1588//1588 2062//2062
f 2168//2168 2166//2166 1864//1864
f 1884//1884 1886//1886 2178//2178
f 1886//1886 916//916 2178//2178
f 2178//2178 916//916 2180//2180
f 916//916 915//915 2180//2180
f 2180//2180 915//915 914//914
f 976//976 975//975 1898//1898
f 975//975 1682//1682 1898//1898
f 1898//1898 1682//1682 1900//1900
f 1682//1682 974//974 1900//1900
f 1900//1900 974//974 973//973
f 1630//1630 891//891 1338//1338
f 891//891 1633//1633 1338//1338
f 1338//1338 1633//1633 1635//1635
f 1410//1410 1412//1412 1337//1337
f 1412//1412 1414//1414 1337//1337
f 1337//1337 1414//1414 1336//1336
f 1428//1428 1320//1320 1426//1426
f 1320//1320 1321//1321 1426//1426
f 1426//1426 1321//1321 1322//1322
f 1904//1904 970//970 1906//1906
f 970//970 1695//1695 1906//1906
f 943//943 1393//1393 944//944
f 1393//1393 1394//1394 944//944
f 944//944 1394//1394 1395//1395
f 1396//1396 1397//1397 944//944
f 1397//1397 1398//1398 944//944
f 944//944 1398//1398 1399//1399
f 1530//1530 1532//1532 2036//2036
f 1532//1532 1534//1534 2036//2036
f 2036//2036 1534//1534 2038//2038
f 1534//1534 1536//1536 2038//2038
f 2038//2038 1536//1536 1538//1538
f 1588//1588 1590//1590 2062//2062
f 1590//1590 1592//1592 2062//2062
f 2062//2062 1592//1592 2064//2064
f 1350//1350 2090//2090 1349//1349
f 2090//2090 1619//1619 1349//1349
f 1349//1349 1619//1619 1348//1348
f 1354//1354 1355//1355 2090//2090
f 1355//1355 1356//1356 2090//2090
f 2090//2090 1356//1356 1357//1357
f 1819//1819 935//935 2164//2164
f 935//935 934//934 2164//2164
f 2164//2164 934//934 933//933
f 933//933 1824//1824 2164//2164
f 1824//1824 1826//1826 2164//2164
f 2164//2164 1826//1826 932//932
f 1864//1864 1866//1866 2168//2168
f 1866//1866 920//920 2168//2168
f 2168//2168 920//920 2170//2170
f 920//920 1869//1869 2170//2170
f 1869//1869 919//919 2170//2170
f 2170//2170 919//919 2172//2172
f 919//919 918//918 2172//2172
f 2172//2172 918//918 1873//1873
f 1658//1658 1660//1660 1338//1338
f 1660//1660 1662//1662 1338//1338
f 1338//1338 1662//1662 1664//1664
f 1414//1414 1416//1416 1336//1336
f 1416//1416 1418//1418 1336//1336
f 1336//1336 1418//1418 1335//1335
f 1322//1322 1323//1323 1426//1426
f 1323//1323 1324//1324 1426//1426
f 1426//1426 1324//1324 1325//1325
f 1331//1331 1332//1332 1426//1426
f 1332//1332 1333//1333 1426//1426
f 1687//1687 971//971 1902//1902
f 971//971 1690//1690 1902//1902
f 1902//1902 1690//1690 1904//1904
f 1690//1690 1692//1692 1904//1904
f 1904//1904 1692//1692 970//970
f 1272//1272 1770//1770 950//950
f 1269//1269 1781//1781 1268//1268
f 1781//1781 947//947 1268//1268
f 1268//1268 947//947 946//946
f 1399//1399 1400//1400 944//944
f 1400//1400 1401//1401 944//944
f 944//944 1401//1401 1402//1402
f 1592//1592 1594//1594 2064//2064
f 1594//1594 1596//1596 2064//2064
f 2064//2064 1596//1596 2066//2066
f 1596//1596 895//895 2066//2066
f 2066//2066 895//895 2068//2068
f 895//895 1599//1599 2068//2068
f 2068//2068 1599//1599 2070//2070
f 1599//1599 1601//1601 2070//2070
f 2070//2070 1601//1601 2072//2072
f 1601//1601 1603//1603 2072//2072
f 2072//2072 1603//1603 2074//2074
f 1345//1345 1619//1619 1344//1344
f 1619//1619 1343//1343 1344//1344
f 1345//1345 1346//1346 1619//1619
f 1346//1346 1347//1347 1619//1619
f 1619//1619 1347//1347 1348//1348
f 1351//1351 1352//1352 2090//2090
f 1352//1352 1353//1353 2090//2090
f 2090//2090 1353//1353 1354//1354
f 1358//1358 1359//1359 2090//2090
f 1359//1359 1360//1360 2090//2090
f 2090//2090 1360//1360 1361//1361
f 932//932 1829//1829 2164//2164
f 1829//1829 931//931 2164//2164
f 2164//2164 931//931 930//930
f 930//930 929//929 2164//2164
f 929//929 1834//1834 2164//2164
f 2164//2164 1834//1834 1836//1836
f 1859//1859 2164//2164 924//924
f 2164//2164 925//925 924//924
f 1859//1859 923//923 2164//2164
f 923//923 922//922 2164//2164
f 2164//2164 922//922 2166//2166
f 922//922 921//921 2166//2166
f 2166//2166 921//921 1864//1864
f 956//956 955//955 1972//1972
f 950//950 1773//1773 1272//1272
f 1773//1773 949//949 1272//1272
f 1272//1272 949//949 1271//1271
f 949//949 1776//1776 1271//1271
f 1271//1271 1776//1776 1270//1270
f 1776//1776 948//948 1270//1270
f 1270//1270 948//948 1269//1269
f 948//948 1779//1779 1269//1269
f 1269//1269 1779//1779 1781//1781
f 1402//1402 1403//1403 944//944
f 1403//1403 1404//1404 944//944
f 944//944 1404//1404 1405//1405
f 1405//1405 1406//1406 944//944
f 1406//1406 1407//1407 944//944
f 944//944 1407//1407 1408//1408
f 1603//1603 1605//1605 2074//2074
f 1605//1605 1607//1607 2074//2074
f 2074//2074 1607//1607 2076//2076
f 1607//1607 1609//1609 2076//2076
f 2076//2076 1609//1609 2078//2078
f 1609//1609 1611//1611 2078//2078
f 2078//2078 1611//1611 2080//2080
f 1611//1611 1613//1613 2080//2080
f 2080//2080 1613//1613 2082//2082
f 1613//1613 894//894 2082//2082
f 2082//2082 894//894 2084//2084
f 894//894 893//893 2084//2084
f 2084//2084 893//893 2086//2086
f 893//893 1617//1617 2086//2086
f 2086//2086 1617//1617 2088//2088
f 1617//1617 2090//2090 2088//2088
f 928//928 927//927 2164//2164
f 927//927 926//926 2164//2164
f 2164//2164 926//926 1851//1851
f 1851//1851 1853//1853 2164//2164
f 1853//1853 1855//1855 2164//2164
f 2164//2164 1855//1855 925//925
f 1325//1325 1326//1326 1426//1426
f 1326//1326 1327//1327 1426//1426
f 1426//1426 1327//1327 1328//1328
f 1328//1328 1329//1329 1426//1426
f 1329//1329 1330//1330 1426//1426
f 1426//1426 1330//1330 1331//1331
f 1418//1418 1420//1420 1335//1335
f 1420//1420 909//909 1335//1335
f 1335//1335 909//909 1334//1334
f 909//909 1423//1423 1334//1334
f 1334//1334 1423//1423 1333//1333
f 1423//1423 908//908 1333//1333
f 1333//1333 908//908 1426//1426
f 1695//1695 1697//1697 1906//1906
f 1697//1697 1699//1699 1906//1906
f 1906//1906 1699//1699 1908//1908
f 1699//1699 1701//1701 1908//1908
f 1701//1701 969//969 1908//1908
f 1908//1908 969//969 1910//1910
f 1751//1751 1960//1960 1749//1749
f 1960//1960 1958//1958 1749//1749
f 1749//1749 1958//1958 1747//1747
f 2026//2026 2024//2024 1505//1505
f 2032//2032 900//900 2034//2034
f 900//900 1524//1524 2034//2034
f 2034//2034 1524//1524 1526//1526
f 946//946 945//945 1267//1267
f 945//945 1786//1786 1267//1267
f 1267//1267 1786//1786 1266//1266
f 1786//1786 944//944 1266//1266
f 1266//1266 944//944 1409//1409
f 944//944 1408//1408 1409//1409
f 1836//1836 1838//1838 2164//2164
f 1838//1838 1840//1840 2164//2164
f 2164//2164 1840//1840 1842//1842
f 1842//1842 1844//1844 2164//2164
f 1844//1844 1846//1846 2164//2164
f 2164//2164 1846//1846 928//928
f 1972//1972 955//955 1974//1974
f 955//955 1758//1758 1974//1974
f 1974//1974 1758//1758 1976//1976
f 2018//2018 2016//2016 1491//1491
f 2022//2022 1501//1501 2024//2024
f 1501//1501 1503//1503 2024//2024
f 2024//2024 1503//1503 1505//1505
f 1505//1505 1507//1507 2026//2026
f 1507//1507 1509//1509 2026//2026
f 2026//2026 1509//1509 2028//2028
f 1338//1338 1339//1339 1623//1623
f 1339//1339 1340//1340 1623//1623
f 1623//1623 1340//1340 1621//1621
f 1340//1340 1341//1341 1621//1621
f 1621//1621 1341//1341 1619//1619
f 1341//1341 1342//1342 1619//1619
f 1619//1619 1342//1342 1343//1343
f 1804//1804 940//940 1392//1392
f 940//940 1807//1807 1392//1392
f 1392//1392 1807//1807 1391//1391
f 1807//1807 1809//1809 1391//1391
f 1391//1391 1809//1809 939//939
f 969//969 968//968 1910//1910
f 968//968 967//967 1910//1910
f 1910//1910 967//967 1912//1912
f 967//967 1706//1706 1912//1912
f 1706//1706 1708//1708 1912//1912
f 1912//1912 1708//1708 1914//1914
f 1972//1972 1970//1970 956//956
f 1970//1970 1968//1968 956//956
f 956//956 1968//1968 957//957
f 1968//1968 1966//1966 957//957
f 957//957 1966//1966 1753//1753
f 1966//1966 1964//1964 1753//1753
f 1753//1753 1964//1964 1751//1751
f 1964//1964 1962//1962 1751//1751
f 1751//1751 1962//1962 1960//1960
f 1491//1491 1493//1493 2018//2018
f 1493//1493 1495//1495 2018//2018
f 2018//2018 1495//1495 2020//2020
f 1495//1495 1497//1497 2020//2020
f 2020//2020 1497//1497 2022//2022
f 1497//1497 1499//1499 2022//2022
f 2022//2022 1499//1499 1501//1501
f 1509//1509 1511//1511 2028//2028
f 1511//1511 1513//1513 2028//2028
f 2028//2028 1513//1513 2030//2030
f 1513//1513 1515//1515 2030//2030
f 1391//1391 2146//2146 1390//1390
f 2146//2146 2144//2144 1390//1390
f 1390//1390 2144//2144 1389//1389
f 2144//2144 2142//2142 1389//1389
f 1389//1389 2142//2142 1388//1388
f 2142//2142 2140//2140 1388//1388
f 1388//1388 2140//2140 1387//1387
f 2140//2140 2138//2138 1387//1387
f 1387//1387 2138//2138 1386//1386
f 2138//2138 2136//2136 1386//1386
f 1386//1386 2136//2136 1385//1385
f 2136//2136 2134//2134 1385//1385
f 1385//1385 2134//2134 1384//1384
f 2134//2134 2132//2132 1384//1384
f 1384//1384 2132//2132 1383//1383
f 2132//2132 2130//2130 1383//1383
f 1383//1383 2130//2130 1382//1382
f 2130//2130 2128//2128 1382//1382
f 1382//1382 2128//2128 1381//1381
f 2128//2128 2126//2126 1381//1381
f 1381//1381 2126//2126 1380//1380
f 2126//2126 2124//2124 1380//1380
f 1380//1380 2124//2124 1379//1379
f 2124//2124 2122//2122 1379//1379
f 1379//1379 2122//2122 1378//1378
f 2122//2122 2120//2120 1378//1378
f 1378//1378 2120//2120 1377//1377
f 2120//2120 2118//2118 1377//1377
f 1377//1377 2118//2118 1376//1376
f 2118//2118 2116//2116 1376//1376
f 1376//1376 2116//2116 1375//1375
f 2116//2116 2114//2114 1375//1375
f 1375//1375 2114//2114 1374//1374
f 2114//2114 2112//2112 1374//1374
f 1374//1374 2112//2112 1373//1373
f 2112//2112 2110//2110 1373//1373
f 1373//1373 2110//2110 1372//1372
f 2110//2110 2108//2108 1372//1372
f 1372//1372 2108//2108 1371//1371
f 2108//2108 2106//2106 1371//1371
f 1371//1371 2106//2106 1370//1370
f 2106//2106 2104//2104 1370//1370
f 1370//1370 2104//2104 1369//1369
f 2104//2104 2102//2102 1369//1369
f 1369//1369 2102//2102 1368//1368
f 2102//2102 2100//2100 1368//1368
f 1368//1368 2100//2100 1367//1367
f 2100//2100 2098//2098 1367//1367
f 1367//1367 2098//2098 1366//1366
f 2098//2098 2096//2096 1366//1366
f 1366//1366 2096//2096 1365//1365
f 2096//2096 2094//2094 1365//1365
f 1365//1365 2094//2094 1364//1364
f 2094//2094 2092//2092 1364//1364
f 1364//1364 2092//2092 1363//1363
f 2092//2092 2090//2090 1363//1363
f 1363//1363 2090//2090 1362//1362
f 2090//2090 1361//1361 1362//1362
f 1958//1958 1956//1956 1747//1747
f 1956//1956 1954//1954 1747//1747
f 1747//1747 1954//1954 958//958
f 1954//1954 1952//1952 958//958
f 958//958 1952//1952 959//959
f 1952//1952 1950//1950 959//959
f 959//959 1950//1950 1743//1743
f 1950//1950 1948//1948 1743//1743
f 1743//1743 1948//1948 1741//1741
f 1948//1948 1946//1946 1741//1741
f 1741//1741 1946//1946 960//960
f 907//907 1433//1433 1320//1320
f 1433//1433 1435//1435 1320//1320
f 1320//1320 1435//1435 1319//1319
f 1435//1435 1437//1437 1319//1319
f 1319//1319 1437//1437 1439//1439
f 1515//1515 1517//1517 2030//2030
f 1517//1517 1519//1519 2030//2030
f 2030//2030 1519//1519 2032//2032
f 1519//1519 1521//1521 2032//2032
f 2032//2032 1521//1521 900//900
f 1708//1708 1710//1710 1914//1914
f 1710//1710 1712//1712 1914//1914
f 1914//1914 1712//1712 1916//1916
f 1712//1712 966//966 1916//1916
f 1916//1916 966//966 1918//1918
f 1920//1920 1718//1718 1922//1922
f 1718//1718 1720//1720 1922//1922
f 1922//1922 1720//1720 1924//1924
f 1720//1720 1722//1722 1924//1924
f 1924//1924 1722//1722 1926//1926
f 1722//1722 1724//1724 1926//1926
f 1926//1926 1724//1724 1928//1928
f 2158//2158 2156//2156 1391//1391
f 2156//2156 2154//2154 1391//1391
f 1391//1391 2154//2154 2152//2152
f 966//966 965//965 1918//1918
f 965//965 964//964 1918//1918
f 1918//1918 964//964 1920//1920
f 964//964 963//963 1920//1920
f 1920//1920 963//963 1718//1718
f 1946//1946 1944//1944 960//960
f 1944//1944 1942//1942 960//960
f 960//960 1942//1942 1738//1738
f 1942//1942 1940//1940 1738//1738
f 1738//1738 1940//1940 1736//1736
f 1940//1940 1938//1938 1736//1736
f 1736//1736 1938//1938 1734//1734
f 1938//1938 1936//1936 1734//1734
f 1734//1734 1936//1936 1732//1732
f 1936//1936 1934//1934 1732//1732
f 1732//1732 1934//1934 961//961
f 1934//1934 1932//1932 961//961
f 961//961 1932//1932 962//962
f 1932//1932 1930//1930 962//962
f 962//962 1930//1930 1728//1728
f 1930//1930 1928//1928 1728//1728
f 1728//1728 1928//1928 1726//1726
f 1928//1928 1724//1724 1726//1726
f 1764//1764 1766//1766 1272//1272
f 1766//1766 1768//1768 1272//1272
f 1272//1272 1768//1768 1770//1770
f 939//939 2162//2162 1391//1391
f 2162//2162 2160//2160 1391//1391
f 1391//1391 2160//2160 2158//2158
f 906//906 1456//1456 1982//1982
f 2152//2152 2150//2150 1391//1391
f 2150//2150 2148//2148 1391//1391
f 1391//1391 2148//2148 2146//2146
f 1439//1439 1441//1441 1319//1319
f 1441//1441 1443//1443 1319//1319
f 1319//1319 1443//1443 1318//1318
f 1443//1443 1445//1445 1318//1318
f 1318//1318 1445//1445 1447//1447
f 1481//1481 1483//1483 2012//2012
f 1483//1483 1485//1485 2012//2012
f 1485//1485 902//902 2012//2012
f 2012//2012 902//902 2014//2014
f 902//902 901//901 2014//2014
f 2014//2014 901//901 2016//2016
f 901//901 1489//1489 2016//2016
f 2016//2016 1489//1489 1491//1491
f 1982//1982 1313//1313 1314//1314
f 1982//1982 1317//1317 1318//1318
f 1308//1308 1309//1309 1982//1982
f 1309//1309 1310//1310 1982//1982
f 1314//1314 1315//1315 1982//1982
f 1315//1315 1316//1316 1982//1982
f 1982//1982 1316//1316 1317//1317
f 1447//1447 1449//1449 1318//1318
f 1449//1449 1451//1451 1318//1318
f 1318//1318 1451//1451 1982//1982
f 1451//1451 1453//1453 1982//1982
f 1982//1982 1453//1453 906//906
f 1456//1456 905//905 1982//1982
f 905//905 904//904 1982//1982
f 1982//1982 904//904 1984//1984
f 904//904 1460//1460 1984//1984
f 1984//1984 1460//1460 1986//1986
f 1460//1460 1462//1462 1986//1986
f 1986//1986 1462//1462 1988//1988
f 1462//1462 1464//1464 1988//1988
f 1988//1988 1464//1464 1990//1990
f 1464//1464 1466//1466 1990//1990
f 1990//1990 1466//1466 1992//1992
f 1466//1466 1468//1468 1992//1992
f 1274//1274 953//953 1273//1273
f 953//953 952//952 1273//1273
f 1273//1273 952//952 1272//1272
f 952//952 951//951 1272//1272
f 1272//1272 951//951 1764//1764
f 1274//1274 1275//1275 953//953
f 1275//1275 1276//1276 953//953
f 953//953 1276//1276 1277//1277
f 953//953 1283//1283 1284//1284
f 1976//1976 1758//1758 1978//1978
f 1758//1758 954//954 1978//1978
f 1978//1978 954//954 1980//1980
f 954//954 953//953 1980//1980
f 1980//1980 953//953 1982//1982
f 953//953 1284//1284 1982//1982
f 1982//1982 1284//1284 1285//1285
f 1310//1310 1311//1311 1982//1982
f 1311//1311 1312//1312 1982//1982
f 1982//1982 1312//1312 1313//1313
f 2012//2012 2010//2010 1481//1481
f 2010//2010 2008//2008 1481//1481
f 1481//1481 2008//2008 1479//1479
f 2008//2008 2006//2006 1479//1479
f 1479//1479 2006//2006 1477//1477
f 2006//2006 2004//2004 1477//1477
f 1477//1477 2004//2004 1475//1475
f 2004//2004 2002//2002 1475//1475
f 1475//1475 2002//2002 1473//1473
f 2002//2002 2000//2000 1473//1473
f 1473//1473 2000//2000 903//903
f 2000//2000 1998//1998 903//903
f 903//903 1998//1998 1470//1470
f 1998//1998 1996//1996 1470//1470
f 1470//1470 1996//1996 1468//1468
f 1996//1996 1994//1994 1468//1468
f 1468//1468 1994//1994 1992//1992
f 1277//1277 1278//1278 953//953
f 1278//1278 1279//1279 953//953
f 953//953 1279//1279 1280//1280
f 1982//1982 1301//1301 1302//1302
f 1280//1280 1281//1281 953//953
f 1281//1281 1282//1282 953//953
f 953//953 1282//1282 1283//1283
f 1285//1285 1286//1286 1982//1982
f 1286//1286 1287//1287 1982//1982
f 1982//1982 1287//1287 1288//1288
f 1982//1982 1294//1294 1295//1295
f 1298//1298 1299//1299 1982//1982
f 1299//1299 1300//1300 1982//1982
f 1982//1982 1300//1300 1301//1301
f 1302//1302 1303//1303 1982//1982
f 1303//1303 1304//1304 1982//1982
f 1982//1982 1304//1304 1305//1305
f 1288//1288 1289//1289 1982//1982
f 1289//1289 1290//1290 1982//1982
f 1982//1982 1290//1290 1291//1291
f 1291//1291 1292//1292 1982//1982
f 1292//1292 1293//1293 1982//1982
f 1982//1982 1293//1293 1294//1294
f 1295//1295 1296//1296 1982//1982
f 1296//1296 1297//1297 1982//1982
f 1982//1982 1297//1297 1298//1298
f 1305//1305 1306//1306 1982//1982
f 1306//1306 1307//1307 1982//1982
f 1982//1982 1307//1307 1308//1308
f 1413//1413 1411//1411 2256//2256
f 2051//2051 1571//1571 1569//1569
f 1793//1793 1791//1791 2328//2328
f 1791//1791 1789//1789 2328//2328
f 2328//2328 1789//1789 2185//2185
f 2256//2256 1411//1411 2257//2257
f 2051//2051 1569//1569 2049//2049
f 1686//1686 1901//1901 1688//1688
f 1901//1901 1903//1903 1688//1688
f 1688//1688 1903//1903 1689//1689
f 1877//1877 1876//1876 2175//2175
f 1672//1672 2260//2260 2259//2259
f 1559//1559 2045//2045 1561//1561
f 2045//2045 2047//2047 1561//1561
f 1561//1561 2047//2047 1563//1563
f 1553//1553 2043//2043 1555//1555
f 2043//2043 2045//2045 1555//1555
f 1555//1555 2045//2045 1557//1557
f 2045//2045 1559//1559 1557//1557
f 1547//1547 2041//2041 1549//1549
f 2041//2041 2043//2043 1549//1549
f 1549//1549 2043//2043 1551//1551
f 2043//2043 1553//1553 1551//1551
f 2195//2195 2194//2194 1775//1775
f 1907//1907 1698//1698 1696//1696
f 1679//1679 1897//1897 1680//1680
f 1897//1897 1899//1899 1680//1680
f 1680//1680 1899//1899 1681//1681
f 1679//1679 1678//1678 1897//1897
f 1678//1678 1896//1896 1897//1897
f 1897//1897 1896//1896 2183//2183
f 1896//1896 1895//1895 2183//2183
f 2175//2175 1876//1876 2173//2173
f 1811//1811 2089//2089 1813//1813
f 2089//2089 2091//2091 1813//1813
f 1813//1813 2091//2091 1814//1814
f 1810//1810 2085//2085 1811//1811
f 2085//2085 2087//2087 1811//1811
f 1811//1811 2087//2087 2089//2089
f 2053//2053 1574//1574 2051//2051
f 1574//1574 1572//1572 2051//2051
f 2051//2051 1572//1572 1571//1571
f 1569//1569 1567//1567 2049//2049
f 1567//1567 1565//1565 2049//2049
f 2049//2049 1565//1565 2047//2047
f 1565//1565 1564//1564 2047//2047
f 2047//2047 1564//1564 1563//1563
f 1529//1529 2035//2035 1531//1531
f 2035//2035 2037//2037 1531//1531
f 1531//1531 2037//2037 1533//1533
f 2188//2188 2187//2187 1784//1784
f 2187//2187 2186//2186 1784//1784
f 1778//1778 2193//2193 2192//2192
f 1772//1772 1771//1771 2209//2209
f 1907//1907 1696//1696 1905//1905
f 1686//1686 1685//1685 1901//1901
f 1685//1685 1684//1684 1901//1901
f 1901//1901 1684//1684 1899//1899
f 1684//1684 1683//1683 1899//1899
f 1899//1899 1683//1683 1681//1681
f 1421//1421 2251//2251 1422//1422
f 2251//2251 2250//2250 1422//1422
f 1422//1422 2250//2250 1424//1424
f 2250//2250 2249//2249 1424//1424
f 1424//1424 2249//2249 1425//1425
f 2249//2249 2248//2248 1425//1425
f 1425//1425 2248//2248 1427//1427
f 2248//2248 2247//2247 1427//1427
f 1413//1413 2256//2256 1415//1415
f 2256//2256 2255//2255 1415//1415
f 1415//1415 2255//2255 1417//1417
f 2255//2255 2254//2254 1417//1417
f 1417//1417 2254//2254 1419//1419
f 2254//2254 2253//2253 1419//1419
f 1419//1419 2253//2253 1421//1421
f 2253//2253 2252//2252 1421//1421
f 1421//1421 2252//2252 2251//2251
f 2257//2257 1411//1411 2258//2258
f 1411//1411 1676//1676 2258//2258
f 2258//2258 1676//1676 2259//2259
f 1676//1676 1674//1674 2259//2259
f 2259//2259 1674//1674 1672//1672
f 2327//2327 1801//1801 1799//1799
f 1547//1547 1545//1545 2041//2041
f 1545//1545 1543//1543 2041//2041
f 2041//2041 1543//1543 2039//2039
f 1543//1543 1541//1541 2039//2039
f 2189//2189 1782//1782 2190//2190
f 1782//1782 2191//2191 2190//2190
f 2206//2206 1775//1775 2207//2207
f 1775//1775 2208//2208 2207//2207
f 2198//2198 1775//1775 2199//2199
f 1775//1775 2200//2200 2199//2199
f 2193//2193 1778//1778 2194//2194
f 1778//1778 1777//1777 2194//2194
f 2194//2194 1777//1777 1775//1775
f 1696//1696 1694//1694 1905//1905
f 1694//1694 1693//1693 1905//1905
f 1905//1905 1693//1693 1903//1903
f 1693//1693 1691//1691 1903//1903
f 1903//1903 1691//1691 1689//1689
f 1891//1891 2181//2181 1893//1893
f 2181//2181 2183//2183 1893//1893
f 1893//1893 2183//2183 1894//1894
f 2183//2183 1895//1895 1894//1894
f 2177//2177 1881//1881 2175//2175
f 1881//1881 1879//1879 2175//2175
f 2175//2175 1879//1879 1877//1877
f 2167//2167 2169//2169 1867//1867
f 2261//2261 1668//1668 2262//2262
f 1668//1668 2263//2263 2262//2262
f 1646//1646 2282//2282 1648//1648
f 2282//2282 1650//1650 1648//1648
f 1799//1799 1797//1797 2327//2327
f 1797//1797 1795//1795 2327//2327
f 2327//2327 1795//1795 2328//2328
f 1795//1795 1794//1794 2328//2328
f 2328//2328 1794//1794 1793//1793
f 1541//1541 1539//1539 2039//2039
f 1539//1539 1537//1537 2039//2039
f 2039//2039 1537//1537 2037//2037
f 1537//1537 1535//1535 2037//2037
f 2037//2037 1535//1535 1533//1533
f 1789//1789 1788//1788 2185//2185
f 1788//1788 1787//1787 2185//2185
f 2185//2185 1787//1787 2186//2186
f 1787//1787 1785//1785 2186//2186
f 2186//2186 1785//1785 1784//1784
f 2188//2188 1784//1784 2189//2189
f 1784//1784 1783//1783 2189//2189
f 2189//2189 1783//1783 1782//1782
f 2191//2191 1782//1782 2192//2192
f 1782//1782 1780//1780 2192//2192
f 2192//2192 1780//1780 1778//1778
f 2198//2198 2197//2197 1775//1775
f 2197//2197 2196//2196 1775//1775
f 1775//1775 2196//2196 2195//2195
f 2208//2208 1775//1775 2209//2209
f 1775//1775 1774//1774 2209//2209
f 2209//2209 1774//1774 1772//1772
f 1752//1752 1943//1943 1754//1754
f 1943//1943 1755//1755 1754//1754
f 1891//1891 1890//1890 2181//2181
f 1890//1890 1889//1889 2181//2181
f 2181//2181 1889//1889 2179//2179
f 1889//1889 1888//1888 2179//2179
f 1888//1888 1887//1887 2179//2179
f 1887//1887 1885//1885 2179//2179
f 2179//2179 1885//1885 2177//2177
f 1885//1885 1883//1883 2177//2177
f 2177//2177 1883//1883 1881//1881
f 1876//1876 1874//1874 2173//2173
f 1874//1874 1872//1872 2173//2173
f 2173//2173 1872//1872 2171//2171
f 1820//1820 2107//2107 1821//1821
f 2107//2107 2109//2109 1821//1821
f 1821//1821 2109//2109 1822//1822
f 2260//2260 1672//1672 2261//2261
f 1672//1672 1670//1670 2261//2261
f 2261//2261 1670//1670 1668//1668
f 2263//2263 1668//1668 2264//2264
f 1668//1668 1666//1666 2264//2264
f 2264//2264 1666//1666 1665//1665
f 2271//2271 2270//2270 1659//1659
f 2270//2270 2269//2269 1659//1659
f 1659//1659 2269//2269 2268//2268
f 2279//2279 2278//2278 1654//1654
f 2206//2206 2205//2205 1775//1775
f 2205//2205 2204//2204 1775//1775
f 1775//1775 2204//2204 2203//2203
f 1529//1529 1527//1527 2035//2035
f 1527//1527 1525//1525 2035//2035
f 2035//2035 1525//1525 2033//2033
f 2023//2023 2025//2025 1504//1504
f 2017//2017 2019//2019 1494//1494
f 1909//1909 1911//1911 1704//1704
f 1872//1872 1871//1871 2171//2171
f 1871//1871 1870//1870 2171//2171
f 2171//2171 1870//1870 2169//2169
f 1870//1870 1868//1868 2169//2169
f 2169//2169 1868//1868 1867//1867
f 1817//1817 2101//2101 1818//1818
f 2101//2101 2103//2103 1818//1818
f 1818//1818 2103//2103 1820//1820
f 2103//2103 2105//2105 1820//1820
f 1820//1820 2105//2105 2107//2107
f 2091//2091 2093//2093 1814//1814
f 2093//2093 2095//2095 1814//1814
f 1814//1814 2095//2095 1815//1815
f 2095//2095 2097//2097 1815//1815
f 1815//1815 2097//2097 1817//1817
f 2097//2097 2099//2099 1817//1817
f 1817//1817 2099//2099 2101//2101
f 1663//1663 2266//2266 1665//1665
f 2266//2266 2265//2265 1665//1665
f 1665//1665 2265//2265 2264//2264
f 2268//2268 2267//2267 1659//1659
f 2267//2267 2266//2266 1659//1659
f 1659//1659 2266//2266 1661//1661
f 2266//2266 1663//1663 1661//1661
f 2271//2271 1659//1659 2272//2272
f 1659//1659 1657//1657 2272//2272
f 2272//2272 1657//1657 2273//2273
f 2057//2057 2059//2059 1585//1585
f 2323//2323 1803//1803 2324//2324
f 1803//1803 2325//2325 2324//2324
f 2203//2203 2202//2202 1775//1775
f 2202//2202 2201//2201 1775//1775
f 1775//1775 2201//2201 2200//2200
f 2027//2027 1508//1508 2025//2025
f 1508//1508 1506//1506 2025//2025
f 2025//2025 1506//1506 1504//1504
f 1504//1504 1502//1502 2023//2023
f 1502//1502 1500//1500 2023//2023
f 2023//2023 1500//1500 2021//2021
f 1500//1500 1498//1498 2021//2021
f 2021//2021 1498//1498 2019//2019
f 1498//1498 1496//1496 2019//2019
f 2019//2019 1496//1496 1494//1494
f 1444//1444 1442//1442 1953//1953
f 1704//1704 1703//1703 1909//1909
f 1703//1703 1702//1702 1909//1909
f 1909//1909 1702//1702 1907//1907
f 1702//1702 1700//1700 1907//1907
f 1907//1907 1700//1700 1698//1698
f 1867//1867 1865//1865 2167//2167
f 1865//1865 1863//1863 2167//2167
f 2167//2167 1863//1863 2165//2165
f 1863//1863 1862//1862 2165//2165
f 2165//2165 1862//1862 2163//2163
f 1862//1862 1861//1861 2163//2163
f 1861//1861 1860//1860 2163//2163
f 2163//2163 1860//1860 2161//2161
f 2109//2109 2111//2111 1822//1822
f 2111//2111 2113//2113 1822//1822
f 1822//1822 2113//2113 1823//1823
f 2113//2113 2115//2115 1823//1823
f 1823//1823 2115//2115 1825//1825
f 2115//2115 2117//2117 1825//1825
f 1825//1825 2117//2117 1827//1827
f 1650//1650 2282//2282 1652//1652
f 2282//2282 2281//2281 1652//1652
f 1652//1652 2281//2281 1654//1654
f 2281//2281 2280//2280 1654//1654
f 1654//1654 2280//2280 2279//2279
f 2278//2278 2277//2277 1654//1654
f 2277//2277 2276//2276 1654//1654
f 1654//1654 2276//2276 1655//1655
f 2276//2276 2275//2275 1655//1655
f 1655//1655 2275//2275 1657//1657
f 2275//2275 2274//2274 1657//1657
f 1657//1657 2274//2274 2273//2273
f 1585//1585 1583//1583 2057//2057
f 1583//1583 1582//1582 2057//2057
f 2057//2057 1582//1582 2055//2055
f 1801//1801 2327//2327 1803//1803
f 2327//2327 2326//2326 1803//1803
f 1803//1803 2326//2326 2325//2325
f 1803//1803 2320//2320 2319//2319
f 2029//2029 1512//1512 2027//2027
f 1512//1512 1510//1510 2027//2027
f 2027//2027 1510//1510 1508//1508
f 1953//1953 1442//1442 1951//1951
f 1442//1442 1440//1440 1951//1951
f 1951//1951 1440//1440 1949//1949
f 1949//1949 1440//1440 1947//1947
f 1440//1440 1438//1438 1947//1947
f 1947//1947 1438//1438 1945//1945
f 1438//1438 1436//1436 1945//1945
f 1945//1945 1436//1436 1943//1943
f 1763//1763 1762//1762 2210//2210
f 1762//1762 1761//1761 2210//2210
f 2210//2210 1761//1761 1760//1760
f 1432//1432 2244//2244 2243//2243
f 1913//1913 1915//1915 1711//1711
f 2117//2117 2119//2119 1827//1827
f 2119//2119 2121//2121 1827//1827
f 1827//1827 2121//2121 1828//1828
f 2121//2121 2123//2123 1828//1828
f 1828//1828 2123//2123 1830//1830
f 1582//1582 1580//1580 2055//2055
f 1580//1580 1578//1578 2055//2055
f 2055//2055 1578//1578 2053//2053
f 1578//1578 1576//1576 2053//2053
f 2053//2053 1576//1576 1574//1574
f 2323//2323 2322//2322 1803//1803
f 2322//2322 2321//2321 1803//1803
f 1803//1803 2321//2321 2320//2320
f 1525//1525 1523//1523 2033//2033
f 1523//1523 1522//1522 2033//2033
f 2033//2033 1522//1522 2031//2031
f 1522//1522 1520//1520 2031//2031
f 1520//1520 1518//1518 2031//2031
f 1518//1518 1516//1516 2031//2031
f 2031//2031 1516//1516 2029//2029
f 1516//1516 1514//1514 2029//2029
f 2029//2029 1514//1514 1512//1512
f 2225//2225 2224//2224 1943//1943
f 2224//2224 2223//2223 1943//1943
f 1943//1943 2223//2223 2222//2222
f 2222//2222 2221//2221 1943//1943
f 2221//2221 2220//2220 1943//1943
f 1943//1943 2220//2220 2219//2219
f 2243//2243 2242//2242 1432//1432
f 2242//2242 2241//2241 1432//1432
f 1432//1432 2241//2241 2240//2240
f 2237//2237 2236//2236 1432//1432
f 2236//2236 2235//2235 1432//1432
f 1752//1752 1750//1750 1943//1943
f 1750//1750 1748//1748 1943//1943
f 1943//1943 1748//1748 1746//1746
f 1746//1746 1745//1745 1943//1943
f 1745//1745 1744//1744 1943//1943
f 1943//1943 1744//1744 1941//1941
f 1744//1744 1742//1742 1941//1941
f 1711//1711 1709//1709 1913//1913
f 1709//1709 1707//1707 1913//1913
f 1913//1913 1707//1707 1911//1911
f 1707//1707 1705//1705 1911//1911
f 1911//1911 1705//1705 1704//1704
f 1860//1860 1858//1858 2161//2161
f 1858//1858 1857//1857 2161//2161
f 2161//2161 1857//1857 2159//2159
f 1857//1857 1856//1856 2159//2159
f 2159//2159 1856//1856 2157//2157
f 1856//1856 1854//1854 2157//2157
f 2157//2157 1854//1854 2155//2155
f 1854//1854 1852//1852 2155//2155
f 2155//2155 1852//1852 2153//2153
f 2123//2123 2125//2125 1830//1830
f 2125//2125 2127//2127 1830//1830
f 1830//1830 2127//2127 1831//1831
f 2127//2127 2129//2129 1831//1831
f 1831//1831 2129//2129 1832//1832
f 2129//2129 2131//2131 1832//1832
f 1832//1832 2131//2131 1833//1833
f 2131//2131 2133//2133 1833//1833
f 1833//1833 2133//2133 1835//1835
f 2133//2133 2135//2135 1835//1835
f 1835//1835 2135//2135 1837//1837
f 2290//2290 2289//2289 2081//2081
f 1631//1631 1629//1629 2081//2081
f 1629//1629 1627//1627 2081//2081
f 2081//2081 1627//1627 1626//1626
f 1626//1626 1624//1624 2081//2081
f 1624//1624 1622//1622 2081//2081
f 2081//2081 1622//1622 1620//1620
f 1620//1620 1618//1618 2081//2081
f 1618//1618 1616//1616 2081//2081
f 2081//2081 1616//1616 1615//1615
f 2063//2063 1591//1591 2061//2061
f 1591//1591 1589//1589 2061//2061
f 2061//2061 1589//1589 2059//2059
f 1589//1589 1587//1587 2059//2059
f 2059//2059 1587//1587 1585//1585
f 1494//1494 1492//1492 2017//2017
f 1492//1492 1490//1490 2017//2017
f 2017//2017 1490//1490 2015//2015
f 1490//1490 1488//1488 2015//2015
f 2015//2015 1488//1488 2013//2013
f 1488//1488 1487//1487 2013//2013
f 2013//2013 1487//1487 2011//2011
f 1487//1487 1486//1486 2011//2011
f 2011//2011 1486//1486 2009//2009
f 1448//1448 1963//1963 1450//1450
f 1963//1963 1965//1965 1450//1450
f 1450//1450 1965//1965 1452//1452
f 1953//1953 1955//1955 1444//1444
f 1955//1955 1957//1957 1444//1444
f 1444//1444 1957//1957 1446//1446
f 1957//1957 1959//1959 1446//1446
f 1446//1446 1959//1959 1448//1448
f 1959//1959 1961//1961 1448//1448
f 1448//1448 1961//1961 1963//1963
f 2235//2235 2234//2234 1432//1432
f 2234//2234 2233//2233 1432//1432
f 1432//1432 2233//2233 1434//1434
f 2233//2233 1436//1436 1434//1434
f 1436//1436 2233//2233 1943//1943
f 2233//2233 2232//2232 1943//1943
f 1943//1943 2232//2232 2231//2231
f 2219//2219 2218//2218 1943//1943
f 2218//2218 2217//2217 1943//1943
f 1943//1943 2217//2217 2216//2216
f 2247//2247 2246//2246 1427//1427
f 2246//2246 2245//2245 1427//1427
f 1427//1427 2245//2245 1429//1429
f 2245//2245 2244//2244 1429//1429
f 1429//1429 2244//2244 1431//1431
f 2244//2244 1432//1432 1431//1431
f 2240//2240 2239//2239 1432//1432
f 2239//2239 2238//2238 1432//1432
f 1432//1432 2238//2238 2237//2237
f 2289//2289 2288//2288 2081//2081
f 2288//2288 2287//2287 2081//2081
f 2081//2081 2287//2287 2286//2286
f 1965//1965 1967//1967 1452//1452
f 1967//1967 1969//1969 1452//1452
f 1452//1452 1969//1969 1454//1454
f 1969//1969 1971//1971 1454//1454
f 1454//1454 1971//1971 1455//1455
f 1971//1971 1973//1973 1455//1455
f 1455//1455 1973//1973 1457//1457
f 1771//1771 1769//1769 2209//2209
f 1769//1769 1767//1767 2209//2209
f 2209//2209 1767//1767 2210//2210
f 1767//1767 1765//1765 2210//2210
f 2210//2210 1765//1765 1763//1763
f 2231//2231 2230//2230 1943//1943
f 2230//2230 2229//2229 1943//1943
f 1943//1943 2229//2229 2228//2228
f 1927//1927 1725//1725 1925//1925
f 1725//1725 1723//1723 1925//1925
f 1925//1925 1723//1723 1923//1923
f 1723//1723 1721//1721 1923//1923
f 1923//1923 1721//1721 1921//1921
f 1721//1721 1719//1719 1921//1921
f 1719//1719 1717//1717 1921//1921
f 1921//1921 1717//1717 1919//1919
f 2313//2313 2312//2312 1808//1808
f 1646//1646 1644//1644 2282//2282
f 1644//1644 1642//1642 2282//2282
f 2282//2282 1642//1642 1640//1640
f 2065//2065 1595//1595 2063//2063
f 1595//1595 1593//1593 2063//2063
f 2063//2063 1593//1593 1591//1591
f 1459//1459 1983//1983 1461//1461
f 1983//1983 1985//1985 1461//1461
f 1461//1461 1985//1985 1463//1463
f 1985//1985 1987//1987 1463//1463
f 1463//1463 1987//1987 1465//1465
f 1987//1987 1989//1989 1465//1465
f 1465//1465 1989//1989 1467//1467
f 1989//1989 1991//1991 1467//1467
f 1467//1467 1991//1991 1469//1469
f 2228//2228 2227//2227 1943//1943
f 2227//2227 2226//2226 1943//1943
f 1943//1943 2226//2226 2225//2225
f 2216//2216 2215//2215 1943//1943
f 2215//2215 2214//2214 1943//1943
f 1943//1943 2214//2214 2213//2213
f 1717//1717 1716//1716 1919//1919
f 1716//1716 1715//1715 1919//1919
f 1919//1919 1715//1715 1917//1917
f 1715//1715 1714//1714 1917//1917
f 1917//1917 1714//1714 1915//1915
f 1714//1714 1713//1713 1915//1915
f 1915//1915 1713//1713 1711//1711
f 1852//1852 1850//1850 2153//2153
f 1850//1850 1849//1849 2153//2153
f 2153//2153 1849//1849 2151//2151
f 1849//1849 1848//1848 2151//2151
f 2151//2151 1848//1848 2149//2149
f 1848//1848 1847//1847 2149//2149
f 2149//2149 1847//1847 2147//2147
f 1847//1847 1845//1845 2147//2147
f 2147//2147 1845//1845 2145//2145
f 1845//1845 1843//1843 2145//2145
f 2145//2145 1843//1843 2143//2143
f 1843//1843 1841//1841 2143//2143
f 2143//2143 1841//1841 2141//2141
f 1841//1841 1839//1839 2141//2141
f 2141//2141 1839//1839 2139//2139
f 1839//1839 1837//1837 2139//2139
f 2139//2139 1837//1837 2137//2137
f 1837//1837 2135//2135 2137//2137
f 2313//2313 1808//1808 2314//2314
f 2081//2081 2305//2305 2304//2304
f 1614//1614 2073//2073 1615//1615
f 2073//2073 2075//2075 1615//1615
f 2075//2075 2077//2077 1615//1615
f 2077//2077 2079//2079 1615//1615
f 1615//1615 2079//2079 2081//2081
f 1614//1614 1612//1612 2073//2073
f 1612//1612 1610//1610 2073//2073
f 2073//2073 1610//1610 1608//1608
f 1608//1608 1606//1606 2073//2073
f 1606//1606 1604//1604 2073//2073
f 2073//2073 1604//1604 2071//2071
f 1604//1604 1602//1602 2071//2071
f 2071//2071 1602//1602 2069//2069
f 1602//1602 1600//1600 2069//2069
f 2069//2069 1600//1600 2067//2067
f 1600//1600 1598//1598 2067//2067
f 2067//2067 1598//1598 2065//2065
f 1598//1598 1597//1597 2065//2065
f 2065//2065 1597//1597 1595//1595
f 1973//1973 1975//1975 1457//1457
f 1975//1975 1977//1977 1457//1457
f 1457//1457 1977//1977 1458//1458
f 1977//1977 1979//1979 1458//1458
f 1458//1458 1979//1979 1459//1459
f 1979//1979 1981//1981 1459//1459
f 1459//1459 1981//1981 1983//1983
f 2213//2213 2212//2212 1943//1943
f 2212//2212 2211//2211 1943//1943
f 1943//1943 2211//2211 2210//2210
f 1742//1742 1740//1740 1941//1941
f 1740//1740 1739//1739 1941//1941
f 1941//1941 1739//1739 1939//1939
f 1739//1739 1737//1737 1939//1939
f 1939//1939 1737//1737 1937//1937
f 1737//1737 1735//1735 1937//1937
f 1937//1937 1735//1735 1935//1935
f 1735//1735 1733//1733 1935//1935
f 1935//1935 1733//1733 1933//1933
f 1733//1733 1731//1731 1933//1933
f 1933//1933 1731//1731 1931//1931
f 1731//1731 1730//1730 1931//1931
f 1931//1931 1730//1730 1929//1929
f 1730//1730 1729//1729 1929//1929
f 1929//1929 1729//1729 1927//1927
f 1729//1729 1727//1727 1927//1927
f 1927//1927 1727//1727 1725//1725
f 2319//2319 2318//2318 1803//1803
f 2318//2318 2317//2317 1803//1803
f 1803//1803 2317//2317 1805//1805
f 2317//2317 2316//2316 1805//1805
f 1805//1805 2316//2316 1806//1806
f 1806//1806 2316//2316 1808//1808
f 2316//2316 2315//2315 1808//1808
f 1808//1808 2315//2315 2314//2314
f 2312//2312 2311//2311 1808//1808
f 2311//2311 2310//2310 1808//1808
f 1808//1808 2310//2310 2309//2309
f 2306//2306 2305//2305 1808//1808
f 2305//2305 2081//2081 1808//1808
f 1808//1808 2081//2081 1810//1810
f 2081//2081 2083//2083 1810//1810
f 1810//1810 2083//2083 2085//2085
f 2293//2293 2081//2081 2294//2294
f 2081//2081 2295//2295 2294//2294
f 2293//2293 2292//2292 2081//2081
f 2292//2292 2291//2291 2081//2081
f 2081//2081 2291//2291 2290//2290
f 2286//2286 2285//2285 2081//2081
f 2285//2285 2284//2284 2081//2081
f 2081//2081 2284//2284 2283//2283
f 1486//1486 1484//1484 2009//2009
f 1484//1484 1482//1482 2009//2009
f 2009//2009 1482//1482 2007//2007
f 1482//1482 1480//1480 2007//2007
f 2007//2007 1480//1480 2005//2005
f 1480//1480 1478//1478 2005//2005
f 2005//2005 1478//1478 2003//2003
f 1478//1478 1476//1476 2003//2003
f 2003//2003 1476//1476 2001//2001
f 1476//1476 1474//1474 2001//2001
f 2001//2001 1474//1474 1999//1999
f 1474//1474 1472//1472 1999//1999
f 1999//1999 1472//1472 1997//1997
f 1472//1472 1471//1471 1997//1997
f 1997//1997 1471//1471 1995//1995
f 1471//1471 1469//1469 1995//1995
f 1995//1995 1469//1469 1993//1993
f 1469//1469 1991//1991 1993//1993
f 1760//1760 1759//1759 2210//2210
f 1759//1759 1757//1757 2210//2210
f 2210//2210 1757//1757 1943//1943
f 1757//1757 1756//1756 1943//1943
f 1943//1943 1756//1756 1755//1755
f 2309//2309 2308//2308 1808//1808
f 2308//2308 2307//2307 1808//1808
f 1808//1808 2307//2307 2306//2306
f 1640//1640 1638//1638 2282//2282
f 1638//1638 1636//1636 2282//2282
f 2282//2282 1636//1636 2283//2283
f 1636//1636 1634//1634 2283//2283
f 2283//2283 1634//1634 2081//2081
f 1634//1634 1632//1632 2081//2081
f 2081//2081 1632//1632 1631//1631
f 2304//2304 2303//2303 2081//2081
f 2303//2303 2302//2302 2081//2081
f 2081//2081 2302//2302 2301//2301
f 2301//2301 2300//2300 2081//2081
f 2300//2300 2299//2299 2081//2081
f 2081//2081 2299//2299 2298//2298
f 2298//2298 2297//2297 2081//2081
f 2297//2297 2296//2296 2081//2081
f 2081//2081 2296//2296 2295//2295
f 2329//2329 2330//2330 2331//2331
f 2330//2330 2332//2332 2331//2331
f 2331//2331 2332//2332 2333//2333
f 2334//2334 2335//2335 2331//2331
f 2335//2335 2336//2336 2331//2331
f 2331//2331 2336//2336 2329//2329
f 2337//2337 2338//2338 2331//2331
f 2338//2338 2339//2339 2331//2331
f 2331//2331 2339//2339 2334//2334
f 2340//2340 2341//2341 2331//2331
f 2341//2341 2342//2342 2331//2331
f 2331//2331 2342//2342 2337//2337
f 2343//2343 2344//2344 2331//2331
f 2344//2344 2345//2345 2331//2331
f 2331//2331 2345//2345 2340//2340
f 2346//2346 2347//2347 2331//2331
f 2347//2347 2348//2348 2331//2331
f 2331//2331 2348//2348 2343//2343
f 2349//2349 2350//2350 2331//2331
f 2350//2350 2351//2351 2331//2331
f 2331//2331 2351//2351 2346//2346
f 2352//2352 2353//2353 2331//2331
f 2353//2353 2354//2354 2331//2331
f 2331//2331 2354//2354 2349//2349
f 2355//2355 2356//2356 2331//2331
f 2356//2356 2357//2357 2331//2331
f 2331//2331 2357//2357 2352//2352
f 2358//2358 2359//2359 2331//2331
f 2359//2359 2360//2360 2331//2331
f 2331//2331 2360//2360 2355//2355
f 2361//2361 2362//2362 2331//2331
f 2362//2362 2363//2363 2331//2331
f 2331//2331 2363//2363 2358//2358
f 2364//2364 2365//2365 2331//2331
f 2365//2365 2366//2366 2331//2331
f 2331//2331 2366//2366 2361//2361
f 2367//2367 2368//2368 2331//2331
f 2368//2368 2369//2369 2331//2331
f 2331//2331 2369//2369 2364//2364
f 2370//2370 2371//2371 2331//2331
f 2371//2371 2372//2372 2331//2331
f 2331//2331 2372//2372 2367//2367
f 2373//2373 2374//2374 2331//2331
f 2374//2374 2375//2375 2331//2331
f 2331//2331 2375//2375 2370//2370
f 2376//2376 2377//2377 2331//2331
f 2377//2377 2378//2378 2331//2331
f 2331//2331 2378//2378 2373//2373
f 2379//2379 2380//2380 2331//2331
f 2380//2380 2381//2381 2331//2331
f 2331//2331 2381//2381 2376//2376
f 2382//2382 2383//2383 2331//2331
f 2383//2383 2384//2384 2331//2331
f 2331//2331 2384//2384 2379//2379
f 2385//2385 2386//2386 2331//2331
f 2386//2386 2387//2387 2331//2331
f 2331//2331 2387//2387 2382//2382
f 2388//2388 2389//2389 2331//2331
f 2389//2389 2390//2390 2331//2331
f 2331//2331 2390//2390 2385//2385
f 2391//2391 2392//2392 2331//2331
f 2392//2392 2393//2393 2331//2331
f 2331//2331 2393//2393 2388//2388
f 2394//2394 2395//2395 2331//2331
f 2395//2395 2396//2396 2331//2331
f 2331//2331 2396//2396 2391//2391
f 2397//2397 2398//2398 2331//2331
f 2398//2398 2399//2399 2331//2331
f 2331//2331 2399//2399 2394//2394
f 2400//2400 2401//2401 2331//2331
f 2401//2401 2402//2402 2331//2331
f 2331//2331 2402//2402 2397//2397
f 2403//2403 2404//2404 2331//2331
f 2404//2404 2405//2405 2331//2331
f 2331//2331 2405//2405 2400//2400
f 2406//2406 2407//2407 2331//2331
f 2407//2407 2408//2408 2331//2331
f 2331//2331 2408//2408 2403//2403
f 2409//2409 2410//2410 2331//2331
f 2410//2410 2411//2411 2331//2331
f 2331//2331 2411//2411 2406//2406
f 2412//2412 2413//2413 2331//2331
f 2413//2413 2414//2414 2331//2331
f 2331//2331 2414//2414 2409//2409
f 2415//2415 2416//2416 2331//2331
f 2416//2416 2417//2417 2331//2331
f 2331//2331 2417//2417 2412//2412
f 2418//2418 2419//2419 2331//2331
f 2419//2419 2420//2420 2331//2331
f 2331//2331 2420//2420 2415//2415
f 2421//2421 2422//2422 2331//2331
f 2422//2422 2423//2423 2331//2331
f 2331//2331 2423//2423 2418//2418
f 2424//2424 2425//2425 2331//2331
f 2425//2425 2426//2426 2331//2331
f 2331//2331 2426//2426 2421//2421
f 2427//2427 2428//2428 2331//2331
f 2428//2428 2429//2429 2331//2331
f 2331//2331 2429//2429 2424//2424
f 2430//2430 2431//2431 2331//2331
f 2431//2431 2432//2432 2331//2331
f 2331//2331 2432//2432 2427//2427
f 2433//2433 2434//2434 2331//2331
f 2434//2434 2435//2435 2331//2331
f 2331//2331 2435//2435 2430//2430
f 2436//2436 2437//2437 2331//2331
f 2437//2437 2438//2438 2331//2331
f 2331//2331 2438//2438 2433//2433
f 2439//2439 2440//2440 2331//2331
f 2440//2440 2441//2441 2331//2331
f 2331//2331 2441//2441 2436//2436
f 2442//2442 2443//2443 2331//2331
f 2443//2443 2444//2444 2331//2331
f 2331//2331 2444//2444 2439//2439
f 2445//2445 2446//2446 2331//2331
f 2446//2446 2447//2447 2331//2331
f 2331//2331 2447//2447 2442//2442
f 2448//2448 2449//2449 2331//2331
f 2449//2449 2450//2450 2331//2331
f 2331//2331 2450//2450 2445//2445
f 2451//2451 2452//2452 2331//2331
f 2452//2452 2453//2453 2331//2331
f 2331//2331 2453//2453 2448//2448
f 2454//2454 2455//2455 2331//2331
f 2455//2455 2456//2456 2331//2331
f 2331//2331 2456//2456 2451//2451
f 2457//2457 2458//2458 2331//2331
f 2458//2458 2459//2459 2331//2331
f 2331//2331 2459//2459 2454//2454
f 2460//2460 2461//2461 2331//2331
f 2461//2461 2462//2462 2331//2331
f 2331//2331 2462//2462 2457//2457
f 2463//2463 2464//2464 2331//2331
f 2464//2464 2465//2465 2331//2331
f 2331//2331 2465//2465 2460//2460
f 2466//2466 2467//2467 2331//2331
f 2467//2467 2468//2468 2331//2331
f 2331//2331 2468//2468 2463//2463
f 2469//2469 2470//2470 2331//2331
f 2470//2470 2471//2471 2331//2331
f 2331//2331 2471//2471 2466//2466
f 2333//2333 2472//2472 2331//2331
f 2472//2472 2473//2473 2331//2331
f 2331//2331 2473//2473 2469//2469
f 2474//2474 2475//2475 2476//2476
f 2475//2475 2477//2477 2476//2476
f 2476//2476 2477//2477 2478//2478
f 2477//2477 2479//2479 2478//2478
f 2478//2478 2479//2479 2480//2480
f 2479//2479 2481//2481 2480//2480
f 2480//2480 2481//2481 2482//2482
f 2481//2481 2483//2483 2482//2482
f 2482//2482 2483//2483 2484//2484
f 2483//2483 2485//2485 2484//2484
f 2484//2484 2485//2485 2486//2486
f 2485//2485 2487//2487 2486//2486
f 2486//2486 2487//2487 2488//2488
f 2487//2487 2489//2489 2488//2488
f 2488//2488 2489//2489 2490//2490
f 2489//2489 2491//2491 2490//2490
f 2490//2490 2491//2491 2492//2492
f 2491//2491 2493//2493 2492//2492
f 2492//2492 2493//2493 2494//2494
f 2493//2493 2495//2495 2494//2494
f 2494//2494 2495//2495 2496//2496
f 2495//2495 2497//2497 2496//2496
f 2496//2496 2497//2497 2498//2498
f 2497//2497 2499//2499 2498//2498
f 2498//2498 2499//2499 2500//2500
f 2499//2499 2501//2501 2500//2500
f 2500//2500 2501//2501 2502//2502
f 2501//2501 2503//2503 2502//2502
f 2502//2502 2503//2503 2504//2504
f 2503//2503 2505//2505 2504//2504
f 2504//2504 2505//2505 2506//2506
f 2505//2505 2507//2507 2506//2506
f 2506//2506 2507//2507 2508//2508
f 2507//2507 2509//2509 2508//2508
f 2508//2508 2509//2509 2510//2510
f 2509//2509 2511//2511 2510//2510
f 2510//2510 2511//2511 2512//2512
f 2511//2511 2513//2513 2512//2512
f 2512//2512 2513//2513 2514//2514
f 2513//2513 2515//2515 2514//2514
f 2514//2514 2515//2515 2516//2516
f 2515//2515 2517//2517 2516//2516
f 2516//2516 2517//2517 2518//2518
f 2517//2517 2519//2519 2518//2518
f 2518//2518 2519//2519 2520//2520
f 2519//2519 2521//2521 2520//2520
f 2520//2520 2521//2521 2522//2522
f 2521//2521 2523//2523 2522//2522
f 2522//2522 2523//2523 2524//2524
f 2523//2523 2525//2525 2524//2524
f 2524//2524 2525//2525 2526//2526
f 2525//2525 2527//2527 2526//2526
f 2526//2526 2527//2527 2528//2528
f 2527//2527 2529//2529 2528//2528
f 2528//2528 2529//2529 2530//2530
f 2529//2529 2531//2531 2530//2530
f 2530//2530 2531//2531 2532//2532
f 2531//2531 2533//2533 2532//2532
f 2532//2532 2533//2533 2534//2534
f 2533//2533 2535//2535 2534//2534
f 2534//2534 2535//2535 2536//2536
f 2535//2535 2537//2537 2536//2536
f 2536//2536 2537//2537 2538//2538
f 2537//2537 2539//2539 2538//2538
f 2538//2538 2539//2539 2540//2540
f 2539//2539 2541//2541 2540//2540
f 2540//2540 2541//2541 2542//2542
f 2541//2541 2543//2543 2542//2542
f 2542//2542 2543//2543 2544//2544
f 2543//2543 2545//2545 2544//2544
f 2544//2544 2545//2545 2546//2546
f 2545//2545 2547//2547 2546//2546
f 2546//2546 2547//2547 2548//2548
f 2547//2547 2549//2549 2548//2548
f 2548//2548 2549//2549 2550//2550
f 2549//2549 2551//2551 2550//2550
f 2550//2550 2551//2551 2552//2552
f 2551//2551 2553//2553 2552//2552
f 2552//2552 2553//2553 2554//2554
f 2553//2553 2555//2555 2554//2554
f 2554//2554 2555//2555 2556//2556
f 2555//2555 2557//2557 2556//2556
f 2556//2556 2557//2557 2558//2558
f 2557//2557 2559//2559 2558//2558
f 2558//2558 2559//2559 2560//2560
f 2559//2559 2561//2561 2560//2560
f 2560//2560 2561//2561 2562//2562
f 2561//2561 2563//2563 2562//2562
f 2562//2562 2563//2563 2564//2564
f 2563//2563 2565//2565 2564//2564
f 2564//2564 2565//2565 2566//2566
f 2565//2565 2567//2567 2566//2566
f 2566//2566 2567//2567 2568//2568
f 2567//2567 2569//2569 2568//2568
f 2568//2568 2569//2569 2570//2570
f 2569//2569 2571//2571 2570//2570
f 2570//2570 2571//2571 2572//2572
f 2571//2571 2573//2573 2572//2572
f 2572//2572 2573//2573 2574//2574
f 2573//2573 2575//2575 2574//2574
f 2574//2574 2575//2575 2576//2576
f 2575//2575 2577//2577 2576//2576
f 2576//2576 2577//2577 2578//2578
f 2577//2577 2579//2579 2578//2578
f 2578//2578 2579//2579 2580//2580
f 2579//2579 2581//2581 2580//2580
f 2580//2580 2581//2581 2582//2582
f 2581//2581 2583//2583 2582//2582
f 2582//2582 2583//2583 2584//2584
f 2583//2583 2585//2585 2584//2584
f 2584//2584 2585//2585 2586//2586
f 2585//2585 2587//2587 2586//2586
f 2586//2586 2587//2587 2588//2588
f 2587//2587 2589//2589 2588//2588
f 2588//2588 2589//2589 2590//2590
f 2589//2589 2591//2591 2590//2590
f 2590//2590 2591//2591 2592//2592
f 2591//2591 2593//2593 2592//2592
f 2592//2592 2593//2593 2594//2594
f 2593//2593 2595//2595 2594//2594
f 2594//2594 2595//2595 2596//2596
f 2595//2595 2597//2597 2596//2596
f 2596//2596 2597//2597 2598//2598
f 2597//2597 2599//2599 2598//2598
f 2598//2598 2599//2599 2600//2600
f 2599//2599 2601//2601 2600//2600
f 2600//2600 2601//2601 2602//2602
f 2601//2601 2603//2603 2602//2602
f 2602//2602 2603//2603 2604//2604
f 2603//2603 2605//2605 2604//2604
f 2604//2604 2605//2605 2606//2606
f 2605//2605 2607//2607 2606//2606
f 2606//2606 2607//2607 2608//2608
f 2607//2607 2609//2609 2608//2608
f 2608//2608 2609//2609 2610//2610
f 2609//2609 2611//2611 2610//2610
f 2610//2610 2611//2611 2612//2612
f 2611//2611 2613//2613 2612//2612
f 2612//2612 2613//2613 2614//2614
f 2613//2613 2615//2615 2614//2614
f 2614//2614 2615//2615 2616//2616
f 2615//2615 2617//2617 2616//2616
f 2616//2616 2617//2617 2618//2618
f 2617//2617 2619//2619 2618//2618
f 2618//2618 2619//2619 2620//2620
f 2619//2619 2621//2621 2620//2620
f 2620//2620 2621//2621 2622//2622
f 2621//2621 2623//2623 2622//2622
f 2622//2622 2623//2623 2624//2624
f 2623//2623 2625//2625 2624//2624
f 2624//2624 2625//2625 2626//2626
f 2625//2625 2627//2627 2626//2626
f 2626//2626 2627//2627 2628//2628
f 2627//2627 2629//2629 2628//2628
f 2628//2628 2629//2629 2630//2630
f 2629//2629 2631//2631 2630//2630
f 2630//2630 2631//2631 2632//2632
f 2631//2631 2633//2633 2632//2632
f 2632//2632 2633//2633 2634//2634
f 2633//2633 2635//2635 2634//2634
f 2634//2634 2635//2635 2636//2636
f 2635//2635 2637//2637 2636//2636
f 2636//2636 2637//2637 2638//2638
f 2637//2637 2639//2639 2638//2638
f 2638//2638 2639//2639 2640//2640
f 2639//2639 2641//2641 2640//2640
f 2640//2640 2641//2641 2642//2642
f 2641//2641 2643//2643 2642//2642
f 2642//2642 2643//2643 2644//2644
f 2643//2643 2645//2645 2644//2644
f 2644//2644 2645//2645 2646//2646
f 2645//2645 2647//2647 2646//2646
f 2646//2646 2647//2647 2648//2648
f 2647//2647 2649//2649 2648//2648
f 2648//2648 2649//2649 2650//2650
f 2649//2649 2651//2651 2650//2650
f 2650//2650 2651//2651 2652//2652
f 2651//2651 2653//2653 2652//2652
f 2652//2652 2653//2653 2654//2654
f 2653//2653 2655//2655 2654//2654
f 2654//2654 2655//2655 2656//2656
f 2655//2655 2657//2657 2656//2656
f 2656//2656 2657//2657 2658//2658
f 2657//2657 2659//2659 2658//2658
f 2658//2658 2659//2659 2660//2660
f 2659//2659 2661//2661 2660//2660
f 2660//2660 2661//2661 2662//2662
f 2661//2661 2663//2663 2662//2662
f 2662//2662 2663//2663 2664//2664
f 2663//2663 2665//2665 2664//2664
f 2664//2664 2665//2665 2666//2666
f 2665//2665 2667//2667 2666//2666
f 2666//2666 2667//2667 2668//2668
f 2667//2667 2669//2669 2668//2668
f 2668//2668 2669//2669 2670//2670
f 2669//2669 2671//2671 2670//2670
f 2670//2670 2671//2671 2672//2672
f 2671//2671 2673//2673 2672//2672
f 2672//2672 2673//2673 2674//2674
f 2673//2673 2675//2675 2674//2674
f 2674//2674 2675//2675 2676//2676
f 2675//2675 2677//2677 2676//2676
f 2676//2676 2677//2677 2678//2678
f 2677//2677 2679//2679 2678//2678
f 2678//2678 2679//2679 2680//2680
f 2679//2679 2681//2681 2680//2680
f 2680//2680 2681//2681 2682//2682
f 2681//2681 2683//2683 2682//2682
f 2682//2682 2683//2683 2684//2684
f 2683//2683 2685//2685 2684//2684
f 2684//2684 2685//2685 2686//2686
f 2685//2685 2687//2687 2686//2686
f 2686//2686 2687//2687 2688//2688
f 2687//2687 2689//2689 2688//2688
f 2688//2688 2689//2689 2690//2690
f 2689//2689 2691//2691 2690//2690
f 2690//2690 2691//2691 2692//2692
f 2691//2691 2693//2693 2692//2692
f 2692//2692 2693//2693 2694//2694
f 2693//2693 2695//2695 2694//2694
f 2694//2694 2695//2695 2696//2696
f 2695//2695 2697//2697 2696//2696
f 2696//2696 2697//2697 2698//2698
f 2697//2697 2699//2699 2698//2698
f 2698//2698 2699//2699 2700//2700
f 2699//2699 2701//2701 2700//2700
f 2700//2700 2701//2701 2702//2702
f 2701//2701 2703//2703 2702//2702
f 2702//2702 2703//2703 2704//2704
f 2703//2703 2705//2705 2704//2704
f 2704//2704 2705//2705 2706//2706
f 2705//2705 2707//2707 2706//2706
f 2706//2706 2707//2707 2708//2708
f 2707//2707 2709//2709 2708//2708
f 2708//2708 2709//2709 2710//2710
f 2709//2709 2711//2711 2710//2710
f 2710//2710 2711//2711 2712//2712
f 2711//2711 2713//2713 2712//2712
f 2712//2712 2713//2713 2714//2714
f 2713//2713 2715//2715 2714//2714
f 2714//2714 2715//2715 2716//2716
f 2715//2715 2717//2717 2716//2716
f 2716//2716 2717//2717 2718//2718
f 2717//2717 2719//2719 2718//2718
f 2718//2718 2719//2719 2720//2720
f 2719//2719 2721//2721 2720//2720
f 2720//2720 2721//2721 2722//2722
f 2721//2721 2723//2723 2722//2722
f 2722//2722 2723//2723 2724//2724
f 2723//2723 2725//2725 2724//2724
f 2724//2724 2725//2725 2726//2726
f 2725//2725 2727//2727 2726//2726
f 2726//2726 2727//2727 2728//2728
f 2727//2727 2729//2729 2728//2728
f 2728//2728 2729//2729 2730//2730
f 2729//2729 2731//2731 2730//2730
f 2730//2730 2731//2731 2732//2732
f 2731//2731 2733//2733 2732//2732
f 2732//2732 2733//2733 2734//2734
f 2733//2733 2735//2735 2734//2734
f 2734//2734 2735//2735 2736//2736
f 2735//2735 2737//2737 2736//2736
f 2736//2736 2737//2737 2738//2738
f 2737//2737 2739//2739 2738//2738
f 2738//2738 2739//2739 2740//2740
f 2739//2739 2741//2741 2740//2740
f 2740//2740 2741//2741 2742//2742
f 2741//2741 2743//2743 2742//2742
f 2742//2742 2743//2743 2744//2744
f 2743//2743 2745//2745 2744//2744
f 2744//2744 2745//2745 2746//2746
f 2745//2745 2747//2747 2746//2746
f 2746//2746 2747//2747 2748//2748
f 2747//2747 2749//2749 2748//2748
f 2748//2748 2749//2749 2750//2750
f 2749//2749 2751//2751 2750//2750
f 2750//2750 2751//2751 2752//2752
f 2751//2751 2753//2753 2752//2752
f 2752//2752 2753//2753 2754//2754
f 2753//2753 2755//2755 2754//2754
f 2754//2754 2755//2755 2756//2756
f 2755//2755 2757//2757 2756//2756
f 2756//2756 2757//2757 2758//2758
f 2757//2757 2759//2759 2758//2758
f 2758//2758 2759//2759 2760//2760
f 2759//2759 2761//2761 2760//2760
f 2760//2760 2761//2761 2474//2474
f 2761//2761 2475//2475 2474//2474
f 2762//2762 2763//2763 2764//2764
f 2763//2763 2765//2765 2764//2764
f 2764//2764 2765//2765 2766//2766
f 2765//2765 2767//2767 2766//2766
f 2766//2766 2767//2767 2768//2768
f 2767//2767 2769//2769 2768//2768
f 2768//2768 2769//2769 2770//2770
f 2769//2769 2771//2771 2770//2770
f 2770//2770 2771//2771 2772//2772
f 2771//2771 2773//2773 2772//2772
f 2772//2772 2773//2773 2774//2774
f 2773//2773 2775//2775 2774//2774
f 2774//2774 2775//2775 2776//2776
f 2775//2775 2777//2777 2776//2776
f 2776//2776 2777//2777 2778//2778
f 2777//2777 2779//2779 2778//2778
f 2778//2778 2779//2779 2780//2780
f 2779//2779 2781//2781 2780//2780
f 2780//2780 2781//2781 2782//2782
f 2781//2781 2783//2783 2782//2782
f 2782//2782 2783//2783 2784//2784
f 2783//2783 2785//2785 2784//2784
f 2784//2784 2785//2785 2786//2786
f 2785//2785 2787//2787 2786//2786
f 2786//2786 2787//2787 2788//2788
f 2787//2787 2789//2789 2788//2788
f 2788//2788 2789//2789 2790//2790
f 2789//2789 2791//2791 2790//2790
f 2790//2790 2791//2791 2792//2792
f 2791//2791 2793//2793 2792//2792
f 2792//2792 2793//2793 2794//2794
f 2793//2793 2795//2795 2794//2794
f 2794//2794 2795//2795 2796//2796
f 2795//2795 2797//2797 2796//2796
f 2796//2796 2797//2797 2798//2798
f 2797//2797 2799//2799 2798//2798
f 2798//2798 2799//2799 2800//2800
f 2799//2799 2801//2801 2800//2800
f 2800//2800 2801//2801 2802//2802
f 2801//2801 2803//2803 2802//2802
f 2802//2802 2803//2803 2804//2804
f 2803//2803 2805//2805 2804//2804
f 2804//2804 2805//2805 2806//2806
f 2805//2805 2807//2807 2806//2806
f 2806//2806 2807//2807 2808//2808
f 2807//2807 2809//2809 2808//2808
f 2808//2808 2809//2809 2810//2810
f 2809//2809 2811//2811 2810//2810
f 2810//2810 2811//2811 2812//2812
f 2811//2811 2813//2813 2812//2812
f 2812//2812 2813//2813 2814//2814
f 2813//2813 2815//2815 2814//2814
f 2814//2814 2815//2815 2816//2816
f 2815//2815 2817//2817 2816//2816
f 2816//2816 2817//2817 2818//2818
f 2817//2817 2819//2819 2818//2818
f 2818//2818 2819//2819 2820//2820
f 2819//2819 2821//2821 2820//2820
f 2820//2820 2821//2821 2822//2822
f 2821//2821 2823//2823 2822//2822
f 2822//2822 2823//2823 2824//2824
f 2823//2823 2825//2825 2824//2824
f 2824//2824 2825//2825 2826//2826
f 2825//2825 2827//2827 2826//2826
f 2826//2826 2827//2827 2828//2828
f 2827//2827 2829//2829 2828//2828
f 2828//2828 2829//2829 2830//2830
f 2829//2829 2831//2831 2830//2830
f 2830//2830 2831//2831 2832//2832
f 2831//2831 2833//2833 2832//2832
f 2832//2832 2833//2833 2834//2834
f 2833//2833 2835//2835 2834//2834
f 2834//2834 2835//2835 2836//2836
f 2835//2835 2837//2837 2836//2836
f 2836//2836 2837//2837 2838//2838
f 2837//2837 2839//2839 2838//2838
f 2838//2838 2839//2839 2840//2840
f 2839//2839 2841//2841 2840//2840
f 2840//2840 2841//2841 2842//2842
f 2841//2841 2843//2843 2842//2842
f 2842//2842 2843//2843 2844//2844
f 2843//2843 2845//2845 2844//2844
f 2844//2844 2845//2845 2846//2846
f 2845//2845 2847//2847 2846//2846
f 2846//2846 2847//2847 2848//2848
f 2847//2847 2849//2849 2848//2848
f 2848//2848 2849//2849 2850//2850
f 2849//2849 2851//2851 2850//2850
f 2850//2850 2851//2851 2852//2852
f 2851//2851 2853//2853 2852//2852
f 2852//2852 2853//2853 2854//2854
f 2853//2853 2855//2855 2854//2854
f 2854//2854 2855//2855 2856//2856
f 2855//2855 2857//2857 2856//2856
f 2856//2856 2857//2857 2858//2858
f 2857//2857 2859//2859 2858//2858
f 2858//2858 2859//2859 2860//2860
f 2859//2859 2861//2861 2860//2860
f 2860//2860 2861//2861 2862//2862
f 2861//2861 2863//2863 2862//2862
f 2862//2862 2863//2863 2864//2864
f 2863//2863 2865//2865 2864//2864
f 2864//2864 2865//2865 2866//2866
f 2865//2865 2867//2867 2866//2866
f 2866//2866 2867//2867 2868//2868
f 2867//2867 2869//2869 2868//2868
f 2868//2868 2869//2869 2870//2870
f 2869//2869 2871//2871 2870//2870
f 2870//2870 2871//2871 2872//2872
f 2871//2871 2873//2873 2872//2872
f 2872//2872 2873//2873 2874//2874
f 2873//2873 2875//2875 2874//2874
f 2874//2874 2875//2875 2876//2876
f 2875//2875 2877//2877 2876//2876
f 2876//2876 2877//2877 2878//2878
f 2877//2877 2879//2879 2878//2878
f 2878//2878 2879//2879 2880//2880
f 2879//2879 2881//2881 2880//2880
f 2880//2880 2881//2881 2882//2882
f 2881//2881 2883//2883 2882//2882
f 2882//2882 2883//2883 2884//2884
f 2883//2883 2885//2885 2884//2884
f 2884//2884 2885//2885 2886//2886
f 2885//2885 2887//2887 2886//2886
f 2886//2886 2887//2887 2888//2888
f 2887//2887 2889//2889 2888//2888
f 2888//2888 2889//2889 2890//2890
f 2889//2889 2891//2891 2890//2890
f 2890//2890 2891//2891 2892//2892
f 2891//2891 2893//2893 2892//2892
f 2892//2892 2893//2893 2894//2894
f 2893//2893 2895//2895 2894//2894
f 2894//2894 2895//2895 2896//2896
f 2895//2895 2897//2897 2896//2896
f 2896//2896 2897//2897 2898//2898
f 2897//2897 2899//2899 2898//2898
f 2898//2898 2899//2899 2900//2900
f 2899//2899 2901//2901 2900//2900
f 2900//2900 2901//2901 2902//2902
f 2901//2901 2903//2903 2902//2902
f 2902//2902 2903//2903 2904//2904
f 2903//2903 2905//2905 2904//2904
f 2904//2904 2905//2905 2906//2906
f 2905//2905 2907//2907 2906//2906
f 2906//2906 2907//2907 2908//2908
f 2907//2907 2909//2909 2908//2908
f 2908//2908 2909//2909 2910//2910
f 2909//2909 2911//2911 2910//2910
f 2910//2910 2911//2911 2912//2912
f 2911//2911 2913//2913 2912//2912
f 2912//2912 2913//2913 2914//2914
f 2913//2913 2915//2915 2914//2914
f 2914//2914 2915//2915 2916//2916
f 2915//2915 2917//2917 2916//2916
f 2916//2916 2917//2917 2918//2918
f 2917//2917 2919//2919 2918//2918
f 2918//2918 2919//2919 2920//2920
f 2919//2919 2921//2921 2920//2920
f 2920//2920 2921//2921 2922//2922
f 2921//2921 2923//2923 2922//2922
f 2922//2922 2923//2923 2924//2924
f 2923//2923 2925//2925 2924//2924
f 2924//2924 2925//2925 2926//2926
f 2925//2925 2927//2927 2926//2926
f 2926//2926 2927//2927 2928//2928
f 2927//2927 2929//2929 2928//2928
f 2928//2928 2929//2929 2930//2930
f 2929//2929 2931//2931 2930//2930
f 2930//2930 2931//2931 2932//2932
f 2931//2931 2933//2933 2932//2932
f 2932//2932 2933//2933 2934//2934
f 2933//2933 2935//2935 2934//2934
f 2934//2934 2935//2935 2936//2936
f 2935//2935 2937//2937 2936//2936
f 2936//2936 2937//2937 2938//2938
f 2937//2937 2939//2939 2938//2938
f 2938//2938 2939//2939 2940//2940
f 2939//2939 2941//2941 2940//2940
f 2940//2940 2941//2941 2942//2942
f 2941//2941 2943//2943 2942//2942
f 2942//2942 2943//2943 2944//2944
f 2943//2943 2945//2945 2944//2944
f 2944//2944 2945//2945 2946//2946
f 2945//2945 2947//2947 2946//2946
f 2946//2946 2947//2947 2948//2948
f 2947//2947 2949//2949 2948//2948
f 2948//2948 2949//2949 2950//2950
f 2949//2949 2951//2951 2950//2950
f 2950//2950 2951//2951 2952//2952
f 2951//2951 2953//2953 2952//2952
f 2952//2952 2953//2953 2954//2954
f 2953//2953 2955//2955 2954//2954
f 2954//2954 2955//2955 2956//2956
f 2955//2955 2957//2957 2956//2956
f 2956//2956 2957//2957 2958//2958
f 2957//2957 2959//2959 2958//2958
f 2958//2958 2959//2959 2960//2960
f 2959//2959 2961//2961 2960//2960
f 2960//2960 2961//2961 2962//2962
f 2961//2961 2963//2963 2962//2962
f 2962//2962 2963//2963 2964//2964
f 2963//2963 2965//2965 2964//2964
f 2964//2964 2965//2965 2966//2966
f 2965//2965 2967//2967 2966//2966
f 2966//2966 2967//2967 2968//2968
f 2967//2967 2969//2969 2968//2968
f 2968//2968 2969//2969 2970//2970
f 2969//2969 2971//2971 2970//2970
f 2970//2970 2971//2971 2972//2972
f 2971//2971 2973//2973 2972//2972
f 2972//2972 2973//2973 2974//2974
f 2973//2973 2975//2975 2974//2974
f 2974//2974 2975//2975 2976//2976
f 2975//2975 2977//2977 2976//2976
f 2976//2976 2977//2977 2978//2978
f 2977//2977 2979//2979 2978//2978
f 2978//2978 2979//2979 2980//2980
f 2979//2979 2981//2981 2980//2980
f 2980//2980 2981//2981 2982//2982
f 2981//2981 2983//2983 2982//2982
f 2982//2982 2983//2983 2984//2984
f 2983//2983 2985//2985 2984//2984
f 2984//2984 2985//2985 2986//2986
f 2985//2985 2987//2987 2986//2986
f 2986//2986 2987//2987 2988//2988
f 2987//2987 2989//2989 2988//2988
f 2988//2988 2989//2989 2990//2990
f 2989//2989 2991//2991 2990//2990
f 2990//2990 2991//2991 2992//2992
f 2991//2991 2993//2993 2992//2992
f 2992//2992 2993//2993 2994//2994
f 2993//2993 2995//2995 2994//2994
f 2994//2994 2995//2995 2996//2996
f 2995//2995 2997//2997 2996//2996
f 2996//2996 2997//2997 2998//2998
f 2997//2997 2999//2999 2998//2998
f 2998//2998 2999//2999 3000//3000
f 2999//2999 3001//3001 3000//3000
f 3000//3000 3001//3001 3002//3002
f 3001//3001 3003//3003 3002//3002
f 3002//3002 3003//3003 3004//3004
f 3003//3003 3005//3005 3004//3004
f 3004//3004 3005//3005 3006//3006
f 3005//3005 3007//3007 3006//3006
f 3006//3006 3007//3007 3008//3008
f 3007//3007 3009//3009 3008//3008
f 3008//3008 3009//3009 3010//3010
f 3009//3009 3011//3011 3010//3010
f 3010//3010 3011//3011 3012//3012
f 3011//3011 3013//3013 3012//3012
f 3012//3012 3013//3013 3014//3014
f 3013//3013 3015//3015 3014//3014
f 3014//3014 3015//3015 3016//3016
f 3015//3015 3017//3017 3016//3016
f 3016//3016 3017//3017 3018//3018
f 3017//3017 3019//3019 3018//3018
f 3018//3018 3019//3019 3020//3020
f 3019//3019 3021//3021 3020//3020
f 3020//3020 3021//3021 3022//3022
f 3021//3021 3023//3023 3022//3022
f 3022//3022 3023//3023 3024//3024
f 3023//3023 3025//3025 3024//3024
f 3024//3024 3025//3025 3026//3026
f 3025//3025 3027//3027 3026//3026
f 3026//3026 3027//3027 3028//3028
f 3027//3027 3029//3029 3028//3028
f 3028//3028 3029//3029 3030//3030
f 3029//3029 3031//3031 3030//3030
f 3030//3030 3031//3031 3032//3032
f 3031//3031 3033//3033 3032//3032
f 3032//3032 3033//3033 3034//3034
f 3033//3033 3035//3035 3034//3034
f 3034//3034 3035//3035 3036//3036
f 3035//3035 3037//3037 3036//3036
f 3036//3036 3037//3037 3038//3038
f 3037//3037 3039//3039 3038//3038
f 3038//3038 3039//3039 3040//3040
f 3039//3039 3041//3041 3040//3040
f 3040//3040 3041//3041 3042//3042
f 3041//3041 3043//3043 3042//3042
f 3042//3042 3043//3043 3044//3044
f 3043//3043 3045//3045 3044//3044
f 3044//3044 3045//3045 3046//3046
f 3045//3045 3047//3047 3046//3046
f 3046//3046 3047//3047 3048//3048
f 3047//3047 3049//3049 3048//3048
f 3048//3048 3049//3049 2762//2762
f 3049//3049 2763//2763 2762//2762
f 3050//3050 3051//3051 3052//3052
f 3051//3051 3053//3053 3052//3052
f 3052//3052 3053//3053 3054//3054
f 3053//3053 3055//3055 3054//3054
f 3054//3054 3055//3055 3056//3056
f 3055//3055 3057//3057 3056//3056
f 3056//3056 3057//3057 3058//3058
f 3057//3057 3059//3059 3058//3058
f 3058//3058 3059//3059 3060//3060
f 3059//3059 3061//3061 3060//3060
f 3060//3060 3061//3061 3062//3062
f 3061//3061 3063//3063 3062//3062
f 3062//3062 3063//3063 3064//3064
f 3063//3063 3065//3065 3064//3064
f 3064//3064 3065//3065 3066//3066
f 3065//3065 3067//3067 3066//3066
f 3066//3066 3067//3067 3068//3068
f 3067//3067 3069//3069 3068//3068
f 3068//3068 3069//3069 3070//3070
f 3069//3069 3071//3071 3070//3070
f 3070//3070 3071//3071 3072//3072
f 3071//3071 3073//3073 3072//3072
f 3072//3072 3073//3073 3074//3074
f 3073//3073 3075//3075 3074//3074
f 3074//3074 3075//3075 3076//3076
f 3075//3075 3077//3077 3076//3076
f 3076//3076 3077//3077 3078//3078
f 3077//3077 3079//3079 3078//3078
f 3078//3078 3079//3079 3080//3080
f 3079//3079 3081//3081 3080//3080
f 3080//3080 3081//3081 3082//3082
f 3081//3081 3083//3083 3082//3082
f 3082//3082 3083//3083 3084//3084
f 3083//3083 3085//3085 3084//3084
f 3084//3084 3085//3085 3086//3086
f 3085//3085 3087//3087 3086//3086
f 3086//3086 3087//3087 3088//3088
f 3087//3087 3089//3089 3088//3088
f 3088//3088 3089//3089 3090//3090
f 3089//3089 3091//3091 3090//3090
f 3090//3090 3091//3091 3092//3092
f 3091//3091 3093//3093 3092//3092
f 3092//3092 3093//3093 3094//3094
f 3093//3093 3095//3095 3094//3094
f 3094//3094 3095//3095 3096//3096
f 3095//3095 3097//3097 3096//3096
f 3096//3096 3097//3097 3098//3098
f 3097//3097 3099//3099 3098//3098
f 3098//3098 3099//3099 3100//3100
f 3099//3099 3101//3101 3100//3100
f 3100//3100 3101//3101 3102//3102
f 3101//3101 3103//3103 3102//3102
f 3102//3102 3103//3103 3104//3104
f 3103//3103 3105//3105 3104//3104
f 3104//3104 3105//3105 3106//3106
f 3105//3105 3107//3107 3106//3106
f 3106//3106 3107//3107 3108//3108
f 3107//3107 3109//3109 3108//3108
f 3108//3108 3109//3109 3110//3110
f 3109//3109 3111//3111 3110//3110
f 3110//3110 3111//3111 3112//3112
f 3111//3111 3113//3113 3112//3112
f 3112//3112 3113//3113 3114//3114
f 3113//3113 3115//3115 3114//3114
f 3114//3114 3115//3115 3116//3116
f 3115//3115 3117//3117 3116//3116
f 3116//3116 3117//3117 3118//3118
f 3117//3117 3119//3119 3118//3118
f 3118//3118 3119//3119 3120//3120
f 3119//3119 3121//3121 3120//3120
f 3120//3120 3121//3121 3122//3122
f 3121//3121 3123//3123 3122//3122
f 3122//3122 3123//3123 3124//3124
f 3123//3123 3125//3125 3124//3124
f 3124//3124 3125//3125 3126//3126
f 3125//3125 3127//3127 3126//3126
f 3126//3126 3127//3127 3128//3128
f 3127//3127 3129//3129 3128//3128
f 3128//3128 3129//3129 3130//3130
f 3129//3129 3131//3131 3130//3130
f 3130//3130 3131//3131 3132//3132
f 3131//3131 3133//3133 3132//3132
f 3132//3132 3133//3133 3134//3134
f 3133//3133 3135//3135 3134//3134
f 3134//3134 3135//3135 3136//3136
f 3135//3135 3137//3137 3136//3136
f 3136//3136 3137//3137 3138//3138
f 3137//3137 3139//3139 3138//3138
f 3138//3138 3139//3139 3140//3140
f 3139//3139 3141//3141 3140//3140
f 3140//3140 3141//3141 3142//3142
f 3141//3141 3143//3143 3142//3142
f 3142//3142 3143//3143 3144//3144
f 3143//3143 3145//3145 3144//3144
f 3144//3144 3145//3145 3146//3146
f 3145//3145 3147//3147 3146//3146
f 3146//3146 3147//3147 3148//3148
f 3147//3147 3149//3149 3148//3148
f 3148//3148 3149//3149 3150//3150
f 3149//3149 3151//3151 3150//3150
f 3150//3150 3151//3151 3152//3152
f 3151//3151 3153//3153 3152//3152
f 3152//3152 3153//3153 3154//3154
f 3153//3153 3155//3155 3154//3154
f 3154//3154 3155//3155 3156//3156
f 3155//3155 3157//3157 3156//3156
f 3156//3156 3157//3157 3158//3158
f 3157//3157 3159//3159 3158//3158
f 3158//3158 3159//3159 3160//3160
f 3159//3159 3161//3161 3160//3160
f 3160//3160 3161//3161 3162//3162
f 3161//3161 3163//3163 3162//3162
f 3162//3162 3163//3163 3164//3164
f 3163//3163 3165//3165 3164//3164
f 3164//3164 3165//3165 3166//3166
f 3165//3165 3167//3167 3166//3166
f 3166//3166 3167//3167 3168//3168
f 3167//3167 3169//3169 3168//3168
f 3168//3168 3169//3169 3170//3170
f 3169//3169 3171//3171 3170//3170
f 3170//3170 3171//3171 3172//3172
f 3171//3171 3173//3173 3172//3172
f 3172//3172 3173//3173 3174//3174
f 3173//3173 3175//3175 3174//3174
f 3174//3174 3175//3175 3176//3176
f 3175//3175 3177//3177 3176//3176
f 3176//3176 3177//3177 3178//3178
f 3177//3177 3179//3179 3178//3178
f 3178//3178 3179//3179 3180//3180
f 3179//3179 3181//3181 3180//3180
f 3180//3180 3181//3181 3182//3182
f 3181//3181 3183//3183 3182//3182
f 3182//3182 3183//3183 3184//3184
f 3183//3183 3185//3185 3184//3184
f 3184//3184 3185//3185 3186//3186
f 3185//3185 3187//3187 3186//3186
f 3186//3186 3187//3187 3188//3188
f 3187//3187 3189//3189 3188//3188
f 3188//3188 3189//3189 3190//3190
f 3189//3189 3191//3191 3190//3190
f 3190//3190 3191//3191 3192//3192
f 3191//3191 3193//3193 3192//3192
f 3192//3192 3193//3193 3194//3194
f 3193//3193 3195//3195 3194//3194
f 3194//3194 3195//3195 3196//3196
f 3195//3195 3197//3197 3196//3196
f 3196//3196 3197//3197 3198//3198
f 3197//3197 3199//3199 3198//3198
f 3198//3198 3199//3199 3200//3200
f 3199//3199 3201//3201 3200//3200
f 3200//3200 3201//3201 3202//3202
f 3201//3201 3203//3203 3202//3202
f 3202//3202 3203//3203 3204//3204
f 3203//3203 3205//3205 3204//3204
f 3204//3204 3205//3205 3206//3206
f 3205//3205 3207//3207 3206//3206
f 3206//3206 3207//3207 3208//3208
f 3207//3207 3209//3209 3208//3208
f 3208//3208 3209//3209 3210//3210
f 3209//3209 3211//3211 3210//3210
f 3210//3210 3211//3211 3212//3212
f 3211//3211 3213//3213 3212//3212
f 3212//3212 3213//3213 3214//3214
f 3213//3213 3215//3215 3214//3214
f 3214//3214 3215//3215 3216//3216
f 3215//3215 3217//3217 3216//3216
f 3216//3216 3217//3217 3218//3218
f 3217//3217 3219//3219 3218//3218
f 3218//3218 3219//3219 3220//3220
f 3219//3219 3221//3221 3220//3220
f 3220//3220 3221//3221 3222//3222
f 3221//3221 3223//3223 3222//3222
f 3222//3222 3223//3223 3224//3224
f 3223//3223 3225//3225 3224//3224
f 3224//3224 3225//3225 3226//3226
f 3225//3225 3227//3227 3226//3226
f 3226//3226 3227//3227 3228//3228
f 3227//3227 3229//3229 3228//3228
f 3228//3228 3229//3229 3230//3230
f 3229//3229 3231//3231 3230//3230
f 3230//3230 3231//3231 3232//3232
f 3231//3231 3233//3233 3232//3232
f 3232//3232 3233//3233 3234//3234
f 3233//3233 3235//3235 3234//3234
f 3234//3234 3235//3235 3236//3236
f 3235//3235 3237//3237 3236//3236
f 3236//3236 3237//3237 3238//3238
f 3237//3237 3239//3239 3238//3238
f 3238//3238 3239//3239 3240//3240
f 3239//3239 3241//3241 3240//3240
f 3240//3240 3241//3241 3242//3242
f 3241//3241 3243//3243 3242//3242
f 3242//3242 3243//3243 3244//3244
f 3243//3243 3245//3245 3244//3244
f 3244//3244 3245//3245 3246//3246
f 3245//3245 3247//3247 3246//3246
f 3246//3246 3247//3247 3248//3248
f 3247//3247 3249//3249 3248//3248
f 3248//3248 3249//3249 3250//3250
f 3249//3249 3251//3251 3250//3250
f 3250//3250 3251//3251 3252//3252
f 3251//3251 3253//3253 3252//3252
f 3252//3252 3253//3253 3254//3254
f 3253//3253 3255//3255 3254//3254
f 3254//3254 3255//3255 3256//3256
f 3255//3255 3257//3257 3256//3256
f 3256//3256 3257//3257 3258//3258
f 3257//3257 3259//3259 3258//3258
f 3258//3258 3259//3259 3260//3260
f 3259//3259 3261//3261 3260//3260
f 3260//3260 3261//3261 3262//3262
f 3261//3261 3263//3263 3262//3262
f 3262//3262 3263//3263 3264//3264
f 3263//3263 3265//3265 3264//3264
f 3264//3264 3265//3265 3266//3266
f 3265//3265 3267//3267 3266//3266
f 3266//3266 3267//3267 3268//3268
f 3267//3267 3269//3269 3268//3268
f 3268//3268 3269//3269 3270//3270
f 3269//3269 3271//3271 3270//3270
f 3270//3270 3271//3271 3272//3272
f 3271//3271 3273//3273 3272//3272
f 3272//3272 3273//3273 3274//3274
f 3273//3273 3275//3275 3274//3274
f 3274//3274 3275//3275 3276//3276
f 3275//3275 3277//3277 3276//3276
f 3276//3276 3277//3277 3278//3278
f 3277//3277 3279//3279 3278//3278
f 3278//3278 3279//3279 3280//3280
f 3279//3279 3281//3281 3280//3280
f 3280//3280 3281//3281 3282//3282
f 3281//3281 3283//3283 3282//3282
f 3282//3282 3283//3283 3284//3284
f 3283//3283 3285//3285 3284//3284
f 3284//3284 3285//3285 3286//3286
f 3285//3285 3287//3287 3286//3286
f 3286//3286 3287//3287 3288//3288
f 3287//3287 3289//3289 3288//3288
f 3288//3288 3289//3289 3290//3290
f 3289//3289 3291//3291 3290//3290
f 3290//3290 3291//3291 3292//3292
f 3291//3291 3293//3293 3292//3292
f 3292//3292 3293//3293 3294//3294
f 3293//3293 3295//3295 3294//3294
f 3294//3294 3295//3295 3296//3296
f 3295//3295 3297//3297 3296//3296
f 3296//3296 3297//3297 3298//3298
f 3297//3297 3299//3299 3298//3298
f 3298//3298 3299//3299 3300//3300
f 3299//3299 3301//3301 3300//3300
f 3300//3300 3301//3301 3302//3302
f 3301//3301 3303//3303 3302//3302
f 3302//3302 3303//3303 3304//3304
f 3303//3303 3305//3305 3304//3304
f 3304//3304 3305//3305 3306//3306
f 3305//3305 3307//3307 3306//3306
f 3306//3306 3307//3307 3308//3308
f 3307//3307 3309//3309 3308//3308
f 3308//3308 3309//3309 3310//3310
f 3309//3309 3311//3311 3310//3310
f 3310//3310 3311//3311 3312//3312
f 3311//3311 3313//3313 3312//3312
f 3312//3312 3313//3313 3314//3314
f 3313//3313 3315//3315 3314//3314
f 3314//3314 3315//3315 3316//3316
f 3315//3315 3317//3317 3316//3316
f 3316//3316 3317//3317 3318//3318
f 3317//3317 3319//3319 3318//3318
f 3318//3318 3319//3319 3320//3320
f 3319//3319 3321//3321 3320//3320
f 3320//3320 3321//3321 3322//3322
f 3321//3321 3323//3323 3322//3322
f 3322//3322 3323//3323 3324//3324
f 3323//3323 3325//3325 3324//3324
f 3324//3324 3325//3325 3326//3326
f 3325//3325 3327//3327 3326//3326
f 3326//3326 3327//3327 3328//3328
f 3327//3327 3329//3329 3328//3328
f 3328//3328 3329//3329 3330//3330
f 3329//3329 3331//3331 3330//3330
f 3330//3330 3331//3331 3332//3332
f 3331//3331 3333//3333 3332//3332
f 3332//3332 3333//3333 3334//3334
f 3333//3333 3335//3335 3334//3334
f 3334//3334 3335//3335 3336//3336
f 3335//3335 3337//3337 3336//3336
f 3336//3336 3337//3337 3050//3050
f 3337//3337 3051//3051 3050//3050
f 2908//2908 2910//2910 3338//3338
f 2622//2622 3195//3195 2620//2620
f 3195//3195 3193//3193 2620//2620
f 2620//2620 3193//3193 2618//2618
f 2918//2918 2920//2920 3339//3339
f 3022//3022 3024//3024 3327//3327
f 2612//2612 2614//2614 3191//3191
f 2634//2634 3199//3199 2632//2632
f 3199//3199 3197//3197 2632//2632
f 2632//2632 3197//3197 2630//2630
f 2622//2622 2624//2624 3195//3195
f 2624//2624 2626//2626 3195//3195
f 3195//3195 2626//2626 3197//3197
f 2626//2626 2628//2628 3197//3197
f 3197//3197 2628//2628 2630//2630
f 2910//2910 2912//2912 3338//3338
f 2912//2912 2914//2914 3338//3338
f 3338//3338 2914//2914 3339//3339
f 2914//2914 2916//2916 3339//3339
f 3339//3339 2916//2916 2918//2918
f 2730//2730 2732//2732 3340//3340
f 2732//2732 2734//2734 3340//3340
f 3340//3340 2734//2734 2736//2736
f 2736//2736 2738//2738 3340//3340
f 2738//2738 2740//2740 3340//3340
f 3340//3340 2740//2740 2742//2742
f 3191//3191 2614//2614 3193//3193
f 2614//2614 2616//2616 3193//3193
f 3193//3193 2616//2616 2618//2618
f 2634//2634 2636//2636 3199//3199
f 2636//2636 2638//2638 3199//3199
f 3199//3199 2638//2638 3201//3201
f 3327//3327 3024//3024 3329//3329
f 2920//2920 2922//2922 3339//3339
f 2922//2922 2924//2924 3339//3339
f 3339//3339 2924//2924 3341//3341
f 2924//2924 2926//2926 3341//3341
f 3341//3341 2926//2926 2928//2928
f 3024//3024 3026//3026 3329//3329
f 3026//3026 3028//3028 3329//3329
f 3329//3329 3028//3028 3331//3331
f 3028//3028 3030//3030 3331//3331
f 3042//3042 3335//3335 3040//3040
f 3335//3335 3333//3333 3040//3040
f 3040//3040 3333//3333 3038//3038
f 2706//2706 2708//2708 3340//3340
f 2708//2708 2710//2710 3340//3340
f 3340//3340 2710//2710 2712//2712
f 2718//2718 2720//2720 3340//3340
f 2720//2720 2722//2722 3340//3340
f 3340//3340 2722//2722 2724//2724
f 2724//2724 2726//2726 3340//3340
f 2726//2726 2728//2728 3340//3340
f 3340//3340 2728//2728 2730//2730
f 2742//2742 2744//2744 3340//3340
f 2744//2744 2746//2746 3340//3340
f 3340//3340 2746//2746 2748//2748
f 3342//3342 3343//3343 2754//2754
f 2758//2758 2760//2760 3344//3344
f 2760//2760 2474//2474 3344//3344
f 2474//2474 2476//2476 3344//3344
f 3344//3344 2476//2476 2478//2478
f 3345//3345 3346//3346 2906//2906
f 3346//3346 3347//3347 2906//2906
f 3030//3030 3032//3032 3331//3331
f 3032//3032 3034//3034 3331//3331
f 3331//3331 3034//3034 3333//3333
f 3034//3034 3036//3036 3333//3333
f 3333//3333 3036//3036 3038//3038
f 2700//2700 2702//2702 3340//3340
f 2702//2702 2704//2704 3340//3340
f 3340//3340 2704//2704 2706//2706
f 2712//2712 2714//2714 3340//3340
f 2714//2714 2716//2716 3340//3340
f 3340//3340 2716//2716 2718//2718
f 3343//3343 3348//3348 2754//2754
f 3348//3348 3349//3349 2754//2754
f 2754//2754 3349//3349 3350//3350
f 3351//3351 3352//3352 2754//2754
f 3352//3352 3353//3353 2754//2754
f 2754//2754 3353//3353 2752//2752
f 3353//3353 3340//3340 2752//2752
f 2752//2752 3340//3340 2750//2750
f 3340//3340 2748//2748 2750//2750
f 2486//2486 2488//2488 3354//3354
f 2906//2906 3355//3355 3356//3356
f 3357//3357 2754//2754 3358//3358
f 2754//2754 3359//3359 3358//3358
f 3357//3357 3360//3360 2754//2754
f 3360//3360 3361//3361 2754//2754
f 2754//2754 3361//3361 3362//3362
f 3342//3342 2754//2754 3344//3344
f 2754//2754 2756//2756 3344//3344
f 3344//3344 2756//2756 2758//2758
f 2766//2766 3051//3051 2764//2764
f 3051//3051 3337//3337 2764//2764
f 2764//2764 3337//3337 2762//2762
f 2778//2778 3055//3055 2776//2776
f 3055//3055 3053//3053 2776//2776
f 2776//2776 3053//3053 2774//2774
f 2908//2908 3338//3338 2906//2906
f 3338//3338 3363//3363 2906//2906
f 2906//2906 3363//3363 3364//3364
f 3364//3364 3365//3365 2906//2906
f 3365//3365 3366//3366 2906//2906
f 2906//2906 3366//3366 3367//3367
f 3356//3356 3368//3368 2906//2906
f 3368//3368 3369//3369 2906//2906
f 2906//2906 3369//3369 3345//3345
f 3347//3347 3370//3370 2906//2906
f 3370//3370 3371//3371 2906//2906
f 2906//2906 3371//3371 3372//3372
f 2638//2638 2640//2640 3201//3201
f 2640//2640 2642//2642 3201//3201
f 3201//3201 2642//2642 3203//3203
f 2642//2642 2644//2644 3203//3203
f 3217//3217 3215//3215 2670//2670
f 3325//3325 3018//3018 3327//3327
f 3018//3018 3020//3020 3327//3327
f 3327//3327 3020//3020 3022//3022
f 3350//3350 3373//3373 2754//2754
f 3373//3373 3374//3374 2754//2754
f 2754//2754 3374//3374 3359//3359
f 3362//3362 3375//3375 2754//2754
f 3375//3375 3376//3376 2754//2754
f 2754//2754 3376//3376 3377//3377
f 3377//3377 3378//3378 2754//2754
f 3378//3378 3379//3379 2754//2754
f 2754//2754 3379//3379 3351//3351
f 2766//2766 2768//2768 3051//3051
f 2768//2768 2770//2770 3051//3051
f 3051//3051 2770//2770 3053//3053
f 2770//2770 2772//2772 3053//3053
f 3053//3053 2772//2772 2774//2774
f 2478//2478 2480//2480 3344//3344
f 2480//2480 2482//2482 3344//3344
f 3344//3344 2482//2482 3354//3354
f 2482//2482 2484//2484 3354//3354
f 3354//3354 2484//2484 2486//2486
f 3367//3367 3380//3380 2906//2906
f 3380//3380 3381//3381 2906//2906
f 2906//2906 3381//3381 3355//3355
f 3372//3372 3382//3382 2906//2906
f 3382//3382 3383//3383 2906//2906
f 2906//2906 3383//3383 3384//3384
f 2960//2960 3277//3277 2958//2958
f 3277//3277 3275//3275 2958//2958
f 2958//2958 3275//3275 2956//2956
f 3042//3042 3044//3044 3335//3335
f 3044//3044 3046//3046 3335//3335
f 3335//3335 3046//3046 3337//3337
f 3046//3046 3048//3048 3337//3337
f 3337//3337 3048//3048 2762//2762
f 2890//2890 2892//2892 3385//3385
f 2892//2892 2894//2894 3385//3385
f 2604//2604 3189//3189 2602//2602
f 3189//3189 3187//3187 2602//2602
f 2602//2602 3187//3187 2600//2600
f 2644//2644 2646//2646 3203//3203
f 2646//2646 2648//2648 3203//3203
f 3203//3203 2648//2648 3205//3205
f 3211//3211 3209//3209 2660//2660
f 3321//3321 3319//3319 3006//3006
f 2496//2496 2498//2498 3386//3386
f 2604//2604 2606//2606 3189//3189
f 2606//2606 2608//2608 3189//3189
f 3189//3189 2608//2608 3191//3191
f 2608//2608 2610//2610 3191//3191
f 3191//3191 2610//2610 2612//2612
f 3384//3384 3387//3387 2906//2906
f 3387//3387 3388//3388 2906//2906
f 2906//2906 3388//3388 2904//2904
f 3388//3388 3389//3389 2904//2904
f 2904//2904 3389//3389 2902//2902
f 3389//3389 3390//3390 2902//2902
f 2902//2902 3390//3390 2900//2900
f 3390//3390 3391//3391 2900//2900
f 2900//2900 3391//3391 2898//2898
f 3391//3391 3385//3385 2898//2898
f 2898//2898 3385//3385 2896//2896
f 3385//3385 2894//2894 2896//2896
f 3313//3313 2994//2994 2996//2996
f 3006//3006 3008//3008 3321//3321
f 3008//3008 3010//3010 3321//3321
f 3321//3321 3010//3010 3323//3323
f 3010//3010 3012//3012 3323//3323
f 3012//3012 3014//3014 3323//3323
f 3323//3323 3014//3014 3325//3325
f 3014//3014 3016//3016 3325//3325
f 3325//3325 3016//3016 3018//3018
f 3185//3185 2596//2596 3187//3187
f 2596//2596 2598//2598 3187//3187
f 3187//3187 2598//2598 2600//2600
f 2648//2648 2650//2650 3205//3205
f 2650//2650 2652//2652 3205//3205
f 3205//3205 2652//2652 3207//3207
f 2652//2652 2654//2654 3207//3207
f 2654//2654 2656//2656 3207//3207
f 3207//3207 2656//2656 3209//3209
f 2656//2656 2658//2658 3209//3209
f 3209//3209 2658//2658 2660//2660
f 2660//2660 2662//2662 3211//3211
f 2662//2662 2664//2664 3211//3211
f 3211//3211 2664//2664 3213//3213
f 2664//2664 2666//2666 3213//3213
f 3213//3213 2666//2666 3215//3215
f 2666//2666 2668//2668 3215//3215
f 3215//3215 2668//2668 2670//2670
f 3392//3392 3239//3239 3393//3393
f 3239//3239 3394//3394 3393//3393
f 2940//2940 3247//3247 2938//2938
f 3247//3247 3245//3245 2938//2938
f 2938//2938 3245//3245 2936//2936
f 2944//2944 3253//3253 2942//2942
f 3253//3253 3251//3251 2942//2942
f 2942//2942 3251//3251 2940//2940
f 3251//3251 3249//3249 2940//2940
f 2940//2940 3249//3249 3247//3247
f 2946//2946 3257//3257 2944//2944
f 3257//3257 3255//3255 2944//2944
f 2944//2944 3255//3255 3253//3253
f 3313//3313 2996//2996 3315//3315
f 2996//2996 2998//2998 3315//3315
f 2998//2998 3000//3000 3315//3315
f 3315//3315 3000//3000 3317//3317
f 3000//3000 3002//3002 3317//3317
f 3317//3317 3002//3002 3319//3319
f 3002//3002 3004//3004 3319//3319
f 3319//3319 3004//3004 3006//3006
f 2488//2488 2490//2490 3354//3354
f 2490//2490 2492//2492 3354//3354
f 3354//3354 2492//2492 3386//3386
f 2492//2492 2494//2494 3386//3386
f 3386//3386 2494//2494 2496//2496
f 2670//2670 2672//2672 3217//3217
f 2672//2672 2674//2674 3217//3217
f 3217//3217 2674//2674 3219//3219
f 2674//2674 2676//2676 3219//3219
f 3219//3219 2676//2676 3221//3221
f 2676//2676 2678//2678 3221//3221
f 3221//3221 2678//2678 3223//3223
f 2678//2678 2680//2680 3223//3223
f 3223//3223 2680//2680 3225//3225
f 2680//2680 2682//2682 3225//3225
f 3225//3225 2682//2682 3227//3227
f 3395//3395 3239//3239 3396//3396
f 3239//3239 3397//3397 3396//3396
f 3395//3395 3398//3398 3239//3239
f 3398//3398 3399//3399 3239//3239
f 3239//3239 3399//3399 3394//3394
f 3392//3392 3400//3400 3239//3239
f 3400//3400 3401//3401 3239//3239
f 3239//3239 3401//3401 3402//3402
f 2950//2950 3263//3263 2948//2948
f 3263//3263 3261//3261 2948//2948
f 2948//2948 3261//3261 2946//2946
f 3261//3261 3259//3259 2946//2946
f 2946//2946 3259//3259 3257//3257
f 3275//3275 3273//3273 2956//2956
f 3273//3273 3271//3271 2956//2956
f 2956//2956 3271//3271 2954//2954
f 3271//3271 3269//3269 2954//2954
f 2954//2954 3269//3269 2952//2952
f 3269//3269 3267//3267 2952//2952
f 2952//2952 3267//3267 2950//2950
f 3267//3267 3265//3265 2950//2950
f 2950//2950 3265//3265 3263//3263
f 2970//2970 3289//3289 2968//2968
f 3289//3289 3287//3287 2968//2968
f 2968//2968 3287//3287 2966//2966
f 3287//3287 3285//3285 2966//2966
f 2966//2966 3285//3285 2964//2964
f 3285//3285 3283//3283 2964//2964
f 2964//2964 3283//3283 2962//2962
f 3283//3283 3281//3281 2962//2962
f 2962//2962 3281//3281 2960//2960
f 3281//3281 3279//3279 2960//2960
f 2960//2960 3279//3279 3277//3277
f 2994//2994 3313//3313 2992//2992
f 3313//3313 3311//3311 2992//2992
f 2992//2992 3311//3311 2990//2990
f 3311//3311 3309//3309 2990//2990
f 2990//2990 3309//3309 2988//2988
f 3309//3309 3307//3307 2988//2988
f 2988//2988 3307//3307 2986//2986
f 3403//3403 3404//3404 2882//2882
f 3404//3404 3405//3405 2882//2882
f 2696//2696 3237//3237 2694//2694
f 3237//3237 3235//3235 2694//2694
f 2694//2694 3235//3235 2692//2692
f 3235//3235 3233//3233 2692//2692
f 2692//2692 3233//3233 2690//2690
f 3233//3233 3231//3231 2690//2690
f 2690//2690 3231//3231 2688//2688
f 3231//3231 3229//3229 2688//2688
f 2688//2688 3229//3229 2686//2686
f 3229//3229 3227//3227 2686//2686
f 2686//2686 3227//3227 2684//2684
f 3227//3227 2682//2682 2684//2684
f 3402//3402 3406//3406 3239//3239
f 3406//3406 3407//3407 3239//3239
f 3239//3239 3407//3407 3408//3408
f 3408//3408 3409//3409 3239//3239
f 3409//3409 3410//3410 3239//3239
f 3239//3239 3410//3410 3341//3341
f 2778//2778 2780//2780 3055//3055
f 2780//2780 2782//2782 3055//3055
f 3055//3055 2782//2782 3057//3057
f 3411//3411 2882//2882 3412//3412
f 2882//2882 3413//3413 3412//3412
f 3411//3411 3414//3414 2882//2882
f 3414//3414 3415//3415 2882//2882
f 2882//2882 3415//3415 3416//3416
f 3416//3416 3417//3417 2882//2882
f 3417//3417 3418//3418 2882//2882
f 2882//2882 3418//3418 3419//3419
f 2882//2882 3420//3420 3421//3421
f 3245//3245 3243//3243 2936//2936
f 3243//3243 3241//3241 2936//2936
f 2936//2936 3241//3241 2934//2934
f 3241//3241 3239//3239 2934//2934
f 2934//2934 3239//3239 2932//2932
f 3239//3239 3341//3341 2932//2932
f 2932//2932 3341//3341 2930//2930
f 3341//3341 2928//2928 2930//2930
f 2986//2986 3307//3307 2984//2984
f 3307//3307 3305//3305 2984//2984
f 2984//2984 3305//3305 2982//2982
f 3305//3305 3303//3303 2982//2982
f 2982//2982 3303//3303 2980//2980
f 3303//3303 3301//3301 2980//2980
f 2980//2980 3301//3301 2978//2978
f 3301//3301 3299//3299 2978//2978
f 2978//2978 3299//3299 2976//2976
f 3299//3299 3297//3297 2976//2976
f 2976//2976 3297//3297 2974//2974
f 3297//3297 3295//3295 2974//2974
f 2974//2974 3295//3295 2972//2972
f 3295//3295 3293//3293 2972//2972
f 2972//2972 3293//3293 2970//2970
f 3293//3293 3291//3291 2970//2970
f 2970//2970 3291//3291 3289//3289
f 2882//2882 2884//2884 3403//3403
f 2884//2884 2886//2886 3403//3403
f 3403//3403 2886//2886 3385//3385
f 2886//2886 2888//2888 3385//3385
f 3385//3385 2888//2888 2890//2890
f 3405//3405 3422//3422 2882//2882
f 3422//3422 3423//3423 2882//2882
f 2882//2882 3423//3423 3413//3413
f 3419//3419 3424//3424 2882//2882
f 3424//3424 3425//3425 2882//2882
f 2882//2882 3425//3425 3420//3420
f 3340//3340 3426//3426 2700//2700
f 3426//3426 3427//3427 2700//2700
f 2700//2700 3427//3427 2698//2698
f 3427//3427 3428//3428 2698//2698
f 2698//2698 3428//3428 2696//2696
f 3428//3428 3429//3429 2696//2696
f 2696//2696 3429//3429 3430//3430
f 3430//3430 3431//3431 2696//2696
f 3431//3431 3432//3432 2696//2696
f 2696//2696 3432//3432 3433//3433
f 3434//3434 3435//3435 3239//3239
f 3435//3435 3436//3436 3239//3239
f 2782//2782 2784//2784 3057//3057
f 2784//2784 2786//2786 3057//3057
f 3057//3057 2786//2786 3059//3059
f 2786//2786 2788//2788 3059//3059
f 2498//2498 2500//2500 3386//3386
f 2500//2500 2502//2502 3386//3386
f 3386//3386 2502//2502 2504//2504
f 2562//2562 2564//2564 3169//3169
f 2588//2588 3183//3183 2586//2586
f 3183//3183 3181//3181 2586//2586
f 2588//2588 2590//2590 3183//3183
f 2590//2590 2592//2592 3183//3183
f 3183//3183 2592//2592 3185//3185
f 2592//2592 2594//2594 3185//3185
f 3185//3185 2594//2594 2596//2596
f 3433//3433 3437//3437 2696//2696
f 3437//3437 3438//3438 2696//2696
f 2696//2696 3438//3438 3237//3237
f 3438//3438 3439//3439 3237//3237
f 3436//3436 3440//3440 3239//3239
f 3440//3440 3441//3441 3239//3239
f 3239//3239 3441//3441 3442//3442
f 3179//3179 2582//2582 3181//3181
f 2582//2582 2584//2584 3181//3181
f 3181//3181 2584//2584 2586//2586
f 3439//3439 3443//3443 3237//3237
f 3443//3443 3444//3444 3237//3237
f 3237//3237 3444//3444 3445//3445
f 3445//3445 3446//3446 3237//3237
f 3446//3446 3447//3447 3237//3237
f 3237//3237 3447//3447 3448//3448
f 3449//3449 3450//3450 3237//3237
f 3450//3450 3451//3451 3237//3237
f 3237//3237 3451//3451 3239//3239
f 3451//3451 3452//3452 3239//3239
f 3239//3239 3452//3452 3434//3434
f 3442//3442 3453//3453 3239//3239
f 3453//3453 3454//3454 3239//3239
f 3239//3239 3454//3454 3397//3397
f 3063//3063 3061//3061 2796//2796
f 3137//3137 3135//3135 2870//2870
f 3135//3135 3133//3133 2870//2870
f 2870//2870 3133//3133 2868//2868
f 3133//3133 3131//3131 2868//2868
f 2868//2868 3131//3131 2866//2866
f 3169//3169 2564//2564 3171//3171
f 3448//3448 3455//3455 3237//3237
f 3455//3455 3456//3456 3237//3237
f 3237//3237 3456//3456 3449//3449
f 2788//2788 2790//2790 3059//3059
f 2790//2790 2792//2792 3059//3059
f 3059//3059 2792//2792 3061//3061
f 2792//2792 2794//2794 3061//3061
f 3061//3061 2794//2794 2796//2796
f 2856//2856 3113//3113 2854//2854
f 3113//3113 3111//3111 2854//2854
f 2854//2854 3111//3111 2852//2852
f 3177//3177 3175//3175 2574//2574
f 3131//3131 3129//3129 2866//2866
f 3129//3129 3127//3127 2866//2866
f 2866//2866 3127//3127 2864//2864
f 3127//3127 3125//3125 2864//2864
f 2864//2864 3125//3125 2862//2862
f 2510//2510 3457//3457 2508//2508
f 3457//3457 3386//3386 2508//2508
f 2508//2508 3386//3386 2506//2506
f 3386//3386 2504//2504 2506//2506
f 3458//3458 3459//3459 3137//3137
f 2574//2574 2576//2576 3177//3177
f 2576//2576 2578//2578 3177//3177
f 3177//3177 2578//2578 3179//3179
f 2578//2578 2580//2580 3179//3179
f 3179//3179 2580//2580 2582//2582
f 2796//2796 2798//2798 3063//3063
f 2798//2798 2800//2800 3063//3063
f 3063//3063 2800//2800 3065//3065
f 2800//2800 2802//2802 3065//3065
f 2802//2802 2804//2804 3065//3065
f 3065//3065 2804//2804 3067//3067
f 3125//3125 3123//3123 2862//2862
f 3123//3123 3121//3121 2862//2862
f 2862//2862 3121//3121 2860//2860
f 3121//3121 3119//3119 2860//2860
f 2860//2860 3119//3119 2858//2858
f 3119//3119 3117//3117 2858//2858
f 2858//2858 3117//3117 2856//2856
f 3117//3117 3115//3115 2856//2856
f 2856//2856 3115//3115 3113//3113
f 3421//3421 3460//3460 2882//2882
f 3460//3460 3461//3461 2882//2882
f 2882//2882 3461//3461 2880//2880
f 3461//3461 2878//2878 2880//2880
f 2564//2564 2566//2566 3171//3171
f 2566//2566 2568//2568 3171//3171
f 3171//3171 2568//2568 3173//3173
f 2568//2568 2570//2570 3173//3173
f 3173//3173 2570//2570 3175//3175
f 2570//2570 2572//2572 3175//3175
f 3175//3175 2572//2572 2574//2574
f 3111//3111 3109//3109 2852//2852
f 3109//3109 3107//3107 2852//2852
f 2852//2852 3107//3107 2850//2850
f 3107//3107 3105//3105 2850//2850
f 2850//2850 3105//3105 2848//2848
f 3105//3105 3103//3103 2848//2848
f 2848//2848 3103//3103 2846//2846
f 3103//3103 3101//3101 2846//2846
f 2846//2846 3101//3101 2844//2844
f 3101//3101 3099//3099 2844//2844
f 2844//2844 3099//3099 2842//2842
f 2804//2804 2806//2806 3067//3067
f 2806//2806 2808//2808 3067//3067
f 3067//3067 2808//2808 3069//3069
f 2808//2808 2810//2810 3069//3069
f 3069//3069 2810//2810 3071//3071
f 3073//3073 2818//2818 3075//3075
f 2818//2818 2820//2820 3075//3075
f 3075//3075 2820//2820 3077//3077
f 2820//2820 2822//2822 3077//3077
f 3077//3077 2822//2822 3079//3079
f 2822//2822 2824//2824 3079//3079
f 3079//3079 2824//2824 3081//3081
f 3461//3461 3462//3462 3137//3137
f 3462//3462 3463//3463 3137//3137
f 3463//3463 3464//3464 3137//3137
f 3137//3137 3464//3464 3465//3465
f 2562//2562 3169//3169 2560//2560
f 3169//3169 3167//3167 2560//2560
f 2560//2560 3167//3167 2558//2558
f 3167//3167 3165//3165 2558//2558
f 2558//2558 3165//3165 2556//2556
f 3165//3165 3163//3163 2556//2556
f 2556//2556 3163//3163 2554//2554
f 2810//2810 2812//2812 3071//3071
f 2812//2812 2814//2814 3071//3071
f 3071//3071 2814//2814 3073//3073
f 2814//2814 2816//2816 3073//3073
f 3073//3073 2816//2816 2818//2818
f 3099//3099 3097//3097 2842//2842
f 3097//3097 3095//3095 2842//2842
f 2842//2842 3095//3095 2840//2840
f 3095//3095 3093//3093 2840//2840
f 2840//2840 3093//3093 2838//2838
f 3093//3093 3091//3091 2838//2838
f 2838//2838 3091//3091 2836//2836
f 3091//3091 3089//3089 2836//2836
f 2836//2836 3089//3089 2834//2834
f 3089//3089 3087//3087 2834//2834
f 2834//2834 3087//3087 2832//2832
f 3087//3087 3085//3085 2832//2832
f 2832//2832 3085//3085 2830//2830
f 3085//3085 3083//3083 2830//2830
f 2830//2830 3083//3083 2828//2828
f 3083//3083 3081//3081 2828//2828
f 2828//2828 3081//3081 2826//2826
f 3081//3081 2824//2824 2826//2826
f 3465//3465 3466//3466 3137//3137
f 3466//3466 3467//3467 3137//3137
f 3137//3137 3467//3467 3458//3458
f 2870//2870 2872//2872 3137//3137
f 2872//2872 2874//2874 3137//3137
f 3137//3137 2874//2874 3461//3461
f 2874//2874 2876//2876 3461//3461
f 3461//3461 2876//2876 2878//2878
f 3459//3459 3468//3468 3137//3137
f 3468//3468 3469//3469 3137//3137
f 3137//3137 3469//3469 3470//3470
f 3470//3470 3471//3471 3137//3137
f 3471//3471 3472//3472 3137//3137
f 3137//3137 3472//3472 3473//3473
f 3137//3137 2518//2518 2520//2520
f 3473//3473 3474//3474 3137//3137
f 3474//3474 3475//3475 3137//3137
f 3137//3137 3475//3475 3476//3476
f 2520//2520 2522//2522 3137//3137
f 2522//2522 2524//2524 3137//3137
f 3137//3137 2524//2524 2526//2526
f 2526//2526 2528//2528 3137//3137
f 2528//2528 2530//2530 3137//3137
f 3137//3137 2530//2530 3139//3139
f 2530//2530 2532//2532 3139//3139
f 3139//3139 2532//2532 3141//3141
f 2532//2532 2534//2534 3141//3141
f 3141//3141 2534//2534 3143//3143
f 2534//2534 2536//2536 3143//3143
f 3143//3143 2536//2536 3145//3145
f 2536//2536 2538//2538 3145//3145
f 3476//3476 3477//3477 3137//3137
f 3477//3477 3478//3478 3137//3137
f 3137//3137 3478//3478 3479//3479
f 3479//3479 3480//3480 3137//3137
f 3480//3480 3481//3481 3137//3137
f 3137//3137 3481//3481 3457//3457
f 2554//2554 3163//3163 2552//2552
f 3163//3163 3161//3161 2552//2552
f 2552//2552 3161//3161 2550//2550
f 3161//3161 3159//3159 2550//2550
f 2550//2550 3159//3159 2548//2548
f 3159//3159 3157//3157 2548//2548
f 2548//2548 3157//3157 2546//2546
f 3157//3157 3155//3155 2546//2546
f 2546//2546 3155//3155 2544//2544
f 3155//3155 3153//3153 2544//2544
f 2544//2544 3153//3153 2542//2542
f 3153//3153 3151//3151 2542//2542
f 2542//2542 3151//3151 2540//2540
f 3151//3151 3149//3149 2540//2540
f 2540//2540 3149//3149 2538//2538
f 3149//3149 3147//3147 2538//2538
f 2538//2538 3147//3147 3145//3145
f 2510//2510 2512//2512 3457//3457
f 2512//2512 2514//2514 3457//3457
f 3457//3457 2514//2514 3137//3137
f 2514//2514 2516//2516 3137//3137
f 3137//3137 2516//2516 2518//2518
f 3388//3388 2404//2404 3389//3389
f 2404//2404 2403//2403 3389//3389
f 3389//3389 2403//2403 3390//3390
f 2403//2403 2408//2408 3390//3390
f 3390//3390 2408//2408 3391//3391
f 2408//2408 2407//2407 3391//3391
f 3391//3391 2407//2407 3385//3385
f 2407//2407 2406//2406 3385//3385
f 3385//3385 2406//2406 3403//3403
f 2406//2406 2411//2411 3403//3403
f 3403//3403 2411//2411 3404//3404
f 2411//2411 2410//2410 3404//3404
f 3404//3404 2410//2410 3405//3405
f 2410//2410 2409//2409 3405//3405
f 3405//3405 2409//2409 3422//3422
f 2409//2409 2414//2414 3422//3422
f 3422//3422 2414//2414 3423//3423
f 2414//2414 2413//2413 3423//3423
f 3423//3423 2413//2413 3413//3413
f 2413//2413 2412//2412 3413//3413
f 3413//3413 2412//2412 3412//3412
f 2412//2412 2417//2417 3412//3412
f 3412//3412 2417//2417 3411//3411
f 2417//2417 2416//2416 3411//3411
f 3411//3411 2416//2416 3414//3414
f 2416//2416 2415//2415 3414//3414
f 3414//3414 2415//2415 3415//3415
f 2415//2415 2420//2420 3415//3415
f 3415//3415 2420//2420 3416//3416
f 2420//2420 2419//2419 3416//3416
f 3416//3416 2419//2419 3417//3417
f 2419//2419 2418//2418 3417//3417
f 3417//3417 2418//2418 3418//3418
f 2418//2418 2423//2423 3418//3418
f 3418//3418 2423//2423 3419//3419
f 2423//2423 2422//2422 3419//3419
f 3419//3419 2422//2422 3424//3424
f 2422//2422 2421//2421 3424//3424
f 3424//3424 2421//2421 3425//3425
f 2421//2421 2426//2426 3425//3425
f 3425//3425 2426//2426 3420//3420
f 2426//2426 2425//2425 3420//3420
f 3420//3420 2425//2425 3421//3421
f 2425//2425 2424//2424 3421//3421
f 3421//3421 2424//2424 3460//3460
f 2424//2424 2429//2429 3460//3460
f 3460//3460 2429//2429 3461//3461
f 2429//2429 2428//2428 3461//3461
f 3461//3461 2428//2428 3462//3462
f 2428//2428 2427//2427 3462//3462
f 3462//3462 2427//2427 3463//3463
f 2427//2427 2432//2432 3463//3463
f 3463//3463 2432//2432 3464//3464
f 2432//2432 2431//2431 3464//3464
f 3464//3464 2431//2431 3465//3465
f 2431//2431 2430//2430 3465//3465
f 3465//3465 2430//2430 3466//3466
f 2430//2430 2435//2435 3466//3466
f 3466//3466 2435//2435 3467//3467
f 2435//2435 2434//2434 3467//3467
f 3467//3467 2434//2434 3458//3458
f 2434//2434 2433//2433 3458//3458
f 3458//3458 2433//2433 3459//3459
f 2433//2433 2438//2438 3459//3459
f 3459//3459 2438//2438 3468//3468
f 2438//2438 2437//2437 3468//3468
f 3468//3468 2437//2437 3469//3469
f 2437//2437 2436//2436 3469//3469
f 3469//3469 2436//2436 3470//3470
f 2436//2436 2441//2441 3470//3470
f 3470//3470 2441//2441 3471//3471
f 2441//2441 2440//2440 3471//3471
f 3471//3471 2440//2440 3472//3472
f 2440//2440 2439//2439 3472//3472
f 3472//3472 2439//2439 3473//3473
f 2439//2439 2444//2444 3473//3473
f 3473//3473 2444//2444 3474//3474
f 2444//2444 2443//2443 3474//3474
f 3474//3474 2443//2443 3475//3475
f 2443//2443 2442//2442 3475//3475
f 3475//3475 2442//2442 3476//3476
f 2442//2442 2447//2447 3476//3476
f 3476//3476 2447//2447 3477//3477
f 2447//2447 2446//2446 3477//3477
f 3477//3477 2446//2446 3478//3478
f 2446//2446 2445//2445 3478//3478
f 3478//3478 2445//2445 3479//3479
f 2445//2445 2450//2450 3479//3479
f 3479//3479 2450//2450 3480//3480
f 2450//2450 2449//2449 3480//3480
f 3480//3480 2449//2449 3481//3481
f 2449//2449 2448//2448 3481//3481
f 3481//3481 2448//2448 3457//3457
f 2448//2448 2453//2453 3457//3457
f 3457//3457 2453//2453 3386//3386
f 2453//2453 2452//2452 3386//3386
f 3386//3386 2452//2452 3354//3354
f 2452//2452 2451//2451 3354//3354
f 3354//3354 2451//2451 3344//3344
f 2451//2451 2456//2456 3344//3344
f 3344//3344 2456//2456 3342//3342
f 2456//2456 2455//2455 3342//3342
f 3342//3342 2455//2455 3343//3343
f 2455//2455 2454//2454 3343//3343
f 3343//3343 2454//2454 3348//3348
f 2454//2454 2459//2459 3348//3348
f 3348//3348 2459//2459 3349//3349
f 2459//2459 2458//2458 3349//3349
f 3349//3349 2458//2458 3350//3350
f 2458//2458 2457//2457 3350//3350
f 3350//3350 2457//2457 3373//3373
f 2457//2457 2462//2462 3373//3373
f 3373//3373 2462//2462 3374//3374
f 2462//2462 2461//2461 3374//3374
f 3374//3374 2461//2461 3359//3359
f 2461//2461 2460//2460 3359//3359
f 3359//3359 2460//2460 3358//3358
f 2460//2460 2465//2465 3358//3358
f 3358//3358 2465//2465 3357//3357
f 2465//2465 2464//2464 3357//3357
f 3357//3357 2464//2464 3360//3360
f 2464//2464 2463//2463 3360//3360
f 3360//3360 2463//2463 3361//3361
f 2463//2463 2468//2468 3361//3361
f 3361//3361 2468//2468 3362//3362
f 2468//2468 2467//2467 3362//3362
f 3362//3362 2467//2467 3375//3375
f 2467//2467 2466//2466 3375//3375
f 3375//3375 2466//2466 3376//3376
f 2466//2466 2471//2471 3376//3376
f 3376//3376 2471//2471 3377//3377
f 2471//2471 2470//2470 3377//3377
f 3377//3377 2470//2470 3378//3378
f 2470//2470 2469//2469 3378//3378
f 3378//3378 2469//2469 3379//3379
f 2469//2469 2473//2473 3379//3379
f 3379//3379 2473//2473 3351//3351
f 2473//2473 2472//2472 3351//3351
f 3351//3351 2472//2472 3352//3352
f 2472//2472 2333//2333 3352//3352
f 3352//3352 2333//2333 3353//3353
f 2333//2333 2332//2332 3353//3353
f 3353//3353 2332//2332 3340//3340
f 2332//2332 2330//2330 3340//3340
f 3340//3340 2330//2330 3426//3426
f 2330//2330 2329//2329 3426//3426
f 3426//3426 2329//2329 3427//3427
f 2329//2329 2336//2336 3427//3427
f 3427//3427 2336//2336 3428//3428
f 2336//2336 2335//2335 3428//3428
f 3428//3428 2335//2335 3429//3429
f 2335//2335 2334//2334 3429//3429
f 3429//3429 2334//2334 3430//3430
f 2334//2334 2339//2339 3430//3430
f 3430//3430 2339//2339 3431//3431
f 2339//2339 2338//2338 3431//3431
f 3431//3431 2338//2338 3432//3432
f 2338//2338 2337//2337 3432//3432
f 3432//3432 2337//2337 3433//3433
f 2337//2337 2342//2342 3433//3433
f 3433//3433 2342//2342 3437//3437
f 2342//2342 2341//2341 3437//3437
f 3437//3437 2341//2341 3438//3438
f 2341//2341 2340//2340 3438//3438
f 3438//3438 2340//2340 3439//3439
f 2340//2340 2345//2345 3439//3439
f 3439//3439 2345//2345 3443//3443
f 2345//2345 2344//2344 3443//3443
f 3443//3443 2344//2344 3444//3444
f 2344//2344 2343//2343 3444//3444
f 3444//3444 2343//2343 3445//3445
f 2343//2343 2348//2348 3445//3445
f 3445//3445 2348//2348 3446//3446
f 2348//2348 2347//2347 3446//3446
f 3446//3446 2347//2347 3447//3447
f 2347//2347 2346//2346 3447//3447
f 3447//3447 2346//2346 3448//3448
f 2346//2346 2351//2351 3448//3448
f 3448//3448 2351//2351 3455//3455
f 2351//2351 2350//2350 3455//3455
f 3455//3455 2350//2350 3456//3456
f 2350//2350 2349//2349 3456//3456
f 3456//3456 2349//2349 3449//3449
f 2349//2349 2354//2354 3449//3449
f 3449//3449 2354//2354 3450//3450
f 2354//2354 2353//2353 3450//3450
f 3450//3450 2353//2353 3451//3451
f 2353//2353 2352//2352 3451//3451
f 3451//3451 2352//2352 3452//3452
f 2352//2352 2357//2357 3452//3452
f 3452//3452 2357//2357 3434//3434
f 2357//2357 2356//2356 3434//3434
f 3434//3434 2356//2356 3435//3435
f 2356//2356 2355//2355 3435//3435
f 3435//3435 2355//2355 3436//3436
f 2355//2355 2360//2360 3436//3436
f 3436//3436 2360//2360 3440//3440
f 2360//2360 2359//2359 3440//3440
f 3440//3440 2359//2359 3441//3441
f 2359//2359 2358//2358 3441//3441
f 3441//3441 2358//2358 3442//3442
f 2358//2358 2363//2363 3442//3442
f 3442//3442 2363//2363 3453//3453
f 2363//2363 2362//2362 3453//3453
f 3453//3453 2362//2362 3454//3454
f 2362//2362 2361//2361 3454//3454
f 3454//3454 2361//2361 3397//3397
f 2361//2361 2366//2366 3397//3397
f 3397//3397 2366//2366 3396//3396
f 2366//2366 2365//2365 3396//3396
f 3396//3396 2365//2365 3395//3395
f 2365//2365 2364//2364 3395//3395
f 3395//3395 2364//2364 3398//3398
f 2364//2364 2369//2369 3398//3398
f 3398//3398 2369//2369 3399//3399
f 2369//2369 2368//2368 3399//3399
f 3399//3399 2368//2368 3394//3394
f 2368//2368 2367//2367 3394//3394
f 3394//3394 2367//2367 3393//3393
f 2367//2367 2372//2372 3393//3393
f 3393//3393 2372//2372 3392//3392
f 2372//2372 2371//2371 3392//3392
f 3392//3392 2371//2371 3400//3400
f 2371//2371 2370//2370 3400//3400
f 3400//3400 2370//2370 3401//3401
f 2370//2370 2375//2375 3401//3401
f 3401//3401 2375//2375 3402//3402
f 2375//2375 2374//2374 3402//3402
f 3402//3402 2374//2374 3406//3406
f 2374//2374 2373//2373 3406//3406
f 3406//3406 2373//2373 3407//3407
f 2373//2373 2378//2378 3407//3407
f 3407//3407 2378//2378 3408//3408
f 2378//2378 2377//2377 3408//3408
f 3408//3408 2377//2377 3409//3409
f 2377//2377 2376//2376 3409//3409
f 3409//3409 2376//2376 3410//3410
f 2376//2376 2381//2381 3410//3410
f 3410//3410 2381//2381 3341//3341
f 2381//2381 2380//2380 3341//3341
f 3341//3341 2380//2380 3339//3339
f 2380//2380 2379//2379 3339//3339
f 3339//3339 2379//2379 3338//3338
f 2379//2379 2384//2384 3338//3338
f 3338//3338 2384//2384 3363//3363
f 2384//2384 2383//2383 3363//3363
f 3363//3363 2383//2383 3364//3364
f 2383//2383 2382//2382 3364//3364
f 3364//3364 2382//2382 3365//3365
f 2382//2382 2387//2387 3365//3365
f 3365//3365 2387//2387 3366//3366
f 2387//2387 2386//2386 3366//3366
f 3366//3366 2386//2386 3367//3367
f 2386//2386 2385//2385 3367//3367
f 3367//3367 2385//2385 3380//3380
f 2385//2385 2390//2390 3380//3380
f 3380//3380 2390//2390 3381//3381
f 2390//2390 2389//2389 3381//3381
f 3381//3381 2389//2389 3355//3355
f 2389//2389 2388//2388 3355//3355
f 3355//3355 2388//2388 3356//3356
f 2388//2388 2393//2393 3356//3356
f 3356//3356 2393//2393 3368//3368
f 2393//2393 2392//2392 3368//3368
f 3368//3368 2392//2392 3369//3369
f 2392//2392 2391//2391 3369//3369
f 3369//3369 2391//2391 3345//3345
f 2391//2391 2396//2396 3345//3345
f 3345//3345 2396//2396 3346//3346
f 2396//2396 2395//2395 3346//3346
f 3346//3346 2395//2395 3347//3347
f 2395//2395 2394//2394 3347//3347
f 3347//3347 2394//2394 3370//3370
f 2394//2394 2399//2399 3370//3370
f 3370//3370 2399//2399 3371//3371
f 2399//2399 2398//2398 3371//3371
f 3371//3371 2398//2398 3372//3372
f 2398//2398 2397//2397 3372//3372
f 3372//3372 2397//2397 3382//3382
f 2397//2397 2402//2402 3382//3382
f 3382//3382 2402//2402 3383//3383
f 2402//2402 2401//2401 3383//3383
f 3383//3383 2401//2401 3384//3384
f 2401//2401 2400//2400 3384//3384
f 3384//3384 2400//2400 3387//3387
f 2400//2400 2405//2405 3387//3387
f 3387//3387 2405//2405 3388//3388
f 2405//2405 2404//2404 3388//3388
f 2917//2917 2915//2915 3208//3208
f 2769//2769 2767//2767 3052//3052
f 2913//2913 2911//2911 2475//2475
f 2911//2911 2909//2909 2475//2475
f 2489//2489 2487//2487 2899//2899
f 3047//3047 3336//3336 3049//3049
f 3336//3336 3050//3050 3049//3049
f 3049//3049 3050//3050 2763//2763
f 2913//2913 2475//2475 2915//2915
f 2475//2475 2761//2761 2915//2915
f 2915//2915 2761//2761 2759//2759
f 3202//3202 2643//2643 2641//2641
f 2633//2633 3198//3198 2635//2635
f 3198//3198 3200//3200 2635//2635
f 2635//2635 3200//3200 2637//2637
f 2621//2621 3194//3194 2623//2623
f 3194//3194 3196//3196 2623//2623
f 2623//2623 3196//3196 2625//2625
f 2615//2615 3192//3192 2617//2617
f 3192//3192 3194//3194 2617//2617
f 2617//2617 3194//3194 2619//2619
f 3194//3194 2621//2621 2619//2619
f 2489//2489 2899//2899 2491//2491
f 2903//2903 2901//2901 2483//2483
f 2901//2901 2899//2899 2483//2483
f 2483//2483 2899//2899 2485//2485
f 2899//2899 2487//2487 2485//2485
f 2909//2909 2907//2907 2475//2475
f 2907//2907 2905//2905 2475//2475
f 2475//2475 2905//2905 2477//2477
f 2905//2905 2479//2479 2477//2477
f 3052//3052 2767//2767 3050//3050
f 2767//2767 2765//2765 3050//3050
f 3050//3050 2765//2765 2763//2763
f 2925//2925 2923//2923 3222//3222
f 2919//2919 3216//3216 2921//2921
f 3216//3216 3218//3218 2921//2921
f 2921//2921 3218//3218 2923//2923
f 3218//3218 3220//3220 2923//2923
f 2923//2923 3220//3220 3222//3222
f 2759//2759 2757//2757 2915//2915
f 2757//2757 2755//2755 2915//2915
f 2915//2915 2755//2755 2753//2753
f 2915//2915 2741//2741 2739//2739
f 2633//2633 2631//2631 3198//3198
f 2631//2631 2629//2629 3198//3198
f 3198//3198 2629//2629 3196//3196
f 2629//2629 2627//2627 3196//3196
f 3196//3196 2627//2627 2625//2625
f 2903//2903 2483//2483 2905//2905
f 2483//2483 2481//2481 2905//2905
f 2905//2905 2481//2481 2479//2479
f 2777//2777 3054//3054 2779//2779
f 3054//3054 3056//3056 2779//2779
f 2779//2779 3056//3056 2781//2781
f 3047//3047 3045//3045 3336//3336
f 3045//3045 3043//3043 3336//3336
f 3336//3336 3043//3043 3334//3334
f 3043//3043 3041//3041 3334//3334
f 3025//3025 3328//3328 3027//3027
f 3328//3328 3330//3330 3027//3027
f 2929//2929 3232//3232 2931//2931
f 3232//3232 3234//3234 2931//2931
f 2931//2931 3234//3234 2933//2933
f 3208//3208 3210//3210 2917//2917
f 3210//3210 3212//3212 2917//2917
f 2917//2917 3212//3212 2919//2919
f 3212//3212 3214//3214 2919//2919
f 2919//2919 3214//3214 3216//3216
f 2753//2753 2751//2751 2915//2915
f 2751//2751 2749//2749 2915//2915
f 2915//2915 2749//2749 2747//2747
f 3202//3202 2641//2641 3200//3200
f 2641//2641 2639//2639 3200//3200
f 3200//3200 2639//2639 2637//2637
f 2603//2603 3188//3188 2605//2605
f 3188//3188 3190//3190 2605//2605
f 2605//2605 3190//3190 2607//2607
f 3172//3172 2895//2895 2893//2893
f 2889//2889 3166//3166 2891//2891
f 3166//3166 3168//3168 2891//2891
f 2891//2891 3168//3168 2893//2893
f 3168//3168 3170//3170 2893//2893
f 2893//2893 3170//3170 3172//3172
f 3058//3058 2787//2787 2785//2785
f 2777//2777 2775//2775 3054//3054
f 2775//2775 2773//2773 3054//3054
f 3054//3054 2773//2773 3052//3052
f 2773//2773 2771//2771 3052//3052
f 3052//3052 2771//2771 2769//2769
f 3041//3041 3039//3039 3334//3334
f 3039//3039 3037//3037 3334//3334
f 3334//3334 3037//3037 3332//3332
f 3037//3037 3035//3035 3332//3332
f 3035//3035 3033//3033 3332//3332
f 3033//3033 3031//3031 3332//3332
f 3332//3332 3031//3031 3330//3330
f 3031//3031 3029//3029 3330//3330
f 3330//3330 3029//3029 3027//3027
f 3025//3025 3023//3023 3328//3328
f 3023//3023 3021//3021 3328//3328
f 3328//3328 3021//3021 3326//3326
f 3222//3222 3224//3224 2925//2925
f 3224//3224 3226//3226 2925//2925
f 2925//2925 3226//3226 2927//2927
f 3226//3226 3228//3228 2927//2927
f 2927//2927 3228//3228 2929//2929
f 3228//3228 3230//3230 2929//2929
f 2929//2929 3230//3230 3232//3232
f 2747//2747 2745//2745 2915//2915
f 2745//2745 2743//2743 2915//2915
f 2915//2915 2743//2743 2741//2741
f 2671//2671 3208//3208 2673//2673
f 3208//3208 2675//2675 2673//2673
f 2643//2643 3202//3202 2645//2645
f 3202//3202 3204//3204 2645//2645
f 2645//2645 3204//3204 2647//2647
f 2615//2615 2613//2613 3192//3192
f 2613//2613 2611//2611 3192//3192
f 3192//3192 2611//2611 3190//3190
f 2611//2611 2609//2609 3190//3190
f 3190//3190 2609//2609 2607//2607
f 2603//2603 2601//2601 3188//3188
f 2601//2601 2599//2599 3188//3188
f 3188//3188 2599//2599 3186//3186
f 2591//2591 2589//2589 3184//3184
f 2497//2497 2495//2495 2899//2899
f 2495//2495 2493//2493 2899//2899
f 2899//2899 2493//2493 2491//2491
f 2887//2887 3162//3162 2889//2889
f 3162//3162 3164//3164 2889//2889
f 2889//2889 3164//3164 3166//3166
f 2883//2883 3156//3156 2885//2885
f 3156//3156 3158//3158 2885//2885
f 2885//2885 3158//3158 2887//2887
f 3158//3158 3160//3160 2887//2887
f 2887//2887 3160//3160 3162//3162
f 3234//3234 3236//3236 2933//2933
f 3236//3236 3238//3238 2933//2933
f 2933//2933 3238//3238 2935//2935
f 2739//2739 2737//2737 2915//2915
f 2737//2737 2735//2735 2915//2915
f 2915//2915 2735//2735 2733//2733
f 3184//3184 2589//2589 3182//3182
f 2869//2869 2867//2867 3130//3130
f 3058//3058 2785//2785 3056//3056
f 2785//2785 2783//2783 3056//3056
f 3056//3056 2783//2783 2781//2781
f 3320//3320 3322//3322 3009//3009
f 2957//2957 3274//3274 2959//2959
f 3274//3274 3276//3276 2959//2959
f 2959//2959 3276//3276 2961//2961
f 2599//2599 2597//2597 3186//3186
f 2597//2597 2595//2595 3186//3186
f 3186//3186 2595//2595 3184//3184
f 2595//2595 2593//2593 3184//3184
f 3184//3184 2593//2593 2591//2591
f 2503//2503 2501//2501 2899//2899
f 2501//2501 2499//2499 2899//2899
f 2899//2899 2499//2499 2497//2497
f 2873//2873 3140//3140 2875//2875
f 3140//3140 3142//3142 2875//2875
f 2875//2875 3142//3142 2877//2877
f 3021//3021 3019//3019 3326//3326
f 3019//3019 3017//3017 3326//3326
f 3326//3326 3017//3017 3324//3324
f 3238//3238 3240//3240 2935//2935
f 3240//3240 3242//3242 2935//2935
f 2935//2935 3242//3242 2937//2937
f 3242//3242 3244//3244 2937//2937
f 2937//2937 3244//3244 2939//2939
f 2733//2733 2731//2731 2915//2915
f 2731//2731 2729//2729 2915//2915
f 2915//2915 2729//2729 2727//2727
f 2727//2727 2725//2725 2915//2915
f 2725//2725 2723//2723 2915//2915
f 2915//2915 2723//2723 2721//2721
f 2707//2707 2705//2705 3208//3208
f 2671//2671 2669//2669 3208//3208
f 2669//2669 2667//2667 3208//3208
f 3208//3208 2667//2667 2665//2665
f 2665//2665 2663//2663 3208//3208
f 2663//2663 2661//2661 3208//3208
f 3208//3208 2661//2661 2659//2659
f 3206//3206 2651//2651 3204//3204
f 2651//2651 2649//2649 3204//3204
f 3204//3204 2649//2649 2647//2647
f 2589//2589 2587//2587 3182//3182
f 2587//2587 2585//2585 3182//3182
f 3182//3182 2585//2585 3180//3180
f 2585//2585 2583//2583 3180//3180
f 3180//3180 2583//2583 2581//2581
f 2879//2879 3150//3150 2881//2881
f 3150//3150 3152//3152 2881//2881
f 2881//2881 3152//3152 2883//2883
f 3152//3152 3154//3154 2883//2883
f 2883//2883 3154//3154 3156//3156
f 3142//3142 3144//3144 2877//2877
f 3144//3144 3146//3146 2877//2877
f 2877//2877 3146//3146 2879//2879
f 3146//3146 3148//3148 2879//2879
f 2879//2879 3148//3148 3150//3150
f 2787//2787 3058//3058 2789//2789
f 3058//3058 3060//3060 2789//2789
f 2789//2789 3060//3060 2791//2791
f 3017//3017 3015//3015 3324//3324
f 3015//3015 3013//3013 3324//3324
f 3324//3324 3013//3013 3322//3322
f 3013//3013 3011//3011 3322//3322
f 3322//3322 3011//3011 3009//3009
f 3314//3314 3316//3316 2999//2999
f 2943//2943 3254//3254 2945//2945
f 3254//3254 3256//3256 2945//2945
f 2945//2945 3256//3256 2947//2947
f 2721//2721 2719//2719 2915//2915
f 2719//2719 2717//2717 2915//2915
f 2915//2915 2717//2717 2715//2715
f 2705//2705 2703//2703 3208//3208
f 2703//2703 2701//2701 3208//3208
f 3208//3208 2701//2701 2699//2699
f 2681//2681 2679//2679 3208//3208
f 2679//2679 2677//2677 3208//3208
f 3208//3208 2677//2677 2675//2675
f 2659//2659 2657//2657 3208//3208
f 2657//2657 2655//2655 3208//3208
f 3208//3208 2655//2655 3206//3206
f 2655//2655 2653//2653 3206//3206
f 3206//3206 2653//2653 2651//2651
f 2565//2565 3180//3180 2567//2567
f 3180//3180 2569//2569 2567//2567
f 3130//3130 3132//3132 2869//2869
f 3132//3132 3134//3134 2869//2869
f 2869//2869 3134//3134 2871//2871
f 3134//3134 3136//3136 2871//2871
f 2871//2871 3136//3136 2873//2873
f 3136//3136 3138//3138 2873//2873
f 2873//2873 3138//3138 3140//3140
f 3062//3062 3064//3064 2799//2799
f 3009//3009 3007//3007 3320//3320
f 3007//3007 3005//3005 3320//3320
f 3320//3320 3005//3005 3318//3318
f 3005//3005 3003//3003 3318//3318
f 3318//3318 3003//3003 3316//3316
f 3003//3003 3001//3001 3316//3316
f 3316//3316 3001//3001 2999//2999
f 2951//2951 3266//3266 2953//2953
f 3266//3266 3268//3268 2953//2953
f 2953//2953 3268//3268 2955//2955
f 3268//3268 3270//3270 2955//2955
f 2955//2955 3270//3270 2957//2957
f 3270//3270 3272//3272 2957//2957
f 2957//2957 3272//3272 3274//3274
f 3256//3256 3258//3258 2947//2947
f 3258//3258 3260//3260 2947//2947
f 2947//2947 3260//3260 2949//2949
f 3260//3260 3262//3262 2949//2949
f 2949//2949 3262//3262 2951//2951
f 3262//3262 3264//3264 2951//2951
f 2951//2951 3264//3264 3266//3266
f 3244//3244 3246//3246 2939//2939
f 3246//3246 3248//3248 2939//2939
f 2939//2939 3248//3248 2941//2941
f 3248//3248 3250//3250 2941//2941
f 2941//2941 3250//3250 2943//2943
f 3250//3250 3252//3252 2943//2943
f 2943//2943 3252//3252 3254//3254
f 2715//2715 2713//2713 2915//2915
f 2713//2713 2711//2711 2915//2915
f 2915//2915 2711//2711 3208//3208
f 2711//2711 2709//2709 3208//3208
f 3208//3208 2709//2709 2707//2707
f 2699//2699 2697//2697 3208//3208
f 2697//2697 2695//2695 3208//3208
f 3208//3208 2695//2695 2693//2693
f 2581//2581 2579//2579 3180//3180
f 2579//2579 2577//2577 3180//3180
f 3180//3180 2577//2577 2575//2575
f 2509//2509 2507//2507 2899//2899
f 2507//2507 2505//2505 2899//2899
f 2899//2899 2505//2505 2503//2503
f 2857//2857 2855//2855 3112//3112
f 2999//2999 2997//2997 3314//3314
f 2997//2997 2995//2995 3314//3314
f 3314//3314 2995//2995 3312//3312
f 2995//2995 2993//2993 3312//3312
f 3312//3312 2993//2993 3310//3310
f 2993//2993 2991//2991 3310//3310
f 3310//3310 2991//2991 3308//3308
f 2991//2991 2989//2989 3308//3308
f 3308//3308 2989//2989 3306//3306
f 3276//3276 3278//3278 2961//2961
f 3278//3278 3280//3280 2961//2961
f 2961//2961 3280//3280 2963//2963
f 3280//3280 3282//3282 2963//2963
f 2963//2963 3282//3282 2965//2965
f 3282//3282 3284//3284 2965//2965
f 2965//2965 3284//3284 2967//2967
f 3284//3284 3286//3286 2967//2967
f 2967//2967 3286//3286 2969//2969
f 3286//3286 3288//3288 2969//2969
f 2969//2969 3288//3288 2971//2971
f 2693//2693 2691//2691 3208//3208
f 2691//2691 2689//2689 3208//3208
f 3208//3208 2689//2689 2687//2687
f 2575//2575 2573//2573 3180//3180
f 2573//2573 2571//2571 3180//3180
f 3180//3180 2571//2571 2569//2569
f 2517//2517 2515//2515 2899//2899
f 2799//2799 2797//2797 3062//3062
f 2797//2797 2795//2795 3062//3062
f 3062//3062 2795//2795 3060//3060
f 2795//2795 2793//2793 3060//3060
f 3060//3060 2793//2793 2791//2791
f 2687//2687 2685//2685 3208//3208
f 2685//2685 2683//2683 3208//3208
f 3208//3208 2683//2683 2681//2681
f 2515//2515 2513//2513 2899//2899
f 2513//2513 2511//2511 2899//2899
f 2899//2899 2511//2511 2509//2509
f 2863//2863 3124//3124 2865//2865
f 3124//3124 3126//3126 2865//2865
f 2865//2865 3126//3126 2867//2867
f 3126//3126 3128//3128 2867//2867
f 2867//2867 3128//3128 3130//3130
f 3112//3112 2855//2855 3110//3110
f 2855//2855 2853//2853 3110//3110
f 3110//3110 2853//2853 3108//3108
f 3066//3066 3068//3068 2807//2807
f 2565//2565 2563//2563 3180//3180
f 2563//2563 2561//2561 3180//3180
f 3180//3180 2561//2561 2559//2559
f 2559//2559 2557//2557 3180//3180
f 2557//2557 2555//2555 3180//3180
f 3180//3180 2555//2555 2553//2553
f 2553//2553 2551//2551 3180//3180
f 2551//2551 2549//2549 3180//3180
f 3180//3180 2549//2549 2547//2547
f 2523//2523 2521//2521 2899//2899
f 2521//2521 2519//2519 2899//2899
f 2899//2899 2519//2519 2517//2517
f 3112//3112 3114//3114 2857//2857
f 3114//3114 3116//3116 2857//2857
f 2857//2857 3116//3116 2859//2859
f 3116//3116 3118//3118 2859//2859
f 2859//2859 3118//3118 2861//2861
f 3118//3118 3120//3120 2861//2861
f 2861//2861 3120//3120 2863//2863
f 3120//3120 3122//3122 2863//2863
f 2863//2863 3122//3122 3124//3124
f 2807//2807 2805//2805 3066//3066
f 2805//2805 2803//2803 3066//3066
f 3066//3066 2803//2803 3064//3064
f 2803//2803 2801//2801 3064//3064
f 3064//3064 2801//2801 2799//2799
f 2989//2989 2987//2987 3306//3306
f 2987//2987 2985//2985 3306//3306
f 3306//3306 2985//2985 3304//3304
f 2985//2985 2983//2983 3304//3304
f 3304//3304 2983//2983 3302//3302
f 2983//2983 2981//2981 3302//3302
f 3302//3302 2981//2981 3300//3300
f 2981//2981 2979//2979 3300//3300
f 3300//3300 2979//2979 3298//3298
f 2979//2979 2977//2977 3298//3298
f 3298//3298 2977//2977 3296//3296
f 2977//2977 2975//2975 3296//3296
f 3296//3296 2975//2975 3294//3294
f 2975//2975 2973//2973 3294//3294
f 3294//3294 2973//2973 3292//3292
f 2973//2973 2971//2971 3292//3292
f 3292//3292 2971//2971 3290//3290
f 2971//2971 3288//3288 3290//3290
f 2533//2533 2531//2531 2899//2899
f 2531//2531 2529//2529 2899//2899
f 3108//3108 2853//2853 3106//3106
f 2853//2853 2851//2851 3106//3106
f 3106//3106 2851//2851 3104//3104
f 2851//2851 2849//2849 3104//3104
f 3104//3104 2849//2849 3102//3102
f 2849//2849 2847//2847 3102//3102
f 3102//3102 2847//2847 3100//3100
f 2847//2847 2845//2845 3100//3100
f 3100//3100 2845//2845 3098//3098
f 2845//2845 2843//2843 3098//3098
f 3098//3098 2843//2843 3096//3096
f 2547//2547 2545//2545 3180//3180
f 2545//2545 2543//2543 3180//3180
f 3180//3180 2543//2543 2541//2541
f 2541//2541 2539//2539 3180//3180
f 2539//2539 2537//2537 3180//3180
f 3180//3180 2537//2537 2535//2535
f 3172//3172 3174//3174 2895//2895
f 3174//3174 3176//3176 2895//2895
f 2895//2895 3176//3176 2897//2897
f 3176//3176 3178//3178 2897//2897
f 2897//2897 3178//3178 2899//2899
f 3178//3178 3180//3180 2899//2899
f 2899//2899 3180//3180 2533//2533
f 3180//3180 2535//2535 2533//2533
f 2529//2529 2527//2527 2899//2899
f 2527//2527 2525//2525 2899//2899
f 2899//2899 2525//2525 2523//2523
f 3080//3080 2825//2825 3078//3078
f 2825//2825 2823//2823 3078//3078
f 3078//3078 2823//2823 3076//3076
f 2823//2823 2821//2821 3076//3076
f 3076//3076 2821//2821 3074//3074
f 2821//2821 2819//2819 3074//3074
f 2819//2819 2817//2817 3074//3074
f 3074//3074 2817//2817 3072//3072
f 2817//2817 2815//2815 3072//3072
f 2815//2815 2813//2813 3072//3072
f 3072//3072 2813//2813 3070//3070
f 2813//2813 2811//2811 3070//3070
f 3070//3070 2811//2811 3068//3068
f 2811//2811 2809//2809 3068//3068
f 3068//3068 2809//2809 2807//2807
f 3096//3096 2843//2843 3094//3094
f 2843//2843 2841//2841 3094//3094
f 3094//3094 2841//2841 3092//3092
f 2841//2841 2839//2839 3092//3092
f 3092//3092 2839//2839 3090//3090
f 2839//2839 2837//2837 3090//3090
f 3090//3090 2837//2837 3088//3088
f 2837//2837 2835//2835 3088//3088
f 3088//3088 2835//2835 3086//3086
f 2835//2835 2833//2833 3086//3086
f 3086//3086 2833//2833 3084//3084
f 2833//2833 2831//2831 3084//3084
f 3084//3084 2831//2831 3082//3082
f 2831//2831 2829//2829 3082//3082
f 3082//3082 2829//2829 3080//3080
f 2829//2829 2827//2827 3080//3080
f 3080//3080 2827//2827 2825//2825
f 3482//3482 3483//3483 3484//3484
f 3482//3482 3484//3484 3485//3485
f 3484//3484 3486//3486 3485//3485
f 3485//3485 3486//3486 3487//3487
f 3486//3486 3488//3488 3487//3487
f 3488//3488 3489//3489 3487//3487
f 3490//3490 3491//3491 3492//3492
f 3493//3493 3494//3494 3492//3492
f 3494//3494 3495//3495 3492//3492
f 3492//3492 3495//3495 3490//3490
f 3496//3496 3497//3497 3498//3498
f 3499//3499 3500//3500 3501//3501
f 3498//3498 3502//3502 3496//3496
f 3502//3502 3503//3503 3496//3496
f 3496//3496 3503//3503 3504//3504
f 3504//3504 3505//3505 3496//3496
f 3505//3505 3506//3506 3496//3496
f 3496//3496 3506//3506 3507//3507
f 3506//3506 3508//3508 3507//3507
f 3508//3508 3509//3509 3507//3507
f 3509//3509 3510//3510 3507//3507
f 3507//3507 3510//3510 3511//3511
f 3512//3512 3513//3513 3492//3492
f 3514//3514 3515//3515 3516//3516
f 3517//3517 3518//3518 3519//3519
f 3520//3520 3521//3521 3493//3493
f 3521//3521 3522//3522 3493//3493
f 3519//3519 3523//3523 3517//3517
f 3523//3523 3524//3524 3517//3517
f 3517//3517 3524//3524 3525//3525
f 3526//3526 3527//3527 3528//3528
f 3527//3527 3529//3529 3528//3528
f 3530//3530 3531//3531 3527//3527
f 3531//3531 3532//3532 3527//3527
f 3527//3527 3532//3532 3533//3533
f 3534//3534 3535//3535 3527//3527
f 3535//3535 3536//3536 3527//3527
f 3527//3527 3536//3536 3516//3516
f 3537//3537 3538//3538 3507//3507
f 3538//3538 3539//3539 3507//3507
f 3522//3522 3540//3540 3493//3493
f 3540//3540 3541//3541 3493//3493
f 3493//3493 3541//3541 3542//3542
f 3543//3543 3544//3544 3545//3545
f 3544//3544 3546//3546 3545//3545
f 3526//3526 3547//3547 3527//3527
f 3547//3547 3548//3548 3527//3527
f 3527//3527 3548//3548 3530//3530
f 3515//3515 3549//3549 3516//3516
f 3549//3549 3550//3550 3516//3516
f 3516//3516 3550//3550 3527//3527
f 3551//3551 3552//3552 3553//3553
f 3552//3552 3554//3554 3553//3553
f 3542//3542 3555//3555 3493//3493
f 3555//3555 3556//3556 3493//3493
f 3493//3493 3556//3556 3557//3557
f 3557//3557 3558//3558 3493//3493
f 3558//3558 3559//3559 3493//3493
f 3493//3493 3559//3559 3560//3560
f 3561//3561 3562//3562 3544//3544
f 3562//3562 3563//3563 3544//3544
f 3544//3544 3563//3563 3546//3546
f 3564//3564 3565//3565 3544//3544
f 3566//3566 3567//3567 3501//3501
f 3567//3567 3568//3568 3501//3501
f 3569//3569 3570//3570 3492//3492
f 3570//3570 3571//3571 3492//3492
f 3492//3492 3571//3571 3572//3572
f 3533//3533 3573//3573 3527//3527
f 3573//3573 3574//3574 3527//3527
f 3527//3527 3574//3574 3534//3534
f 3511//3511 3575//3575 3507//3507
f 3575//3575 3576//3576 3507//3507
f 3507//3507 3576//3576 3537//3537
f 3577//3577 3578//3578 3493//3493
f 3579//3579 3501//3501 3580//3580
f 3501//3501 3581//3581 3580//3580
f 3579//3579 3582//3582 3501//3501
f 3582//3582 3583//3583 3501//3501
f 3501//3501 3583//3583 3499//3499
f 3584//3584 3585//3585 3586//3586
f 3551//3551 3587//3587 3552//3552
f 3587//3587 3588//3588 3552//3552
f 3552//3552 3588//3588 3517//3517
f 3588//3588 3589//3589 3517//3517
f 3517//3517 3589//3589 3518//3518
f 3590//3590 3591//3591 3493//3493
f 3591//3591 3592//3592 3493//3493
f 3493//3493 3592//3592 3593//3593
f 3594//3594 3595//3595 3544//3544
f 3595//3595 3596//3596 3544//3544
f 3544//3544 3596//3596 3561//3561
f 3500//3500 3597//3597 3501//3501
f 3597//3597 3598//3598 3501//3501
f 3501//3501 3598//3598 3566//3566
f 3599//3599 3600//3600 3601//3601
f 3602//3602 3492//3492 3603//3603
f 3492//3492 3604//3604 3603//3603
f 3602//3602 3605//3605 3492//3492
f 3605//3605 3606//3606 3492//3492
f 3492//3492 3606//3606 3512//3512
f 3513//3513 3607//3607 3492//3492
f 3607//3607 3608//3608 3492//3492
f 3492//3492 3608//3608 3569//3569
f 3492//3492 3609//3609 3610//3610
f 3514//3514 3516//3516 3611//3611
f 3516//3516 3612//3612 3611//3611
f 3611//3611 3612//3612 3613//3613
f 3612//3612 3614//3614 3613//3613
f 3613//3613 3614//3614 3615//3615
f 3539//3539 3616//3616 3507//3507
f 3616//3616 3617//3617 3507//3507
f 3507//3507 3617//3617 3618//3618
f 3617//3617 3619//3619 3618//3618
f 3618//3618 3619//3619 3552//3552
f 3619//3619 3620//3620 3552//3552
f 3552//3552 3620//3620 3554//3554
f 3621//3621 3622//3622 3493//3493
f 3622//3622 3623//3623 3493//3493
f 3493//3493 3623//3623 3624//3624
f 3544//3544 3625//3625 3626//3626
f 3565//3565 3627//3627 3544//3544
f 3627//3627 3628//3628 3544//3544
f 3544//3544 3628//3628 3629//3629
f 3629//3629 3630//3630 3544//3544
f 3630//3630 3631//3631 3544//3544
f 3544//3544 3631//3631 3632//3632
f 3501//3501 3633//3633 3634//3634
f 3599//3599 3601//3601 3635//3635
f 3636//3636 3637//3637 3638//3638
f 3610//3610 3639//3639 3492//3492
f 3639//3639 3640//3640 3492//3492
f 3492//3492 3640//3640 3493//3493
f 3640//3640 3641//3641 3493//3493
f 3493//3493 3641//3641 3520//3520
f 3560//3560 3642//3642 3493//3493
f 3642//3642 3643//3643 3493//3493
f 3493//3493 3643//3643 3590//3590
f 3593//3593 3644//3644 3493//3493
f 3644//3644 3645//3645 3493//3493
f 3493//3493 3645//3645 3577//3577
f 3578//3578 3646//3646 3493//3493
f 3646//3646 3647//3647 3493//3493
f 3493//3493 3647//3647 3648//3648
f 3649//3649 3650//3650 3493//3493
f 3543//3543 3651//3651 3544//3544
f 3651//3651 3652//3652 3544//3544
f 3544//3544 3652//3652 3625//3625
f 3626//3626 3653//3653 3544//3544
f 3653//3653 3654//3654 3544//3544
f 3544//3544 3654//3654 3655//3655
f 3655//3655 3656//3656 3544//3544
f 3656//3656 3657//3657 3544//3544
f 3544//3544 3657//3657 3564//3564
f 3632//3632 3658//3658 3544//3544
f 3658//3658 3659//3659 3544//3544
f 3544//3544 3659//3659 3660//3660
f 3660//3660 3661//3661 3544//3544
f 3661//3661 3662//3662 3544//3544
f 3544//3544 3662//3662 3663//3663
f 3664//3664 3665//3665 3601//3601
f 3665//3665 3666//3666 3601//3601
f 3601//3601 3666//3666 3667//3667
f 3667//3667 3668//3668 3601//3601
f 3668//3668 3669//3669 3601//3601
f 3601//3601 3669//3669 3670//3670
f 3572//3572 3671//3671 3492//3492
f 3671//3671 3672//3672 3492//3492
f 3492//3492 3672//3672 3673//3673
f 3674//3674 3544//3544 3675//3675
f 3544//3544 3676//3676 3675//3675
f 3663//3663 3677//3677 3544//3544
f 3677//3677 3678//3678 3544//3544
f 3544//3544 3678//3678 3679//3679
f 3679//3679 3680//3680 3544//3544
f 3680//3680 3681//3681 3544//3544
f 3544//3544 3681//3681 3501//3501
f 3681//3681 3682//3682 3501//3501
f 3501//3501 3682//3682 3683//3683
f 3683//3683 3684//3684 3501//3501
f 3684//3684 3685//3685 3501//3501
f 3501//3501 3685//3685 3686//3686
f 3687//3687 3688//3688 3501//3501
f 3688//3688 3689//3689 3501//3501
f 3689//3689 3690//3690 3501//3501
f 3690//3690 3691//3691 3501//3501
f 3501//3501 3691//3691 3692//3692
f 3692//3692 3693//3693 3501//3501
f 3693//3693 3694//3694 3501//3501
f 3501//3501 3694//3694 3695//3695
f 3695//3695 3696//3696 3501//3501
f 3696//3696 3697//3697 3501//3501
f 3501//3501 3697//3697 3633//3633
f 3634//3634 3698//3698 3501//3501
f 3698//3698 3699//3699 3501//3501
f 3501//3501 3699//3699 3700//3700
f 3700//3700 3701//3701 3501//3501
f 3701//3701 3702//3702 3501//3501
f 3501//3501 3702//3702 3703//3703
f 3703//3703 3704//3704 3501//3501
f 3704//3704 3705//3705 3501//3501
f 3501//3501 3705//3705 3706//3706
f 3706//3706 3707//3707 3501//3501
f 3707//3707 3708//3708 3501//3501
f 3501//3501 3708//3708 3581//3581
f 3615//3615 3614//3614 3601//3601
f 3614//3614 3709//3709 3601//3601
f 3601//3601 3709//3709 3635//3635
f 3600//3600 3710//3710 3601//3601
f 3710//3710 3711//3711 3601//3601
f 3601//3601 3711//3711 3664//3664
f 3712//3712 3713//3713 3714//3714
f 3713//3713 3715//3715 3714//3714
f 3715//3715 3716//3716 3714//3714
f 3714//3714 3716//3716 3717//3717
f 3718//3718 3719//3719 3585//3585
f 3673//3673 3720//3720 3492//3492
f 3720//3720 3721//3721 3492//3492
f 3492//3492 3721//3721 3722//3722
f 3723//3723 3724//3724 3492//3492
f 3724//3724 3725//3725 3492//3492
f 3492//3492 3725//3725 3726//3726
f 3727//3727 3728//3728 3492//3492
f 3728//3728 3729//3729 3492//3492
f 3492//3492 3729//3729 3609//3609
f 3648//3648 3730//3730 3493//3493
f 3730//3730 3731//3731 3493//3493
f 3493//3493 3731//3731 3732//3732
f 3733//3733 3734//3734 3493//3493
f 3734//3734 3735//3735 3493//3493
f 3493//3493 3735//3735 3736//3736
f 3736//3736 3737//3737 3493//3493
f 3737//3737 3738//3738 3493//3493
f 3493//3493 3738//3738 3621//3621
f 3650//3650 3739//3739 3493//3493
f 3739//3739 3740//3740 3493//3493
f 3493//3493 3740//3740 3544//3544
f 3740//3740 3741//3741 3544//3544
f 3544//3544 3741//3741 3676//3676
f 3742//3742 3743//3743 3744//3744
f 3717//3717 3745//3745 3714//3714
f 3745//3745 3746//3746 3714//3714
f 3714//3714 3746//3746 3585//3585
f 3746//3746 3747//3747 3585//3585
f 3585//3585 3747//3747 3748//3748
f 3748//3748 3749//3749 3585//3585
f 3749//3749 3750//3750 3585//3585
f 3585//3585 3750//3750 3751//3751
f 3751//3751 3752//3752 3585//3585
f 3752//3752 3753//3753 3585//3585
f 3585//3585 3753//3753 3754//3754
f 3719//3719 3755//3755 3585//3585
f 3755//3755 3756//3756 3585//3585
f 3585//3585 3756//3756 3586//3586
f 3496//3496 3757//3757 3497//3497
f 3757//3757 3758//3758 3497//3497
f 3497//3497 3758//3758 3759//3759
f 3726//3726 3760//3760 3492//3492
f 3760//3760 3761//3761 3492//3492
f 3492//3492 3761//3761 3762//3762
f 3732//3732 3763//3763 3493//3493
f 3763//3763 3529//3529 3493//3493
f 3493//3493 3529//3529 3733//3733
f 3529//3529 3527//3527 3733//3733
f 3624//3624 3764//3764 3493//3493
f 3764//3764 3765//3765 3493//3493
f 3493//3493 3765//3765 3766//3766
f 3767//3767 3768//3768 3493//3493
f 3768//3768 3769//3769 3493//3493
f 3493//3493 3769//3769 3649//3649
f 3674//3674 3770//3770 3544//3544
f 3770//3770 3771//3771 3544//3544
f 3544//3544 3771//3771 3772//3772
f 3772//3772 3773//3773 3544//3544
f 3773//3773 3774//3774 3544//3544
f 3544//3544 3774//3774 3775//3775
f 3686//3686 3776//3776 3501//3501
f 3776//3776 3777//3777 3501//3501
f 3501//3501 3777//3777 3687//3687
f 3744//3744 3778//3778 3742//3742
f 3778//3778 3779//3779 3742//3742
f 3742//3742 3779//3779 3780//3780
f 3780//3780 3781//3781 3742//3742
f 3781//3781 3782//3782 3742//3742
f 3742//3742 3782//3782 3783//3783
f 3782//3782 3601//3601 3783//3783
f 3783//3783 3601//3601 3784//3784
f 3601//3601 3670//3670 3784//3784
f 3785//3785 3786//3786 3787//3787
f 3786//3786 3788//3788 3787//3787
f 3789//3789 3790//3790 3791//3791
f 3790//3790 3792//3792 3791//3791
f 3501//3501 3793//3793 3794//3794
f 3501//3501 3795//3795 3492//3492
f 3795//3795 3796//3796 3492//3492
f 3492//3492 3796//3796 3797//3797
f 3797//3797 3798//3798 3492//3492
f 3798//3798 3799//3799 3492//3492
f 3492//3492 3799//3799 3604//3604
f 3759//3759 3800//3800 3497//3497
f 3800//3800 3801//3801 3497//3497
f 3497//3497 3801//3801 3802//3802
f 3722//3722 3803//3803 3492//3492
f 3803//3803 3804//3804 3492//3492
f 3492//3492 3804//3804 3723//3723
f 3762//3762 3805//3805 3492//3492
f 3805//3805 3806//3806 3492//3492
f 3492//3492 3806//3806 3807//3807
f 3775//3775 3808//3808 3544//3544
f 3808//3808 3809//3809 3544//3544
f 3544//3544 3809//3809 3810//3810
f 3810//3810 3811//3811 3544//3544
f 3811//3811 3812//3812 3544//3544
f 3544//3544 3812//3812 3517//3517
f 3813//3813 3814//3814 3742//3742
f 3814//3814 3815//3815 3742//3742
f 3742//3742 3815//3815 3816//3816
f 3816//3816 3817//3817 3742//3742
f 3817//3817 3818//3818 3742//3742
f 3742//3742 3818//3818 3743//3743
f 3754//3754 3819//3819 3585//3585
f 3819//3819 3820//3820 3585//3585
f 3585//3585 3820//3820 3718//3718
f 3586//3586 3821//3821 3584//3584
f 3821//3821 3822//3822 3584//3584
f 3584//3584 3822//3822 3786//3786
f 3822//3822 3823//3823 3786//3786
f 3786//3786 3823//3823 3788//3788
f 3824//3824 3825//3825 3501//3501
f 3794//3794 3826//3826 3501//3501
f 3826//3826 3827//3827 3501//3501
f 3501//3501 3827//3827 3795//3795
f 3802//3802 3828//3828 3497//3497
f 3828//3828 3829//3829 3497//3497
f 3497//3497 3829//3829 3830//3830
f 3831//3831 3832//3832 3833//3833
f 3832//3832 3834//3834 3833//3833
f 3833//3833 3834//3834 3835//3835
f 3834//3834 3497//3497 3835//3835
f 3807//3807 3836//3836 3492//3492
f 3836//3836 3837//3837 3492//3492
f 3492//3492 3837//3837 3727//3727
f 3766//3766 3838//3838 3493//3493
f 3838//3838 3839//3839 3493//3493
f 3493//3493 3839//3839 3840//3840
f 3840//3840 3841//3841 3493//3493
f 3841//3841 3842//3842 3493//3493
f 3493//3493 3842//3842 3843//3843
f 3843//3843 3844//3844 3493//3493
f 3844//3844 3845//3845 3493//3493
f 3493//3493 3845//3845 3767//3767
f 3525//3525 3846//3846 3517//3517
f 3846//3846 3847//3847 3517//3517
f 3517//3517 3847//3847 3544//3544
f 3847//3847 3848//3848 3544//3544
f 3544//3544 3848//3848 3594//3594
f 3712//3712 3714//3714 3742//3742
f 3714//3714 3849//3849 3742//3742
f 3742//3742 3849//3849 3813//3813
f 3850//3850 3851//3851 3852//3852
f 3851//3851 3853//3853 3852//3852
f 3852//3852 3853//3853 3854//3854
f 3638//3638 3855//3855 3636//3636
f 3855//3855 3856//3856 3636//3636
f 3636//3636 3856//3856 3831//3831
f 3856//3856 3857//3857 3831//3831
f 3831//3831 3857//3857 3832//3832
f 3830//3830 3858//3858 3497//3497
f 3858//3858 3859//3859 3497//3497
f 3497//3497 3859//3859 3860//3860
f 3860//3860 3861//3861 3497//3497
f 3861//3861 3862//3862 3497//3497
f 3497//3497 3862//3862 3835//3835
f 3790//3790 3863//3863 3501//3501
f 3864//3864 3865//3865 3501//3501
f 3865//3865 3866//3866 3501//3501
f 3501//3501 3866//3866 3824//3824
f 3825//3825 3867//3867 3501//3501
f 3867//3867 3868//3868 3501//3501
f 3501//3501 3868//3868 3869//3869
f 3870//3870 3871//3871 3872//3872
f 3871//3871 3873//3873 3872//3872
f 3874//3874 3875//3875 3876//3876
f 3875//3875 3877//3877 3876//3876
f 3878//3878 3879//3879 3880//3880
f 3879//3879 3881//3881 3880//3880
f 3880//3880 3881//3881 3637//3637
f 3881//3881 3882//3882 3637//3637
f 3637//3637 3882//3882 3638//3638
f 3863//3863 3883//3883 3501//3501
f 3883//3883 3884//3884 3501//3501
f 3501//3501 3884//3884 3885//3885
f 3886//3886 3887//3887 3501//3501
f 3887//3887 3888//3888 3501//3501
f 3501//3501 3888//3888 3889//3889
f 3890//3890 3891//3891 3501//3501
f 3891//3891 3892//3892 3501//3501
f 3893//3893 3501//3501 3894//3894
f 3501//3501 3895//3895 3894//3894
f 3893//3893 3896//3896 3501//3501
f 3896//3896 3897//3897 3501//3501
f 3501//3501 3897//3897 3898//3898
f 3898//3898 3899//3899 3501//3501
f 3899//3899 3900//3900 3501//3501
f 3501//3501 3900//3900 3864//3864
f 3785//3785 3901//3901 3786//3786
f 3901//3901 3902//3902 3786//3786
f 3786//3786 3902//3902 3869//3869
f 3902//3902 3903//3903 3869//3869
f 3869//3869 3903//3903 3501//3501
f 3903//3903 3904//3904 3501//3501
f 3501//3501 3904//3904 3793//3793
f 3789//3789 3905//3905 3790//3790
f 3905//3905 3906//3906 3790//3790
f 3790//3790 3906//3906 3852//3852
f 3906//3906 3907//3907 3852//3852
f 3852//3852 3907//3907 3850//3850
f 3873//3873 3908//3908 3872//3872
f 3908//3908 3909//3909 3872//3872
f 3872//3872 3909//3909 3910//3910
f 3909//3909 3911//3911 3910//3910
f 3910//3910 3911//3911 3853//3853
f 3911//3911 3912//3912 3853//3853
f 3853//3853 3912//3912 3854//3854
f 3875//3875 3913//3913 3877//3877
f 3913//3913 3914//3914 3877//3877
f 3877//3877 3914//3914 3915//3915
f 3914//3914 3916//3916 3915//3915
f 3915//3915 3916//3916 3870//3870
f 3916//3916 3917//3917 3870//3870
f 3870//3870 3917//3917 3871//3871
f 3568//3568 3918//3918 3501//3501
f 3918//3918 3919//3919 3501//3501
f 3501//3501 3919//3919 3790//3790
f 3919//3919 3920//3920 3790//3790
f 3790//3790 3920//3920 3792//3792
f 3889//3889 3921//3921 3501//3501
f 3921//3921 3922//3922 3501//3501
f 3501//3501 3922//3922 3890//3890
f 3885//3885 3923//3923 3501//3501
f 3923//3923 3924//3924 3501//3501
f 3501//3501 3924//3924 3886//3886
f 3892//3892 3925//3925 3501//3501
f 3925//3925 3926//3926 3501//3501
f 3501//3501 3926//3926 3895//3895
f 3876//3876 3927//3927 3874//3874
f 3927//3927 3928//3928 3874//3874
f 3874//3874 3928//3928 3878//3878
f 3928//3928 3929//3929 3878//3878
f 3878//3878 3929//3929 3879//3879
f 3482//3482 3930//3930 3483//3483
f 3930//3930 3490//3490 3483//3483
f 3483//3483 3490//3490 3931//3931
f 3490//3490 3495//3495 3931//3931
f 3932//3932 3494//3494 3544//3544
f 3494//3494 3493//3493 3544//3544
f 3484//3484 3491//3491 3486//3486
f 3491//3491 3933//3933 3486//3486
f 3486//3486 3933//3933 3488//3488
f 3933//3933 3934//3934 3488//3488
f 3489//3489 3935//3935 3487//3487
f 3935//3935 3936//3936 3487//3487
f 3487//3487 3936//3936 3485//3485
f 3936//3936 3937//3937 3485//3485
f 3488//3488 3934//3934 3489//3489
f 3934//3934 3935//3935 3489//3489
f 3485//3485 3937//3937 3482//3482
f 3937//3937 3930//3930 3482//3482
f 3938//3938 3497//3497 3939//3939
f 3497//3497 3834//3834 3939//3939
f 3939//3939 3834//3834 3940//3940
f 3834//3834 3832//3832 3940//3940
f 3940//3940 3832//3832 3941//3941
f 3832//3832 3857//3857 3941//3941
f 3941//3941 3857//3857 3942//3942
f 3857//3857 3856//3856 3942//3942
f 3942//3942 3856//3856 3943//3943
f 3856//3856 3855//3855 3943//3943
f 3943//3943 3855//3855 3944//3944
f 3855//3855 3638//3638 3944//3944
f 3944//3944 3638//3638 3945//3945
f 3638//3638 3882//3882 3945//3945
f 3945//3945 3882//3882 3946//3946
f 3882//3882 3881//3881 3946//3946
f 3946//3946 3881//3881 3947//3947
f 3881//3881 3879//3879 3947//3947
f 3947//3947 3879//3879 3948//3948
f 3879//3879 3929//3929 3948//3948
f 3948//3948 3929//3929 3949//3949
f 3929//3929 3928//3928 3949//3949
f 3949//3949 3928//3928 3950//3950
f 3928//3928 3927//3927 3950//3950
f 3950//3950 3927//3927 3951//3951
f 3927//3927 3876//3876 3951//3951
f 3951//3951 3876//3876 3952//3952
f 3876//3876 3877//3877 3952//3952
f 3952//3952 3877//3877 3953//3953
f 3877//3877 3915//3915 3953//3953
f 3953//3953 3915//3915 3954//3954
f 3915//3915 3870//3870 3954//3954
f 3954//3954 3870//3870 3955//3955
f 3870//3870 3872//3872 3955//3955
f 3955//3955 3872//3872 3956//3956
f 3872//3872 3910//3910 3956//3956
f 3956//3956 3910//3910 3957//3957
f 3910//3910 3853//3853 3957//3957
f 3957//3957 3853//3853 3958//3958
f 3853//3853 3851//3851 3958//3958
f 3958//3958 3851//3851 3959//3959
f 3851//3851 3850//3850 3959//3959
f 3959//3959 3850//3850 3960//3960
f 3850//3850 3907//3907 3960//3960
f 3960//3960 3907//3907 3961//3961
f 3907//3907 3906//3906 3961//3961
f 3961//3961 3906//3906 3962//3962
f 3906//3906 3905//3905 3962//3962
f 3962//3962 3905//3905 3963//3963
f 3905//3905 3789//3789 3963//3963
f 3963//3963 3789//3789 3964//3964
f 3789//3789 3791//3791 3964//3964
f 3964//3964 3791//3791 3965//3965
f 3791//3791 3792//3792 3965//3965
f 3965//3965 3792//3792 3966//3966
f 3792//3792 3920//3920 3966//3966
f 3966//3966 3920//3920 3967//3967
f 3920//3920 3919//3919 3967//3967
f 3967//3967 3919//3919 3968//3968
f 3919//3919 3918//3918 3968//3968
f 3968//3968 3918//3918 3969//3969
f 3918//3918 3568//3568 3969//3969
f 3969//3969 3568//3568 3970//3970
f 3568//3568 3567//3567 3970//3970
f 3970//3970 3567//3567 3971//3971
f 3567//3567 3566//3566 3971//3971
f 3971//3971 3566//3566 3972//3972
f 3566//3566 3598//3598 3972//3972
f 3972//3972 3598//3598 3973//3973
f 3598//3598 3597//3597 3973//3973
f 3973//3973 3597//3597 3974//3974
f 3597//3597 3500//3500 3974//3974
f 3974//3974 3500//3500 3975//3975
f 3500//3500 3499//3499 3975//3975
f 3975//3975 3499//3499 3976//3976
f 3499//3499 3583//3583 3976//3976
f 3976//3976 3583//3583 3977//3977
f 3583//3583 3582//3582 3977//3977
f 3977//3977 3582//3582 3978//3978
f 3582//3582 3579//3579 3978//3978
f 3978//3978 3579//3579 3979//3979
f 3579//3579 3580//3580 3979//3979
f 3979//3979 3580//3580 3980//3980
f 3580//3580 3581//3581 3980//3980
f 3980//3980 3581//3581 3981//3981
f 3581//3581 3708//3708 3981//3981
f 3981//3981 3708//3708 3982//3982
f 3708//3708 3707//3707 3982//3982
f 3982//3982 3707//3707 3983//3983
f 3707//3707 3706//3706 3983//3983
f 3983//3983 3706//3706 3984//3984
f 3706//3706 3705//3705 3984//3984
f 3984//3984 3705//3705 3985//3985
f 3705//3705 3704//3704 3985//3985
f 3985//3985 3704//3704 3986//3986
f 3704//3704 3703//3703 3986//3986
f 3986//3986 3703//3703 3987//3987
f 3703//3703 3702//3702 3987//3987
f 3987//3987 3702//3702 3988//3988
f 3702//3702 3701//3701 3988//3988
f 3988//3988 3701//3701 3989//3989
f 3701//3701 3700//3700 3989//3989
f 3989//3989 3700//3700 3990//3990
f 3700//3700 3699//3699 3990//3990
f 3990//3990 3699//3699 3991//3991
f 3699//3699 3698//3698 3991//3991
f 3991//3991 3698//3698 3992//3992
f 3698//3698 3634//3634 3992//3992
f 3992//3992 3634//3634 3993//3993
f 3634//3634 3633//3633 3993//3993
f 3993//3993 3633//3633 3994//3994
f 3633//3633 3697//3697 3994//3994
f 3994//3994 3697//3697 3995//3995
f 3697//3697 3696//3696 3995//3995
f 3995//3995 3696//3696 3996//3996
f 3696//3696 3695//3695 3996//3996
f 3996//3996 3695//3695 3997//3997
f 3695//3695 3694//3694 3997//3997
f 3997//3997 3694//3694 3998//3998
f 3694//3694 3693//3693 3998//3998
f 3998//3998 3693//3693 3999//3999
f 3693//3693 3692//3692 3999//3999
f 3999//3999 3692//3692 4000//4000
f 3692//3692 3691//3691 4000//4000
f 4000//4000 3691//3691 4001//4001
f 3691//3691 3690//3690 4001//4001
f 4001//4001 3690//3690 4002//4002
f 3690//3690 3689//3689 4002//4002
f 4002//4002 3689//3689 4003//4003
f 3689//3689 3688//3688 4003//4003
f 4003//4003 3688//3688 4004//4004
f 3688//3688 3687//3687 4004//4004
f 4004//4004 3687//3687 4005//4005
f 3687//3687 3777//3777 4005//4005
f 4005//4005 3777//3777 4006//4006
f 3777//3777 3776//3776 4006//4006
f 4006//4006 3776//3776 4007//4007
f 3776//3776 3686//3686 4007//4007
f 4007//4007 3686//3686 4008//4008
f 3686//3686 3685//3685 4008//4008
f 4008//4008 3685//3685 4009//4009
f 3685//3685 3684//3684 4009//4009
f 4009//4009 3684//3684 4010//4010
f 3684//3684 3683//3683 4010//4010
f 4010//4010 3683//3683 4011//4011
f 3683//3683 3682//3682 4011//4011
f 4011//4011 3682//3682 4012//4012
f 3682//3682 3681//3681 4012//4012
f 4012//4012 3681//3681 4013//4013
f 3681//3681 3680//3680 4013//4013
f 4013//4013 3680//3680 4014//4014
f 3680//3680 3679//3679 4014//4014
f 4014//4014 3679//3679 4015//4015
f 3679//3679 3678//3678 4015//4015
f 4015//4015 3678//3678 4016//4016
f 3678//3678 3677//3677 4016//4016
f 4016//4016 3677//3677 4017//4017
f 3677//3677 3663//3663 4017//4017
f 4017//4017 3663//3663 4018//4018
f 3663//3663 3662//3662 4018//4018
f 4018//4018 3662//3662 4019//4019
f 3662//3662 3661//3661 4019//4019
f 4019//4019 3661//3661 4020//4020
f 3661//3661 3660//3660 4020//4020
f 4020//4020 3660//3660 4021//4021
f 3660//3660 3659//3659 4021//4021
f 4021//4021 3659//3659 4022//4022
f 3659//3659 3658//3658 4022//4022
f 4022//4022 3658//3658 4023//4023
f 3658//3658 3632//3632 4023//4023
f 4023//4023 3632//3632 4024//4024
f 3632//3632 3631//3631 4024//4024
f 4024//4024 3631//3631 4025//4025
f 3631//3631 3630//3630 4025//4025
f 4025//4025 3630//3630 4026//4026
f 3630//3630 3629//3629 4026//4026
f 4026//4026 3629//3629 4027//4027
f 3629//3629 3628//3628 4027//4027
f 4027//4027 3628//3628 4028//4028
f 3628//3628 3627//3627 4028//4028
f 4028//4028 3627//3627 4029//4029
f 3627//3627 3565//3565 4029//4029
f 4029//4029 3565//3565 4030//4030
f 3565//3565 3564//3564 4030//4030
f 4030//4030 3564//3564 4031//4031
f 3564//3564 3657//3657 4031//4031
f 4031//4031 3657//3657 4032//4032
f 3657//3657 3656//3656 4032//4032
f 4032//4032 3656//3656 4033//4033
f 3656//3656 3655//3655 4033//4033
f 4033//4033 3655//3655 4034//4034
f 3655//3655 3654//3654 4034//4034
f 4034//4034 3654//3654 4035//4035
f 3654//3654 3653//3653 4035//4035
f 4035//4035 3653//3653 4036//4036
f 3653//3653 3626//3626 4036//4036
f 4036//4036 3626//3626 4037//4037
f 3626//3626 3625//3625 4037//4037
f 4037//4037 3625//3625 4038//4038
f 3625//3625 3652//3652 4038//4038
f 4038//4038 3652//3652 4039//4039
f 3652//3652 3651//3651 4039//4039
f 4039//4039 3651//3651 4040//4040
f 3651//3651 3543//3543 4040//4040
f 4040//4040 3543//3543 4041//4041
f 3543//3543 3545//3545 4041//4041
f 4041//4041 3545//3545 4042//4042
f 3545//3545 3546//3546 4042//4042
f 4042//4042 3546//3546 4043//4043
f 3546//3546 3563//3563 4043//4043
f 4043//4043 3563//3563 4044//4044
f 3563//3563 3562//3562 4044//4044
f 4044//4044 3562//3562 4045//4045
f 3562//3562 3561//3561 4045//4045
f 4045//4045 3561//3561 4046//4046
f 3561//3561 3596//3596 4046//4046
f 4046//4046 3596//3596 4047//4047
f 3596//3596 3595//3595 4047//4047
f 4047//4047 3595//3595 4048//4048
f 3595//3595 3594//3594 4048//4048
f 4048//4048 3594//3594 4049//4049
f 3594//3594 3848//3848 4049//4049
f 4049//4049 3848//3848 4050//4050
f 3848//3848 3847//3847 4050//4050
f 4050//4050 3847//3847 4051//4051
f 3847//3847 3846//3846 4051//4051
f 4051//4051 3846//3846 4052//4052
f 3846//3846 3525//3525 4052//4052
f 4052//4052 3525//3525 4053//4053
f 3525//3525 3524//3524 4053//4053
f 4053//4053 3524//3524 4054//4054
f 3524//3524 3523//3523 4054//4054
f 4054//4054 3523//3523 4055//4055
f 3523//3523 3519//3519 4055//4055
f 4055//4055 3519//3519 4056//4056
f 3519//3519 3518//3518 4056//4056
f 4056//4056 3518//3518 4057//4057
f 3518//3518 3589//3589 4057//4057
f 4057//4057 3589//3589 4058//4058
f 3589//3589 3588//3588 4058//4058
f 4058//4058 3588//3588 4059//4059
f 3588//3588 3587//3587 4059//4059
f 4059//4059 3587//3587 4060//4060
f 3587//3587 3551//3551 4060//4060
f 4060//4060 3551//3551 4061//4061
f 3551//3551 3553//3553 4061//4061
f 4061//4061 3553//3553 4062//4062
f 3553//3553 3554//3554 4062//4062
f 4062//4062 3554//3554 4063//4063
f 3554//3554 3620//3620 4063//4063
f 4063//4063 3620//3620 4064//4064
f 3620//3620 3619//3619 4064//4064
f 4064//4064 3619//3619 4065//4065
f 3619//3619 3617//3617 4065//4065
f 4065//4065 3617//3617 4066//4066
f 3617//3617 3616//3616 4066//4066
f 4066//4066 3616//3616 4067//4067
f 3616//3616 3539//3539 4067//4067
f 4067//4067 3539//3539 4068//4068
f 3539//3539 3538//3538 4068//4068
f 4068//4068 3538//3538 4069//4069
f 3538//3538 3537//3537 4069//4069
f 4069//4069 3537//3537 4070//4070
f 3537//3537 3576//3576 4070//4070
f 4070//4070 3576//3576 4071//4071
f 3576//3576 3575//3575 4071//4071
f 4071//4071 3575//3575 4072//4072
f 3575//3575 3511//3511 4072//4072
f 4072//4072 3511//3511 4073//4073
f 3511//3511 3510//3510 4073//4073
f 4073//4073 3510//3510 4074//4074
f 3510//3510 3509//3509 4074//4074
f 4074//4074 3509//3509 4075//4075
f 3509//3509 3508//3508 4075//4075
f 4075//4075 3508//3508 4076//4076
f 3508//3508 3506//3506 4076//4076
f 4076//4076 3506//3506 4077//4077
f 3506//3506 3505//3505 4077//4077
f 4077//4077 3505//3505 4078//4078
f 3505//3505 3504//3504 4078//4078
f 4078//4078 3504//3504 4079//4079
f 3504//3504 3503//3503 4079//4079
f 4079//4079 3503//3503 4080//4080
f 3503//3503 3502//3502 4080//4080
f 4080//4080 3502//3502 4081//4081
f 3502//3502 3498//3498 4081//4081
f 4081//4081 3498//3498 3938//3938
f 3498//3498 3497//3497 3938//3938
f 4082//4082 3521//3521 4083//4083
f 3521//3521 3520//3520 4083//4083
f 4083//4083 3520//3520 4084//4084
f 3520//3520 3641//3641 4084//4084
f 4084//4084 3641//3641 4085//4085
f 3641//3641 3640//3640 4085//4085
f 4085//4085 3640//3640 4086//4086
f 3640//3640 3639//3639 4086//4086
f 4086//4086 3639//3639 4087//4087
f 3639//3639 3610//3610 4087//4087
f 4087//4087 3610//3610 4088//4088
f 3610//3610 3609//3609 4088//4088
f 4088//4088 3609//3609 4089//4089
f 3609//3609 3729//3729 4089//4089
f 4089//4089 3729//3729 4090//4090
f 3729//3729 3728//3728 4090//4090
f 4090//4090 3728//3728 4091//4091
f 3728//3728 3727//3727 4091//4091
f 4091//4091 3727//3727 4092//4092
f 3727//3727 3837//3837 4092//4092
f 4092//4092 3837//3837 4093//4093
f 3837//3837 3836//3836 4093//4093
f 4093//4093 3836//3836 4094//4094
f 3836//3836 3807//3807 4094//4094
f 4094//4094 3807//3807 4095//4095
f 3807//3807 3806//3806 4095//4095
f 4095//4095 3806//3806 4096//4096
f 3806//3806 3805//3805 4096//4096
f 4096//4096 3805//3805 4097//4097
f 3805//3805 3762//3762 4097//4097
f 4097//4097 3762//3762 4098//4098
f 3762//3762 3761//3761 4098//4098
f 4098//4098 3761//3761 4099//4099
f 3761//3761 3760//3760 4099//4099
f 4099//4099 3760//3760 4100//4100
f 3760//3760 3726//3726 4100//4100
f 4100//4100 3726//3726 4101//4101
f 3726//3726 3725//3725 4101//4101
f 4101//4101 3725//3725 4102//4102
f 3725//3725 3724//3724 4102//4102
f 4102//4102 3724//3724 4103//4103
f 3724//3724 3723//3723 4103//4103
f 4103//4103 3723//3723 4104//4104
f 3723//3723 3804//3804 4104//4104
f 4104//4104 3804//3804 4105//4105
f 3804//3804 3803//3803 4105//4105
f 4105//4105 3803//3803 4106//4106
f 3803//3803 3722//3722 4106//4106
f 4106//4106 3722//3722 4107//4107
f 3722//3722 3721//3721 4107//4107
f 4107//4107 3721//3721 4108//4108
f 3721//3721 3720//3720 4108//4108
f 4108//4108 3720//3720 4109//4109
f 3720//3720 3673//3673 4109//4109
f 4109//4109 3673//3673 4110//4110
f 3673//3673 3672//3672 4110//4110
f 4110//4110 3672//3672 4111//4111
f 3672//3672 3671//3671 4111//4111
f 4111//4111 3671//3671 4112//4112
f 3671//3671 3572//3572 4112//4112
f 4112//4112 3572//3572 4113//4113
f 3572//3572 3571//3571 4113//4113
f 4113//4113 3571//3571 4114//4114
f 3571//3571 3570//3570 4114//4114
f 4114//4114 3570//3570 4115//4115
f 3570//3570 3569//3569 4115//4115
f 4115//4115 3569//3569 4116//4116
f 3569//3569 3608//3608 4116//4116
f 4116//4116 3608//3608 4117//4117
f 3608//3608 3607//3607 4117//4117
f 4117//4117 3607//3607 4118//4118
f 3607//3607 3513//3513 4118//4118
f 4118//4118 3513//3513 4119//4119
f 3513//3513 3512//3512 4119//4119
f 4119//4119 3512//3512 4120//4120
f 3512//3512 3606//3606 4120//4120
f 4120//4120 3606//3606 4121//4121
f 3606//3606 3605//3605 4121//4121
f 4121//4121 3605//3605 4122//4122
f 3605//3605 3602//3602 4122//4122
f 4122//4122 3602//3602 4123//4123
f 3602//3602 3603//3603 4123//4123
f 4123//4123 3603//3603 4124//4124
f 3603//3603 3604//3604 4124//4124
f 4124//4124 3604//3604 4125//4125
f 3604//3604 3799//3799 4125//4125
f 4125//4125 3799//3799 4126//4126
f 3799//3799 3798//3798 4126//4126
f 4126//4126 3798//3798 4127//4127
f 3798//3798 3797//3797 4127//4127
f 4127//4127 3797//3797 4128//4128
f 3797//3797 3796//3796 4128//4128
f 4128//4128 3796//3796 4129//4129
f 3796//3796 3795//3795 4129//4129
f 4129//4129 3795//3795 4130//4130
f 3795//3795 3827//3827 4130//4130
f 4130//4130 3827//3827 4131//4131
f 3827//3827 3826//3826 4131//4131
f 4131//4131 3826//3826 4132//4132
f 3826//3826 3794//3794 4132//4132
f 4132//4132 3794//3794 4133//4133
f 3794//3794 3793//3793 4133//4133
f 4133//4133 3793//3793 4134//4134
f 3793//3793 3904//3904 4134//4134
f 4134//4134 3904//3904 4135//4135
f 3904//3904 3903//3903 4135//4135
f 4135//4135 3903//3903 4136//4136
f 3903//3903 3902//3902 4136//4136
f 4136//4136 3902//3902 4137//4137
f 3902//3902 3901//3901 4137//4137
f 4137//4137 3901//3901 4138//4138
f 3901//3901 3785//3785 4138//4138
f 4138//4138 3785//3785 4139//4139
f 3785//3785 3787//3787 4139//4139
f 4139//4139 3787//3787 4140//4140
f 3787//3787 3788//3788 4140//4140
f 4140//4140 3788//3788 4141//4141
f 3788//3788 3823//3823 4141//4141
f 4141//4141 3823//3823 4142//4142
f 3823//3823 3822//3822 4142//4142
f 4142//4142 3822//3822 4143//4143
f 3822//3822 3821//3821 4143//4143
f 4143//4143 3821//3821 4144//4144
f 3821//3821 3586//3586 4144//4144
f 4144//4144 3586//3586 4145//4145
f 3586//3586 3756//3756 4145//4145
f 4145//4145 3756//3756 4146//4146
f 3756//3756 3755//3755 4146//4146
f 4146//4146 3755//3755 4147//4147
f 3755//3755 3719//3719 4147//4147
f 4147//4147 3719//3719 4148//4148
f 3719//3719 3718//3718 4148//4148
f 4148//4148 3718//3718 4149//4149
f 3718//3718 3820//3820 4149//4149
f 4149//4149 3820//3820 4150//4150
f 3820//3820 3819//3819 4150//4150
f 4150//4150 3819//3819 4151//4151
f 3819//3819 3754//3754 4151//4151
f 4151//4151 3754//3754 4152//4152
f 3754//3754 3753//3753 4152//4152
f 4152//4152 3753//3753 4153//4153
f 3753//3753 3752//3752 4153//4153
f 4153//4153 3752//3752 4154//4154
f 3752//3752 3751//3751 4154//4154
f 4154//4154 3751//3751 4155//4155
f 3751//3751 3750//3750 4155//4155
f 4155//4155 3750//3750 4156//4156
f 3750//3750 3749//3749 4156//4156
f 4156//4156 3749//3749 4157//4157
f 3749//3749 3748//3748 4157//4157
f 4157//4157 3748//3748 4158//4158
f 3748//3748 3747//3747 4158//4158
f 4158//4158 3747//3747 4159//4159
f 3747//3747 3746//3746 4159//4159
f 4159//4159 3746//3746 4160//4160
f 3746//3746 3745//3745 4160//4160
f 4160//4160 3745//3745 4161//4161
f 3745//3745 3717//3717 4161//4161
f 4161//4161 3717//3717 4162//4162
f 3717//3717 3716//3716 4162//4162
f 4162//4162 3716//3716 4163//4163
f 3716//3716 3715//3715 4163//4163
f 4163//4163 3715//3715 4164//4164
f 3715//3715 3713//3713 4164//4164
f 4164//4164 3713//3713 4165//4165
f 3713//3713 3712//3712 4165//4165
f 4165//4165 3712//3712 4166//4166
f 3712//3712 3742//3742 4166//4166
f 4166//4166 3742//3742 4167//4167
f 3742//3742 3783//3783 4167//4167
f 4167//4167 3783//3783 4168//4168
f 3783//3783 3784//3784 4168//4168
f 4168//4168 3784//3784 4169//4169
f 3784//3784 3670//3670 4169//4169
f 4169//4169 3670//3670 4170//4170
f 3670//3670 3669//3669 4170//4170
f 4170//4170 3669//3669 4171//4171
f 3669//3669 3668//3668 4171//4171
f 4171//4171 3668//3668 4172//4172
f 3668//3668 3667//3667 4172//4172
f 4172//4172 3667//3667 4173//4173
f 3667//3667 3666//3666 4173//4173
f 4173//4173 3666//3666 4174//4174
f 3666//3666 3665//3665 4174//4174
f 4174//4174 3665//3665 4175//4175
f 3665//3665 3664//3664 4175//4175
f 4175//4175 3664//3664 4176//4176
f 3664//3664 3711//3711 4176//4176
f 4176//4176 3711//3711 4177//4177
f 3711//3711 3710//3710 4177//4177
f 4177//4177 3710//3710 4178//4178
f 3710//3710 3600//3600 4178//4178
f 4178//4178 3600//3600 4179//4179
f 3600//3600 3599//3599 4179//4179
f 4179//4179 3599//3599 4180//4180
f 3599//3599 3635//3635 4180//4180
f 4180//4180 3635//3635 4181//4181
f 3635//3635 3709//3709 4181//4181
f 4181//4181 3709//3709 4182//4182
f 3709//3709 3614//3614 4182//4182
f 4182//4182 3614//3614 4183//4183
f 3614//3614 3612//3612 4183//4183
f 4183//4183 3612//3612 4184//4184
f 3612//3612 3516//3516 4184//4184
f 4184//4184 3516//3516 4185//4185
f 3516//3516 3536//3536 4185//4185
f 4185//4185 3536//3536 4186//4186
f 3536//3536 3535//3535 4186//4186
f 4186//4186 3535//3535 4187//4187
f 3535//3535 3534//3534 4187//4187
f 4187//4187 3534//3534 4188//4188
f 3534//3534 3574//3574 4188//4188
f 4188//4188 3574//3574 4189//4189
f 3574//3574 3573//3573 4189//4189
f 4189//4189 3573//3573 4190//4190
f 3573//3573 3533//3533 4190//4190
f 4190//4190 3533//3533 4191//4191
f 3533//3533 3532//3532 4191//4191
f 4191//4191 3532//3532 4192//4192
f 3532//3532 3531//3531 4192//4192
f 4192//4192 3531//3531 4193//4193
f 3531//3531 3530//3530 4193//4193
f 4193//4193 3530//3530 4194//4194
f 3530//3530 3548//3548 4194//4194
f 4194//4194 3548//3548 4195//4195
f 3548//3548 3547//3547 4195//4195
f 4195//4195 3547//3547 4196//4196
f 3547//3547 3526//3526 4196//4196
f 4196//4196 3526//3526 4197//4197
f 3526//3526 3528//3528 4197//4197
f 4197//4197 3528//3528 4198//4198
f 3528//3528 3529//3529 4198//4198
f 4198//4198 3529//3529 4199//4199
f 3529//3529 3763//3763 4199//4199
f 4199//4199 3763//3763 4200//4200
f 3763//3763 3732//3732 4200//4200
f 4200//4200 3732//3732 4201//4201
f 3732//3732 3731//3731 4201//4201
f 4201//4201 3731//3731 4202//4202
f 3731//3731 3730//3730 4202//4202
f 4202//4202 3730//3730 4203//4203
f 3730//3730 3648//3648 4203//4203
f 4203//4203 3648//3648 4204//4204
f 3648//3648 3647//3647 4204//4204
f 4204//4204 3647//3647 4205//4205
f 3647//3647 3646//3646 4205//4205
f 4205//4205 3646//3646 4206//4206
f 3646//3646 3578//3578 4206//4206
f 4206//4206 3578//3578 4207//4207
f 3578//3578 3577//3577 4207//4207
f 4207//4207 3577//3577 4208//4208
f 3577//3577 3645//3645 4208//4208
f 4208//4208 3645//3645 4209//4209
f 3645//3645 3644//3644 4209//4209
f 4209//4209 3644//3644 4210//4210
f 3644//3644 3593//3593 4210//4210
f 4210//4210 3593//3593 4211//4211
f 3593//3593 3592//3592 4211//4211
f 4211//4211 3592//3592 4212//4212
f 3592//3592 3591//3591 4212//4212
f 4212//4212 3591//3591 4213//4213
f 3591//3591 3590//3590 4213//4213
f 4213//4213 3590//3590 4214//4214
f 3590//3590 3643//3643 4214//4214
f 4214//4214 3643//3643 4215//4215
f 3643//3643 3642//3642 4215//4215
f 4215//4215 3642//3642 4216//4216
f 3642//3642 3560//3560 4216//4216
f 4216//4216 3560//3560 4217//4217
f 3560//3560 3559//3559 4217//4217
f 4217//4217 3559//3559 4218//4218
f 3559//3559 3558//3558 4218//4218
f 4218//4218 3558//3558 4219//4219
f 3558//3558 3557//3557 4219//4219
f 4219//4219 3557//3557 4220//4220
f 3557//3557 3556//3556 4220//4220
f 4220//4220 3556//3556 4221//4221
f 3556//3556 3555//3555 4221//4221
f 4221//4221 3555//3555 4222//4222
f 3555//3555 3542//3542 4222//4222
f 4222//4222 3542//3542 4223//4223
f 3542//3542 3541//3541 4223//4223
f 4223//4223 3541//3541 4224//4224
f 3541//3541 3540//3540 4224//4224
f 4224//4224 3540//3540 4225//4225
f 3540//3540 3522//3522 4225//4225
f 4225//4225 3522//3522 4082//4082
f 3522//3522 3521//3521 4082//4082
f 4226//4226 3601//3601 4227//4227
f 3601//3601 3782//3782 4227//4227
f 4227//4227 3782//3782 4228//4228
f 3782//3782 3781//3781 4228//4228
f 4228//4228 3781//3781 4229//4229
f 3781//3781 3780//3780 4229//4229
f 4229//4229 3780//3780 4230//4230
f 3780//3780 3779//3779 4230//4230
f 4230//4230 3779//3779 4231//4231
f 3779//3779 3778//3778 4231//4231
f 4231//4231 3778//3778 4232//4232
f 3778//3778 3744//3744 4232//4232
f 4232//4232 3744//3744 4233//4233
f 3744//3744 3743//3743 4233//4233
f 4233//4233 3743//3743 4234//4234
f 3743//3743 3818//3818 4234//4234
f 4234//4234 3818//3818 4235//4235
f 3818//3818 3817//3817 4235//4235
f 4235//4235 3817//3817 4236//4236
f 3817//3817 3816//3816 4236//4236
f 4236//4236 3816//3816 4237//4237
f 3816//3816 3815//3815 4237//4237
f 4237//4237 3815//3815 4238//4238
f 3815//3815 3814//3814 4238//4238
f 4238//4238 3814//3814 4239//4239
f 3814//3814 3813//3813 4239//4239
f 4239//4239 3813//3813 4240//4240
f 3813//3813 3849//3849 4240//4240
f 4240//4240 3849//3849 4241//4241
f 3849//3849 3714//3714 4241//4241
f 4241//4241 3714//3714 4242//4242
f 3714//3714 3585//3585 4242//4242
f 4242//4242 3585//3585 4243//4243
f 3585//3585 3584//3584 4243//4243
f 4243//4243 3584//3584 4244//4244
f 3584//3584 3786//3786 4244//4244
f 4244//4244 3786//3786 4245//4245
f 3786//3786 3869//3869 4245//4245
f 4245//4245 3869//3869 4246//4246
f 3869//3869 3868//3868 4246//4246
f 4246//4246 3868//3868 4247//4247
f 3868//3868 3867//3867 4247//4247
f 4247//4247 3867//3867 4248//4248
f 3867//3867 3825//3825 4248//4248
f 4248//4248 3825//3825 4249//4249
f 3825//3825 3824//3824 4249//4249
f 4249//4249 3824//3824 4250//4250
f 3824//3824 3866//3866 4250//4250
f 4250//4250 3866//3866 4251//4251
f 3866//3866 3865//3865 4251//4251
f 4251//4251 3865//3865 4252//4252
f 3865//3865 3864//3864 4252//4252
f 4252//4252 3864//3864 4253//4253
f 3864//3864 3900//3900 4253//4253
f 4253//4253 3900//3900 4254//4254
f 3900//3900 3899//3899 4254//4254
f 4254//4254 3899//3899 4255//4255
f 3899//3899 3898//3898 4255//4255
f 4255//4255 3898//3898 4256//4256
f 3898//3898 3897//3897 4256//4256
f 4256//4256 3897//3897 4257//4257
f 3897//3897 3896//3896 4257//4257
f 4257//4257 3896//3896 4258//4258
f 3896//3896 3893//3893 4258//4258
f 4258//4258 3893//3893 4259//4259
f 3893//3893 3894//3894 4259//4259
f 4259//4259 3894//3894 4260//4260
f 3894//3894 3895//3895 4260//4260
f 4260//4260 3895//3895 4261//4261
f 3895//3895 3926//3926 4261//4261
f 4261//4261 3926//3926 4262//4262
f 3926//3926 3925//3925 4262//4262
f 4262//4262 3925//3925 4263//4263
f 3925//3925 3892//3892 4263//4263
f 4263//4263 3892//3892 4264//4264
f 3892//3892 3891//3891 4264//4264
f 4264//4264 3891//3891 4265//4265
f 3891//3891 3890//3890 4265//4265
f 4265//4265 3890//3890 4266//4266
f 3890//3890 3922//3922 4266//4266
f 4266//4266 3922//3922 4267//4267
f 3922//3922 3921//3921 4267//4267
f 4267//4267 3921//3921 4268//4268
f 3921//3921 3889//3889 4268//4268
f 4268//4268 3889//3889 4269//4269
f 3889//3889 3888//3888 4269//4269
f 4269//4269 3888//3888 4270//4270
f 3888//3888 3887//3887 4270//4270
f 4270//4270 3887//3887 4271//4271
f 3887//3887 3886//3886 4271//4271
f 4271//4271 3886//3886 4272//4272
f 3886//3886 3924//3924 4272//4272
f 4272//4272 3924//3924 4273//4273
f 3924//3924 3923//3923 4273//4273
f 4273//4273 3923//3923 4274//4274
f 3923//3923 3885//3885 4274//4274
f 4274//4274 3885//3885 4275//4275
f 3885//3885 3884//3884 4275//4275
f 4275//4275 3884//3884 4276//4276
f 3884//3884 3883//3883 4276//4276
f 4276//4276 3883//3883 4277//4277
f 3883//3883 3863//3863 4277//4277
f 4277//4277 3863//3863 4278//4278
f 3863//3863 3790//3790 4278//4278
f 4278//4278 3790//3790 4279//4279
f 3790//3790 3852//3852 4279//4279
f 4279//4279 3852//3852 4280//4280
f 3852//3852 3854//3854 4280//4280
f 4280//4280 3854//3854 4281//4281
f 3854//3854 3912//3912 4281//4281
f 4281//4281 3912//3912 4282//4282
f 3912//3912 3911//3911 4282//4282
f 4282//4282 3911//3911 4283//4283
f 3911//3911 3909//3909 4283//4283
f 4283//4283 3909//3909 4284//4284
f 3909//3909 3908//3908 4284//4284
f 4284//4284 3908//3908 4285//4285
f 3908//3908 3873//3873 4285//4285
f 4285//4285 3873//3873 4286//4286
f 3873//3873 3871//3871 4286//4286
f 4286//4286 3871//3871 4287//4287
f 3871//3871 3917//3917 4287//4287
f 4287//4287 3917//3917 4288//4288
f 3917//3917 3916//3916 4288//4288
f 4288//4288 3916//3916 4289//4289
f 3916//3916 3914//3914 4289//4289
f 4289//4289 3914//3914 4290//4290
f 3914//3914 3913//3913 4290//4290
f 4290//4290 3913//3913 4291//4291
f 3913//3913 3875//3875 4291//4291
f 4291//4291 3875//3875 4292//4292
f 3875//3875 3874//3874 4292//4292
f 4292//4292 3874//3874 4293//4293
f 3874//3874 3878//3878 4293//4293
f 4293//4293 3878//3878 4294//4294
f 3878//3878 3880//3880 4294//4294
f 4294//4294 3880//3880 4295//4295
f 3880//3880 3637//3637 4295//4295
f 4295//4295 3637//3637 4296//4296
f 3637//3637 3636//3636 4296//4296
f 4296//4296 3636//3636 4297//4297
f 3636//3636 3831//3831 4297//4297
f 4297//4297 3831//3831 4298//4298
f 3831//3831 3833//3833 4298//4298
f 4298//4298 3833//3833 4299//4299
f 3833//3833 3835//3835 4299//4299
f 4299//4299 3835//3835 4300//4300
f 3835//3835 3862//3862 4300//4300
f 4300//4300 3862//3862 4301//4301
f 3862//3862 3861//3861 4301//4301
f 4301//4301 3861//3861 4302//4302
f 3861//3861 3860//3860 4302//4302
f 4302//4302 3860//3860 4303//4303
f 3860//3860 3859//3859 4303//4303
f 4303//4303 3859//3859 4304//4304
f 3859//3859 3858//3858 4304//4304
f 4304//4304 3858//3858 4305//4305
f 3858//3858 3830//3830 4305//4305
f 4305//4305 3830//3830 4306//4306
f 3830//3830 3829//3829 4306//4306
f 4306//4306 3829//3829 4307//4307
f 3829//3829 3828//3828 4307//4307
f 4307//4307 3828//3828 4308//4308
f 3828//3828 3802//3802 4308//4308
f 4308//4308 3802//3802 4309//4309
f 3802//3802 3801//3801 4309//4309
f 4309//4309 3801//3801 4310//4310
f 3801//3801 3800//3800 4310//4310
f 4310//4310 3800//3800 4311//4311
f 3800//3800 3759//3759 4311//4311
f 4311//4311 3759//3759 4312//4312
f 3759//3759 3758//3758 4312//4312
f 4312//4312 3758//3758 4313//4313
f 3758//3758 3757//3757 4313//4313
f 4313//4313 3757//3757 4314//4314
f 3757//3757 3496//3496 4314//4314
f 4314//4314 3496//3496 4315//4315
f 3496//3496 3507//3507 4315//4315
f 4315//4315 3507//3507 4316//4316
f 3507//3507 3618//3618 4316//4316
f 4316//4316 3618//3618 4317//4317
f 3618//3618 3552//3552 4317//4317
f 4317//4317 3552//3552 4318//4318
f 3552//3552 3517//3517 4318//4318
f 4318//4318 3517//3517 4319//4319
f 3517//3517 3812//3812 4319//4319
f 4319//4319 3812//3812 4320//4320
f 3812//3812 3811//3811 4320//4320
f 4320//4320 3811//3811 4321//4321
f 3811//3811 3810//3810 4321//4321
f 4321//4321 3810//3810 4322//4322
f 3810//3810 3809//3809 4322//4322
f 4322//4322 3809//3809 4323//4323
f 3809//3809 3808//3808 4323//4323
f 4323//4323 3808//3808 4324//4324
f 3808//3808 3775//3775 4324//4324
f 4324//4324 3775//3775 4325//4325
f 3775//3775 3774//3774 4325//4325
f 4325//4325 3774//3774 4326//4326
f 3774//3774 3773//3773 4326//4326
f 4326//4326 3773//3773 4327//4327
f 3773//3773 3772//3772 4327//4327
f 4327//4327 3772//3772 4328//4328
f 3772//3772 3771//3771 4328//4328
f 4328//4328 3771//3771 4329//4329
f 3771//3771 3770//3770 4329//4329
f 4329//4329 3770//3770 4330//4330
f 3770//3770 3674//3674 4330//4330
f 4330//4330 3674//3674 4331//4331
f 3674//3674 3675//3675 4331//4331
f 4331//4331 3675//3675 4332//4332
f 3675//3675 3676//3676 4332//4332
f 4332//4332 3676//3676 4333//4333
f 3676//3676 3741//3741 4333//4333
f 4333//4333 3741//3741 4334//4334
f 3741//3741 3740//3740 4334//4334
f 4334//4334 3740//3740 4335//4335
f 3740//3740 3739//3739 4335//4335
f 4335//4335 3739//3739 4336//4336
f 3739//3739 3650//3650 4336//4336
f 4336//4336 3650//3650 4337//4337
f 3650//3650 3649//3649 4337//4337
f 4337//4337 3649//3649 4338//4338
f 3649//3649 3769//3769 4338//4338
f 4338//4338 3769//3769 4339//4339
f 3769//3769 3768//3768 4339//4339
f 4339//4339 3768//3768 4340//4340
f 3768//3768 3767//3767 4340//4340
f 4340//4340 3767//3767 4341//4341
f 3767//3767 3845//3845 4341//4341
f 4341//4341 3845//3845 4342//4342
f 3845//3845 3844//3844 4342//4342
f 4342//4342 3844//3844 4343//4343
f 3844//3844 3843//3843 4343//4343
f 4343//4343 3843//3843 4344//4344
f 3843//3843 3842//3842 4344//4344
f 4344//4344 3842//3842 4345//4345
f 3842//3842 3841//3841 4345//4345
f 4345//4345 3841//3841 4346//4346
f 3841//3841 3840//3840 4346//4346
f 4346//4346 3840//3840 4347//4347
f 3840//3840 3839//3839 4347//4347
f 4347//4347 3839//3839 4348//4348
f 3839//3839 3838//3838 4348//4348
f 4348//4348 3838//3838 4349//4349
f 3838//3838 3766//3766 4349//4349
f 4349//4349 3766//3766 4350//4350
f 3766//3766 3765//3765 4350//4350
f 4350//4350 3765//3765 4351//4351
f 3765//3765 3764//3764 4351//4351
f 4351//4351 3764//3764 4352//4352
f 3764//3764 3624//3624 4352//4352
f 4352//4352 3624//3624 4353//4353
f 3624//3624 3623//3623 4353//4353
f 4353//4353 3623//3623 4354//4354
f 3623//3623 3622//3622 4354//4354
f 4354//4354 3622//3622 4355//4355
f 3622//3622 3621//3621 4355//4355
f 4355//4355 3621//3621 4356//4356
f 3621//3621 3738//3738 4356//4356
f 4356//4356 3738//3738 4357//4357
f 3738//3738 3737//3737 4357//4357
f 4357//4357 3737//3737 4358//4358
f 3737//3737 3736//3736 4358//4358
f 4358//4358 3736//3736 4359//4359
f 3736//3736 3735//3735 4359//4359
f 4359//4359 3735//3735 4360//4360
f 3735//3735 3734//3734 4360//4360
f 4360//4360 3734//3734 4361//4361
f 3734//3734 3733//3733 4361//4361
f 4361//4361 3733//3733 4362//4362
f 3733//3733 3527//3527 4362//4362
f 4362//4362 3527//3527 4363//4363
f 3527//3527 3550//3550 4363//4363
f 4363//4363 3550//3550 4364//4364
f 3550//3550 3549//3549 4364//4364
f 4364//4364 3549//3549 4365//4365
f 3549//3549 3515//3515 4365//4365
f 4365//4365 3515//3515 4366//4366
f 3515//3515 3514//3514 4366//4366
f 4366//4366 3514//3514 4367//4367
f 3514//3514 3611//3611 4367//4367
f 4367//4367 3611//3611 4368//4368
f 3611//3611 3613//3613 4368//4368
f 4368//4368 3613//3613 4369//4369
f 3613//3613 3615//3615 4369//4369
f 4369//4369 3615//3615 4226//4226
f 3615//3615 3601//3601 4226//4226
f 3484//3484 3483//3483 3501//3501
f 3483//3483 3931//3931 3501//3501
f 3501//3501 3931//3931 3544//3544
f 3931//3931 3932//3932 3544//3544
f 4009//4009 4010//4010 3932//3932
f 4197//4197 4198//4198 3494//3494
f 4117//4117 4118//4118 3495//3495
f 4300//4300 4301//4301 4076//4076
f 4053//4053 4054//4054 4318//4318
f 3973//3973 3974//3974 3931//3931
f 4312//4312 4313//4313 4065//4065
f 4193//4193 4194//4194 3494//3494
f 4121//4121 4122//4122 3495//3495
f 3977//3977 3978//3978 3931//3931
f 3997//3997 3998//3998 3931//3931
f 4054//4054 4055//4055 4318//4318
f 4055//4055 4056//4056 4318//4318
f 4318//4318 4056//4056 4057//4057
f 4303//4303 4073//4073 4302//4302
f 4073//4073 4074//4074 4302//4302
f 4302//4302 4074//4074 4301//4301
f 4074//4074 4075//4075 4301//4301
f 4301//4301 4075//4075 4076//4076
f 4081//4081 4298//4298 4080//4080
f 4298//4298 4299//4299 4080//4080
f 4040//4040 4041//4041 3932//3932
f 4041//4041 4042//4042 3932//3932
f 3932//3932 4042//4042 4043//4043
f 4043//4043 4044//4044 3932//3932
f 4044//4044 4045//4045 3932//3932
f 3932//3932 4045//4045 4046//4046
f 4353//4353 4354//4354 4164//4164
f 4194//4194 4195//4195 3494//3494
f 4195//4195 4196//4196 3494//3494
f 3494//3494 4196//4196 4197//4197
f 4217//4217 4218//4218 3494//3494
f 4218//4218 4219//4219 3494//3494
f 4076//4076 4077//4077 4300//4300
f 4077//4077 4078//4078 4300//4300
f 4300//4300 4078//4078 4299//4299
f 4078//4078 4079//4079 4299//4299
f 4299//4299 4079//4079 4080//4080
f 4010//4010 4011//4011 3932//3932
f 4011//4011 4012//4012 3932//3932
f 3932//3932 4012//4012 4013//4013
f 4036//4036 4037//4037 3932//3932
f 4156//4156 4157//4157 4354//4354
f 4049//4049 4050//4050 3932//3932
f 4198//4198 4199//4199 3494//3494
f 4199//4199 4200//4200 3494//3494
f 3494//3494 4200//4200 4201//4201
f 4219//4219 4220//4220 3494//3494
f 4220//4220 4221//4221 3494//3494
f 3494//3494 4221//4221 4222//4222
f 4114//4114 3495//3495 4113//4113
f 3495//3495 4112//4112 4113//4113
f 4114//4114 4115//4115 3495//3495
f 4115//4115 4116//4116 3495//3495
f 3495//3495 4116//4116 4117//4117
f 4061//4061 4062//4062 4317//4317
f 4062//4062 4063//4063 4317//4317
f 4317//4317 4063//4063 4316//4316
f 4069//4069 4304//4304 4068//4068
f 4304//4304 4305//4305 4068//4068
f 4016//4016 4017//4017 3932//3932
f 4017//4017 4018//4018 3932//3932
f 4018//4018 4019//4019 3932//3932
f 4019//4019 4020//4020 3932//3932
f 3932//3932 4020//4020 4021//4021
f 4021//4021 4022//4022 3932//3932
f 4022//4022 4023//4023 3932//3932
f 3932//3932 4023//4023 4024//4024
f 4024//4024 4025//4025 3932//3932
f 4025//4025 4026//4026 3932//3932
f 3932//3932 4026//4026 4027//4027
f 4027//4027 4028//4028 3932//3932
f 4028//4028 4029//4029 3932//3932
f 3932//3932 4029//4029 4030//4030
f 4190//4190 3494//3494 4189//4189
f 3494//3494 4188//4188 4189//4189
f 4190//4190 4191//4191 3494//3494
f 4191//4191 4192//4192 3494//3494
f 3494//3494 4192//4192 4193//4193
f 4082//4082 4083//4083 3495//3495
f 4118//4118 4119//4119 3495//3495
f 4119//4119 4120//4120 3495//3495
f 3495//3495 4120//4120 4121//4121
f 4134//4134 4135//4135 3931//3931
f 4144//4144 4145//4145 4228//4228
f 3970//3970 3931//3931 3969//3969
f 3931//3931 3968//3968 3969//3969
f 3970//3970 3971//3971 3931//3931
f 3971//3971 3972//3972 3931//3931
f 3931//3931 3972//3972 3973//3973
f 3974//3974 3975//3975 3931//3931
f 3975//3975 3976//3976 3931//3931
f 3931//3931 3976//3976 3977//3977
f 4305//4305 4306//4306 4068//4068
f 4306//4306 4307//4307 4068//4068
f 4068//4068 4307//4307 4067//4067
f 4307//4307 4308//4308 4067//4067
f 4067//4067 4308//4308 4066//4066
f 4030//4030 4031//4031 3932//3932
f 4031//4031 4032//4032 3932//3932
f 3932//3932 4032//4032 4033//4033
f 4033//4033 4034//4034 3932//3932
f 4034//4034 4035//4035 3932//3932
f 3932//3932 4035//4035 4036//4036
f 4037//4037 4038//4038 3932//3932
f 4038//4038 4039//4039 3932//3932
f 3932//3932 4039//4039 4040//4040
f 4160//4160 4161//4161 4354//4354
f 4180//4180 4181//4181 4350//4350
f 3494//3494 4204//4204 4205//4205
f 4205//4205 4206//4206 3494//3494
f 4206//4206 4207//4207 3494//3494
f 3494//3494 4207//4207 4208//4208
f 4208//4208 4209//4209 3494//3494
f 4209//4209 4210//4210 3494//3494
f 3494//3494 4210//4210 4211//4211
f 4211//4211 4212//4212 3494//3494
f 4212//4212 4213//4213 3494//3494
f 3494//3494 4213//4213 4214//4214
f 4214//4214 4215//4215 3494//3494
f 4215//4215 4216//4216 3494//3494
f 3494//3494 4216//4216 4217//4217
f 4222//4222 4223//4223 3494//3494
f 4223//4223 4224//4224 3494//3494
f 3494//3494 4224//4224 3495//3495
f 4224//4224 4225//4225 3495//3495
f 3495//3495 4225//4225 4082//4082
f 4144//4144 4228//4228 4143//4143
f 3984//3984 3985//3985 3931//3931
f 3985//3985 3986//3986 3931//3931
f 3991//3991 3931//3931 3990//3990
f 3931//3931 3989//3989 3990//3990
f 3994//3994 3995//3995 3931//3931
f 3995//3995 3996//3996 3931//3931
f 3931//3931 3996//3996 3997//3997
f 3931//3931 4007//4007 3932//3932
f 4007//4007 4008//4008 3932//3932
f 3932//3932 4008//4008 4009//4009
f 4057//4057 4058//4058 4318//4318
f 4058//4058 4059//4059 4318//4318
f 4318//4318 4059//4059 4317//4317
f 4059//4059 4060//4060 4317//4317
f 4317//4317 4060//4060 4061//4061
f 4013//4013 4014//4014 3932//3932
f 4014//4014 4015//4015 3932//3932
f 3932//3932 4015//4015 4016//4016
f 4161//4161 4162//4162 4354//4354
f 4162//4162 4163//4163 4354//4354
f 4354//4354 4163//4163 4164//4164
f 4170//4170 4352//4352 4169//4169
f 4352//4352 4168//4168 4169//4169
f 4046//4046 4047//4047 3932//3932
f 4047//4047 4048//4048 3932//3932
f 3932//3932 4048//4048 4049//4049
f 4331//4331 4332//4332 3932//3932
f 4201//4201 4202//4202 3494//3494
f 4202//4202 4203//4203 3494//3494
f 3494//3494 4203//4203 4204//4204
f 4109//4109 3495//3495 4108//4108
f 3495//3495 4107//4107 4108//4108
f 4109//4109 4110//4110 3495//3495
f 4110//4110 4111//4111 3495//3495
f 3495//3495 4111//4111 4112//4112
f 4126//4126 4127//4127 3931//3931
f 4134//4134 3931//3931 4133//4133
f 4145//4145 4146//4146 4228//4228
f 4146//4146 4147//4147 4228//4228
f 4228//4228 4147//4147 4148//4148
f 4361//4361 4362//4362 4154//4154
f 3978//3978 3979//3979 3931//3931
f 3979//3979 3980//3980 3931//3931
f 3931//3931 3980//3980 3981//3981
f 3991//3991 3992//3992 3931//3931
f 3992//3992 3993//3993 3931//3931
f 3931//3931 3993//3993 3994//3994
f 3998//3998 3999//3999 3931//3931
f 3999//3999 4000//4000 3931//3931
f 3931//3931 4000//4000 4001//4001
f 4001//4001 4002//4002 3931//3931
f 4002//4002 4003//4003 3931//3931
f 3931//3931 4003//4003 4004//4004
f 4065//4065 4313//4313 4064//4064
f 4313//4313 4314//4314 4064//4064
f 4064//4064 4314//4314 4063//4063
f 4314//4314 4315//4315 4063//4063
f 4063//4063 4315//4315 4316//4316
f 4308//4308 4309//4309 4066//4066
f 4309//4309 4310//4310 4066//4066
f 4066//4066 4310//4310 4065//4065
f 4310//4310 4311//4311 4065//4065
f 4065//4065 4311//4311 4312//4312
f 4069//4069 4070//4070 4304//4304
f 4070//4070 4071//4071 4304//4304
f 4304//4304 4071//4071 4303//4303
f 4071//4071 4072//4072 4303//4303
f 4303//4303 4072//4072 4073//4073
f 4173//4173 4351//4351 4172//4172
f 4351//4351 4352//4352 4172//4172
f 4172//4172 4352//4352 4171//4171
f 4352//4352 4170//4170 4171//4171
f 4173//4173 4174//4174 4351//4351
f 4174//4174 4175//4175 4351//4351
f 4351//4351 4175//4175 4176//4176
f 4181//4181 4182//4182 4350//4350
f 4182//4182 4183//4183 4350//4350
f 4350//4350 4183//4183 4184//4184
f 4338//4338 3494//3494 4337//4337
f 3494//3494 4336//4336 4337//4337
f 4083//4083 4084//4084 3495//3495
f 4084//4084 4085//4085 3495//3495
f 3495//3495 4085//4085 4086//4086
f 4086//4086 4087//4087 3495//3495
f 4087//4087 4088//4088 3495//3495
f 3495//3495 4088//4088 4089//4089
f 4139//4139 4140//4140 4228//4228
f 4227//4227 4152//4152 4226//4226
f 4152//4152 4153//4153 4226//4226
f 4226//4226 4153//4153 4369//4369
f 4153//4153 4154//4154 4369//4369
f 4369//4369 4154//4154 4368//4368
f 3981//3981 3982//3982 3931//3931
f 3982//3982 3983//3983 3931//3931
f 3931//3931 3983//3983 3984//3984
f 3986//3986 3987//3987 3931//3931
f 3987//3987 3988//3988 3931//3931
f 3931//3931 3988//3988 3989//3989
f 4004//4004 4005//4005 3931//3931
f 4005//4005 4006//4006 3931//3931
f 3931//3931 4006//4006 4007//4007
f 4157//4157 4158//4158 4354//4354
f 4158//4158 4159//4159 4354//4354
f 4354//4354 4159//4159 4160//4160
f 4164//4164 4165//4165 4353//4353
f 4165//4165 4166//4166 4353//4353
f 4353//4353 4166//4166 4352//4352
f 4166//4166 4167//4167 4352//4352
f 4352//4352 4167//4167 4168//4168
f 4176//4176 4177//4177 4351//4351
f 4177//4177 4178//4178 4351//4351
f 4351//4351 4178//4178 4350//4350
f 4178//4178 4179//4179 4350//4350
f 4350//4350 4179//4179 4180//4180
f 4321//4321 4322//4322 3932//3932
f 4322//4322 4323//4323 3932//3932
f 4326//4326 4327//4327 3932//3932
f 4327//4327 4328//4328 3932//3932
f 4332//4332 4333//4333 3932//3932
f 4333//4333 4334//4334 3932//3932
f 3932//3932 4334//4334 3494//3494
f 4334//4334 4335//4335 3494//3494
f 3494//3494 4335//4335 4336//4336
f 4338//4338 4339//4339 3494//3494
f 4339//4339 4340//4340 3494//3494
f 3494//3494 4340//4340 4341//4341
f 4089//4089 4090//4090 3495//3495
f 4090//4090 4091//4091 3495//3495
f 3495//3495 4091//4091 4092//4092
f 4092//4092 4093//4093 3495//3495
f 4093//4093 4094//4094 3495//3495
f 3495//3495 4094//4094 4095//4095
f 4095//4095 4096//4096 3495//3495
f 4096//4096 4097//4097 3495//3495
f 3495//3495 4097//4097 4098//4098
f 4098//4098 4099//4099 3495//3495
f 4099//4099 4100//4100 3495//3495
f 3495//3495 4100//4100 4101//4101
f 4104//4104 4105//4105 3495//3495
f 4105//4105 4106//4106 3495//3495
f 3495//3495 4106//4106 4107//4107
f 4291//4291 4292//4292 3941//3941
f 4292//4292 4293//4293 3941//3941
f 3941//3941 4293//4293 4294//4294
f 4294//4294 4295//4295 3941//3941
f 4295//4295 4296//4296 3941//3941
f 3941//3941 4296//4296 4297//4297
f 4081//4081 3938//3938 4298//4298
f 3938//3938 3939//3939 4298//4298
f 4298//4298 3939//3939 4297//4297
f 3939//3939 3940//3940 4297//4297
f 4297//4297 3940//3940 3941//3941
f 4122//4122 4123//4123 3495//3495
f 4123//4123 4124//4124 3495//3495
f 3495//3495 4124//4124 3931//3931
f 4124//4124 4125//4125 3931//3931
f 3931//3931 4125//4125 4126//4126
f 4127//4127 4128//4128 3931//3931
f 4128//4128 4129//4129 3931//3931
f 3931//3931 4129//4129 4130//4130
f 4282//4282 3941//3941 3942//3942
f 4140//4140 4141//4141 4228//4228
f 4141//4141 4142//4142 4228//4228
f 4228//4228 4142//4142 4143//4143
f 4355//4355 4154//4154 4354//4354
f 4154//4154 4155//4155 4354//4354
f 4354//4354 4155//4155 4156//4156
f 4362//4362 4363//4363 4154//4154
f 4363//4363 4364//4364 4154//4154
f 4154//4154 4364//4364 4365//4365
f 4323//4323 4324//4324 3932//3932
f 4324//4324 4325//4325 3932//3932
f 3932//3932 4325//4325 4326//4326
f 4328//4328 4329//4329 3932//3932
f 4329//4329 4330//4330 3932//3932
f 3932//3932 4330//4330 4331//4331
f 4341//4341 4342//4342 3494//3494
f 4342//4342 4343//4343 3494//3494
f 3494//3494 4343//4343 4344//4344
f 4101//4101 4102//4102 3495//3495
f 4102//4102 4103//4103 3495//3495
f 3495//3495 4103//4103 4104//4104
f 3946//3946 3947//3947 4281//4281
f 3947//3947 3948//3948 4281//4281
f 4148//4148 4149//4149 4228//4228
f 4149//4149 4150//4150 4228//4228
f 4228//4228 4150//4150 4227//4227
f 4150//4150 4151//4151 4227//4227
f 4227//4227 4151//4151 4152//4152
f 4365//4365 4366//4366 4154//4154
f 4366//4366 4367//4367 4154//4154
f 4154//4154 4367//4367 4368//4368
f 4050//4050 4051//4051 4319//4319
f 4319//4319 4051//4051 4318//4318
f 4051//4051 4052//4052 4318//4318
f 4318//4318 4052//4052 4053//4053
f 4050//4050 4319//4319 3932//3932
f 4319//4319 4320//4320 3932//3932
f 3932//3932 4320//4320 4321//4321
f 4344//4344 4345//4345 3494//3494
f 4345//4345 4346//4346 3494//3494
f 3494//3494 4346//4346 4347//4347
f 4282//4282 4283//4283 3941//3941
f 4283//4283 4284//4284 3941//3941
f 3941//3941 4284//4284 4285//4285
f 4285//4285 4286//4286 3941//3941
f 4286//4286 4287//4287 3941//3941
f 3941//3941 4287//4287 4288//4288
f 4288//4288 4289//4289 3941//3941
f 4289//4289 4290//4290 3941//3941
f 3941//3941 4290//4290 4291//4291
f 4130//4130 4131//4131 3931//3931
f 4131//4131 4132//4132 3931//3931
f 3931//3931 4132//4132 4133//4133
f 3942//3942 3943//3943 4282//4282
f 3943//3943 3944//3944 4282//4282
f 4282//4282 3944//3944 4281//4281
f 3944//3944 3945//3945 4281//4281
f 4281//4281 3945//3945 3946//3946
f 4355//4355 4356//4356 4154//4154
f 4356//4356 4357//4357 4154//4154
f 4154//4154 4357//4357 4358//4358
f 4358//4358 4359//4359 4154//4154
f 4359//4359 4360//4360 4154//4154
f 4154//4154 4360//4360 4361//4361
f 4347//4347 4348//4348 3494//3494
f 4348//4348 4349//4349 3494//3494
f 3494//3494 4349//4349 4350//4350
f 3951//3951 3952//3952 4281//4281
f 3952//3952 3953//3953 4281//4281
f 3958//3958 3959//3959 4279//4279
f 3959//3959 3960//3960 4279//4279
f 4184//4184 4185//4185 4350//4350
f 4185//4185 4186//4186 4350//4350
f 4350//4350 4186//4186 3494//3494
f 4186//4186 4187//4187 3494//3494
f 3494//3494 4187//4187 4188//4188
f 3953//3953 3954//3954 4281//4281
f 3954//3954 3955//3955 4281//4281
f 4281//4281 3955//3955 4280//4280
f 3955//3955 3956//3956 4280//4280
f 4280//4280 3956//3956 4279//4279
f 3956//3956 3957//3957 4279//4279
f 4279//4279 3957//3957 3958//3958
f 4135//4135 4229//4229 4230//4230
f 3931//3931 4244//4244 4245//4245
f 3931//3931 4248//4248 4249//4249
f 4249//4249 4250//4250 3931//3931
f 4250//4250 4251//4251 3931//3931
f 3931//3931 4251//4251 4252//4252
f 4252//4252 4253//4253 3931//3931
f 4253//4253 4254//4254 3931//3931
f 3931//3931 4254//4254 4255//4255
f 4255//4255 4256//4256 3931//3931
f 4256//4256 4257//4257 3931//3931
f 3931//3931 4257//4257 4258//4258
f 3948//3948 3949//3949 4281//4281
f 3949//3949 3950//3950 4281//4281
f 4281//4281 3950//3950 3951//3951
f 3960//3960 3961//3961 4279//4279
f 3961//3961 3962//3962 4279//4279
f 4279//4279 3962//3962 4278//4278
f 3962//3962 3963//3963 4278//4278
f 4278//4278 3963//3963 3964//3964
f 4135//4135 4136//4136 4229//4229
f 4136//4136 4137//4137 4229//4229
f 4229//4229 4137//4137 4228//4228
f 4137//4137 4138//4138 4228//4228
f 4228//4228 4138//4138 4139//4139
f 4230//4230 4231//4231 4135//4135
f 4231//4231 4232//4232 4135//4135
f 4135//4135 4232//4232 4233//4233
f 4244//4244 3931//3931 4243//4243
f 3931//3931 4135//4135 4243//4243
f 4243//4243 4135//4135 4242//4242
f 4245//4245 4246//4246 3931//3931
f 4246//4246 4247//4247 3931//3931
f 3931//3931 4247//4247 4248//4248
f 4258//4258 4259//4259 3931//3931
f 4259//4259 4260//4260 3931//3931
f 3931//3931 4260//4260 4261//4261
f 4266//4266 3931//3931 4265//4265
f 3931//3931 4264//4264 4265//4265
f 4261//4261 4262//4262 3931//3931
f 4262//4262 4263//4263 3931//3931
f 3931//3931 4263//4263 4264//4264
f 4266//4266 4267//4267 3931//3931
f 4267//4267 4268//4268 3931//3931
f 3931//3931 4268//4268 4269//4269
f 4269//4269 4270//4270 3931//3931
f 4270//4270 4271//4271 3931//3931
f 3931//3931 4271//4271 4272//4272
f 4275//4275 4276//4276 3931//3931
f 4276//4276 4277//4277 3931//3931
f 3931//3931 4277//4277 4278//4278
f 4233//4233 4234//4234 4135//4135
f 4234//4234 4235//4235 4135//4135
f 4135//4135 4235//4235 4236//4236
f 4236//4236 4237//4237 4135//4135
f 4237//4237 4238//4238 4135//4135
f 4135//4135 4238//4238 4239//4239
f 4272//4272 4273//4273 3931//3931
f 4273//4273 4274//4274 3931//3931
f 3931//3931 4274//4274 4275//4275
f 3964//3964 3965//3965 4278//4278
f 3965//3965 3966//3966 4278//4278
f 4278//4278 3966//3966 3931//3931
f 3966//3966 3967//3967 3931//3931
f 3931//3931 3967//3967 3968//3968
f 4239//4239 4240//4240 4135//4135
f 4240//4240 4241//4241 4135//4135
f 4135//4135 4241//4241 4242//4242
f 3484//3484 3501//3501 3491//3491
f 3501//3501 3492//3492 3491//3491
f 3491//3491 3490//3490 3930//3930
f 3491//3491 3930//3930 3933//3933
f 3930//3930 3937//3937 3933//3933
f 3933//3933 3937//3937 3936//3936
f 3933//3933 3936//3936 3934//3934
f 3936//3936 3935//3935 3934//3934

